employee_id,office_id,role_level,department,employment_type,join_date,change_cohort
EMP-01000,OFC-NYC,Consultant,Finance,Full-Time,2025-05-09,Target Population
EMP-01001,OFC-SIN,Analyst,IT,Full-Time,2022-01-13,Target Population
EMP-01002,OFC-GUR,Project Leader,Operations,Full-Time,2022-01-07,Target Population
EMP-01003,OFC-LON,Principal,Consulting,Full-Time,2022-07-25,Target Population
EMP-01004,OFC-BOS,Partner,Operations,Full-Time,2023-08-17,Target Population
EMP-01005,OFC-BOS,Project Leader,Consulting,Full-Time,2023-09-29,Target Population
EMP-01006,OFC-BOS,Principal,Finance,Full-Time,2026-01-24,Target Population
EMP-01007,OFC-SIN,Consultant,IT,Full-Time,2021-12-28,Target Population
EMP-01008,OFC-LON,Analyst,Operations,Full-Time,2026-07-16,Target Population
EMP-01009,OFC-GUR,Consultant,IT,Full-Time,2023-06-16,Target Population
EMP-01010,OFC-BOS,Consultant,HR,Full-Time,2026-05-27,Target Population
EMP-01011,OFC-SIN,Analyst,IT,Full-Time,2025-05-02,Target Population
EMP-01012,OFC-GUR,Consultant,Operations,Full-Time,2023-08-22,Target Population
EMP-01013,OFC-BOS,Analyst,Finance,Full-Time,2025-08-02,Target Population
EMP-01014,OFC-BOS,Analyst,Digital Ventures,Full-Time,2024-02-18,Target Population
EMP-01015,OFC-BOS,Analyst,Consulting,Full-Time,2021-10-27,Target Population
EMP-01016,OFC-NYC,Analyst,Finance,Full-Time,2023-02-15,Target Population
EMP-01017,OFC-LON,Project Leader,IT,Full-Time,2025-05-12,Target Population
EMP-01018,OFC-NYC,Analyst,HR,Full-Time,2024-08-29,Target Population
EMP-01019,OFC-NYC,Managing Director,Digital Ventures,Full-Time,2024-02-17,Target Population
EMP-01020,OFC-LON,Principal,Consulting,Full-Time,2023-02-02,Target Population
EMP-01021,OFC-BOS,Partner,Operations,Full-Time,2023-08-06,Target Population
EMP-01022,OFC-NYC,Principal,Consulting,Full-Time,2024-08-17,Target Population
EMP-01023,OFC-NYC,Project Leader,HR,Full-Time,2022-08-20,Target Population
EMP-01024,OFC-LON,Analyst,HR,Full-Time,2022-07-22,Target Population
EMP-01025,OFC-GUR,Managing Director,Consulting,Full-Time,2024-12-30,Target Population
EMP-01026,OFC-BOS,Analyst,Digital Ventures,Full-Time,2022-08-03,Target Population
EMP-01027,OFC-LON,Consultant,Operations,Full-Time,2024-10-26,Target Population
EMP-01028,OFC-LON,Consultant,HR,Full-Time,2024-09-09,Target Population
EMP-01029,OFC-BOS,Analyst,Finance,Full-Time,2024-01-06,Target Population
EMP-01030,OFC-LON,Consultant,Consulting,Full-Time,2022-02-18,Target Population
EMP-01031,OFC-BOS,Principal,Finance,Full-Time,2025-09-03,Target Population
EMP-01032,OFC-BOS,Project Leader,HR,Full-Time,2026-04-30,Target Population
EMP-01033,OFC-SIN,Consultant,Finance,Full-Time,2022-10-29,Target Population
EMP-01034,OFC-SIN,Consultant,HR,Full-Time,2024-12-26,Target Population
EMP-01035,OFC-GUR,Analyst,IT,Full-Time,2022-06-08,Target Population
EMP-01036,OFC-NYC,Consultant,Consulting,Full-Time,2026-06-18,Target Population
EMP-01037,OFC-BOS,Consultant,Digital Ventures,Full-Time,2024-04-04,Target Population
EMP-01038,OFC-GUR,Analyst,HR,Full-Time,2024-11-03,Target Population
EMP-01039,OFC-NYC,Consultant,Operations,Full-Time,2026-09-04,Target Population
EMP-01040,OFC-BOS,Analyst,HR,Full-Time,2023-05-27,Target Population
EMP-01041,OFC-LON,Analyst,Finance,Full-Time,2022-05-11,Target Population
EMP-01042,OFC-BOS,Project Leader,Digital Ventures,Full-Time,2022-02-26,Target Population
EMP-01043,OFC-SIN,Principal,Operations,Full-Time,2023-09-15,Target Population
EMP-01044,OFC-NYC,Managing Director,Digital Ventures,Full-Time,2024-03-24,Target Population
EMP-01045,OFC-GUR,Consultant,IT,Full-Time,2022-06-11,Target Population
EMP-01046,OFC-NYC,Analyst,Operations,Full-Time,2023-09-30,Target Population
EMP-01047,OFC-LON,Analyst,Finance,Full-Time,2022-08-16,Target Population
EMP-01048,OFC-LON,Consultant,Operations,Full-Time,2024-12-31,Target Population
EMP-01049,OFC-BOS,Analyst,Digital Ventures,Full-Time,2024-02-17,Target Population
EMP-01050,OFC-SIN,Consultant,Consulting,Full-Time,2025-08-15,Target Population
EMP-01051,OFC-GUR,Analyst,IT,Full-Time,2024-11-13,Target Population
EMP-01052,OFC-SIN,Consultant,IT,Full-Time,2023-02-24,Target Population
EMP-01053,OFC-SIN,Project Leader,Digital Ventures,Full-Time,2024-11-30,Target Population
EMP-01054,OFC-LON,Analyst,IT,Full-Time,2024-10-14,Target Population
EMP-01055,OFC-SIN,Analyst,Finance,Full-Time,2023-07-19,Target Population
EMP-01056,OFC-BOS,Analyst,Finance,Full-Time,2024-01-14,Target Population
EMP-01057,OFC-BOS,Principal,IT,Full-Time,2022-05-16,Target Population
EMP-01058,OFC-BOS,Partner,Digital Ventures,Full-Time,2023-03-22,Target Population
EMP-01059,OFC-NYC,Analyst,Consulting,Full-Time,2026-04-23,Target Population
EMP-01060,OFC-NYC,Analyst,Consulting,Full-Time,2023-11-06,Target Population
EMP-01061,OFC-NYC,Consultant,Digital Ventures,Full-Time,2023-02-26,Target Population
EMP-01062,OFC-GUR,Consultant,Consulting,Full-Time,2025-09-12,Target Population
EMP-01063,OFC-NYC,Analyst,Finance,Full-Time,2024-12-28,Target Population
EMP-01064,OFC-NYC,Analyst,Finance,Full-Time,2024-01-23,Target Population
EMP-01065,OFC-LON,Consultant,Operations,Full-Time,2026-07-03,Target Population
EMP-01066,OFC-BOS,Analyst,Consulting,Full-Time,2023-08-20,Target Population
EMP-01067,OFC-GUR,Consultant,HR,Full-Time,2024-07-10,Target Population
EMP-01068,OFC-BOS,Analyst,Operations,Full-Time,2022-03-29,Target Population
EMP-01069,OFC-SIN,Consultant,Digital Ventures,Full-Time,2023-09-18,Target Population
EMP-01070,OFC-GUR,Analyst,Digital Ventures,Full-Time,2022-01-14,Target Population
EMP-01071,OFC-BOS,Project Leader,Operations,Full-Time,2024-06-13,Target Population
EMP-01072,OFC-BOS,Analyst,Finance,Full-Time,2025-03-06,Target Population
EMP-01073,OFC-GUR,Analyst,Consulting,Full-Time,2024-01-16,Target Population
EMP-01074,OFC-GUR,Project Leader,IT,Full-Time,2022-04-30,Target Population
EMP-01075,OFC-GUR,Project Leader,HR,Full-Time,2023-07-24,Target Population
EMP-01076,OFC-GUR,Analyst,Digital Ventures,Full-Time,2026-08-04,Target Population
EMP-01077,OFC-BOS,Principal,IT,Full-Time,2024-06-10,Target Population
EMP-01078,OFC-NYC,Consultant,Digital Ventures,Full-Time,2023-07-29,Target Population
EMP-01079,OFC-BOS,Analyst,Consulting,Full-Time,2026-01-05,Target Population
EMP-01080,OFC-SIN,Consultant,Consulting,Full-Time,2025-02-17,Target Population
EMP-01081,OFC-LON,Analyst,Finance,Full-Time,2025-09-01,Target Population
EMP-01082,OFC-NYC,Consultant,Finance,Full-Time,2022-12-24,Target Population
EMP-01083,OFC-BOS,Project Leader,Digital Ventures,Full-Time,2024-01-07,Target Population
EMP-01084,OFC-NYC,Analyst,HR,Full-Time,2022-12-14,Target Population
EMP-01085,OFC-NYC,Consultant,HR,Full-Time,2023-11-12,Target Population
EMP-01086,OFC-GUR,Analyst,Finance,Full-Time,2026-07-17,Target Population
EMP-01087,OFC-LON,Principal,Consulting,Full-Time,2026-05-08,Target Population
EMP-01088,OFC-SIN,Principal,HR,Full-Time,2024-01-01,Target Population
EMP-01089,OFC-LON,Principal,HR,Full-Time,2026-09-27,Target Population
EMP-01090,OFC-BOS,Analyst,Finance,Full-Time,2025-05-30,Target Population
EMP-01091,OFC-GUR,Consultant,Finance,Full-Time,2026-09-23,Target Population
EMP-01092,OFC-GUR,Consultant,Finance,Full-Time,2025-02-28,Target Population
EMP-01093,OFC-LON,Consultant,Operations,Full-Time,2024-11-04,Target Population
EMP-01094,OFC-GUR,Partner,Consulting,Full-Time,2023-08-19,Target Population
EMP-01095,OFC-LON,Consultant,HR,Full-Time,2022-12-10,Target Population
EMP-01096,OFC-LON,Consultant,Finance,Full-Time,2026-02-06,Target Population
EMP-01097,OFC-NYC,Consultant,IT,Full-Time,2025-12-18,Target Population
EMP-01098,OFC-BOS,Partner,Consulting,Full-Time,2022-07-16,Target Population
EMP-01099,OFC-BOS,Consultant,Consulting,Full-Time,2022-03-02,Target Population
EMP-01100,OFC-BOS,Consultant,IT,Full-Time,2022-09-12,Target Population
EMP-01101,OFC-LON,Consultant,Operations,Full-Time,2023-01-24,Target Population
EMP-01102,OFC-NYC,Analyst,HR,Full-Time,2023-02-16,Target Population
EMP-01103,OFC-LON,Analyst,Operations,Full-Time,2025-05-10,Target Population
EMP-01104,OFC-SIN,Analyst,Digital Ventures,Full-Time,2022-04-22,Target Population
EMP-01105,OFC-BOS,Project Leader,Operations,Full-Time,2025-01-14,Target Population
EMP-01106,OFC-NYC,Consultant,Digital Ventures,Full-Time,2025-01-04,Target Population
EMP-01107,OFC-GUR,Project Leader,Digital Ventures,Full-Time,2025-09-30,Target Population
EMP-01108,OFC-BOS,Consultant,IT,Full-Time,2026-04-07,Target Population
EMP-01109,OFC-BOS,Consultant,Finance,Full-Time,2023-11-27,Target Population
EMP-01110,OFC-NYC,Analyst,Finance,Full-Time,2026-06-21,Target Population
EMP-01111,OFC-BOS,Analyst,Consulting,Full-Time,2021-11-11,Target Population
EMP-01112,OFC-SIN,Analyst,Digital Ventures,Full-Time,2022-09-27,Target Population
EMP-01113,OFC-GUR,Analyst,Consulting,Full-Time,2026-05-02,Target Population
EMP-01114,OFC-LON,Analyst,Finance,Full-Time,2024-01-13,Target Population
EMP-01115,OFC-SIN,Analyst,Operations,Full-Time,2024-08-28,Target Population
EMP-01116,OFC-GUR,Project Leader,HR,Full-Time,2022-09-18,Target Population
EMP-01117,OFC-BOS,Project Leader,Operations,Full-Time,2024-04-05,Target Population
EMP-01118,OFC-SIN,Analyst,Digital Ventures,Full-Time,2025-06-18,Target Population
EMP-01119,OFC-LON,Consultant,Operations,Full-Time,2023-02-10,Target Population
EMP-01120,OFC-GUR,Analyst,Operations,Full-Time,2025-08-16,Target Population
EMP-01121,OFC-SIN,Analyst,HR,Full-Time,2021-10-17,Target Population
EMP-01122,OFC-NYC,Partner,Operations,Full-Time,2024-01-03,Target Population
EMP-01123,OFC-BOS,Consultant,HR,Full-Time,2026-01-09,Target Population
EMP-01124,OFC-BOS,Consultant,Consulting,Full-Time,2023-04-15,Target Population
EMP-01125,OFC-NYC,Analyst,Digital Ventures,Full-Time,2026-01-31,Target Population
EMP-01126,OFC-GUR,Principal,IT,Full-Time,2022-09-02,Target Population
EMP-01127,OFC-SIN,Project Leader,IT,Full-Time,2024-04-21,Target Population
EMP-01128,OFC-BOS,Consultant,Finance,Full-Time,2026-01-31,Target Population
EMP-01129,OFC-LON,Consultant,Digital Ventures,Full-Time,2023-06-16,Target Population
EMP-01130,OFC-NYC,Analyst,Digital Ventures,Full-Time,2023-01-24,Target Population
EMP-01131,OFC-BOS,Project Leader,HR,Full-Time,2024-12-11,Target Population
EMP-01132,OFC-BOS,Analyst,IT,Full-Time,2023-02-20,Target Population
EMP-01133,OFC-NYC,Consultant,Digital Ventures,Full-Time,2026-05-09,Target Population
EMP-01134,OFC-SIN,Project Leader,Operations,Full-Time,2026-04-11,Target Population
EMP-01135,OFC-NYC,Consultant,Consulting,Full-Time,2021-10-08,Target Population
EMP-01136,OFC-LON,Analyst,Finance,Full-Time,2024-07-10,Target Population
EMP-01137,OFC-GUR,Consultant,Operations,Full-Time,2025-12-03,Target Population
EMP-01138,OFC-NYC,Consultant,Operations,Full-Time,2021-12-06,Target Population
EMP-01139,OFC-SIN,Project Leader,HR,Full-Time,2022-09-19,Target Population
EMP-01140,OFC-SIN,Analyst,HR,Full-Time,2024-11-07,Target Population
EMP-01141,OFC-NYC,Analyst,Consulting,Full-Time,2024-05-19,Target Population
EMP-01142,OFC-LON,Analyst,Finance,Full-Time,2023-10-20,Target Population
EMP-01143,OFC-NYC,Analyst,Finance,Full-Time,2022-04-04,Target Population
EMP-01144,OFC-NYC,Analyst,Operations,Full-Time,2023-10-25,Target Population
EMP-01145,OFC-BOS,Analyst,Consulting,Full-Time,2026-08-04,Target Population
EMP-01146,OFC-LON,Analyst,HR,Full-Time,2022-06-08,Target Population
EMP-01147,OFC-LON,Analyst,Consulting,Full-Time,2022-06-30,Target Population
EMP-01148,OFC-BOS,Analyst,Digital Ventures,Full-Time,2025-11-24,Target Population
EMP-01149,OFC-NYC,Analyst,HR,Full-Time,2022-05-10,Target Population
EMP-01150,OFC-SIN,Project Leader,Digital Ventures,Full-Time,2026-04-19,Target Population
EMP-01151,OFC-BOS,Partner,Digital Ventures,Full-Time,2022-11-01,Target Population
EMP-01152,OFC-BOS,Analyst,IT,Full-Time,2022-11-09,Target Population
EMP-01153,OFC-LON,Consultant,Operations,Full-Time,2025-10-22,Target Population
EMP-01154,OFC-SIN,Analyst,Consulting,Full-Time,2026-06-11,Target Population
EMP-01155,OFC-BOS,Project Leader,Consulting,Full-Time,2023-03-04,Target Population
EMP-01156,OFC-GUR,Project Leader,Operations,Full-Time,2024-01-08,Target Population
EMP-01157,OFC-GUR,Principal,Operations,Full-Time,2026-04-03,Target Population
EMP-01158,OFC-BOS,Partner,HR,Full-Time,2025-05-13,Target Population
EMP-01159,OFC-GUR,Consultant,Digital Ventures,Full-Time,2023-07-27,Target Population
EMP-01160,OFC-NYC,Consultant,IT,Full-Time,2026-05-09,Target Population
EMP-01161,OFC-LON,Consultant,Digital Ventures,Full-Time,2023-06-23,Target Population
EMP-01162,OFC-LON,Project Leader,Digital Ventures,Full-Time,2024-06-01,Target Population
EMP-01163,OFC-LON,Analyst,Operations,Full-Time,2025-02-27,Target Population
EMP-01164,OFC-BOS,Analyst,Operations,Full-Time,2024-12-10,Target Population
EMP-01165,OFC-GUR,Consultant,Digital Ventures,Full-Time,2025-06-29,Target Population
EMP-01166,OFC-NYC,Consultant,IT,Full-Time,2026-03-03,Target Population
EMP-01167,OFC-BOS,Consultant,Digital Ventures,Full-Time,2025-08-09,Target Population
EMP-01168,OFC-BOS,Managing Director,Consulting,Full-Time,2022-10-17,Target Population
EMP-01169,OFC-LON,Project Leader,Consulting,Full-Time,2023-11-16,Target Population
EMP-01170,OFC-GUR,Analyst,Consulting,Full-Time,2023-09-05,Target Population
EMP-01171,OFC-BOS,Project Leader,IT,Full-Time,2022-04-23,Target Population
EMP-01172,OFC-LON,Analyst,IT,Full-Time,2024-08-22,Target Population
EMP-01173,OFC-BOS,Project Leader,Operations,Full-Time,2021-12-11,Target Population
EMP-01174,OFC-LON,Project Leader,Operations,Full-Time,2026-06-23,Target Population
EMP-01175,OFC-BOS,Analyst,Finance,Full-Time,2023-09-21,Target Population
EMP-01176,OFC-GUR,Consultant,HR,Full-Time,2023-08-22,Target Population
EMP-01177,OFC-NYC,Managing Director,Finance,Full-Time,2021-10-29,Target Population
EMP-01178,OFC-SIN,Consultant,Finance,Full-Time,2022-05-15,Target Population
EMP-01179,OFC-BOS,Analyst,Operations,Full-Time,2022-04-07,Target Population
EMP-01180,OFC-NYC,Principal,Operations,Full-Time,2023-09-18,Target Population
EMP-01181,OFC-BOS,Consultant,Digital Ventures,Full-Time,2022-05-04,Target Population
EMP-01182,OFC-SIN,Analyst,IT,Full-Time,2022-01-12,Target Population
EMP-01183,OFC-SIN,Analyst,Operations,Full-Time,2024-07-29,Target Population
EMP-01184,OFC-NYC,Analyst,HR,Full-Time,2022-05-15,Target Population
EMP-01185,OFC-GUR,Analyst,Finance,Full-Time,2026-02-20,Target Population
EMP-01186,OFC-GUR,Analyst,Consulting,Full-Time,2023-10-16,Target Population
EMP-01187,OFC-LON,Partner,Consulting,Full-Time,2024-02-19,Target Population
EMP-01188,OFC-LON,Consultant,Operations,Full-Time,2025-11-23,Target Population
EMP-01189,OFC-BOS,Consultant,Finance,Full-Time,2023-08-03,Target Population
EMP-01190,OFC-BOS,Analyst,Consulting,Full-Time,2026-05-09,Target Population
EMP-01191,OFC-SIN,Analyst,IT,Full-Time,2022-11-22,Target Population
EMP-01192,OFC-SIN,Principal,IT,Full-Time,2026-08-16,Target Population
EMP-01193,OFC-LON,Partner,Consulting,Full-Time,2026-09-01,Target Population
EMP-01194,OFC-NYC,Project Leader,Finance,Full-Time,2025-10-14,Target Population
EMP-01195,OFC-NYC,Analyst,Digital Ventures,Full-Time,2023-10-31,Target Population
EMP-01196,OFC-GUR,Principal,Consulting,Full-Time,2025-10-15,Target Population
EMP-01197,OFC-SIN,Consultant,HR,Full-Time,2025-03-24,Target Population
EMP-01198,OFC-SIN,Analyst,Finance,Full-Time,2023-05-21,Target Population
EMP-01199,OFC-GUR,Consultant,IT,Full-Time,2022-07-27,Target Population
EMP-01200,OFC-LON,Project Leader,Finance,Full-Time,2022-08-04,Target Population
EMP-01201,OFC-BOS,Project Leader,Digital Ventures,Full-Time,2025-06-07,Target Population
EMP-01202,OFC-BOS,Managing Director,Finance,Full-Time,2024-10-11,Target Population
EMP-01203,OFC-SIN,Consultant,IT,Full-Time,2025-05-15,Target Population
EMP-01204,OFC-LON,Consultant,Digital Ventures,Full-Time,2025-04-06,Target Population
EMP-01205,OFC-BOS,Consultant,IT,Full-Time,2025-09-26,Target Population
EMP-01206,OFC-BOS,Consultant,Finance,Full-Time,2022-03-24,Target Population
EMP-01207,OFC-GUR,Partner,Digital Ventures,Full-Time,2022-08-08,Target Population
EMP-01208,OFC-BOS,Principal,IT,Full-Time,2022-04-13,Target Population
EMP-01209,OFC-BOS,Partner,IT,Full-Time,2025-03-10,Target Population
EMP-01210,OFC-LON,Consultant,Finance,Full-Time,2024-08-26,Target Population
EMP-01211,OFC-GUR,Analyst,Finance,Full-Time,2022-09-11,Target Population
EMP-01212,OFC-GUR,Analyst,Consulting,Full-Time,2023-11-18,Target Population
EMP-01213,OFC-BOS,Consultant,Operations,Full-Time,2023-05-25,Target Population
EMP-01214,OFC-GUR,Consultant,IT,Full-Time,2023-05-20,Target Population
EMP-01215,OFC-BOS,Consultant,IT,Full-Time,2026-04-30,Target Population
EMP-01216,OFC-NYC,Analyst,IT,Full-Time,2025-07-31,Target Population
EMP-01217,OFC-GUR,Consultant,Operations,Full-Time,2022-12-16,Target Population
EMP-01218,OFC-LON,Partner,Consulting,Full-Time,2025-05-09,Target Population
EMP-01219,OFC-GUR,Analyst,IT,Full-Time,2023-04-30,Target Population
EMP-01220,OFC-GUR,Consultant,Finance,Full-Time,2024-02-19,Target Population
EMP-01221,OFC-LON,Consultant,IT,Full-Time,2025-09-13,Target Population
EMP-01222,OFC-BOS,Principal,HR,Full-Time,2023-11-22,Target Population
EMP-01223,OFC-NYC,Consultant,Consulting,Full-Time,2022-05-29,Target Population
EMP-01224,OFC-NYC,Consultant,Finance,Full-Time,2025-07-14,Target Population
EMP-01225,OFC-BOS,Managing Director,Operations,Full-Time,2026-06-12,Target Population
EMP-01226,OFC-SIN,Analyst,HR,Full-Time,2022-08-07,Target Population
EMP-01227,OFC-NYC,Analyst,Operations,Full-Time,2022-03-13,Target Population
EMP-01228,OFC-SIN,Project Leader,Consulting,Full-Time,2026-05-13,Target Population
EMP-01229,OFC-LON,Principal,Digital Ventures,Full-Time,2021-11-21,Target Population
EMP-01230,OFC-GUR,Analyst,Consulting,Full-Time,2022-07-23,Target Population
EMP-01231,OFC-LON,Analyst,Operations,Full-Time,2023-10-11,Target Population
EMP-01232,OFC-LON,Principal,HR,Full-Time,2023-03-07,Target Population
EMP-01233,OFC-LON,Managing Director,Finance,Full-Time,2025-03-22,Target Population
EMP-01234,OFC-BOS,Consultant,HR,Full-Time,2025-11-23,Target Population
EMP-01235,OFC-GUR,Consultant,HR,Full-Time,2025-11-10,Target Population
EMP-01236,OFC-NYC,Consultant,Finance,Full-Time,2023-08-02,Target Population
EMP-01237,OFC-BOS,Analyst,Digital Ventures,Full-Time,2025-03-05,Target Population
EMP-01238,OFC-LON,Analyst,Consulting,Full-Time,2022-04-07,Target Population
EMP-01239,OFC-BOS,Consultant,Consulting,Full-Time,2023-03-02,Target Population
EMP-01240,OFC-SIN,Partner,Consulting,Full-Time,2024-12-27,Target Population
EMP-01241,OFC-SIN,Analyst,Operations,Full-Time,2021-10-13,Target Population
EMP-01242,OFC-SIN,Consultant,Operations,Full-Time,2025-01-31,Target Population
EMP-01243,OFC-NYC,Analyst,Finance,Full-Time,2024-01-08,Target Population
EMP-01244,OFC-BOS,Consultant,Digital Ventures,Full-Time,2025-08-20,Target Population
EMP-01245,OFC-SIN,Analyst,Consulting,Full-Time,2024-03-11,Target Population
EMP-01246,OFC-NYC,Project Leader,Finance,Full-Time,2025-05-13,Target Population
EMP-01247,OFC-SIN,Partner,Consulting,Full-Time,2026-06-29,Target Population
EMP-01248,OFC-SIN,Analyst,Finance,Full-Time,2025-11-27,Target Population
EMP-01249,OFC-SIN,Principal,Digital Ventures,Full-Time,2023-01-30,Target Population
EMP-01250,OFC-NYC,Consultant,Finance,Full-Time,2023-05-19,Target Population
EMP-01251,OFC-NYC,Consultant,Operations,Full-Time,2024-04-15,Target Population
EMP-01252,OFC-SIN,Analyst,Operations,Full-Time,2023-08-14,Target Population
EMP-01253,OFC-NYC,Consultant,IT,Full-Time,2022-04-06,Target Population
EMP-01254,OFC-BOS,Analyst,IT,Full-Time,2026-09-10,Target Population
EMP-01255,OFC-LON,Principal,Finance,Full-Time,2026-05-18,Target Population
EMP-01256,OFC-SIN,Project Leader,Digital Ventures,Full-Time,2022-04-14,Target Population
EMP-01257,OFC-GUR,Consultant,Finance,Full-Time,2024-06-07,Target Population
EMP-01258,OFC-LON,Analyst,HR,Full-Time,2022-04-02,Target Population
EMP-01259,OFC-BOS,Managing Director,IT,Full-Time,2022-03-11,Target Population
EMP-01260,OFC-LON,Consultant,Digital Ventures,Full-Time,2026-09-25,Target Population
EMP-01261,OFC-SIN,Project Leader,Operations,Full-Time,2025-10-27,Target Population
EMP-01262,OFC-BOS,Consultant,Operations,Full-Time,2026-01-16,Target Population
EMP-01263,OFC-LON,Analyst,HR,Full-Time,2026-04-14,Target Population
EMP-01264,OFC-SIN,Project Leader,IT,Full-Time,2023-02-08,Target Population
EMP-01265,OFC-GUR,Consultant,IT,Full-Time,2022-04-01,Target Population
EMP-01266,OFC-GUR,Managing Director,IT,Full-Time,2026-01-31,Target Population
EMP-01267,OFC-GUR,Project Leader,Operations,Full-Time,2022-06-12,Target Population
EMP-01268,OFC-NYC,Consultant,IT,Full-Time,2023-05-07,Target Population
EMP-01269,OFC-NYC,Consultant,Consulting,Full-Time,2022-05-07,Target Population
EMP-01270,OFC-GUR,Analyst,Finance,Full-Time,2022-05-06,Target Population
EMP-01271,OFC-GUR,Partner,HR,Full-Time,2023-10-07,Target Population
EMP-01272,OFC-SIN,Principal,Digital Ventures,Full-Time,2025-03-14,Target Population
EMP-01273,OFC-SIN,Principal,Digital Ventures,Full-Time,2022-10-14,Target Population
EMP-01274,OFC-LON,Analyst,IT,Full-Time,2026-08-11,Target Population
EMP-01275,OFC-LON,Consultant,Consulting,Full-Time,2023-11-10,Target Population
EMP-01276,OFC-GUR,Analyst,HR,Full-Time,2026-09-09,Target Population
EMP-01277,OFC-LON,Consultant,HR,Full-Time,2022-02-07,Target Population
EMP-01278,OFC-GUR,Managing Director,IT,Full-Time,2022-06-18,Target Population
EMP-01279,OFC-GUR,Project Leader,Consulting,Full-Time,2025-05-01,Target Population
EMP-01280,OFC-SIN,Analyst,Operations,Full-Time,2026-09-24,Target Population
EMP-01281,OFC-NYC,Consultant,Digital Ventures,Full-Time,2026-07-29,Target Population
EMP-01282,OFC-NYC,Consultant,IT,Full-Time,2026-03-19,Target Population
EMP-01283,OFC-BOS,Principal,Operations,Full-Time,2024-06-15,Target Population
EMP-01284,OFC-LON,Analyst,IT,Full-Time,2023-12-26,Target Population
EMP-01285,OFC-BOS,Consultant,Consulting,Full-Time,2023-07-03,Target Population
EMP-01286,OFC-LON,Analyst,Operations,Full-Time,2024-06-09,Target Population
EMP-01287,OFC-LON,Consultant,Finance,Full-Time,2023-10-18,Target Population
EMP-01288,OFC-NYC,Project Leader,Consulting,Full-Time,2024-01-10,Target Population
EMP-01289,OFC-LON,Project Leader,HR,Full-Time,2025-02-17,Target Population
EMP-01290,OFC-BOS,Consultant,HR,Full-Time,2022-11-17,Target Population
EMP-01291,OFC-BOS,Analyst,Operations,Full-Time,2024-04-26,Target Population
EMP-01292,OFC-GUR,Analyst,Digital Ventures,Full-Time,2025-08-27,Target Population
EMP-01293,OFC-NYC,Principal,HR,Full-Time,2024-06-15,Target Population
EMP-01294,OFC-BOS,Analyst,Digital Ventures,Full-Time,2022-05-20,Target Population
EMP-01295,OFC-LON,Analyst,Consulting,Full-Time,2021-11-04,Target Population
EMP-01296,OFC-GUR,Analyst,HR,Full-Time,2025-08-30,Target Population
EMP-01297,OFC-BOS,Project Leader,Operations,Full-Time,2026-07-22,Target Population
EMP-01298,OFC-LON,Analyst,Digital Ventures,Full-Time,2022-08-13,Target Population
EMP-01299,OFC-BOS,Consultant,Operations,Full-Time,2022-05-22,Target Population
EMP-01300,OFC-BOS,Project Leader,Finance,Full-Time,2026-05-04,Target Population
EMP-01301,OFC-LON,Analyst,Consulting,Full-Time,2023-07-31,Target Population
EMP-01302,OFC-LON,Consultant,Finance,Full-Time,2026-01-25,Target Population
EMP-01303,OFC-LON,Project Leader,HR,Full-Time,2024-01-08,Target Population
EMP-01304,OFC-GUR,Consultant,HR,Full-Time,2022-11-22,Target Population
EMP-01305,OFC-SIN,Project Leader,Consulting,Full-Time,2024-09-25,Target Population
EMP-01306,OFC-LON,Consultant,HR,Full-Time,2022-05-08,Target Population
EMP-01307,OFC-NYC,Consultant,Consulting,Full-Time,2023-11-04,Target Population
EMP-01308,OFC-GUR,Consultant,Consulting,Full-Time,2024-11-28,Target Population
EMP-01309,OFC-NYC,Consultant,Finance,Full-Time,2024-03-10,Target Population
EMP-01310,OFC-NYC,Analyst,Finance,Full-Time,2023-02-09,Target Population
EMP-01311,OFC-BOS,Consultant,IT,Full-Time,2025-06-29,Target Population
EMP-01312,OFC-BOS,Managing Director,Finance,Full-Time,2026-05-21,Target Population
EMP-01313,OFC-SIN,Consultant,IT,Full-Time,2024-05-03,Target Population
EMP-01314,OFC-GUR,Project Leader,Operations,Full-Time,2026-04-07,Target Population
EMP-01315,OFC-GUR,Consultant,Operations,Full-Time,2021-10-31,Target Population
EMP-01316,OFC-NYC,Principal,HR,Full-Time,2026-06-26,Target Population
EMP-01317,OFC-BOS,Analyst,Finance,Full-Time,2024-04-24,Target Population
EMP-01318,OFC-BOS,Project Leader,Digital Ventures,Full-Time,2022-08-24,Target Population
EMP-01319,OFC-NYC,Analyst,IT,Full-Time,2022-11-28,Target Population
EMP-01320,OFC-LON,Consultant,Consulting,Full-Time,2024-01-06,Target Population
EMP-01321,OFC-GUR,Analyst,Digital Ventures,Full-Time,2022-09-30,Target Population
EMP-01322,OFC-GUR,Consultant,HR,Full-Time,2022-09-04,Target Population
EMP-01323,OFC-NYC,Principal,Finance,Full-Time,2026-06-21,Target Population
EMP-01324,OFC-SIN,Consultant,Finance,Full-Time,2023-02-01,Target Population
EMP-01325,OFC-GUR,Analyst,Consulting,Full-Time,2024-01-31,Target Population
EMP-01326,OFC-LON,Partner,Operations,Full-Time,2024-02-29,Target Population
EMP-01327,OFC-LON,Project Leader,HR,Full-Time,2023-07-23,Target Population
EMP-01328,OFC-NYC,Principal,IT,Full-Time,2024-09-06,Target Population
EMP-01329,OFC-BOS,Analyst,IT,Full-Time,2023-07-01,Target Population
EMP-01330,OFC-NYC,Consultant,IT,Full-Time,2024-01-05,Target Population
EMP-01331,OFC-GUR,Analyst,Operations,Full-Time,2026-01-24,Target Population
EMP-01332,OFC-BOS,Project Leader,Finance,Full-Time,2025-12-02,Target Population
EMP-01333,OFC-BOS,Consultant,IT,Full-Time,2023-11-26,Target Population
EMP-01334,OFC-BOS,Principal,Finance,Full-Time,2022-03-13,Target Population
EMP-01335,OFC-BOS,Consultant,Digital Ventures,Full-Time,2022-07-20,Target Population
EMP-01336,OFC-SIN,Analyst,Operations,Full-Time,2025-05-15,Target Population
EMP-01337,OFC-GUR,Analyst,IT,Full-Time,2024-02-13,Target Population
EMP-01338,OFC-LON,Consultant,Consulting,Full-Time,2022-02-20,Target Population
EMP-01339,OFC-BOS,Project Leader,Consulting,Full-Time,2021-10-18,Target Population
EMP-01340,OFC-LON,Consultant,HR,Full-Time,2024-08-08,Target Population
EMP-01341,OFC-LON,Partner,Digital Ventures,Full-Time,2022-11-17,Target Population
EMP-01342,OFC-BOS,Analyst,Operations,Full-Time,2023-12-29,Target Population
EMP-01343,OFC-NYC,Analyst,Finance,Full-Time,2023-02-21,Target Population
EMP-01344,OFC-NYC,Partner,IT,Full-Time,2025-07-10,Target Population
EMP-01345,OFC-LON,Consultant,Finance,Full-Time,2026-06-17,Target Population
EMP-01346,OFC-LON,Partner,IT,Full-Time,2025-05-27,Target Population
EMP-01347,OFC-BOS,Principal,Consulting,Full-Time,2026-07-15,Target Population
EMP-01348,OFC-NYC,Consultant,Consulting,Full-Time,2021-11-06,Target Population
EMP-01349,OFC-LON,Analyst,Finance,Full-Time,2022-09-19,Target Population
EMP-01350,OFC-LON,Consultant,Digital Ventures,Full-Time,2022-05-28,Target Population
EMP-01351,OFC-SIN,Analyst,HR,Full-Time,2023-01-13,Target Population
EMP-01352,OFC-GUR,Principal,Finance,Full-Time,2026-05-29,Target Population
EMP-01353,OFC-BOS,Principal,IT,Full-Time,2022-01-26,Target Population
EMP-01354,OFC-BOS,Project Leader,Operations,Full-Time,2024-11-27,Target Population
EMP-01355,OFC-LON,Consultant,Digital Ventures,Full-Time,2026-09-20,Target Population
EMP-01356,OFC-BOS,Analyst,IT,Full-Time,2026-06-19,Target Population
EMP-01357,OFC-LON,Analyst,IT,Full-Time,2023-01-10,Target Population
EMP-01358,OFC-SIN,Consultant,Finance,Full-Time,2025-06-03,Target Population
EMP-01359,OFC-LON,Project Leader,Digital Ventures,Full-Time,2022-11-06,Target Population
EMP-01360,OFC-NYC,Consultant,HR,Full-Time,2022-02-13,Target Population
EMP-01361,OFC-LON,Analyst,Consulting,Full-Time,2024-05-21,Target Population
EMP-01362,OFC-LON,Project Leader,HR,Full-Time,2024-11-12,Target Population
EMP-01363,OFC-LON,Analyst,Digital Ventures,Full-Time,2022-02-07,Target Population
EMP-01364,OFC-SIN,Consultant,IT,Full-Time,2024-10-22,Target Population
EMP-01365,OFC-NYC,Analyst,IT,Full-Time,2023-07-21,Target Population
EMP-01366,OFC-SIN,Principal,HR,Full-Time,2023-11-21,Target Population
EMP-01367,OFC-SIN,Principal,Operations,Full-Time,2022-08-22,Target Population
EMP-01368,OFC-BOS,Analyst,HR,Full-Time,2024-10-09,Target Population
EMP-01369,OFC-BOS,Consultant,Finance,Full-Time,2026-07-12,Target Population
EMP-01370,OFC-BOS,Consultant,Finance,Full-Time,2025-03-22,Target Population
EMP-01371,OFC-BOS,Principal,Digital Ventures,Full-Time,2023-01-30,Target Population
EMP-01372,OFC-BOS,Analyst,Finance,Full-Time,2023-10-12,Target Population
EMP-01373,OFC-GUR,Analyst,Digital Ventures,Full-Time,2023-02-23,Target Population
EMP-01374,OFC-BOS,Consultant,Finance,Full-Time,2023-04-10,Target Population
EMP-01375,OFC-NYC,Partner,Digital Ventures,Full-Time,2025-04-09,Target Population
EMP-01376,OFC-GUR,Analyst,IT,Full-Time,2021-12-23,Target Population
EMP-01377,OFC-BOS,Consultant,Finance,Full-Time,2023-04-17,Target Population
EMP-01378,OFC-GUR,Consultant,IT,Full-Time,2024-08-04,Target Population
EMP-01379,OFC-NYC,Consultant,HR,Full-Time,2025-04-08,Target Population
EMP-01380,OFC-BOS,Analyst,Digital Ventures,Full-Time,2023-11-17,Target Population
EMP-01381,OFC-GUR,Consultant,Finance,Full-Time,2024-01-13,Target Population
EMP-01382,OFC-LON,Project Leader,IT,Full-Time,2023-02-13,Target Population
EMP-01383,OFC-SIN,Project Leader,Consulting,Full-Time,2022-09-07,Target Population
EMP-01384,OFC-GUR,Project Leader,Operations,Full-Time,2025-01-07,Target Population
EMP-01385,OFC-GUR,Consultant,HR,Full-Time,2022-02-04,Target Population
EMP-01386,OFC-NYC,Consultant,Consulting,Full-Time,2025-10-08,Target Population
EMP-01387,OFC-BOS,Partner,Finance,Full-Time,2023-08-29,Target Population
EMP-01388,OFC-GUR,Analyst,IT,Full-Time,2023-06-19,Target Population
EMP-01389,OFC-GUR,Principal,Operations,Full-Time,2025-09-06,Target Population
EMP-01390,OFC-SIN,Consultant,Operations,Full-Time,2024-09-27,Target Population
EMP-01391,OFC-NYC,Project Leader,Digital Ventures,Full-Time,2024-05-12,Target Population
EMP-01392,OFC-NYC,Consultant,Digital Ventures,Full-Time,2023-09-14,Target Population
EMP-01393,OFC-GUR,Principal,Finance,Full-Time,2023-08-30,Target Population
EMP-01394,OFC-NYC,Consultant,Finance,Full-Time,2021-12-19,Target Population
EMP-01395,OFC-SIN,Analyst,Digital Ventures,Full-Time,2023-05-30,Target Population
EMP-01396,OFC-SIN,Analyst,HR,Full-Time,2025-02-25,Target Population
EMP-01397,OFC-NYC,Consultant,Digital Ventures,Full-Time,2024-07-22,Target Population
EMP-01398,OFC-GUR,Project Leader,Consulting,Full-Time,2024-02-19,Target Population
EMP-01399,OFC-GUR,Principal,Digital Ventures,Full-Time,2022-05-10,Target Population
EMP-01400,OFC-BOS,Project Leader,Operations,Full-Time,2024-02-21,Target Population
EMP-01401,OFC-SIN,Analyst,Digital Ventures,Full-Time,2024-10-01,Target Population
EMP-01402,OFC-LON,Analyst,Consulting,Full-Time,2026-02-05,Target Population
EMP-01403,OFC-GUR,Consultant,Consulting,Full-Time,2025-03-01,Target Population
EMP-01404,OFC-NYC,Analyst,HR,Full-Time,2026-04-29,Target Population
EMP-01405,OFC-SIN,Analyst,Operations,Full-Time,2024-07-31,Target Population
EMP-01406,OFC-NYC,Project Leader,Finance,Full-Time,2021-12-31,Target Population
EMP-01407,OFC-BOS,Principal,Finance,Full-Time,2022-09-30,Target Population
EMP-01408,OFC-SIN,Consultant,IT,Full-Time,2023-12-27,Target Population
EMP-01409,OFC-BOS,Consultant,Operations,Full-Time,2023-04-14,Target Population
EMP-01410,OFC-NYC,Consultant,IT,Full-Time,2026-09-14,Target Population
EMP-01411,OFC-SIN,Partner,IT,Full-Time,2024-01-09,Target Population
EMP-01412,OFC-SIN,Consultant,Consulting,Full-Time,2022-02-02,Target Population
EMP-01413,OFC-LON,Principal,Finance,Full-Time,2022-09-08,Target Population
EMP-01414,OFC-LON,Project Leader,Digital Ventures,Full-Time,2025-06-18,Target Population
EMP-01415,OFC-NYC,Analyst,Operations,Full-Time,2024-09-15,Target Population
EMP-01416,OFC-NYC,Analyst,HR,Full-Time,2024-06-07,Target Population
EMP-01417,OFC-NYC,Principal,Finance,Full-Time,2025-06-23,Target Population
EMP-01418,OFC-GUR,Analyst,Finance,Full-Time,2026-02-11,Target Population
EMP-01419,OFC-GUR,Analyst,Finance,Full-Time,2022-10-01,Target Population
EMP-01420,OFC-GUR,Analyst,Digital Ventures,Full-Time,2025-01-15,Target Population
EMP-01421,OFC-GUR,Analyst,Consulting,Full-Time,2026-09-02,Target Population
EMP-01422,OFC-BOS,Managing Director,IT,Full-Time,2023-05-20,Target Population
EMP-01423,OFC-LON,Consultant,IT,Full-Time,2023-12-07,Target Population
EMP-01424,OFC-BOS,Consultant,Consulting,Full-Time,2022-02-21,Target Population
EMP-01425,OFC-LON,Analyst,Digital Ventures,Full-Time,2025-06-22,Target Population
EMP-01426,OFC-NYC,Consultant,Operations,Full-Time,2021-10-12,Target Population
EMP-01427,OFC-SIN,Project Leader,Digital Ventures,Full-Time,2026-03-10,Target Population
EMP-01428,OFC-NYC,Project Leader,Digital Ventures,Full-Time,2026-05-06,Target Population
EMP-01429,OFC-BOS,Analyst,IT,Full-Time,2023-06-11,Target Population
EMP-01430,OFC-BOS,Analyst,Finance,Full-Time,2024-11-11,Target Population
EMP-01431,OFC-GUR,Consultant,Digital Ventures,Full-Time,2025-06-07,Target Population
EMP-01432,OFC-LON,Project Leader,Consulting,Full-Time,2022-05-12,Target Population
EMP-01433,OFC-BOS,Analyst,Finance,Full-Time,2024-07-28,Target Population
EMP-01434,OFC-BOS,Principal,Operations,Full-Time,2024-06-08,Target Population
EMP-01435,OFC-GUR,Principal,HR,Full-Time,2022-10-29,Target Population
EMP-01436,OFC-BOS,Consultant,Consulting,Full-Time,2024-04-27,Target Population
EMP-01437,OFC-GUR,Analyst,Finance,Full-Time,2026-01-29,Target Population
EMP-01438,OFC-GUR,Consultant,HR,Full-Time,2024-05-24,Target Population
EMP-01439,OFC-BOS,Consultant,Operations,Full-Time,2025-03-28,Target Population
EMP-01440,OFC-BOS,Project Leader,Consulting,Full-Time,2024-07-16,Target Population
EMP-01441,OFC-SIN,Analyst,Operations,Full-Time,2025-03-10,Target Population
EMP-01442,OFC-NYC,Analyst,Consulting,Full-Time,2024-04-12,Target Population
EMP-01443,OFC-NYC,Analyst,IT,Full-Time,2026-06-25,Target Population
EMP-01444,OFC-GUR,Consultant,Consulting,Full-Time,2022-11-06,Target Population
EMP-01445,OFC-SIN,Analyst,HR,Full-Time,2023-05-26,Target Population
EMP-01446,OFC-SIN,Project Leader,IT,Full-Time,2025-05-05,Target Population
EMP-01447,OFC-GUR,Principal,Consulting,Full-Time,2024-12-27,Target Population
EMP-01448,OFC-NYC,Consultant,IT,Full-Time,2023-03-31,Target Population
EMP-01449,OFC-BOS,Project Leader,Digital Ventures,Full-Time,2026-08-10,Target Population
EMP-01450,OFC-GUR,Consultant,HR,Full-Time,2024-04-29,Target Population
EMP-01451,OFC-LON,Analyst,Consulting,Full-Time,2025-03-21,Target Population
EMP-01452,OFC-NYC,Consultant,HR,Full-Time,2026-06-05,Target Population
EMP-01453,OFC-SIN,Analyst,Operations,Full-Time,2021-10-08,Target Population
EMP-01454,OFC-BOS,Analyst,Consulting,Full-Time,2024-05-08,Target Population
EMP-01455,OFC-LON,Analyst,HR,Full-Time,2024-03-16,Target Population
EMP-01456,OFC-BOS,Consultant,HR,Full-Time,2023-07-22,Target Population
EMP-01457,OFC-LON,Analyst,Finance,Full-Time,2025-06-03,Target Population
EMP-01458,OFC-BOS,Consultant,Consulting,Full-Time,2026-09-12,Target Population
EMP-01459,OFC-BOS,Analyst,IT,Full-Time,2024-07-04,Target Population
EMP-01460,OFC-BOS,Consultant,Operations,Full-Time,2025-09-20,Target Population
EMP-01461,OFC-LON,Managing Director,IT,Full-Time,2025-07-10,Target Population
EMP-01462,OFC-GUR,Project Leader,Finance,Full-Time,2025-07-11,Target Population
EMP-01463,OFC-LON,Principal,IT,Full-Time,2023-08-01,Target Population
EMP-01464,OFC-SIN,Project Leader,HR,Full-Time,2026-02-11,Target Population
EMP-01465,OFC-NYC,Project Leader,HR,Full-Time,2025-10-16,Target Population
EMP-01466,OFC-NYC,Consultant,IT,Full-Time,2023-03-18,Target Population
EMP-01467,OFC-SIN,Partner,HR,Full-Time,2022-06-27,Target Population
EMP-01468,OFC-BOS,Partner,Operations,Full-Time,2024-03-06,Target Population
EMP-01469,OFC-SIN,Consultant,IT,Full-Time,2026-02-24,Target Population
EMP-01470,OFC-BOS,Analyst,IT,Full-Time,2024-08-13,Target Population
EMP-01471,OFC-SIN,Analyst,Operations,Full-Time,2022-07-24,Target Population
EMP-01472,OFC-BOS,Project Leader,IT,Full-Time,2023-10-06,Target Population
EMP-01473,OFC-SIN,Consultant,Consulting,Full-Time,2024-05-28,Target Population
EMP-01474,OFC-LON,Analyst,HR,Full-Time,2023-09-04,Target Population
EMP-01475,OFC-SIN,Project Leader,Consulting,Full-Time,2023-06-17,Target Population
EMP-01476,OFC-BOS,Analyst,Consulting,Full-Time,2023-01-07,Target Population
EMP-01477,OFC-LON,Project Leader,IT,Full-Time,2021-12-21,Target Population
EMP-01478,OFC-SIN,Analyst,IT,Full-Time,2022-02-27,Target Population
EMP-01479,OFC-LON,Project Leader,IT,Full-Time,2023-11-06,Target Population
EMP-01480,OFC-LON,Consultant,IT,Full-Time,2025-10-22,Target Population
EMP-01481,OFC-GUR,Consultant,Operations,Full-Time,2022-05-21,Target Population
EMP-01482,OFC-LON,Partner,Digital Ventures,Full-Time,2025-08-21,Target Population
EMP-01483,OFC-LON,Analyst,Operations,Full-Time,2025-04-16,Target Population
EMP-01484,OFC-LON,Consultant,IT,Full-Time,2026-08-30,Target Population
EMP-01485,OFC-SIN,Consultant,Finance,Full-Time,2023-06-03,Target Population
EMP-01486,OFC-BOS,Consultant,Digital Ventures,Full-Time,2025-01-11,Target Population
EMP-01487,OFC-NYC,Consultant,Operations,Full-Time,2025-12-20,Target Population
EMP-01488,OFC-SIN,Principal,IT,Full-Time,2025-03-01,Target Population
EMP-01489,OFC-SIN,Partner,Operations,Full-Time,2023-11-04,Target Population
EMP-01490,OFC-LON,Analyst,HR,Full-Time,2023-01-08,Target Population
EMP-01491,OFC-LON,Analyst,Finance,Full-Time,2021-10-24,Target Population
EMP-01492,OFC-NYC,Project Leader,Finance,Full-Time,2022-09-03,Target Population
EMP-01493,OFC-BOS,Analyst,Finance,Full-Time,2025-05-19,Target Population
EMP-01494,OFC-LON,Analyst,Consulting,Full-Time,2023-08-17,Target Population
EMP-01495,OFC-NYC,Project Leader,IT,Full-Time,2023-04-06,Target Population
EMP-01496,OFC-LON,Consultant,Consulting,Full-Time,2026-03-04,Target Population
EMP-01497,OFC-BOS,Partner,Consulting,Full-Time,2025-09-19,Target Population
EMP-01498,OFC-SIN,Analyst,Operations,Full-Time,2022-03-12,Target Population
EMP-01499,OFC-SIN,Analyst,HR,Full-Time,2026-07-04,Target Population
EMP-01500,OFC-GUR,Analyst,HR,Full-Time,2023-11-20,Target Population
EMP-01501,OFC-LON,Analyst,IT,Full-Time,2022-10-19,Target Population
EMP-01502,OFC-NYC,Project Leader,Consulting,Full-Time,2025-08-25,Target Population
EMP-01503,OFC-GUR,Consultant,IT,Full-Time,2022-11-25,Target Population
EMP-01504,OFC-GUR,Consultant,Finance,Full-Time,2025-09-19,Target Population
EMP-01505,OFC-BOS,Analyst,Consulting,Full-Time,2026-04-14,Target Population
EMP-01506,OFC-SIN,Project Leader,Consulting,Full-Time,2026-07-09,Target Population
EMP-01507,OFC-GUR,Analyst,IT,Full-Time,2024-06-18,Target Population
EMP-01508,OFC-SIN,Analyst,Digital Ventures,Full-Time,2025-07-13,Target Population
EMP-01509,OFC-GUR,Project Leader,IT,Full-Time,2026-01-22,Target Population
EMP-01510,OFC-LON,Project Leader,HR,Full-Time,2025-05-24,Target Population
EMP-01511,OFC-NYC,Consultant,HR,Full-Time,2026-06-05,Target Population
EMP-01512,OFC-SIN,Analyst,HR,Full-Time,2025-07-23,Target Population
EMP-01513,OFC-SIN,Analyst,Operations,Full-Time,2023-02-13,Target Population
EMP-01514,OFC-BOS,Analyst,IT,Full-Time,2025-10-20,Target Population
EMP-01515,OFC-BOS,Analyst,Operations,Full-Time,2025-08-05,Target Population
EMP-01516,OFC-NYC,Consultant,Digital Ventures,Full-Time,2023-12-21,Target Population
EMP-01517,OFC-GUR,Consultant,Finance,Full-Time,2023-11-14,Target Population
EMP-01518,OFC-SIN,Analyst,Consulting,Full-Time,2024-02-15,Target Population
EMP-01519,OFC-BOS,Consultant,Consulting,Full-Time,2026-03-14,Target Population
EMP-01520,OFC-LON,Analyst,Digital Ventures,Full-Time,2025-11-20,Target Population
EMP-01521,OFC-NYC,Project Leader,IT,Full-Time,2023-10-20,Target Population
EMP-01522,OFC-SIN,Principal,Digital Ventures,Full-Time,2024-02-07,Target Population
EMP-01523,OFC-GUR,Analyst,Consulting,Full-Time,2025-07-04,Target Population
EMP-01524,OFC-GUR,Managing Director,Digital Ventures,Full-Time,2022-06-04,Target Population
EMP-01525,OFC-LON,Partner,HR,Full-Time,2024-03-12,Target Population
EMP-01526,OFC-NYC,Analyst,HR,Full-Time,2023-10-05,Target Population
EMP-01527,OFC-NYC,Consultant,IT,Full-Time,2024-01-29,Target Population
EMP-01528,OFC-BOS,Partner,HR,Full-Time,2024-08-15,Target Population
EMP-01529,OFC-SIN,Consultant,HR,Full-Time,2024-06-26,Target Population
EMP-01530,OFC-GUR,Consultant,IT,Full-Time,2026-05-12,Target Population
EMP-01531,OFC-SIN,Consultant,Operations,Full-Time,2022-06-14,Target Population
EMP-01532,OFC-SIN,Project Leader,Operations,Full-Time,2022-12-10,Target Population
EMP-01533,OFC-LON,Consultant,Consulting,Full-Time,2023-01-18,Target Population
EMP-01534,OFC-GUR,Principal,IT,Full-Time,2023-09-25,Target Population
EMP-01535,OFC-SIN,Analyst,HR,Full-Time,2025-01-09,Target Population
EMP-01536,OFC-GUR,Analyst,IT,Full-Time,2023-01-24,Target Population
EMP-01537,OFC-BOS,Principal,Finance,Full-Time,2023-08-02,Target Population
EMP-01538,OFC-LON,Analyst,Consulting,Full-Time,2022-04-24,Target Population
EMP-01539,OFC-BOS,Consultant,Digital Ventures,Full-Time,2025-04-17,Target Population
EMP-01540,OFC-SIN,Analyst,Consulting,Full-Time,2025-03-26,Target Population
EMP-01541,OFC-LON,Principal,Consulting,Full-Time,2024-07-31,Target Population
EMP-01542,OFC-BOS,Consultant,Finance,Full-Time,2026-05-19,Target Population
EMP-01543,OFC-GUR,Project Leader,IT,Full-Time,2025-09-23,Target Population
EMP-01544,OFC-LON,Analyst,Consulting,Full-Time,2025-04-20,Target Population
EMP-01545,OFC-NYC,Consultant,HR,Full-Time,2022-04-18,Target Population
EMP-01546,OFC-BOS,Principal,Operations,Full-Time,2023-07-11,Target Population
EMP-01547,OFC-GUR,Analyst,HR,Full-Time,2025-05-04,Target Population
EMP-01548,OFC-LON,Project Leader,Consulting,Full-Time,2025-01-29,Target Population
EMP-01549,OFC-GUR,Principal,Digital Ventures,Full-Time,2026-09-25,Target Population
EMP-01550,OFC-LON,Consultant,Finance,Full-Time,2021-12-06,Target Population
EMP-01551,OFC-SIN,Analyst,Finance,Full-Time,2026-08-30,Target Population
EMP-01552,OFC-LON,Consultant,IT,Full-Time,2024-12-31,Target Population
EMP-01553,OFC-LON,Consultant,Digital Ventures,Full-Time,2025-10-27,Target Population
EMP-01554,OFC-SIN,Consultant,Digital Ventures,Full-Time,2021-10-25,Target Population
EMP-01555,OFC-NYC,Analyst,HR,Full-Time,2024-10-03,Target Population
EMP-01556,OFC-BOS,Consultant,Digital Ventures,Full-Time,2024-04-21,Target Population
EMP-01557,OFC-BOS,Principal,Digital Ventures,Full-Time,2025-01-30,Target Population
EMP-01558,OFC-GUR,Principal,Operations,Full-Time,2025-04-30,Target Population
EMP-01559,OFC-LON,Principal,HR,Full-Time,2026-05-06,Target Population
EMP-01560,OFC-GUR,Analyst,Operations,Full-Time,2026-05-30,Target Population
EMP-01561,OFC-BOS,Analyst,Operations,Full-Time,2023-08-23,Target Population
EMP-01562,OFC-BOS,Consultant,HR,Full-Time,2025-12-01,Target Population
EMP-01563,OFC-BOS,Analyst,HR,Full-Time,2023-08-19,Target Population
EMP-01564,OFC-NYC,Consultant,Digital Ventures,Full-Time,2024-02-01,Target Population
EMP-01565,OFC-LON,Consultant,HR,Full-Time,2025-06-22,Target Population
EMP-01566,OFC-NYC,Consultant,IT,Full-Time,2025-11-23,Target Population
EMP-01567,OFC-NYC,Analyst,Digital Ventures,Full-Time,2022-01-05,Target Population
EMP-01568,OFC-SIN,Partner,Digital Ventures,Full-Time,2025-01-27,Target Population
EMP-01569,OFC-NYC,Project Leader,Digital Ventures,Full-Time,2024-08-16,Target Population
EMP-01570,OFC-LON,Consultant,Digital Ventures,Full-Time,2025-03-16,Target Population
EMP-01571,OFC-GUR,Analyst,Operations,Full-Time,2023-03-03,Target Population
EMP-01572,OFC-NYC,Consultant,IT,Full-Time,2025-09-28,Target Population
EMP-01573,OFC-LON,Project Leader,Consulting,Full-Time,2022-11-07,Target Population
EMP-01574,OFC-SIN,Analyst,Consulting,Full-Time,2026-04-23,Target Population
EMP-01575,OFC-SIN,Principal,Finance,Full-Time,2021-12-29,Target Population
EMP-01576,OFC-BOS,Partner,HR,Full-Time,2025-02-12,Target Population
EMP-01577,OFC-SIN,Project Leader,IT,Full-Time,2026-07-26,Target Population
EMP-01578,OFC-LON,Principal,Digital Ventures,Full-Time,2021-12-30,Target Population
EMP-01579,OFC-NYC,Analyst,Operations,Full-Time,2022-06-24,Target Population
EMP-01580,OFC-LON,Project Leader,Digital Ventures,Full-Time,2025-05-30,Target Population
EMP-01581,OFC-SIN,Consultant,IT,Full-Time,2022-12-02,Target Population
EMP-01582,OFC-LON,Consultant,Digital Ventures,Full-Time,2025-09-10,Target Population
EMP-01583,OFC-NYC,Partner,IT,Full-Time,2023-04-24,Target Population
EMP-01584,OFC-LON,Project Leader,Digital Ventures,Full-Time,2022-03-12,Target Population
EMP-01585,OFC-BOS,Analyst,Consulting,Full-Time,2023-12-24,Target Population
EMP-01586,OFC-BOS,Partner,Operations,Full-Time,2024-12-27,Target Population
EMP-01587,OFC-BOS,Analyst,Finance,Full-Time,2024-07-20,Target Population
EMP-01588,OFC-BOS,Project Leader,Digital Ventures,Full-Time,2023-07-26,Target Population
EMP-01589,OFC-BOS,Partner,Finance,Full-Time,2025-08-19,Target Population
EMP-01590,OFC-BOS,Analyst,IT,Full-Time,2024-07-18,Target Population
EMP-01591,OFC-LON,Consultant,IT,Full-Time,2024-08-20,Target Population
EMP-01592,OFC-BOS,Project Leader,HR,Full-Time,2024-12-27,Target Population
EMP-01593,OFC-NYC,Principal,HR,Full-Time,2024-02-18,Target Population
EMP-01594,OFC-SIN,Consultant,Finance,Full-Time,2025-05-08,Target Population
EMP-01595,OFC-LON,Analyst,Digital Ventures,Full-Time,2023-11-29,Target Population
EMP-01596,OFC-GUR,Principal,HR,Full-Time,2022-06-18,Target Population
EMP-01597,OFC-BOS,Principal,Operations,Full-Time,2025-10-07,Target Population
EMP-01598,OFC-BOS,Consultant,Consulting,Full-Time,2021-12-06,Target Population
EMP-01599,OFC-BOS,Analyst,Consulting,Full-Time,2026-05-09,Target Population
EMP-01600,OFC-BOS,Principal,Operations,Full-Time,2022-03-17,Target Population
EMP-01601,OFC-NYC,Project Leader,Operations,Full-Time,2024-09-28,Target Population
EMP-01602,OFC-BOS,Principal,Operations,Full-Time,2023-09-03,Target Population
EMP-01603,OFC-BOS,Consultant,Finance,Full-Time,2022-05-08,Target Population
EMP-01604,OFC-BOS,Consultant,Operations,Full-Time,2022-02-09,Target Population
EMP-01605,OFC-LON,Analyst,Operations,Full-Time,2022-01-11,Target Population
EMP-01606,OFC-BOS,Partner,Operations,Full-Time,2023-11-14,Target Population
EMP-01607,OFC-NYC,Principal,IT,Full-Time,2023-06-18,Target Population
EMP-01608,OFC-LON,Project Leader,Consulting,Full-Time,2021-12-09,Target Population
EMP-01609,OFC-GUR,Analyst,Digital Ventures,Full-Time,2023-01-23,Target Population
EMP-01610,OFC-BOS,Project Leader,Digital Ventures,Full-Time,2023-10-18,Target Population
EMP-01611,OFC-GUR,Consultant,Digital Ventures,Full-Time,2022-11-03,Target Population
EMP-01612,OFC-LON,Principal,IT,Full-Time,2025-10-17,Target Population
EMP-01613,OFC-BOS,Project Leader,Digital Ventures,Full-Time,2022-09-27,Target Population
EMP-01614,OFC-SIN,Analyst,Digital Ventures,Full-Time,2026-07-25,Target Population
EMP-01615,OFC-SIN,Analyst,Finance,Full-Time,2023-08-15,Target Population
EMP-01616,OFC-BOS,Partner,Finance,Full-Time,2025-09-20,Target Population
EMP-01617,OFC-NYC,Project Leader,HR,Full-Time,2023-12-12,Target Population
EMP-01618,OFC-GUR,Consultant,Consulting,Full-Time,2024-11-26,Target Population
EMP-01619,OFC-GUR,Consultant,Consulting,Full-Time,2023-03-12,Target Population
EMP-01620,OFC-BOS,Principal,Operations,Full-Time,2022-09-27,Target Population
EMP-01621,OFC-BOS,Consultant,Consulting,Full-Time,2023-02-27,Target Population
EMP-01622,OFC-NYC,Analyst,HR,Full-Time,2024-05-30,Target Population
EMP-01623,OFC-LON,Consultant,Finance,Full-Time,2022-09-07,Target Population
EMP-01624,OFC-LON,Project Leader,Finance,Full-Time,2026-09-08,Target Population
EMP-01625,OFC-NYC,Analyst,IT,Full-Time,2021-12-25,Target Population
EMP-01626,OFC-LON,Analyst,Finance,Full-Time,2024-06-02,Target Population
EMP-01627,OFC-GUR,Analyst,IT,Full-Time,2026-08-30,Target Population
EMP-01628,OFC-BOS,Consultant,Finance,Full-Time,2024-12-16,Target Population
EMP-01629,OFC-NYC,Analyst,HR,Full-Time,2025-02-20,Target Population
EMP-01630,OFC-GUR,Project Leader,Digital Ventures,Full-Time,2023-06-15,Target Population
EMP-01631,OFC-SIN,Consultant,Consulting,Full-Time,2022-05-31,Target Population
EMP-01632,OFC-LON,Analyst,Consulting,Full-Time,2023-10-31,Target Population
EMP-01633,OFC-LON,Project Leader,Consulting,Full-Time,2022-08-19,Target Population
EMP-01634,OFC-BOS,Analyst,HR,Full-Time,2024-04-30,Target Population
EMP-01635,OFC-NYC,Consultant,HR,Full-Time,2022-10-18,Target Population
EMP-01636,OFC-LON,Principal,Digital Ventures,Full-Time,2026-07-31,Target Population
EMP-01637,OFC-BOS,Analyst,Finance,Full-Time,2022-02-11,Target Population
EMP-01638,OFC-NYC,Consultant,HR,Full-Time,2024-09-19,Target Population
EMP-01639,OFC-NYC,Consultant,Consulting,Full-Time,2026-04-19,Target Population
EMP-01640,OFC-BOS,Project Leader,Consulting,Full-Time,2025-05-29,Target Population
EMP-01641,OFC-NYC,Analyst,HR,Full-Time,2024-12-01,Target Population
EMP-01642,OFC-BOS,Principal,HR,Full-Time,2022-05-09,Target Population
EMP-01643,OFC-NYC,Project Leader,Digital Ventures,Full-Time,2026-01-25,Target Population
EMP-01644,OFC-BOS,Analyst,HR,Full-Time,2024-09-01,Target Population
EMP-01645,OFC-SIN,Analyst,Digital Ventures,Full-Time,2021-11-15,Target Population
EMP-01646,OFC-LON,Consultant,HR,Full-Time,2025-05-04,Target Population
EMP-01647,OFC-GUR,Partner,Operations,Full-Time,2025-12-08,Target Population
EMP-01648,OFC-GUR,Partner,Digital Ventures,Full-Time,2022-08-30,Target Population
EMP-01649,OFC-LON,Analyst,Finance,Full-Time,2025-06-14,Target Population
EMP-01650,OFC-BOS,Analyst,Operations,Full-Time,2024-11-05,Target Population
EMP-01651,OFC-LON,Analyst,IT,Full-Time,2025-09-04,Target Population
EMP-01652,OFC-LON,Analyst,Finance,Full-Time,2023-01-25,Target Population
EMP-01653,OFC-GUR,Analyst,IT,Full-Time,2025-06-21,Target Population
EMP-01654,OFC-NYC,Consultant,HR,Full-Time,2023-04-07,Target Population
EMP-01655,OFC-BOS,Project Leader,Finance,Full-Time,2026-03-16,Target Population
EMP-01656,OFC-NYC,Consultant,Operations,Full-Time,2024-01-24,Target Population
EMP-01657,OFC-NYC,Consultant,Finance,Full-Time,2026-05-06,Target Population
EMP-01658,OFC-LON,Project Leader,Consulting,Full-Time,2025-11-17,Target Population
EMP-01659,OFC-LON,Partner,Consulting,Full-Time,2025-09-20,Target Population
EMP-01660,OFC-NYC,Project Leader,IT,Full-Time,2025-06-21,Target Population
EMP-01661,OFC-SIN,Analyst,Operations,Full-Time,2024-01-18,Target Population
EMP-01662,OFC-LON,Consultant,Finance,Full-Time,2024-07-04,Target Population
EMP-01663,OFC-BOS,Consultant,HR,Full-Time,2023-11-08,Target Population
EMP-01664,OFC-BOS,Project Leader,Finance,Full-Time,2022-07-03,Target Population
EMP-01665,OFC-BOS,Analyst,Finance,Full-Time,2024-02-20,Target Population
EMP-01666,OFC-BOS,Analyst,Consulting,Full-Time,2025-08-07,Target Population
EMP-01667,OFC-BOS,Partner,Operations,Full-Time,2023-11-03,Target Population
EMP-01668,OFC-BOS,Analyst,Operations,Full-Time,2025-09-19,Target Population
EMP-01669,OFC-NYC,Consultant,Finance,Full-Time,2026-08-12,Target Population
EMP-01670,OFC-BOS,Analyst,Consulting,Full-Time,2024-12-27,Target Population
EMP-01671,OFC-SIN,Consultant,Operations,Full-Time,2024-08-17,Target Population
EMP-01672,OFC-BOS,Analyst,Finance,Full-Time,2022-01-04,Target Population
EMP-01673,OFC-LON,Partner,Finance,Full-Time,2025-12-20,Target Population
EMP-01674,OFC-NYC,Consultant,HR,Full-Time,2024-07-12,Target Population
EMP-01675,OFC-SIN,Principal,Consulting,Full-Time,2023-04-24,Target Population
EMP-01676,OFC-BOS,Consultant,HR,Full-Time,2025-11-29,Target Population
EMP-01677,OFC-NYC,Consultant,Finance,Full-Time,2023-07-28,Target Population
EMP-01678,OFC-SIN,Partner,Finance,Full-Time,2024-10-13,Target Population
EMP-01679,OFC-SIN,Consultant,Finance,Full-Time,2023-12-18,Target Population
EMP-01680,OFC-GUR,Analyst,Operations,Full-Time,2024-08-29,Target Population
EMP-01681,OFC-NYC,Project Leader,IT,Full-Time,2024-02-22,Target Population
EMP-01682,OFC-BOS,Consultant,Finance,Full-Time,2024-02-12,Target Population
EMP-01683,OFC-GUR,Consultant,IT,Full-Time,2026-06-29,Target Population
EMP-01684,OFC-SIN,Consultant,Digital Ventures,Full-Time,2021-11-07,Target Population
EMP-01685,OFC-LON,Analyst,Operations,Full-Time,2026-02-28,Target Population
EMP-01686,OFC-LON,Partner,IT,Full-Time,2023-05-23,Target Population
EMP-01687,OFC-NYC,Consultant,Finance,Full-Time,2022-06-29,Target Population
EMP-01688,OFC-GUR,Consultant,Digital Ventures,Full-Time,2023-10-26,Target Population
EMP-01689,OFC-BOS,Principal,Digital Ventures,Full-Time,2025-03-22,Target Population
EMP-01690,OFC-NYC,Project Leader,IT,Full-Time,2025-12-02,Target Population
EMP-01691,OFC-NYC,Partner,Consulting,Full-Time,2026-06-27,Target Population
EMP-01692,OFC-LON,Analyst,IT,Full-Time,2023-10-23,Target Population
EMP-01693,OFC-BOS,Analyst,Consulting,Full-Time,2025-10-25,Target Population
EMP-01694,OFC-BOS,Consultant,Finance,Full-Time,2025-12-09,Target Population
EMP-01695,OFC-LON,Analyst,Consulting,Full-Time,2025-07-30,Target Population
EMP-01696,OFC-NYC,Analyst,Finance,Full-Time,2021-11-29,Target Population
EMP-01697,OFC-LON,Project Leader,Digital Ventures,Full-Time,2022-07-23,Target Population
EMP-01698,OFC-BOS,Analyst,HR,Full-Time,2024-04-08,Target Population
EMP-01699,OFC-LON,Partner,HR,Full-Time,2023-08-26,Target Population
EMP-01700,OFC-LON,Analyst,Finance,Full-Time,2025-03-16,Target Population
EMP-01701,OFC-BOS,Project Leader,IT,Full-Time,2023-11-01,Target Population
EMP-01702,OFC-NYC,Principal,Digital Ventures,Full-Time,2024-05-15,Target Population
EMP-01703,OFC-BOS,Analyst,IT,Full-Time,2026-09-17,Target Population
EMP-01704,OFC-BOS,Consultant,Consulting,Full-Time,2024-11-26,Target Population
EMP-01705,OFC-SIN,Analyst,Digital Ventures,Full-Time,2025-10-16,Target Population
EMP-01706,OFC-NYC,Principal,Finance,Full-Time,2026-06-22,Target Population
EMP-01707,OFC-GUR,Project Leader,Digital Ventures,Full-Time,2026-04-13,Target Population
EMP-01708,OFC-NYC,Consultant,HR,Full-Time,2024-09-09,Target Population
EMP-01709,OFC-GUR,Consultant,IT,Full-Time,2025-05-20,Target Population
EMP-01710,OFC-GUR,Analyst,Consulting,Full-Time,2026-06-12,Target Population
EMP-01711,OFC-LON,Analyst,Operations,Full-Time,2024-07-30,Target Population
EMP-01712,OFC-LON,Analyst,Finance,Full-Time,2024-10-04,Target Population
EMP-01713,OFC-NYC,Project Leader,IT,Full-Time,2025-08-16,Target Population
EMP-01714,OFC-NYC,Consultant,Operations,Full-Time,2024-01-26,Target Population
EMP-01715,OFC-SIN,Analyst,IT,Full-Time,2024-05-16,Target Population
EMP-01716,OFC-GUR,Partner,Consulting,Full-Time,2023-11-27,Target Population
EMP-01717,OFC-SIN,Project Leader,IT,Full-Time,2023-09-23,Target Population
EMP-01718,OFC-BOS,Analyst,Finance,Full-Time,2022-10-16,Target Population
EMP-01719,OFC-GUR,Consultant,Consulting,Full-Time,2023-05-28,Target Population
EMP-01720,OFC-SIN,Analyst,Finance,Full-Time,2024-06-13,Target Population
EMP-01721,OFC-BOS,Project Leader,HR,Full-Time,2022-10-13,Target Population
EMP-01722,OFC-BOS,Consultant,Digital Ventures,Full-Time,2026-04-28,Target Population
EMP-01723,OFC-GUR,Analyst,HR,Full-Time,2023-05-05,Target Population
EMP-01724,OFC-LON,Principal,Consulting,Full-Time,2023-05-25,Target Population
EMP-01725,OFC-GUR,Project Leader,IT,Full-Time,2023-08-10,Target Population
EMP-01726,OFC-BOS,Analyst,IT,Full-Time,2025-11-19,Target Population
EMP-01727,OFC-GUR,Project Leader,Consulting,Full-Time,2024-02-13,Target Population
EMP-01728,OFC-BOS,Analyst,Finance,Full-Time,2026-03-24,Target Population
EMP-01729,OFC-BOS,Consultant,HR,Full-Time,2024-03-04,Target Population
EMP-01730,OFC-BOS,Analyst,Digital Ventures,Full-Time,2022-08-15,Target Population
EMP-01731,OFC-GUR,Project Leader,HR,Full-Time,2023-06-02,Target Population
EMP-01732,OFC-GUR,Principal,HR,Full-Time,2024-04-14,Target Population
EMP-01733,OFC-LON,Analyst,Consulting,Full-Time,2023-09-13,Target Population
EMP-01734,OFC-NYC,Analyst,Digital Ventures,Full-Time,2024-11-01,Target Population
EMP-01735,OFC-SIN,Consultant,Operations,Full-Time,2023-04-17,Target Population
EMP-01736,OFC-NYC,Analyst,Digital Ventures,Full-Time,2024-05-03,Target Population
EMP-01737,OFC-GUR,Analyst,IT,Full-Time,2021-11-19,Target Population
EMP-01738,OFC-NYC,Project Leader,IT,Full-Time,2026-04-23,Target Population
EMP-01739,OFC-NYC,Analyst,Operations,Full-Time,2022-11-04,Target Population
EMP-01740,OFC-LON,Analyst,Digital Ventures,Full-Time,2024-02-06,Target Population
EMP-01741,OFC-NYC,Analyst,Consulting,Full-Time,2022-02-25,Target Population
EMP-01742,OFC-GUR,Analyst,Operations,Full-Time,2022-03-25,Target Population
EMP-01743,OFC-LON,Consultant,Operations,Full-Time,2026-06-22,Target Population
EMP-01744,OFC-BOS,Consultant,Operations,Full-Time,2024-04-01,Target Population
EMP-01745,OFC-SIN,Consultant,Operations,Full-Time,2022-11-03,Target Population
EMP-01746,OFC-NYC,Analyst,IT,Full-Time,2025-12-10,Target Population
EMP-01747,OFC-LON,Principal,Finance,Full-Time,2022-08-21,Target Population
EMP-01748,OFC-SIN,Analyst,Finance,Full-Time,2021-11-14,Target Population
EMP-01749,OFC-LON,Analyst,HR,Full-Time,2026-08-25,Target Population
EMP-01750,OFC-BOS,Analyst,HR,Full-Time,2024-03-08,Target Population
EMP-01751,OFC-SIN,Consultant,IT,Full-Time,2025-10-04,Target Population
EMP-01752,OFC-LON,Analyst,IT,Full-Time,2025-11-02,Target Population
EMP-01753,OFC-NYC,Consultant,Consulting,Full-Time,2025-07-06,Target Population
EMP-01754,OFC-BOS,Principal,IT,Full-Time,2024-08-30,Target Population
EMP-01755,OFC-GUR,Consultant,Consulting,Full-Time,2023-05-02,Target Population
EMP-01756,OFC-LON,Consultant,Consulting,Full-Time,2022-03-15,Target Population
EMP-01757,OFC-LON,Consultant,IT,Full-Time,2023-11-30,Target Population
EMP-01758,OFC-SIN,Analyst,Consulting,Full-Time,2025-10-30,Target Population
EMP-01759,OFC-GUR,Consultant,Operations,Full-Time,2022-09-26,Target Population
EMP-01760,OFC-BOS,Consultant,Finance,Full-Time,2022-04-28,Target Population
EMP-01761,OFC-NYC,Principal,Operations,Full-Time,2025-03-04,Target Population
EMP-01762,OFC-BOS,Analyst,HR,Full-Time,2025-12-12,Target Population
EMP-01763,OFC-GUR,Partner,IT,Full-Time,2022-05-25,Target Population
EMP-01764,OFC-BOS,Consultant,HR,Full-Time,2026-09-03,Target Population
EMP-01765,OFC-LON,Analyst,Finance,Full-Time,2022-03-22,Target Population
EMP-01766,OFC-GUR,Project Leader,Operations,Full-Time,2023-01-21,Target Population
EMP-01767,OFC-SIN,Analyst,Operations,Full-Time,2023-01-13,Target Population
EMP-01768,OFC-NYC,Consultant,Operations,Full-Time,2026-07-21,Target Population
EMP-01769,OFC-GUR,Project Leader,Digital Ventures,Full-Time,2024-05-07,Target Population
EMP-01770,OFC-BOS,Analyst,Operations,Full-Time,2022-06-28,Target Population
EMP-01771,OFC-GUR,Project Leader,IT,Full-Time,2023-11-17,Target Population
EMP-01772,OFC-BOS,Consultant,Digital Ventures,Full-Time,2022-10-10,Target Population
EMP-01773,OFC-NYC,Analyst,Finance,Full-Time,2026-07-06,Target Population
EMP-01774,OFC-GUR,Analyst,Finance,Full-Time,2025-04-22,Target Population
EMP-01775,OFC-BOS,Project Leader,IT,Full-Time,2023-09-08,Target Population
EMP-01776,OFC-BOS,Partner,Digital Ventures,Full-Time,2026-03-18,Target Population
EMP-01777,OFC-GUR,Consultant,Operations,Full-Time,2024-12-31,Target Population
EMP-01778,OFC-GUR,Principal,HR,Full-Time,2025-08-06,Target Population
EMP-01779,OFC-LON,Analyst,Consulting,Full-Time,2025-07-13,Target Population
EMP-01780,OFC-GUR,Principal,Consulting,Full-Time,2024-04-17,Target Population
EMP-01781,OFC-LON,Consultant,Digital Ventures,Full-Time,2025-05-31,Target Population
EMP-01782,OFC-NYC,Consultant,Finance,Full-Time,2024-05-12,Target Population
EMP-01783,OFC-NYC,Consultant,Digital Ventures,Full-Time,2026-08-08,Target Population
EMP-01784,OFC-BOS,Consultant,IT,Full-Time,2022-04-12,Target Population
EMP-01785,OFC-SIN,Analyst,Digital Ventures,Full-Time,2022-08-11,Target Population
EMP-01786,OFC-LON,Partner,Finance,Full-Time,2023-07-14,Target Population
EMP-01787,OFC-NYC,Project Leader,HR,Full-Time,2023-07-24,Target Population
EMP-01788,OFC-LON,Principal,HR,Full-Time,2024-01-07,Target Population
EMP-01789,OFC-SIN,Consultant,Digital Ventures,Full-Time,2022-06-16,Target Population
EMP-01790,OFC-BOS,Analyst,Consulting,Full-Time,2023-02-06,Target Population
EMP-01791,OFC-LON,Project Leader,Consulting,Full-Time,2023-10-22,Target Population
EMP-01792,OFC-LON,Project Leader,HR,Full-Time,2023-03-31,Target Population
EMP-01793,OFC-LON,Consultant,Digital Ventures,Full-Time,2026-06-17,Target Population
EMP-01794,OFC-BOS,Principal,HR,Full-Time,2022-05-28,Target Population
EMP-01795,OFC-SIN,Project Leader,Consulting,Full-Time,2023-02-05,Target Population
EMP-01796,OFC-SIN,Partner,Digital Ventures,Full-Time,2021-10-15,Target Population
EMP-01797,OFC-LON,Consultant,Operations,Full-Time,2025-03-29,Target Population
EMP-01798,OFC-GUR,Analyst,IT,Full-Time,2025-08-06,Target Population
EMP-01799,OFC-SIN,Analyst,IT,Full-Time,2025-10-05,Target Population
EMP-01800,OFC-GUR,Principal,IT,Full-Time,2024-03-29,Target Population
EMP-01801,OFC-BOS,Project Leader,Finance,Full-Time,2022-01-16,Target Population
EMP-01802,OFC-LON,Project Leader,Consulting,Full-Time,2023-09-26,Target Population
EMP-01803,OFC-LON,Consultant,Digital Ventures,Full-Time,2024-03-20,Target Population
EMP-01804,OFC-NYC,Analyst,Operations,Full-Time,2024-03-03,Target Population
EMP-01805,OFC-GUR,Consultant,Operations,Full-Time,2025-08-17,Target Population
EMP-01806,OFC-SIN,Consultant,Digital Ventures,Full-Time,2022-05-16,Target Population
EMP-01807,OFC-SIN,Principal,Finance,Full-Time,2023-10-02,Target Population
EMP-01808,OFC-LON,Consultant,Finance,Full-Time,2024-01-06,Target Population
EMP-01809,OFC-BOS,Principal,Operations,Full-Time,2023-06-13,Target Population
EMP-01810,OFC-SIN,Partner,Operations,Full-Time,2025-05-19,Target Population
EMP-01811,OFC-GUR,Consultant,Consulting,Full-Time,2022-09-28,Target Population
EMP-01812,OFC-BOS,Analyst,IT,Full-Time,2026-05-25,Target Population
EMP-01813,OFC-SIN,Project Leader,Digital Ventures,Full-Time,2023-09-05,Target Population
EMP-01814,OFC-SIN,Analyst,Operations,Full-Time,2023-01-12,Target Population
EMP-01815,OFC-LON,Project Leader,Finance,Full-Time,2024-01-10,Target Population
EMP-01816,OFC-LON,Analyst,Operations,Full-Time,2022-12-22,Target Population
EMP-01817,OFC-NYC,Partner,IT,Full-Time,2022-05-16,Target Population
EMP-01818,OFC-BOS,Analyst,Digital Ventures,Full-Time,2022-04-10,Target Population
EMP-01819,OFC-NYC,Consultant,Operations,Full-Time,2023-03-06,Target Population
EMP-01820,OFC-GUR,Consultant,Operations,Full-Time,2024-05-19,Target Population
EMP-01821,OFC-BOS,Project Leader,Consulting,Full-Time,2026-08-10,Target Population
EMP-01822,OFC-NYC,Consultant,Consulting,Full-Time,2024-03-21,Target Population
EMP-01823,OFC-NYC,Analyst,Digital Ventures,Full-Time,2025-07-02,Target Population
EMP-01824,OFC-LON,Analyst,IT,Full-Time,2022-10-28,Target Population
EMP-01825,OFC-SIN,Analyst,HR,Full-Time,2025-10-02,Target Population
EMP-01826,OFC-NYC,Consultant,Finance,Full-Time,2024-05-08,Target Population
EMP-01827,OFC-NYC,Analyst,IT,Full-Time,2025-03-10,Target Population
EMP-01828,OFC-GUR,Project Leader,HR,Full-Time,2024-01-30,Target Population
EMP-01829,OFC-LON,Project Leader,Digital Ventures,Full-Time,2026-01-08,Target Population
EMP-01830,OFC-BOS,Analyst,Digital Ventures,Full-Time,2026-05-11,Target Population
EMP-01831,OFC-LON,Analyst,Digital Ventures,Full-Time,2025-12-19,Target Population
EMP-01832,OFC-BOS,Consultant,Operations,Full-Time,2025-06-28,Target Population
EMP-01833,OFC-BOS,Project Leader,Consulting,Full-Time,2022-06-13,Target Population
EMP-01834,OFC-LON,Consultant,Finance,Full-Time,2022-02-07,Target Population
EMP-01835,OFC-NYC,Consultant,IT,Full-Time,2025-06-10,Target Population
EMP-01836,OFC-SIN,Managing Director,Digital Ventures,Full-Time,2024-07-04,Target Population
EMP-01837,OFC-NYC,Analyst,Finance,Full-Time,2023-11-23,Target Population
EMP-01838,OFC-LON,Analyst,HR,Full-Time,2021-12-26,Target Population
EMP-01839,OFC-LON,Consultant,IT,Full-Time,2022-07-17,Target Population
EMP-01840,OFC-BOS,Consultant,Digital Ventures,Full-Time,2023-09-18,Target Population
EMP-01841,OFC-GUR,Project Leader,Finance,Full-Time,2026-08-29,Target Population
EMP-01842,OFC-BOS,Consultant,Consulting,Full-Time,2026-10-05,Target Population
EMP-01843,OFC-SIN,Managing Director,Digital Ventures,Full-Time,2021-12-10,Target Population
EMP-01844,OFC-BOS,Principal,Operations,Full-Time,2024-01-22,Target Population
EMP-01845,OFC-NYC,Principal,HR,Full-Time,2026-09-01,Target Population
EMP-01846,OFC-BOS,Consultant,IT,Full-Time,2022-02-08,Target Population
EMP-01847,OFC-SIN,Principal,Consulting,Full-Time,2023-04-04,Target Population
EMP-01848,OFC-LON,Consultant,IT,Full-Time,2025-10-07,Target Population
EMP-01849,OFC-LON,Project Leader,IT,Full-Time,2026-03-07,Target Population
EMP-01850,OFC-BOS,Analyst,Consulting,Full-Time,2025-07-11,Target Population
EMP-01851,OFC-GUR,Project Leader,HR,Full-Time,2024-02-18,Target Population
EMP-01852,OFC-BOS,Analyst,Consulting,Full-Time,2023-04-23,Target Population
EMP-01853,OFC-SIN,Consultant,Digital Ventures,Full-Time,2026-09-29,Target Population
EMP-01854,OFC-BOS,Analyst,Operations,Full-Time,2025-06-22,Target Population
EMP-01855,OFC-BOS,Project Leader,Digital Ventures,Full-Time,2025-12-12,Target Population
EMP-01856,OFC-BOS,Analyst,Operations,Full-Time,2022-07-17,Target Population
EMP-01857,OFC-LON,Consultant,Digital Ventures,Full-Time,2025-10-06,Target Population
EMP-01858,OFC-LON,Analyst,Consulting,Full-Time,2024-09-22,Target Population
EMP-01859,OFC-BOS,Consultant,Operations,Full-Time,2025-03-28,Target Population
EMP-01860,OFC-GUR,Analyst,HR,Full-Time,2024-08-07,Target Population
EMP-01861,OFC-LON,Consultant,Finance,Full-Time,2024-06-30,Target Population
EMP-01862,OFC-LON,Consultant,HR,Full-Time,2022-08-27,Target Population
EMP-01863,OFC-NYC,Consultant,Consulting,Full-Time,2023-02-18,Target Population
EMP-01864,OFC-NYC,Consultant,Digital Ventures,Full-Time,2024-07-27,Target Population
EMP-01865,OFC-LON,Analyst,IT,Full-Time,2025-04-07,Target Population
EMP-01866,OFC-BOS,Project Leader,Operations,Full-Time,2025-12-24,Target Population
EMP-01867,OFC-BOS,Analyst,HR,Full-Time,2024-03-20,Target Population
EMP-01868,OFC-SIN,Analyst,Operations,Full-Time,2025-03-04,Target Population
EMP-01869,OFC-SIN,Consultant,Operations,Full-Time,2026-06-12,Target Population
EMP-01870,OFC-NYC,Principal,Consulting,Full-Time,2022-01-29,Target Population
EMP-01871,OFC-NYC,Project Leader,HR,Full-Time,2025-08-20,Target Population
EMP-01872,OFC-LON,Principal,Digital Ventures,Full-Time,2022-07-07,Target Population
EMP-01873,OFC-NYC,Consultant,Consulting,Full-Time,2024-06-10,Target Population
EMP-01874,OFC-BOS,Consultant,IT,Full-Time,2023-11-30,Target Population
EMP-01875,OFC-BOS,Analyst,Finance,Full-Time,2024-07-07,Target Population
EMP-01876,OFC-GUR,Analyst,Finance,Full-Time,2022-10-02,Target Population
EMP-01877,OFC-GUR,Partner,Consulting,Full-Time,2025-03-15,Target Population
EMP-01878,OFC-BOS,Analyst,Finance,Full-Time,2026-02-21,Target Population
EMP-01879,OFC-BOS,Analyst,Consulting,Full-Time,2021-10-10,Target Population
EMP-01880,OFC-BOS,Analyst,Consulting,Full-Time,2026-05-19,Target Population
EMP-01881,OFC-GUR,Project Leader,HR,Full-Time,2025-09-11,Target Population
EMP-01882,OFC-BOS,Project Leader,IT,Full-Time,2025-04-12,Target Population
EMP-01883,OFC-BOS,Principal,Digital Ventures,Full-Time,2022-03-24,Target Population
EMP-01884,OFC-GUR,Principal,Finance,Full-Time,2023-05-12,Target Population
EMP-01885,OFC-BOS,Managing Director,Finance,Full-Time,2026-03-05,Target Population
EMP-01886,OFC-GUR,Project Leader,Finance,Full-Time,2024-11-04,Target Population
EMP-01887,OFC-BOS,Consultant,Consulting,Full-Time,2026-01-02,Target Population
EMP-01888,OFC-BOS,Project Leader,IT,Full-Time,2025-07-11,Target Population
EMP-01889,OFC-BOS,Consultant,Consulting,Full-Time,2022-03-16,Target Population
EMP-01890,OFC-GUR,Consultant,Finance,Full-Time,2023-07-01,Target Population
EMP-01891,OFC-SIN,Analyst,HR,Full-Time,2024-01-14,Target Population
EMP-01892,OFC-GUR,Consultant,Finance,Full-Time,2026-06-09,Target Population
EMP-01893,OFC-NYC,Consultant,Finance,Full-Time,2022-11-18,Target Population
EMP-01894,OFC-GUR,Analyst,IT,Full-Time,2024-03-19,Target Population
EMP-01895,OFC-BOS,Project Leader,HR,Full-Time,2025-06-29,Target Population
EMP-01896,OFC-NYC,Project Leader,HR,Full-Time,2025-11-20,Target Population
EMP-01897,OFC-SIN,Analyst,Digital Ventures,Full-Time,2022-10-19,Target Population
EMP-01898,OFC-BOS,Project Leader,Operations,Full-Time,2022-01-04,Target Population
EMP-01899,OFC-BOS,Consultant,Finance,Full-Time,2023-10-20,Target Population
EMP-01900,OFC-BOS,Partner,Operations,Full-Time,2023-02-11,Target Population
EMP-01901,OFC-BOS,Consultant,IT,Full-Time,2024-05-29,Target Population
EMP-01902,OFC-BOS,Consultant,HR,Full-Time,2026-06-14,Target Population
EMP-01903,OFC-LON,Analyst,Operations,Full-Time,2021-11-18,Target Population
EMP-01904,OFC-NYC,Analyst,Finance,Full-Time,2026-06-18,Target Population
EMP-01905,OFC-SIN,Principal,IT,Full-Time,2025-03-27,Target Population
EMP-01906,OFC-GUR,Principal,IT,Full-Time,2022-07-23,Target Population
EMP-01907,OFC-NYC,Partner,Digital Ventures,Full-Time,2023-09-05,Target Population
EMP-01908,OFC-NYC,Analyst,Operations,Full-Time,2022-09-24,Target Population
EMP-01909,OFC-NYC,Analyst,Digital Ventures,Full-Time,2025-09-09,Target Population
EMP-01910,OFC-LON,Principal,Operations,Full-Time,2022-10-06,Target Population
EMP-01911,OFC-NYC,Consultant,IT,Full-Time,2023-01-28,Target Population
EMP-01912,OFC-LON,Consultant,Finance,Full-Time,2026-01-02,Target Population
EMP-01913,OFC-NYC,Project Leader,HR,Full-Time,2024-03-31,Target Population
EMP-01914,OFC-LON,Principal,Finance,Full-Time,2026-02-04,Target Population
EMP-01915,OFC-NYC,Project Leader,Digital Ventures,Full-Time,2024-02-03,Target Population
EMP-01916,OFC-NYC,Project Leader,Digital Ventures,Full-Time,2025-04-19,Target Population
EMP-01917,OFC-SIN,Project Leader,Operations,Full-Time,2025-11-14,Target Population
EMP-01918,OFC-GUR,Principal,Consulting,Full-Time,2025-10-13,Target Population
EMP-01919,OFC-BOS,Analyst,Digital Ventures,Full-Time,2023-11-03,Target Population
EMP-01920,OFC-SIN,Analyst,HR,Full-Time,2025-08-26,Target Population
EMP-01921,OFC-LON,Analyst,Operations,Full-Time,2026-06-15,Target Population
EMP-01922,OFC-SIN,Principal,Finance,Full-Time,2022-12-30,Target Population
EMP-01923,OFC-GUR,Consultant,Finance,Full-Time,2025-01-10,Target Population
EMP-01924,OFC-NYC,Project Leader,Digital Ventures,Full-Time,2023-05-22,Target Population
EMP-01925,OFC-BOS,Consultant,Digital Ventures,Full-Time,2026-02-02,Target Population
EMP-01926,OFC-NYC,Analyst,Finance,Full-Time,2022-12-05,Target Population
EMP-01927,OFC-LON,Consultant,Digital Ventures,Full-Time,2022-05-11,Target Population
EMP-01928,OFC-LON,Consultant,HR,Full-Time,2024-02-12,Target Population
EMP-01929,OFC-NYC,Partner,IT,Full-Time,2025-04-18,Target Population
EMP-01930,OFC-BOS,Principal,Consulting,Full-Time,2024-08-27,Target Population
EMP-01931,OFC-GUR,Principal,IT,Full-Time,2026-01-31,Target Population
EMP-01932,OFC-SIN,Project Leader,Consulting,Full-Time,2024-01-15,Target Population
EMP-01933,OFC-LON,Consultant,Digital Ventures,Full-Time,2021-10-14,Target Population
EMP-01934,OFC-BOS,Analyst,Finance,Full-Time,2024-03-03,Target Population
EMP-01935,OFC-NYC,Analyst,HR,Full-Time,2024-04-21,Target Population
EMP-01936,OFC-BOS,Consultant,Operations,Full-Time,2026-10-04,Target Population
EMP-01937,OFC-SIN,Analyst,IT,Full-Time,2026-09-12,Target Population
EMP-01938,OFC-BOS,Analyst,Operations,Full-Time,2025-12-06,Target Population
EMP-01939,OFC-LON,Analyst,Operations,Full-Time,2023-01-11,Target Population
EMP-01940,OFC-NYC,Consultant,HR,Full-Time,2025-07-25,Target Population
EMP-01941,OFC-LON,Principal,Consulting,Full-Time,2026-05-07,Target Population
EMP-01942,OFC-GUR,Analyst,Finance,Full-Time,2025-11-19,Target Population
EMP-01943,OFC-GUR,Project Leader,Operations,Full-Time,2024-09-13,Target Population
EMP-01944,OFC-BOS,Analyst,HR,Full-Time,2024-08-04,Target Population
EMP-01945,OFC-BOS,Partner,Finance,Full-Time,2026-06-17,Target Population
EMP-01946,OFC-BOS,Analyst,Operations,Full-Time,2026-05-22,Target Population
EMP-01947,OFC-SIN,Analyst,IT,Full-Time,2024-12-21,Target Population
EMP-01948,OFC-SIN,Analyst,HR,Full-Time,2025-08-21,Target Population
EMP-01949,OFC-LON,Consultant,Finance,Full-Time,2024-07-02,Target Population
EMP-01950,OFC-LON,Analyst,HR,Full-Time,2023-05-16,Target Population
EMP-01951,OFC-GUR,Project Leader,HR,Full-Time,2023-10-18,Target Population
EMP-01952,OFC-BOS,Partner,IT,Full-Time,2026-08-18,Target Population
EMP-01953,OFC-SIN,Analyst,Consulting,Full-Time,2025-01-08,Target Population
EMP-01954,OFC-NYC,Principal,Finance,Full-Time,2023-10-02,Target Population
EMP-01955,OFC-NYC,Analyst,Digital Ventures,Full-Time,2025-04-05,Target Population
EMP-01956,OFC-LON,Analyst,IT,Full-Time,2022-02-19,Target Population
EMP-01957,OFC-BOS,Project Leader,Consulting,Full-Time,2024-06-21,Target Population
EMP-01958,OFC-BOS,Partner,Digital Ventures,Full-Time,2025-10-15,Target Population
EMP-01959,OFC-GUR,Project Leader,Finance,Full-Time,2025-01-03,Target Population
EMP-01960,OFC-BOS,Project Leader,HR,Full-Time,2025-01-18,Target Population
EMP-01961,OFC-LON,Partner,Operations,Full-Time,2023-01-22,Target Population
EMP-01962,OFC-BOS,Analyst,Operations,Full-Time,2025-12-23,Target Population
EMP-01963,OFC-NYC,Partner,Digital Ventures,Full-Time,2022-01-30,Target Population
EMP-01964,OFC-NYC,Analyst,Consulting,Full-Time,2022-11-03,Target Population
EMP-01965,OFC-NYC,Consultant,IT,Full-Time,2026-01-14,Target Population
EMP-01966,OFC-GUR,Project Leader,IT,Full-Time,2024-08-03,Target Population
EMP-01967,OFC-NYC,Analyst,Digital Ventures,Full-Time,2022-08-14,Target Population
EMP-01968,OFC-LON,Project Leader,Consulting,Full-Time,2025-07-05,Target Population
EMP-01969,OFC-LON,Analyst,Finance,Full-Time,2022-08-12,Target Population
EMP-01970,OFC-GUR,Project Leader,Digital Ventures,Full-Time,2026-03-29,Target Population
EMP-01971,OFC-SIN,Analyst,HR,Full-Time,2025-08-26,Target Population
EMP-01972,OFC-GUR,Consultant,Digital Ventures,Full-Time,2021-11-23,Target Population
EMP-01973,OFC-BOS,Consultant,Finance,Full-Time,2022-12-28,Target Population
EMP-01974,OFC-BOS,Consultant,Digital Ventures,Full-Time,2025-04-02,Target Population
EMP-01975,OFC-NYC,Analyst,Operations,Full-Time,2023-01-29,Target Population
EMP-01976,OFC-LON,Project Leader,IT,Full-Time,2022-05-27,Target Population
EMP-01977,OFC-BOS,Consultant,Finance,Full-Time,2025-10-04,Target Population
EMP-01978,OFC-LON,Project Leader,Finance,Full-Time,2024-01-08,Target Population
EMP-01979,OFC-LON,Consultant,Consulting,Full-Time,2024-08-23,Target Population
EMP-01980,OFC-NYC,Analyst,IT,Full-Time,2025-02-22,Target Population
EMP-01981,OFC-GUR,Consultant,Operations,Full-Time,2022-06-13,Target Population
EMP-01982,OFC-BOS,Principal,Digital Ventures,Full-Time,2024-07-23,Target Population
EMP-01983,OFC-BOS,Analyst,Digital Ventures,Full-Time,2026-04-21,Target Population
EMP-01984,OFC-GUR,Consultant,Finance,Full-Time,2024-12-30,Target Population
EMP-01985,OFC-LON,Analyst,Consulting,Full-Time,2024-06-16,Target Population
EMP-01986,OFC-GUR,Consultant,IT,Full-Time,2025-12-01,Target Population
EMP-01987,OFC-NYC,Consultant,Digital Ventures,Full-Time,2026-05-14,Target Population
EMP-01988,OFC-BOS,Project Leader,HR,Full-Time,2022-01-26,Target Population
EMP-01989,OFC-GUR,Consultant,Consulting,Full-Time,2022-05-07,Target Population
EMP-01990,OFC-GUR,Managing Director,HR,Full-Time,2023-10-06,Target Population
EMP-01991,OFC-GUR,Principal,Finance,Full-Time,2024-03-17,Target Population
EMP-01992,OFC-NYC,Principal,HR,Full-Time,2023-09-13,Target Population
EMP-01993,OFC-LON,Principal,Digital Ventures,Full-Time,2022-07-14,Target Population
EMP-01994,OFC-NYC,Project Leader,HR,Full-Time,2025-06-16,Target Population
EMP-01995,OFC-BOS,Analyst,IT,Full-Time,2022-08-08,Target Population
EMP-01996,OFC-SIN,Consultant,Finance,Full-Time,2022-08-15,Target Population
EMP-01997,OFC-BOS,Partner,Operations,Full-Time,2025-07-16,Target Population
EMP-01998,OFC-SIN,Analyst,Consulting,Full-Time,2023-03-07,Target Population
EMP-01999,OFC-NYC,Principal,Operations,Full-Time,2024-04-24,Target Population
EMP-02000,OFC-BOS,Analyst,Consulting,Full-Time,2022-01-04,Target Population
EMP-02001,OFC-LON,Consultant,Digital Ventures,Full-Time,2022-02-26,Target Population
EMP-02002,OFC-SIN,Analyst,Operations,Full-Time,2024-07-10,Target Population
EMP-02003,OFC-GUR,Consultant,Digital Ventures,Full-Time,2022-03-30,Target Population
EMP-02004,OFC-GUR,Consultant,HR,Full-Time,2024-04-05,Target Population
EMP-02005,OFC-GUR,Analyst,Digital Ventures,Full-Time,2024-10-24,Target Population
EMP-02006,OFC-GUR,Analyst,IT,Full-Time,2024-12-14,Target Population
EMP-02007,OFC-GUR,Analyst,HR,Full-Time,2025-06-06,Target Population
EMP-02008,OFC-BOS,Principal,IT,Full-Time,2023-01-02,Target Population
EMP-02009,OFC-LON,Analyst,Consulting,Full-Time,2023-11-04,Target Population
EMP-02010,OFC-BOS,Analyst,IT,Full-Time,2026-04-14,Target Population
EMP-02011,OFC-SIN,Project Leader,Consulting,Full-Time,2025-04-09,Target Population
EMP-02012,OFC-SIN,Analyst,HR,Full-Time,2026-07-31,Target Population
EMP-02013,OFC-BOS,Project Leader,Digital Ventures,Full-Time,2023-04-19,Target Population
EMP-02014,OFC-GUR,Principal,HR,Full-Time,2023-03-19,Target Population
EMP-02015,OFC-SIN,Consultant,Finance,Full-Time,2023-04-03,Target Population
EMP-02016,OFC-BOS,Analyst,Operations,Full-Time,2022-06-09,Target Population
EMP-02017,OFC-LON,Analyst,Finance,Full-Time,2025-01-07,Target Population
EMP-02018,OFC-SIN,Consultant,IT,Full-Time,2023-10-25,Target Population
EMP-02019,OFC-BOS,Consultant,IT,Full-Time,2025-12-31,Target Population
EMP-02020,OFC-GUR,Consultant,Finance,Full-Time,2026-09-22,Target Population
EMP-02021,OFC-NYC,Consultant,Consulting,Full-Time,2022-12-25,Target Population
EMP-02022,OFC-SIN,Consultant,Finance,Full-Time,2023-09-28,Target Population
EMP-02023,OFC-SIN,Analyst,Finance,Full-Time,2025-09-08,Target Population
EMP-02024,OFC-SIN,Project Leader,Operations,Full-Time,2023-12-05,Target Population
EMP-02025,OFC-LON,Analyst,Consulting,Full-Time,2025-09-03,Target Population
EMP-02026,OFC-SIN,Project Leader,Digital Ventures,Full-Time,2023-12-09,Target Population
EMP-02027,OFC-GUR,Project Leader,HR,Full-Time,2021-11-05,Target Population
EMP-02028,OFC-NYC,Project Leader,Finance,Full-Time,2025-09-21,Target Population
EMP-02029,OFC-GUR,Analyst,HR,Full-Time,2024-03-18,Target Population
EMP-02030,OFC-BOS,Project Leader,Finance,Full-Time,2026-06-01,Target Population
EMP-02031,OFC-LON,Consultant,Digital Ventures,Full-Time,2023-02-09,Target Population
EMP-02032,OFC-BOS,Managing Director,HR,Full-Time,2022-05-24,Target Population
EMP-02033,OFC-BOS,Analyst,Operations,Full-Time,2025-07-10,Target Population
EMP-02034,OFC-BOS,Analyst,IT,Full-Time,2024-09-14,Target Population
EMP-02035,OFC-GUR,Analyst,Finance,Full-Time,2026-10-06,Target Population
EMP-02036,OFC-NYC,Consultant,HR,Full-Time,2024-04-23,Target Population
EMP-02037,OFC-GUR,Consultant,HR,Full-Time,2025-05-17,Target Population
EMP-02038,OFC-BOS,Principal,HR,Full-Time,2023-11-23,Target Population
EMP-02039,OFC-NYC,Consultant,HR,Full-Time,2025-08-26,Target Population
EMP-02040,OFC-LON,Principal,HR,Full-Time,2024-05-02,Target Population
EMP-02041,OFC-GUR,Analyst,Operations,Full-Time,2023-06-17,Target Population
EMP-02042,OFC-NYC,Project Leader,Consulting,Full-Time,2025-01-14,Target Population
EMP-02043,OFC-LON,Analyst,Operations,Full-Time,2025-11-16,Target Population
EMP-02044,OFC-SIN,Managing Director,Consulting,Full-Time,2022-09-03,Target Population
EMP-02045,OFC-LON,Analyst,Digital Ventures,Full-Time,2023-10-13,Target Population
EMP-02046,OFC-BOS,Analyst,Consulting,Full-Time,2025-01-03,Target Population
EMP-02047,OFC-BOS,Consultant,HR,Full-Time,2026-08-18,Target Population
EMP-02048,OFC-SIN,Consultant,HR,Full-Time,2024-10-26,Target Population
EMP-02049,OFC-BOS,Analyst,Consulting,Full-Time,2026-08-27,Target Population
EMP-02050,OFC-SIN,Consultant,Digital Ventures,Full-Time,2024-04-13,Target Population
EMP-02051,OFC-LON,Analyst,IT,Full-Time,2024-04-11,Target Population
EMP-02052,OFC-SIN,Partner,Finance,Full-Time,2021-12-14,Target Population
EMP-02053,OFC-GUR,Project Leader,IT,Full-Time,2025-02-17,Target Population
EMP-02054,OFC-SIN,Principal,Operations,Full-Time,2024-02-06,Target Population
EMP-02055,OFC-NYC,Analyst,Consulting,Full-Time,2021-11-01,Target Population
EMP-02056,OFC-GUR,Consultant,Consulting,Full-Time,2026-07-31,Target Population
EMP-02057,OFC-NYC,Project Leader,Operations,Full-Time,2022-03-08,Target Population
EMP-02058,OFC-LON,Analyst,Consulting,Full-Time,2025-12-28,Target Population
EMP-02059,OFC-LON,Consultant,Digital Ventures,Full-Time,2024-03-14,Target Population
EMP-02060,OFC-SIN,Analyst,Operations,Full-Time,2023-09-21,Target Population
EMP-02061,OFC-SIN,Managing Director,Digital Ventures,Full-Time,2024-10-05,Target Population
EMP-02062,OFC-GUR,Analyst,Finance,Full-Time,2023-08-18,Target Population
EMP-02063,OFC-NYC,Consultant,Digital Ventures,Full-Time,2023-05-20,Target Population
EMP-02064,OFC-NYC,Consultant,IT,Full-Time,2023-11-24,Target Population
EMP-02065,OFC-GUR,Analyst,Consulting,Full-Time,2022-12-05,Target Population
EMP-02066,OFC-BOS,Project Leader,Finance,Full-Time,2022-08-04,Target Population
EMP-02067,OFC-BOS,Project Leader,HR,Full-Time,2022-02-06,Target Population
EMP-02068,OFC-NYC,Principal,Consulting,Full-Time,2024-05-23,Target Population
EMP-02069,OFC-NYC,Project Leader,IT,Full-Time,2025-07-07,Target Population
EMP-02070,OFC-NYC,Consultant,HR,Full-Time,2022-01-18,Target Population
EMP-02071,OFC-BOS,Principal,Finance,Full-Time,2026-09-11,Target Population
EMP-02072,OFC-BOS,Managing Director,Operations,Full-Time,2024-11-13,Target Population
EMP-02073,OFC-BOS,Consultant,Finance,Full-Time,2022-11-19,Target Population
EMP-02074,OFC-SIN,Project Leader,Operations,Full-Time,2022-07-14,Target Population
EMP-02075,OFC-NYC,Consultant,Digital Ventures,Full-Time,2024-04-10,Target Population
EMP-02076,OFC-NYC,Managing Director,Consulting,Full-Time,2024-07-18,Target Population
EMP-02077,OFC-GUR,Analyst,IT,Full-Time,2025-04-19,Target Population
EMP-02078,OFC-BOS,Analyst,IT,Full-Time,2023-04-05,Target Population
EMP-02079,OFC-SIN,Managing Director,Finance,Full-Time,2023-06-22,Target Population
EMP-02080,OFC-GUR,Consultant,HR,Full-Time,2022-11-21,Target Population
EMP-02081,OFC-BOS,Project Leader,HR,Full-Time,2026-05-09,Target Population
EMP-02082,OFC-NYC,Project Leader,Operations,Full-Time,2024-11-16,Target Population
EMP-02083,OFC-SIN,Analyst,Operations,Full-Time,2026-04-13,Target Population
EMP-02084,OFC-SIN,Analyst,IT,Full-Time,2026-01-13,Target Population
EMP-02085,OFC-LON,Analyst,Finance,Full-Time,2024-01-31,Target Population
EMP-02086,OFC-LON,Analyst,Digital Ventures,Full-Time,2023-03-02,Target Population
EMP-02087,OFC-BOS,Analyst,Consulting,Full-Time,2023-12-14,Target Population
EMP-02088,OFC-SIN,Analyst,Finance,Full-Time,2025-11-12,Target Population
EMP-02089,OFC-BOS,Consultant,HR,Full-Time,2024-04-10,Target Population
EMP-02090,OFC-SIN,Partner,IT,Full-Time,2024-08-24,Target Population
EMP-02091,OFC-LON,Consultant,HR,Full-Time,2022-09-29,Target Population
EMP-02092,OFC-LON,Principal,Digital Ventures,Full-Time,2025-10-01,Target Population
EMP-02093,OFC-LON,Analyst,IT,Full-Time,2022-05-28,Target Population
EMP-02094,OFC-BOS,Analyst,Digital Ventures,Full-Time,2022-12-18,Target Population
EMP-02095,OFC-BOS,Project Leader,IT,Full-Time,2023-09-07,Target Population
EMP-02096,OFC-BOS,Project Leader,IT,Full-Time,2025-02-22,Target Population
EMP-02097,OFC-BOS,Principal,IT,Full-Time,2026-07-04,Target Population
EMP-02098,OFC-GUR,Analyst,HR,Full-Time,2024-11-16,Target Population
EMP-02099,OFC-NYC,Project Leader,Digital Ventures,Full-Time,2022-07-14,Target Population
EMP-02100,OFC-BOS,Analyst,Digital Ventures,Full-Time,2025-02-13,Target Population
EMP-02101,OFC-SIN,Consultant,IT,Full-Time,2021-11-19,Target Population
EMP-02102,OFC-SIN,Consultant,Consulting,Full-Time,2024-01-06,Target Population
EMP-02103,OFC-SIN,Managing Director,Operations,Full-Time,2026-05-01,Target Population
EMP-02104,OFC-SIN,Partner,Operations,Full-Time,2022-10-25,Target Population
EMP-02105,OFC-BOS,Partner,Consulting,Full-Time,2025-08-19,Target Population
EMP-02106,OFC-NYC,Managing Director,HR,Full-Time,2024-11-25,Target Population
EMP-02107,OFC-GUR,Project Leader,Digital Ventures,Full-Time,2023-12-30,Target Population
EMP-02108,OFC-GUR,Analyst,IT,Full-Time,2026-09-27,Target Population
EMP-02109,OFC-BOS,Consultant,IT,Full-Time,2025-01-02,Target Population
EMP-02110,OFC-GUR,Analyst,Consulting,Full-Time,2024-12-04,Target Population
EMP-02111,OFC-BOS,Partner,Consulting,Full-Time,2022-09-08,Target Population
EMP-02112,OFC-BOS,Project Leader,HR,Full-Time,2023-10-03,Target Population
EMP-02113,OFC-LON,Consultant,Operations,Full-Time,2025-10-10,Target Population
EMP-02114,OFC-LON,Analyst,HR,Full-Time,2021-12-23,Target Population
EMP-02115,OFC-LON,Consultant,IT,Full-Time,2026-07-17,Target Population
EMP-02116,OFC-BOS,Project Leader,Operations,Full-Time,2024-07-22,Target Population
EMP-02117,OFC-SIN,Consultant,Digital Ventures,Full-Time,2023-08-25,Target Population
EMP-02118,OFC-NYC,Consultant,Consulting,Full-Time,2022-04-21,Target Population
EMP-02119,OFC-BOS,Analyst,Operations,Full-Time,2025-09-18,Target Population
EMP-02120,OFC-SIN,Principal,Consulting,Full-Time,2024-05-02,Target Population
EMP-02121,OFC-SIN,Analyst,Finance,Full-Time,2025-03-28,Target Population
EMP-02122,OFC-SIN,Consultant,Finance,Full-Time,2022-10-04,Target Population
EMP-02123,OFC-GUR,Analyst,Finance,Full-Time,2022-12-15,Target Population
EMP-02124,OFC-GUR,Analyst,Operations,Full-Time,2022-02-24,Target Population
EMP-02125,OFC-LON,Principal,Consulting,Full-Time,2022-01-30,Target Population
EMP-02126,OFC-BOS,Analyst,Finance,Full-Time,2024-05-09,Target Population
EMP-02127,OFC-NYC,Consultant,Digital Ventures,Full-Time,2025-12-15,Target Population
EMP-02128,OFC-NYC,Consultant,HR,Full-Time,2022-10-02,Target Population
EMP-02129,OFC-NYC,Consultant,Operations,Full-Time,2022-08-04,Target Population
EMP-02130,OFC-GUR,Analyst,Consulting,Full-Time,2023-10-06,Target Population
EMP-02131,OFC-LON,Analyst,Finance,Full-Time,2026-05-04,Target Population
EMP-02132,OFC-BOS,Consultant,Finance,Full-Time,2022-12-02,Target Population
EMP-02133,OFC-BOS,Principal,Finance,Full-Time,2025-01-26,Target Population
EMP-02134,OFC-GUR,Principal,Operations,Full-Time,2025-08-16,Target Population
EMP-02135,OFC-BOS,Analyst,Digital Ventures,Full-Time,2024-12-02,Target Population
EMP-02136,OFC-SIN,Consultant,HR,Full-Time,2026-05-12,Target Population
EMP-02137,OFC-LON,Consultant,Operations,Full-Time,2025-05-01,Target Population
EMP-02138,OFC-LON,Project Leader,Finance,Full-Time,2026-10-05,Target Population
EMP-02139,OFC-LON,Project Leader,HR,Full-Time,2023-01-30,Target Population
EMP-02140,OFC-GUR,Analyst,IT,Full-Time,2025-04-18,Target Population
EMP-02141,OFC-NYC,Partner,HR,Full-Time,2022-08-10,Target Population
EMP-02142,OFC-GUR,Project Leader,HR,Full-Time,2025-12-05,Target Population
EMP-02143,OFC-LON,Partner,Digital Ventures,Full-Time,2025-03-27,Target Population
EMP-02144,OFC-NYC,Analyst,Operations,Full-Time,2024-02-23,Target Population
EMP-02145,OFC-SIN,Principal,Finance,Full-Time,2022-01-16,Target Population
EMP-02146,OFC-GUR,Analyst,IT,Full-Time,2024-12-01,Target Population
EMP-02147,OFC-GUR,Principal,HR,Full-Time,2023-08-13,Target Population
EMP-02148,OFC-SIN,Analyst,Finance,Full-Time,2025-07-15,Target Population
EMP-02149,OFC-SIN,Analyst,HR,Full-Time,2025-07-19,Target Population
EMP-02150,OFC-GUR,Principal,Consulting,Full-Time,2023-10-10,Target Population
EMP-02151,OFC-GUR,Analyst,Digital Ventures,Full-Time,2024-11-06,Target Population
EMP-02152,OFC-GUR,Project Leader,Consulting,Full-Time,2022-08-11,Target Population
EMP-02153,OFC-GUR,Principal,HR,Full-Time,2024-11-21,Target Population
EMP-02154,OFC-LON,Consultant,HR,Full-Time,2026-05-25,Target Population
EMP-02155,OFC-GUR,Project Leader,Digital Ventures,Full-Time,2024-10-25,Target Population
EMP-02156,OFC-BOS,Project Leader,Digital Ventures,Full-Time,2022-04-13,Target Population
EMP-02157,OFC-SIN,Consultant,IT,Full-Time,2025-02-24,Target Population
EMP-02158,OFC-SIN,Analyst,Operations,Full-Time,2024-02-11,Target Population
EMP-02159,OFC-BOS,Analyst,HR,Full-Time,2023-05-19,Target Population
EMP-02160,OFC-GUR,Project Leader,Finance,Full-Time,2022-10-21,Target Population
EMP-02161,OFC-BOS,Principal,Operations,Full-Time,2025-08-19,Target Population
EMP-02162,OFC-NYC,Analyst,Finance,Full-Time,2022-07-18,Target Population
EMP-02163,OFC-GUR,Analyst,IT,Full-Time,2023-07-27,Target Population
EMP-02164,OFC-BOS,Managing Director,HR,Full-Time,2021-12-12,Target Population
EMP-02165,OFC-GUR,Analyst,IT,Full-Time,2022-03-13,Target Population
EMP-02166,OFC-GUR,Project Leader,Digital Ventures,Full-Time,2024-08-08,Target Population
EMP-02167,OFC-LON,Principal,IT,Full-Time,2023-11-02,Target Population
EMP-02168,OFC-BOS,Project Leader,Finance,Full-Time,2022-11-02,Target Population
EMP-02169,OFC-NYC,Project Leader,Digital Ventures,Full-Time,2026-07-27,Target Population
EMP-02170,OFC-LON,Analyst,HR,Full-Time,2023-07-06,Target Population
EMP-02171,OFC-SIN,Principal,Consulting,Full-Time,2022-05-08,Target Population
EMP-02172,OFC-LON,Analyst,HR,Full-Time,2026-06-24,Target Population
EMP-02173,OFC-NYC,Consultant,Finance,Full-Time,2023-07-12,Target Population
EMP-02174,OFC-LON,Analyst,Consulting,Full-Time,2026-10-02,Target Population
EMP-02175,OFC-LON,Consultant,Consulting,Full-Time,2023-08-08,Target Population
EMP-02176,OFC-GUR,Analyst,Digital Ventures,Full-Time,2023-09-30,Target Population
EMP-02177,OFC-BOS,Principal,Consulting,Full-Time,2024-07-23,Target Population
EMP-02178,OFC-GUR,Consultant,Operations,Full-Time,2023-01-08,Target Population
EMP-02179,OFC-LON,Consultant,Digital Ventures,Full-Time,2021-10-15,Target Population
EMP-02180,OFC-SIN,Consultant,HR,Full-Time,2024-02-15,Target Population
EMP-02181,OFC-NYC,Project Leader,HR,Full-Time,2022-12-30,Target Population
EMP-02182,OFC-LON,Analyst,HR,Full-Time,2022-11-14,Target Population
EMP-02183,OFC-SIN,Analyst,Finance,Full-Time,2026-05-12,Target Population
EMP-02184,OFC-BOS,Consultant,IT,Full-Time,2023-11-24,Target Population
EMP-02185,OFC-SIN,Consultant,Finance,Full-Time,2023-04-02,Target Population
EMP-02186,OFC-GUR,Partner,Operations,Full-Time,2022-09-13,Target Population
EMP-02187,OFC-BOS,Analyst,Finance,Full-Time,2021-12-26,Target Population
EMP-02188,OFC-NYC,Partner,HR,Full-Time,2022-11-20,Target Population
EMP-02189,OFC-GUR,Project Leader,Digital Ventures,Full-Time,2021-11-22,Target Population
EMP-02190,OFC-BOS,Analyst,IT,Full-Time,2024-10-24,Target Population
EMP-02191,OFC-LON,Principal,Digital Ventures,Full-Time,2023-10-16,Target Population
EMP-02192,OFC-NYC,Partner,Consulting,Full-Time,2024-07-08,Target Population
EMP-02193,OFC-LON,Consultant,Finance,Full-Time,2021-11-25,Target Population
EMP-02194,OFC-BOS,Analyst,HR,Full-Time,2023-04-01,Target Population
EMP-02195,OFC-SIN,Project Leader,Digital Ventures,Full-Time,2024-01-09,Target Population
EMP-02196,OFC-SIN,Consultant,Consulting,Full-Time,2022-03-18,Target Population
EMP-02197,OFC-SIN,Analyst,Digital Ventures,Full-Time,2022-11-04,Target Population
EMP-02198,OFC-GUR,Principal,HR,Full-Time,2025-05-06,Target Population
EMP-02199,OFC-BOS,Project Leader,HR,Full-Time,2026-03-29,Target Population
EMP-02200,OFC-GUR,Partner,IT,Full-Time,2022-09-25,Target Population
EMP-02201,OFC-BOS,Principal,Digital Ventures,Full-Time,2022-04-22,Target Population
EMP-02202,OFC-BOS,Principal,Consulting,Full-Time,2025-10-25,Target Population
EMP-02203,OFC-NYC,Analyst,Consulting,Full-Time,2025-07-30,Target Population
EMP-02204,OFC-LON,Analyst,Operations,Full-Time,2024-11-04,Target Population
EMP-02205,OFC-GUR,Partner,Digital Ventures,Full-Time,2026-02-17,Target Population
EMP-02206,OFC-GUR,Analyst,Digital Ventures,Full-Time,2022-09-10,Target Population
EMP-02207,OFC-NYC,Project Leader,HR,Full-Time,2025-08-11,Target Population
EMP-02208,OFC-NYC,Managing Director,Operations,Full-Time,2026-01-19,Target Population
EMP-02209,OFC-SIN,Consultant,IT,Full-Time,2023-08-26,Target Population
EMP-02210,OFC-NYC,Project Leader,Operations,Full-Time,2022-02-18,Target Population
EMP-02211,OFC-LON,Project Leader,Digital Ventures,Full-Time,2026-03-15,Target Population
EMP-02212,OFC-BOS,Consultant,IT,Full-Time,2024-05-01,Target Population
EMP-02213,OFC-GUR,Analyst,Finance,Full-Time,2025-08-30,Target Population
EMP-02214,OFC-GUR,Consultant,Operations,Full-Time,2022-01-11,Target Population
EMP-02215,OFC-BOS,Analyst,Operations,Full-Time,2022-04-13,Target Population
EMP-02216,OFC-BOS,Analyst,Operations,Full-Time,2025-11-03,Target Population
EMP-02217,OFC-GUR,Project Leader,Digital Ventures,Full-Time,2025-03-07,Target Population
EMP-02218,OFC-GUR,Analyst,HR,Full-Time,2025-05-23,Target Population
EMP-02219,OFC-NYC,Consultant,Operations,Full-Time,2022-09-07,Target Population
EMP-02220,OFC-SIN,Consultant,Operations,Full-Time,2025-12-08,Target Population
EMP-02221,OFC-BOS,Consultant,Operations,Full-Time,2025-07-16,Target Population
EMP-02222,OFC-NYC,Consultant,Operations,Full-Time,2022-05-23,Target Population
EMP-02223,OFC-SIN,Principal,HR,Full-Time,2022-06-15,Target Population
EMP-02224,OFC-NYC,Analyst,Digital Ventures,Full-Time,2024-07-03,Target Population
EMP-02225,OFC-LON,Consultant,IT,Full-Time,2023-01-10,Target Population
EMP-02226,OFC-NYC,Project Leader,Consulting,Full-Time,2022-04-29,Target Population
EMP-02227,OFC-NYC,Consultant,IT,Full-Time,2022-11-03,Target Population
EMP-02228,OFC-SIN,Principal,Consulting,Full-Time,2024-02-08,Target Population
EMP-02229,OFC-NYC,Analyst,Operations,Full-Time,2026-09-29,Target Population
EMP-02230,OFC-SIN,Consultant,Digital Ventures,Full-Time,2026-06-06,Target Population
EMP-02231,OFC-BOS,Analyst,Operations,Full-Time,2024-07-13,Target Population
EMP-02232,OFC-BOS,Consultant,Consulting,Full-Time,2025-01-02,Target Population
EMP-02233,OFC-BOS,Analyst,Consulting,Full-Time,2026-04-12,Target Population
EMP-02234,OFC-GUR,Consultant,Finance,Full-Time,2024-04-10,Target Population
EMP-02235,OFC-NYC,Consultant,IT,Full-Time,2025-08-16,Target Population
EMP-02236,OFC-SIN,Consultant,IT,Full-Time,2026-01-24,Target Population
EMP-02237,OFC-LON,Consultant,IT,Full-Time,2025-06-04,Target Population
EMP-02238,OFC-SIN,Analyst,Operations,Full-Time,2022-08-11,Target Population
EMP-02239,OFC-BOS,Consultant,Finance,Full-Time,2022-09-27,Target Population
EMP-02240,OFC-SIN,Project Leader,IT,Full-Time,2026-06-15,Target Population
EMP-02241,OFC-GUR,Consultant,Consulting,Full-Time,2023-08-06,Target Population
EMP-02242,OFC-GUR,Project Leader,IT,Full-Time,2025-06-04,Target Population
EMP-02243,OFC-GUR,Consultant,Consulting,Full-Time,2025-08-09,Target Population
EMP-02244,OFC-GUR,Analyst,Digital Ventures,Full-Time,2023-09-16,Target Population
EMP-02245,OFC-LON,Analyst,Operations,Full-Time,2025-04-14,Target Population
EMP-02246,OFC-BOS,Analyst,Operations,Full-Time,2024-08-25,Target Population
EMP-02247,OFC-BOS,Analyst,HR,Full-Time,2025-08-15,Target Population
EMP-02248,OFC-SIN,Consultant,IT,Full-Time,2025-02-26,Target Population
EMP-02249,OFC-LON,Project Leader,IT,Full-Time,2025-04-21,Target Population
EMP-02250,OFC-GUR,Analyst,HR,Full-Time,2022-07-29,Target Population
EMP-02251,OFC-LON,Analyst,Operations,Full-Time,2024-06-04,Target Population
EMP-02252,OFC-BOS,Consultant,Operations,Full-Time,2025-05-24,Target Population
EMP-02253,OFC-BOS,Analyst,Operations,Full-Time,2024-06-03,Target Population
EMP-02254,OFC-GUR,Principal,Finance,Full-Time,2023-12-07,Target Population
EMP-02255,OFC-NYC,Analyst,HR,Full-Time,2024-12-12,Target Population
EMP-02256,OFC-BOS,Analyst,Digital Ventures,Full-Time,2023-01-24,Target Population
EMP-02257,OFC-LON,Managing Director,Digital Ventures,Full-Time,2025-10-19,Target Population
EMP-02258,OFC-BOS,Analyst,Finance,Full-Time,2022-05-03,Target Population
EMP-02259,OFC-LON,Analyst,IT,Full-Time,2022-07-17,Target Population
EMP-02260,OFC-NYC,Analyst,HR,Full-Time,2022-06-29,Target Population
EMP-02261,OFC-GUR,Partner,Finance,Full-Time,2022-07-23,Target Population
EMP-02262,OFC-NYC,Project Leader,Finance,Full-Time,2025-06-09,Target Population
EMP-02263,OFC-LON,Analyst,IT,Full-Time,2022-08-03,Target Population
EMP-02264,OFC-BOS,Managing Director,HR,Full-Time,2024-12-07,Target Population
EMP-02265,OFC-BOS,Analyst,Operations,Full-Time,2022-11-15,Target Population
EMP-02266,OFC-NYC,Consultant,IT,Full-Time,2026-07-01,Target Population
EMP-02267,OFC-LON,Project Leader,IT,Full-Time,2022-04-11,Target Population
EMP-02268,OFC-LON,Analyst,HR,Full-Time,2026-10-03,Target Population
EMP-02269,OFC-NYC,Consultant,Operations,Full-Time,2026-07-17,Target Population
EMP-02270,OFC-GUR,Analyst,Digital Ventures,Full-Time,2026-07-18,Target Population
EMP-02271,OFC-SIN,Partner,IT,Full-Time,2024-07-27,Target Population
EMP-02272,OFC-GUR,Consultant,Operations,Full-Time,2022-10-21,Target Population
EMP-02273,OFC-BOS,Project Leader,IT,Full-Time,2025-04-05,Target Population
EMP-02274,OFC-LON,Consultant,Finance,Full-Time,2024-10-09,Target Population
EMP-02275,OFC-BOS,Analyst,Digital Ventures,Full-Time,2025-05-13,Target Population
EMP-02276,OFC-BOS,Analyst,Operations,Full-Time,2022-03-15,Target Population
EMP-02277,OFC-SIN,Principal,Operations,Full-Time,2024-03-18,Target Population
EMP-02278,OFC-BOS,Project Leader,Digital Ventures,Full-Time,2024-06-03,Target Population
EMP-02279,OFC-LON,Principal,Digital Ventures,Full-Time,2024-10-03,Target Population
EMP-02280,OFC-LON,Principal,HR,Full-Time,2022-08-24,Target Population
EMP-02281,OFC-GUR,Consultant,Finance,Full-Time,2026-09-06,Target Population
EMP-02282,OFC-LON,Project Leader,HR,Full-Time,2026-01-30,Target Population
EMP-02283,OFC-BOS,Analyst,Operations,Full-Time,2023-07-29,Target Population
EMP-02284,OFC-NYC,Consultant,Digital Ventures,Full-Time,2023-01-30,Target Population
EMP-02285,OFC-LON,Partner,Consulting,Full-Time,2025-11-13,Target Population
EMP-02286,OFC-BOS,Project Leader,IT,Full-Time,2023-09-03,Target Population
EMP-02287,OFC-NYC,Consultant,HR,Full-Time,2022-09-08,Target Population
EMP-02288,OFC-BOS,Partner,IT,Full-Time,2024-09-28,Target Population
EMP-02289,OFC-BOS,Consultant,Consulting,Full-Time,2026-07-01,Target Population
EMP-02290,OFC-NYC,Analyst,Digital Ventures,Full-Time,2024-11-21,Target Population
EMP-02291,OFC-BOS,Analyst,Digital Ventures,Full-Time,2022-09-28,Target Population
EMP-02292,OFC-LON,Principal,Digital Ventures,Full-Time,2024-02-19,Target Population
EMP-02293,OFC-GUR,Consultant,Consulting,Full-Time,2026-08-25,Target Population
EMP-02294,OFC-GUR,Partner,IT,Full-Time,2023-09-09,Target Population
EMP-02295,OFC-BOS,Analyst,HR,Full-Time,2025-06-01,Target Population
EMP-02296,OFC-BOS,Consultant,IT,Full-Time,2026-07-15,Target Population
EMP-02297,OFC-BOS,Project Leader,Consulting,Full-Time,2026-07-02,Target Population
EMP-02298,OFC-LON,Analyst,Digital Ventures,Full-Time,2021-12-27,Target Population
EMP-02299,OFC-GUR,Consultant,IT,Full-Time,2024-01-15,Target Population
EMP-02300,OFC-BOS,Consultant,Consulting,Full-Time,2022-01-04,Target Population
EMP-02301,OFC-SIN,Project Leader,HR,Full-Time,2023-04-20,Target Population
EMP-02302,OFC-BOS,Consultant,Digital Ventures,Full-Time,2024-02-03,Target Population
EMP-02303,OFC-LON,Consultant,Consulting,Full-Time,2024-05-23,Target Population
EMP-02304,OFC-GUR,Analyst,Finance,Full-Time,2024-08-27,Target Population
EMP-02305,OFC-SIN,Principal,IT,Full-Time,2024-10-01,Target Population
EMP-02306,OFC-GUR,Consultant,Digital Ventures,Full-Time,2021-10-25,Target Population
EMP-02307,OFC-GUR,Consultant,Operations,Full-Time,2023-04-23,Target Population
EMP-02308,OFC-NYC,Project Leader,HR,Full-Time,2022-12-26,Target Population
EMP-02309,OFC-GUR,Consultant,Finance,Full-Time,2026-08-01,Target Population
EMP-02310,OFC-BOS,Analyst,HR,Full-Time,2025-03-05,Target Population
EMP-02311,OFC-SIN,Consultant,Digital Ventures,Full-Time,2022-05-11,Target Population
EMP-02312,OFC-LON,Analyst,IT,Full-Time,2022-12-21,Target Population
EMP-02313,OFC-GUR,Consultant,Finance,Full-Time,2022-01-10,Target Population
EMP-02314,OFC-LON,Principal,HR,Full-Time,2022-07-19,Target Population
EMP-02315,OFC-LON,Analyst,HR,Full-Time,2026-04-12,Target Population
EMP-02316,OFC-LON,Project Leader,Consulting,Full-Time,2023-08-06,Target Population
EMP-02317,OFC-GUR,Analyst,HR,Full-Time,2024-12-18,Target Population
EMP-02318,OFC-BOS,Project Leader,Consulting,Full-Time,2025-05-03,Target Population
EMP-02319,OFC-BOS,Analyst,HR,Full-Time,2025-08-16,Target Population
EMP-02320,OFC-BOS,Partner,Operations,Full-Time,2024-08-31,Target Population
EMP-02321,OFC-BOS,Analyst,IT,Full-Time,2023-02-08,Target Population
EMP-02322,OFC-SIN,Consultant,Operations,Full-Time,2024-11-29,Target Population
EMP-02323,OFC-BOS,Managing Director,Consulting,Full-Time,2024-06-01,Target Population
EMP-02324,OFC-SIN,Consultant,IT,Full-Time,2024-07-10,Target Population
EMP-02325,OFC-NYC,Consultant,Digital Ventures,Full-Time,2026-08-05,Target Population
EMP-02326,OFC-BOS,Analyst,Consulting,Full-Time,2022-06-27,Target Population
EMP-02327,OFC-GUR,Analyst,Consulting,Full-Time,2022-03-19,Target Population
EMP-02328,OFC-GUR,Consultant,Consulting,Full-Time,2023-02-02,Target Population
EMP-02329,OFC-LON,Consultant,Operations,Full-Time,2023-02-08,Target Population
EMP-02330,OFC-LON,Consultant,Finance,Full-Time,2022-03-10,Target Population
EMP-02331,OFC-GUR,Analyst,Consulting,Full-Time,2022-06-17,Target Population
EMP-02332,OFC-BOS,Principal,Consulting,Full-Time,2024-01-30,Target Population
EMP-02333,OFC-SIN,Consultant,Consulting,Full-Time,2025-07-14,Target Population
EMP-02334,OFC-SIN,Analyst,HR,Full-Time,2025-05-16,Target Population
EMP-02335,OFC-GUR,Analyst,HR,Full-Time,2025-11-23,Target Population
EMP-02336,OFC-BOS,Analyst,Finance,Full-Time,2025-07-11,Target Population
EMP-02337,OFC-GUR,Project Leader,IT,Full-Time,2025-04-15,Target Population
EMP-02338,OFC-BOS,Consultant,Digital Ventures,Full-Time,2024-02-02,Target Population
EMP-02339,OFC-BOS,Managing Director,Digital Ventures,Full-Time,2023-08-07,Target Population
EMP-02340,OFC-NYC,Partner,IT,Full-Time,2026-02-14,Target Population
EMP-02341,OFC-LON,Project Leader,Consulting,Full-Time,2022-09-25,Target Population
EMP-02342,OFC-SIN,Analyst,IT,Full-Time,2024-09-13,Target Population
EMP-02343,OFC-GUR,Analyst,Consulting,Full-Time,2025-06-03,Target Population
EMP-02344,OFC-GUR,Analyst,Consulting,Full-Time,2022-09-16,Target Population
EMP-02345,OFC-NYC,Project Leader,Consulting,Full-Time,2024-03-05,Target Population
EMP-02346,OFC-NYC,Project Leader,HR,Full-Time,2025-11-26,Target Population
EMP-02347,OFC-NYC,Analyst,Consulting,Full-Time,2026-04-01,Target Population
EMP-02348,OFC-SIN,Consultant,IT,Full-Time,2024-05-22,Target Population
EMP-02349,OFC-BOS,Consultant,Finance,Full-Time,2022-02-25,Target Population
EMP-02350,OFC-SIN,Consultant,Finance,Full-Time,2023-08-23,Target Population
EMP-02351,OFC-LON,Managing Director,Consulting,Full-Time,2025-02-16,Target Population
EMP-02352,OFC-NYC,Consultant,Digital Ventures,Full-Time,2022-03-26,Target Population
EMP-02353,OFC-GUR,Consultant,Finance,Full-Time,2021-10-30,Target Population
EMP-02354,OFC-LON,Project Leader,Finance,Full-Time,2023-07-04,Target Population
EMP-02355,OFC-SIN,Analyst,Digital Ventures,Full-Time,2024-04-30,Target Population
EMP-02356,OFC-SIN,Consultant,Digital Ventures,Full-Time,2023-07-25,Target Population
EMP-02357,OFC-NYC,Consultant,IT,Full-Time,2022-12-07,Target Population
EMP-02358,OFC-NYC,Partner,Digital Ventures,Full-Time,2023-12-09,Target Population
EMP-02359,OFC-LON,Principal,Finance,Full-Time,2024-03-24,Target Population
EMP-02360,OFC-SIN,Analyst,IT,Full-Time,2024-07-22,Target Population
EMP-02361,OFC-BOS,Consultant,Consulting,Full-Time,2022-10-14,Target Population
EMP-02362,OFC-LON,Principal,Consulting,Full-Time,2021-10-31,Target Population
EMP-02363,OFC-LON,Project Leader,Operations,Full-Time,2025-12-30,Target Population
EMP-02364,OFC-GUR,Analyst,Operations,Full-Time,2025-06-05,Target Population
EMP-02365,OFC-BOS,Analyst,IT,Full-Time,2023-04-05,Target Population
EMP-02366,OFC-GUR,Managing Director,Finance,Full-Time,2022-11-12,Target Population
EMP-02367,OFC-SIN,Project Leader,Digital Ventures,Full-Time,2024-12-31,Target Population
EMP-02368,OFC-BOS,Project Leader,IT,Full-Time,2026-04-18,Target Population
EMP-02369,OFC-BOS,Analyst,Operations,Full-Time,2023-09-21,Target Population
EMP-02370,OFC-SIN,Principal,Digital Ventures,Full-Time,2026-01-08,Target Population
EMP-02371,OFC-BOS,Consultant,HR,Full-Time,2026-07-08,Target Population
EMP-02372,OFC-SIN,Principal,Digital Ventures,Full-Time,2024-10-11,Target Population
EMP-02373,OFC-LON,Analyst,Digital Ventures,Full-Time,2022-05-18,Target Population
EMP-02374,OFC-BOS,Project Leader,Operations,Full-Time,2025-02-21,Target Population
EMP-02375,OFC-SIN,Consultant,Operations,Full-Time,2022-02-15,Target Population
EMP-02376,OFC-NYC,Partner,HR,Full-Time,2025-06-23,Target Population
EMP-02377,OFC-LON,Partner,IT,Full-Time,2021-12-04,Target Population
EMP-02378,OFC-NYC,Analyst,Operations,Full-Time,2025-09-04,Target Population
EMP-02379,OFC-LON,Consultant,Finance,Full-Time,2022-06-05,Target Population
EMP-02380,OFC-BOS,Analyst,Finance,Full-Time,2024-06-05,Target Population
EMP-02381,OFC-NYC,Analyst,Finance,Full-Time,2026-08-30,Target Population
EMP-02382,OFC-SIN,Project Leader,Digital Ventures,Full-Time,2025-06-01,Target Population
EMP-02383,OFC-NYC,Consultant,Digital Ventures,Full-Time,2026-08-23,Target Population
EMP-02384,OFC-GUR,Principal,IT,Full-Time,2025-03-16,Target Population
EMP-02385,OFC-NYC,Analyst,HR,Full-Time,2025-04-26,Target Population
EMP-02386,OFC-GUR,Consultant,HR,Full-Time,2024-03-24,Target Population
EMP-02387,OFC-BOS,Consultant,HR,Full-Time,2022-09-29,Target Population
EMP-02388,OFC-SIN,Consultant,Digital Ventures,Full-Time,2025-03-18,Target Population
EMP-02389,OFC-LON,Consultant,HR,Full-Time,2021-12-10,Target Population
EMP-02390,OFC-BOS,Analyst,Finance,Full-Time,2024-07-12,Target Population
EMP-02391,OFC-BOS,Analyst,Operations,Full-Time,2023-03-24,Target Population
EMP-02392,OFC-BOS,Analyst,Digital Ventures,Full-Time,2025-09-05,Target Population
EMP-02393,OFC-LON,Project Leader,HR,Full-Time,2024-11-04,Target Population
EMP-02394,OFC-NYC,Consultant,Finance,Full-Time,2022-07-07,Target Population
EMP-02395,OFC-GUR,Analyst,IT,Full-Time,2025-06-24,Target Population
EMP-02396,OFC-NYC,Partner,Operations,Full-Time,2022-08-31,Target Population
EMP-02397,OFC-BOS,Analyst,Digital Ventures,Full-Time,2023-11-01,Target Population
EMP-02398,OFC-LON,Project Leader,HR,Full-Time,2025-06-21,Target Population
EMP-02399,OFC-GUR,Project Leader,HR,Full-Time,2025-03-04,Target Population
EMP-02400,OFC-BOS,Principal,Consulting,Full-Time,2026-03-22,Target Population
EMP-02401,OFC-BOS,Project Leader,Operations,Full-Time,2022-06-08,Target Population
EMP-02402,OFC-BOS,Analyst,Consulting,Full-Time,2025-02-17,Target Population
EMP-02403,OFC-GUR,Analyst,Finance,Full-Time,2024-05-27,Target Population
EMP-02404,OFC-GUR,Analyst,Finance,Full-Time,2024-08-26,Target Population
EMP-02405,OFC-LON,Analyst,Operations,Full-Time,2023-08-26,Target Population
EMP-02406,OFC-GUR,Principal,IT,Full-Time,2024-08-06,Target Population
EMP-02407,OFC-GUR,Consultant,Digital Ventures,Full-Time,2023-03-13,Target Population
EMP-02408,OFC-LON,Consultant,Finance,Full-Time,2022-06-01,Target Population
EMP-02409,OFC-SIN,Consultant,IT,Full-Time,2026-02-09,Target Population
EMP-02410,OFC-BOS,Project Leader,Consulting,Full-Time,2022-09-26,Target Population
EMP-02411,OFC-BOS,Consultant,Digital Ventures,Full-Time,2026-04-12,Target Population
EMP-02412,OFC-NYC,Project Leader,Consulting,Full-Time,2026-02-07,Target Population
EMP-02413,OFC-BOS,Analyst,Finance,Full-Time,2023-06-01,Target Population
EMP-02414,OFC-LON,Analyst,Finance,Full-Time,2024-09-26,Target Population
EMP-02415,OFC-SIN,Analyst,Consulting,Full-Time,2024-10-01,Target Population
EMP-02416,OFC-BOS,Consultant,HR,Full-Time,2023-01-08,Target Population
EMP-02417,OFC-BOS,Project Leader,Operations,Full-Time,2023-10-11,Target Population
EMP-02418,OFC-LON,Analyst,HR,Full-Time,2022-08-22,Target Population
EMP-02419,OFC-SIN,Partner,Finance,Full-Time,2023-01-04,Target Population
EMP-02420,OFC-NYC,Analyst,Consulting,Full-Time,2023-12-11,Target Population
EMP-02421,OFC-LON,Project Leader,IT,Full-Time,2023-06-11,Target Population
EMP-02422,OFC-BOS,Principal,IT,Full-Time,2023-03-30,Target Population
EMP-02423,OFC-BOS,Consultant,Digital Ventures,Full-Time,2023-01-24,Target Population
EMP-02424,OFC-SIN,Consultant,Finance,Full-Time,2022-05-29,Target Population
EMP-02425,OFC-SIN,Analyst,Digital Ventures,Full-Time,2023-04-10,Target Population
EMP-02426,OFC-BOS,Consultant,Consulting,Full-Time,2025-12-20,Target Population
EMP-02427,OFC-SIN,Analyst,Consulting,Full-Time,2025-09-17,Target Population
EMP-02428,OFC-LON,Consultant,Finance,Full-Time,2026-07-24,Target Population
EMP-02429,OFC-SIN,Project Leader,Consulting,Full-Time,2026-09-11,Target Population
EMP-02430,OFC-LON,Project Leader,Operations,Full-Time,2025-08-01,Target Population
EMP-02431,OFC-LON,Analyst,Digital Ventures,Full-Time,2026-07-26,Target Population
EMP-02432,OFC-LON,Principal,HR,Full-Time,2024-07-07,Target Population
EMP-02433,OFC-GUR,Consultant,Consulting,Full-Time,2024-06-15,Target Population
EMP-02434,OFC-BOS,Analyst,IT,Full-Time,2023-01-19,Target Population
EMP-02435,OFC-BOS,Analyst,HR,Full-Time,2025-07-04,Target Population
EMP-02436,OFC-NYC,Consultant,Consulting,Full-Time,2022-05-07,Target Population
EMP-02437,OFC-GUR,Analyst,Digital Ventures,Full-Time,2025-10-02,Target Population
EMP-02438,OFC-BOS,Managing Director,Finance,Full-Time,2025-07-11,Target Population
EMP-02439,OFC-GUR,Analyst,Digital Ventures,Full-Time,2024-05-04,Target Population
EMP-02440,OFC-SIN,Analyst,Operations,Full-Time,2024-02-07,Target Population
EMP-02441,OFC-BOS,Analyst,Finance,Full-Time,2022-03-30,Target Population
EMP-02442,OFC-GUR,Project Leader,Finance,Full-Time,2024-10-04,Target Population
EMP-02443,OFC-NYC,Analyst,Finance,Full-Time,2026-01-30,Target Population
EMP-02444,OFC-SIN,Analyst,Operations,Full-Time,2022-05-25,Target Population
EMP-02445,OFC-BOS,Analyst,Digital Ventures,Full-Time,2024-05-28,Target Population
EMP-02446,OFC-GUR,Consultant,Consulting,Full-Time,2025-09-10,Target Population
EMP-02447,OFC-GUR,Project Leader,HR,Full-Time,2025-08-11,Target Population
EMP-02448,OFC-SIN,Managing Director,HR,Full-Time,2022-01-31,Target Population
EMP-02449,OFC-GUR,Partner,HR,Full-Time,2022-04-01,Target Population
EMP-02450,OFC-LON,Analyst,IT,Full-Time,2024-11-25,Target Population
EMP-02451,OFC-LON,Principal,HR,Full-Time,2024-03-16,Target Population
EMP-02452,OFC-SIN,Consultant,Digital Ventures,Full-Time,2022-06-02,Target Population
EMP-02453,OFC-LON,Principal,Digital Ventures,Full-Time,2022-07-14,Target Population
EMP-02454,OFC-BOS,Analyst,HR,Full-Time,2026-01-29,Target Population
EMP-02455,OFC-SIN,Consultant,Finance,Full-Time,2025-01-13,Target Population
EMP-02456,OFC-GUR,Partner,Finance,Full-Time,2025-09-13,Target Population
EMP-02457,OFC-GUR,Analyst,Digital Ventures,Full-Time,2026-09-14,Target Population
EMP-02458,OFC-BOS,Analyst,HR,Full-Time,2026-06-25,Target Population
EMP-02459,OFC-GUR,Principal,Digital Ventures,Full-Time,2022-02-11,Target Population
EMP-02460,OFC-NYC,Consultant,HR,Full-Time,2025-08-04,Target Population
EMP-02461,OFC-GUR,Analyst,Consulting,Full-Time,2026-08-18,Target Population
EMP-02462,OFC-BOS,Analyst,Consulting,Full-Time,2023-05-14,Target Population
EMP-02463,OFC-GUR,Principal,HR,Full-Time,2024-07-01,Target Population
EMP-02464,OFC-SIN,Project Leader,Digital Ventures,Full-Time,2025-10-23,Target Population
EMP-02465,OFC-BOS,Consultant,Finance,Full-Time,2026-01-11,Target Population
EMP-02466,OFC-SIN,Project Leader,IT,Full-Time,2023-01-18,Target Population
EMP-02467,OFC-NYC,Consultant,Digital Ventures,Full-Time,2022-04-17,Target Population
EMP-02468,OFC-SIN,Analyst,Finance,Full-Time,2025-08-06,Target Population
EMP-02469,OFC-GUR,Consultant,Consulting,Full-Time,2022-08-24,Target Population
EMP-02470,OFC-LON,Consultant,Digital Ventures,Full-Time,2024-09-08,Target Population
EMP-02471,OFC-GUR,Principal,HR,Full-Time,2022-06-26,Target Population
EMP-02472,OFC-SIN,Analyst,HR,Full-Time,2026-01-21,Target Population
EMP-02473,OFC-NYC,Project Leader,IT,Full-Time,2023-03-27,Target Population
EMP-02474,OFC-NYC,Project Leader,IT,Full-Time,2022-02-05,Target Population
EMP-02475,OFC-GUR,Consultant,Consulting,Full-Time,2023-11-15,Target Population
EMP-02476,OFC-GUR,Analyst,Finance,Full-Time,2025-06-28,Target Population
EMP-02477,OFC-GUR,Project Leader,Consulting,Full-Time,2025-07-03,Target Population
EMP-02478,OFC-GUR,Analyst,HR,Full-Time,2026-03-23,Target Population
EMP-02479,OFC-NYC,Analyst,Digital Ventures,Full-Time,2026-03-19,Target Population
EMP-02480,OFC-GUR,Project Leader,IT,Full-Time,2023-02-12,Target Population
EMP-02481,OFC-BOS,Analyst,Consulting,Full-Time,2024-11-10,Target Population
EMP-02482,OFC-LON,Consultant,IT,Full-Time,2024-12-08,Target Population
EMP-02483,OFC-BOS,Analyst,Digital Ventures,Full-Time,2024-03-03,Target Population
EMP-02484,OFC-NYC,Consultant,Digital Ventures,Full-Time,2025-01-22,Target Population
EMP-02485,OFC-NYC,Analyst,Finance,Full-Time,2025-03-30,Target Population
EMP-02486,OFC-NYC,Consultant,Operations,Full-Time,2024-08-23,Target Population
EMP-02487,OFC-GUR,Analyst,Digital Ventures,Full-Time,2022-03-18,Target Population
EMP-02488,OFC-NYC,Analyst,Consulting,Full-Time,2024-08-11,Target Population
EMP-02489,OFC-NYC,Consultant,Digital Ventures,Full-Time,2022-04-29,Target Population
EMP-02490,OFC-BOS,Principal,Finance,Full-Time,2024-07-27,Target Population
EMP-02491,OFC-NYC,Project Leader,Digital Ventures,Full-Time,2022-07-27,Target Population
EMP-02492,OFC-BOS,Analyst,Finance,Full-Time,2026-07-06,Target Population
EMP-02493,OFC-BOS,Managing Director,Finance,Full-Time,2025-01-20,Target Population
EMP-02494,OFC-LON,Consultant,IT,Full-Time,2024-03-07,Target Population
EMP-02495,OFC-GUR,Project Leader,Finance,Full-Time,2023-11-28,Target Population
EMP-02496,OFC-LON,Project Leader,IT,Full-Time,2023-01-17,Target Population
EMP-02497,OFC-LON,Analyst,HR,Full-Time,2024-08-07,Target Population
EMP-02498,OFC-NYC,Project Leader,IT,Full-Time,2022-06-17,Target Population
EMP-02499,OFC-SIN,Partner,IT,Full-Time,2026-09-21,Target Population
EMP-02500,OFC-LON,Project Leader,HR,Full-Time,2022-12-20,Target Population
EMP-02501,OFC-LON,Analyst,IT,Full-Time,2024-09-27,Target Population
EMP-02502,OFC-BOS,Principal,Operations,Full-Time,2024-05-27,Target Population
EMP-02503,OFC-NYC,Managing Director,Consulting,Full-Time,2025-02-05,Target Population
EMP-02504,OFC-NYC,Analyst,Operations,Full-Time,2022-11-11,Target Population
EMP-02505,OFC-NYC,Consultant,HR,Full-Time,2022-06-27,Target Population
EMP-02506,OFC-LON,Analyst,HR,Full-Time,2024-05-25,Target Population
EMP-02507,OFC-LON,Consultant,Finance,Full-Time,2026-07-09,Target Population
EMP-02508,OFC-LON,Principal,HR,Full-Time,2024-12-20,Target Population
EMP-02509,OFC-GUR,Principal,Operations,Full-Time,2024-07-23,Target Population
EMP-02510,OFC-GUR,Principal,Finance,Full-Time,2022-11-08,Target Population
EMP-02511,OFC-GUR,Analyst,Digital Ventures,Full-Time,2026-03-30,Target Population
EMP-02512,OFC-SIN,Principal,IT,Full-Time,2022-07-24,Target Population
EMP-02513,OFC-BOS,Analyst,IT,Full-Time,2025-05-14,Target Population
EMP-02514,OFC-BOS,Analyst,Finance,Full-Time,2026-02-02,Target Population
EMP-02515,OFC-BOS,Partner,HR,Full-Time,2024-11-04,Target Population
EMP-02516,OFC-LON,Analyst,IT,Full-Time,2021-12-02,Target Population
EMP-02517,OFC-SIN,Analyst,HR,Full-Time,2024-11-06,Target Population
EMP-02518,OFC-BOS,Analyst,HR,Full-Time,2024-05-23,Target Population
EMP-02519,OFC-SIN,Analyst,Finance,Full-Time,2023-04-20,Target Population
EMP-02520,OFC-BOS,Principal,Operations,Full-Time,2023-08-03,Target Population
EMP-02521,OFC-SIN,Consultant,IT,Full-Time,2024-09-02,Target Population
EMP-02522,OFC-NYC,Consultant,IT,Full-Time,2025-11-25,Target Population
EMP-02523,OFC-BOS,Analyst,HR,Full-Time,2023-05-26,Target Population
EMP-02524,OFC-LON,Project Leader,HR,Full-Time,2023-09-10,Target Population
EMP-02525,OFC-NYC,Project Leader,Finance,Full-Time,2022-12-08,Target Population
EMP-02526,OFC-NYC,Project Leader,Finance,Full-Time,2023-01-31,Target Population
EMP-02527,OFC-NYC,Analyst,Operations,Full-Time,2022-06-03,Target Population
EMP-02528,OFC-GUR,Analyst,Finance,Full-Time,2024-04-12,Target Population
EMP-02529,OFC-LON,Consultant,IT,Full-Time,2022-08-17,Target Population
EMP-02530,OFC-NYC,Consultant,HR,Full-Time,2026-01-31,Target Population
EMP-02531,OFC-LON,Consultant,Operations,Full-Time,2026-05-11,Target Population
EMP-02532,OFC-GUR,Analyst,Operations,Full-Time,2026-03-30,Target Population
EMP-02533,OFC-NYC,Project Leader,HR,Full-Time,2022-02-01,Target Population
EMP-02534,OFC-NYC,Consultant,Consulting,Full-Time,2024-08-18,Target Population
EMP-02535,OFC-BOS,Partner,Finance,Full-Time,2022-11-18,Target Population
EMP-02536,OFC-BOS,Project Leader,IT,Full-Time,2024-12-20,Target Population
EMP-02537,OFC-GUR,Project Leader,HR,Full-Time,2023-01-29,Target Population
EMP-02538,OFC-BOS,Partner,IT,Full-Time,2023-02-23,Target Population
EMP-02539,OFC-LON,Analyst,Consulting,Full-Time,2023-04-21,Target Population
EMP-02540,OFC-GUR,Consultant,Operations,Full-Time,2023-03-05,Target Population
EMP-02541,OFC-BOS,Consultant,HR,Full-Time,2025-06-27,Target Population
EMP-02542,OFC-LON,Analyst,HR,Full-Time,2022-02-19,Target Population
EMP-02543,OFC-NYC,Analyst,Operations,Full-Time,2025-04-05,Target Population
EMP-02544,OFC-SIN,Analyst,Operations,Full-Time,2024-11-11,Target Population
EMP-02545,OFC-LON,Principal,Consulting,Full-Time,2023-10-14,Target Population
EMP-02546,OFC-GUR,Consultant,Finance,Full-Time,2025-07-18,Target Population
EMP-02547,OFC-LON,Partner,Operations,Full-Time,2024-03-10,Target Population
EMP-02548,OFC-BOS,Analyst,IT,Full-Time,2025-08-01,Target Population
EMP-02549,OFC-LON,Project Leader,HR,Full-Time,2023-10-04,Target Population
EMP-02550,OFC-SIN,Project Leader,Operations,Full-Time,2026-04-23,Target Population
EMP-02551,OFC-LON,Consultant,HR,Full-Time,2023-10-20,Target Population
EMP-02552,OFC-GUR,Analyst,Digital Ventures,Full-Time,2024-05-25,Target Population
EMP-02553,OFC-SIN,Analyst,Consulting,Full-Time,2025-10-03,Target Population
EMP-02554,OFC-BOS,Analyst,IT,Full-Time,2023-06-01,Target Population
EMP-02555,OFC-BOS,Consultant,Finance,Full-Time,2024-11-22,Target Population
EMP-02556,OFC-LON,Consultant,Operations,Full-Time,2026-08-14,Target Population
EMP-02557,OFC-NYC,Consultant,IT,Full-Time,2025-07-06,Target Population
EMP-02558,OFC-GUR,Consultant,Finance,Full-Time,2025-09-10,Target Population
EMP-02559,OFC-SIN,Principal,Operations,Full-Time,2024-02-29,Target Population
EMP-02560,OFC-NYC,Consultant,Consulting,Full-Time,2025-01-05,Target Population
EMP-02561,OFC-BOS,Partner,IT,Full-Time,2026-01-16,Target Population
EMP-02562,OFC-GUR,Principal,Operations,Full-Time,2026-04-02,Target Population
EMP-02563,OFC-NYC,Analyst,IT,Full-Time,2025-04-29,Target Population
EMP-02564,OFC-GUR,Analyst,Consulting,Full-Time,2023-02-22,Target Population
EMP-02565,OFC-NYC,Project Leader,Consulting,Full-Time,2023-06-19,Target Population
EMP-02566,OFC-GUR,Consultant,IT,Full-Time,2022-12-10,Target Population
EMP-02567,OFC-BOS,Principal,HR,Full-Time,2023-11-22,Target Population
EMP-02568,OFC-LON,Analyst,Consulting,Full-Time,2022-03-18,Target Population
EMP-02569,OFC-LON,Project Leader,IT,Full-Time,2025-11-08,Target Population
EMP-02570,OFC-LON,Principal,Finance,Full-Time,2024-12-03,Target Population
EMP-02571,OFC-BOS,Project Leader,Finance,Full-Time,2026-06-25,Target Population
EMP-02572,OFC-GUR,Analyst,IT,Full-Time,2022-08-21,Target Population
EMP-02573,OFC-SIN,Analyst,IT,Full-Time,2026-02-25,Target Population
EMP-02574,OFC-BOS,Partner,Consulting,Full-Time,2022-10-29,Target Population
EMP-02575,OFC-BOS,Analyst,Operations,Full-Time,2024-03-10,Target Population
EMP-02576,OFC-BOS,Consultant,Operations,Full-Time,2022-06-24,Target Population
EMP-02577,OFC-LON,Consultant,Finance,Full-Time,2023-02-17,Target Population
EMP-02578,OFC-LON,Consultant,Finance,Full-Time,2024-02-01,Target Population
EMP-02579,OFC-LON,Analyst,Digital Ventures,Full-Time,2025-08-02,Target Population
EMP-02580,OFC-BOS,Project Leader,HR,Full-Time,2026-02-17,Target Population
EMP-02581,OFC-NYC,Analyst,HR,Full-Time,2023-01-07,Target Population
EMP-02582,OFC-LON,Project Leader,Digital Ventures,Full-Time,2025-06-27,Target Population
EMP-02583,OFC-LON,Managing Director,Finance,Full-Time,2022-07-18,Target Population
EMP-02584,OFC-SIN,Project Leader,HR,Full-Time,2023-08-27,Target Population
EMP-02585,OFC-BOS,Analyst,HR,Full-Time,2025-08-08,Target Population
EMP-02586,OFC-GUR,Consultant,Digital Ventures,Full-Time,2024-09-27,Target Population
EMP-02587,OFC-NYC,Analyst,Digital Ventures,Full-Time,2021-12-28,Target Population
EMP-02588,OFC-NYC,Consultant,Consulting,Full-Time,2025-04-18,Target Population
EMP-02589,OFC-GUR,Analyst,HR,Full-Time,2022-03-21,Target Population
EMP-02590,OFC-GUR,Consultant,Digital Ventures,Full-Time,2025-02-19,Target Population
EMP-02591,OFC-SIN,Analyst,Operations,Full-Time,2026-01-13,Target Population
EMP-02592,OFC-BOS,Partner,Digital Ventures,Full-Time,2024-12-11,Target Population
EMP-02593,OFC-BOS,Analyst,Digital Ventures,Full-Time,2023-10-09,Target Population
EMP-02594,OFC-GUR,Analyst,IT,Full-Time,2025-01-18,Target Population
EMP-02595,OFC-LON,Principal,HR,Full-Time,2022-06-17,Target Population
EMP-02596,OFC-NYC,Project Leader,HR,Full-Time,2024-12-14,Target Population
EMP-02597,OFC-BOS,Partner,IT,Full-Time,2023-09-04,Target Population
EMP-02598,OFC-BOS,Principal,Consulting,Full-Time,2022-01-02,Target Population
EMP-02599,OFC-SIN,Analyst,Consulting,Full-Time,2024-06-23,Target Population
EMP-02600,OFC-BOS,Analyst,Digital Ventures,Full-Time,2022-08-10,Target Population
EMP-02601,OFC-NYC,Analyst,IT,Full-Time,2024-08-13,Target Population
EMP-02602,OFC-BOS,Consultant,Finance,Full-Time,2023-01-03,Target Population
EMP-02603,OFC-NYC,Analyst,Finance,Full-Time,2022-12-08,Target Population
EMP-02604,OFC-BOS,Project Leader,IT,Full-Time,2022-02-03,Target Population
EMP-02605,OFC-LON,Principal,HR,Full-Time,2024-03-16,Target Population
EMP-02606,OFC-BOS,Analyst,HR,Full-Time,2025-10-13,Target Population
EMP-02607,OFC-GUR,Analyst,HR,Full-Time,2022-12-12,Target Population
EMP-02608,OFC-BOS,Analyst,Consulting,Full-Time,2025-10-03,Target Population
EMP-02609,OFC-LON,Partner,Operations,Full-Time,2025-07-31,Target Population
EMP-02610,OFC-SIN,Analyst,IT,Full-Time,2021-10-23,Target Population
EMP-02611,OFC-GUR,Analyst,Finance,Full-Time,2022-06-10,Target Population
EMP-02612,OFC-LON,Consultant,Finance,Full-Time,2021-12-05,Target Population
EMP-02613,OFC-NYC,Managing Director,Finance,Full-Time,2023-12-11,Target Population
EMP-02614,OFC-NYC,Principal,Digital Ventures,Full-Time,2023-08-08,Target Population
EMP-02615,OFC-GUR,Analyst,IT,Full-Time,2023-01-14,Target Population
EMP-02616,OFC-SIN,Analyst,Digital Ventures,Full-Time,2026-06-08,Target Population
EMP-02617,OFC-GUR,Analyst,Operations,Full-Time,2026-04-03,Target Population
EMP-02618,OFC-LON,Consultant,Operations,Full-Time,2025-05-14,Target Population
EMP-02619,OFC-GUR,Project Leader,Consulting,Full-Time,2022-09-17,Target Population
EMP-02620,OFC-LON,Project Leader,Digital Ventures,Full-Time,2024-03-20,Target Population
EMP-02621,OFC-BOS,Project Leader,Operations,Full-Time,2023-10-15,Target Population
EMP-02622,OFC-LON,Analyst,Operations,Full-Time,2024-04-29,Target Population
EMP-02623,OFC-SIN,Consultant,IT,Full-Time,2022-10-20,Target Population
EMP-02624,OFC-BOS,Consultant,IT,Full-Time,2022-03-04,Target Population
EMP-02625,OFC-GUR,Consultant,HR,Full-Time,2023-10-17,Target Population
EMP-02626,OFC-BOS,Analyst,Consulting,Full-Time,2025-05-03,Target Population
EMP-02627,OFC-LON,Project Leader,HR,Full-Time,2025-08-27,Target Population
EMP-02628,OFC-BOS,Project Leader,Digital Ventures,Full-Time,2022-04-20,Target Population
EMP-02629,OFC-LON,Principal,HR,Full-Time,2022-09-16,Target Population
EMP-02630,OFC-GUR,Analyst,Finance,Full-Time,2026-01-06,Target Population
EMP-02631,OFC-NYC,Analyst,Consulting,Full-Time,2026-04-29,Target Population
EMP-02632,OFC-GUR,Project Leader,Operations,Full-Time,2021-11-27,Target Population
EMP-02633,OFC-GUR,Project Leader,Digital Ventures,Full-Time,2026-02-24,Target Population
EMP-02634,OFC-SIN,Principal,Finance,Full-Time,2026-08-28,Target Population
EMP-02635,OFC-BOS,Analyst,Operations,Full-Time,2023-10-28,Target Population
EMP-02636,OFC-NYC,Consultant,Digital Ventures,Full-Time,2022-12-27,Target Population
EMP-02637,OFC-BOS,Partner,Digital Ventures,Full-Time,2024-03-29,Target Population
EMP-02638,OFC-SIN,Consultant,Digital Ventures,Full-Time,2025-06-01,Target Population
EMP-02639,OFC-SIN,Project Leader,HR,Full-Time,2021-10-11,Target Population
EMP-02640,OFC-LON,Partner,Operations,Full-Time,2024-10-07,Target Population
EMP-02641,OFC-GUR,Analyst,IT,Full-Time,2023-10-24,Target Population
EMP-02642,OFC-LON,Consultant,Consulting,Full-Time,2026-08-14,Target Population
EMP-02643,OFC-LON,Analyst,Consulting,Full-Time,2025-04-23,Target Population
EMP-02644,OFC-BOS,Consultant,IT,Full-Time,2023-05-11,Target Population
EMP-02645,OFC-GUR,Analyst,IT,Full-Time,2022-06-29,Target Population
EMP-02646,OFC-BOS,Analyst,Finance,Full-Time,2026-03-21,Target Population
EMP-02647,OFC-GUR,Consultant,Consulting,Full-Time,2024-10-31,Target Population
EMP-02648,OFC-GUR,Analyst,Finance,Full-Time,2022-05-05,Target Population
EMP-02649,OFC-GUR,Principal,HR,Full-Time,2026-03-29,Target Population
EMP-02650,OFC-BOS,Project Leader,Consulting,Full-Time,2026-05-24,Target Population
EMP-02651,OFC-NYC,Project Leader,IT,Full-Time,2026-01-30,Target Population
EMP-02652,OFC-NYC,Principal,Digital Ventures,Full-Time,2026-01-31,Target Population
EMP-02653,OFC-NYC,Analyst,HR,Full-Time,2026-06-24,Target Population
EMP-02654,OFC-BOS,Project Leader,HR,Full-Time,2021-12-09,Target Population
EMP-02655,OFC-SIN,Consultant,HR,Full-Time,2025-02-01,Target Population
EMP-02656,OFC-LON,Consultant,Finance,Full-Time,2025-10-06,Target Population
EMP-02657,OFC-NYC,Consultant,Finance,Full-Time,2022-02-19,Target Population
EMP-02658,OFC-NYC,Analyst,Consulting,Full-Time,2025-01-20,Target Population
EMP-02659,OFC-NYC,Analyst,Operations,Full-Time,2024-12-09,Target Population
EMP-02660,OFC-LON,Project Leader,Operations,Full-Time,2023-12-04,Target Population
EMP-02661,OFC-LON,Consultant,IT,Full-Time,2021-11-26,Target Population
EMP-02662,OFC-SIN,Consultant,Operations,Full-Time,2024-10-20,Target Population
EMP-02663,OFC-LON,Analyst,Digital Ventures,Full-Time,2022-05-04,Target Population
EMP-02664,OFC-SIN,Analyst,HR,Full-Time,2024-09-12,Target Population
EMP-02665,OFC-SIN,Consultant,HR,Full-Time,2023-10-26,Target Population
EMP-02666,OFC-BOS,Analyst,IT,Full-Time,2022-08-25,Target Population
EMP-02667,OFC-SIN,Principal,Finance,Full-Time,2026-09-18,Target Population
EMP-02668,OFC-BOS,Analyst,HR,Full-Time,2024-08-05,Target Population
EMP-02669,OFC-GUR,Consultant,Consulting,Full-Time,2022-11-25,Target Population
EMP-02670,OFC-NYC,Analyst,IT,Full-Time,2022-02-21,Target Population
EMP-02671,OFC-SIN,Consultant,Digital Ventures,Full-Time,2024-10-05,Target Population
EMP-02672,OFC-SIN,Consultant,IT,Full-Time,2026-05-30,Target Population
EMP-02673,OFC-GUR,Managing Director,IT,Full-Time,2024-08-23,Target Population
EMP-02674,OFC-GUR,Project Leader,HR,Full-Time,2023-04-03,Target Population
EMP-02675,OFC-NYC,Consultant,HR,Full-Time,2025-09-19,Target Population
EMP-02676,OFC-BOS,Partner,Consulting,Full-Time,2025-11-01,Target Population
EMP-02677,OFC-NYC,Analyst,Operations,Full-Time,2023-04-26,Target Population
EMP-02678,OFC-BOS,Project Leader,Operations,Full-Time,2022-11-29,Target Population
EMP-02679,OFC-GUR,Analyst,Consulting,Full-Time,2022-04-21,Target Population
EMP-02680,OFC-NYC,Analyst,HR,Full-Time,2025-08-28,Target Population
EMP-02681,OFC-SIN,Project Leader,Digital Ventures,Full-Time,2022-01-29,Target Population
EMP-02682,OFC-LON,Principal,Operations,Full-Time,2024-04-05,Target Population
EMP-02683,OFC-GUR,Analyst,IT,Full-Time,2023-06-25,Target Population
EMP-02684,OFC-BOS,Analyst,Operations,Full-Time,2022-02-20,Target Population
EMP-02685,OFC-SIN,Consultant,HR,Full-Time,2023-06-18,Target Population
EMP-02686,OFC-SIN,Consultant,Finance,Full-Time,2022-02-14,Target Population
EMP-02687,OFC-LON,Analyst,HR,Full-Time,2024-06-13,Target Population
EMP-02688,OFC-LON,Managing Director,HR,Full-Time,2024-05-27,Target Population
EMP-02689,OFC-GUR,Managing Director,Finance,Full-Time,2026-02-24,Target Population
EMP-02690,OFC-BOS,Consultant,Operations,Full-Time,2025-02-25,Target Population
EMP-02691,OFC-LON,Consultant,Consulting,Full-Time,2026-05-21,Target Population
EMP-02692,OFC-NYC,Analyst,Finance,Full-Time,2025-10-16,Target Population
EMP-02693,OFC-BOS,Partner,Finance,Full-Time,2023-12-03,Target Population
EMP-02694,OFC-NYC,Analyst,IT,Full-Time,2022-01-28,Target Population
EMP-02695,OFC-BOS,Analyst,IT,Full-Time,2023-05-23,Target Population
EMP-02696,OFC-BOS,Consultant,Digital Ventures,Full-Time,2024-03-13,Target Population
EMP-02697,OFC-BOS,Consultant,HR,Full-Time,2024-10-20,Target Population
EMP-02698,OFC-SIN,Analyst,HR,Full-Time,2022-03-04,Target Population
EMP-02699,OFC-LON,Consultant,Finance,Full-Time,2024-08-03,Target Population
EMP-02700,OFC-SIN,Consultant,Finance,Full-Time,2024-02-02,Target Population
EMP-02701,OFC-NYC,Partner,Digital Ventures,Full-Time,2022-10-28,Target Population
EMP-02702,OFC-NYC,Partner,HR,Full-Time,2024-11-23,Target Population
EMP-02703,OFC-LON,Analyst,Digital Ventures,Full-Time,2025-06-25,Target Population
EMP-02704,OFC-NYC,Analyst,Operations,Full-Time,2025-03-02,Target Population
EMP-02705,OFC-BOS,Consultant,Operations,Full-Time,2025-07-04,Target Population
EMP-02706,OFC-LON,Consultant,Consulting,Full-Time,2025-01-20,Target Population
EMP-02707,OFC-BOS,Partner,HR,Full-Time,2024-08-25,Target Population
EMP-02708,OFC-LON,Consultant,Finance,Full-Time,2023-05-10,Target Population
EMP-02709,OFC-GUR,Consultant,Consulting,Full-Time,2025-12-26,Target Population
EMP-02710,OFC-BOS,Principal,Finance,Full-Time,2025-12-30,Target Population
EMP-02711,OFC-BOS,Analyst,Operations,Full-Time,2024-11-21,Target Population
EMP-02712,OFC-GUR,Analyst,IT,Full-Time,2026-03-08,Target Population
EMP-02713,OFC-LON,Principal,Operations,Full-Time,2024-01-13,Target Population
EMP-02714,OFC-BOS,Analyst,Consulting,Full-Time,2022-06-20,Target Population
EMP-02715,OFC-SIN,Analyst,IT,Full-Time,2025-05-17,Target Population
EMP-02716,OFC-BOS,Partner,HR,Full-Time,2022-06-09,Target Population
EMP-02717,OFC-GUR,Consultant,Operations,Full-Time,2025-06-05,Target Population
EMP-02718,OFC-SIN,Analyst,Finance,Full-Time,2023-04-20,Target Population
EMP-02719,OFC-BOS,Consultant,HR,Full-Time,2026-05-28,Target Population
EMP-02720,OFC-BOS,Analyst,Operations,Full-Time,2024-04-06,Target Population
EMP-02721,OFC-BOS,Principal,Operations,Full-Time,2024-06-30,Target Population
EMP-02722,OFC-NYC,Project Leader,Consulting,Full-Time,2022-08-21,Target Population
EMP-02723,OFC-BOS,Consultant,Consulting,Full-Time,2022-06-12,Target Population
EMP-02724,OFC-GUR,Analyst,Finance,Full-Time,2024-07-21,Target Population
EMP-02725,OFC-BOS,Consultant,HR,Full-Time,2024-04-12,Target Population
EMP-02726,OFC-LON,Consultant,Finance,Full-Time,2024-05-16,Target Population
EMP-02727,OFC-SIN,Consultant,Digital Ventures,Full-Time,2025-07-23,Target Population
EMP-02728,OFC-GUR,Analyst,Finance,Full-Time,2025-05-22,Target Population
EMP-02729,OFC-LON,Consultant,IT,Full-Time,2023-03-08,Target Population
EMP-02730,OFC-NYC,Consultant,Finance,Full-Time,2025-07-17,Target Population
EMP-02731,OFC-LON,Partner,Consulting,Full-Time,2024-10-03,Target Population
EMP-02732,OFC-LON,Analyst,Digital Ventures,Full-Time,2025-07-27,Target Population
EMP-02733,OFC-NYC,Analyst,Digital Ventures,Full-Time,2022-02-15,Target Population
EMP-02734,OFC-BOS,Partner,Operations,Full-Time,2024-10-06,Target Population
EMP-02735,OFC-SIN,Analyst,Consulting,Full-Time,2025-06-19,Target Population
EMP-02736,OFC-NYC,Consultant,Finance,Full-Time,2024-02-07,Target Population
EMP-02737,OFC-BOS,Managing Director,Finance,Full-Time,2022-04-03,Target Population
EMP-02738,OFC-NYC,Consultant,Finance,Full-Time,2022-05-28,Target Population
EMP-02739,OFC-NYC,Consultant,Finance,Full-Time,2025-03-22,Target Population
EMP-02740,OFC-GUR,Consultant,Finance,Full-Time,2024-11-08,Target Population
EMP-02741,OFC-GUR,Analyst,HR,Full-Time,2026-02-17,Target Population
EMP-02742,OFC-GUR,Analyst,IT,Full-Time,2023-02-16,Target Population
EMP-02743,OFC-BOS,Analyst,Consulting,Full-Time,2022-01-11,Target Population
EMP-02744,OFC-NYC,Principal,HR,Full-Time,2022-12-24,Target Population
EMP-02745,OFC-LON,Principal,Digital Ventures,Full-Time,2025-06-29,Target Population
EMP-02746,OFC-BOS,Principal,IT,Full-Time,2022-01-23,Target Population
EMP-02747,OFC-NYC,Analyst,Finance,Full-Time,2022-11-03,Target Population
EMP-02748,OFC-GUR,Analyst,Digital Ventures,Full-Time,2022-05-03,Target Population
EMP-02749,OFC-BOS,Project Leader,Digital Ventures,Full-Time,2023-10-10,Target Population
EMP-02750,OFC-LON,Consultant,Finance,Full-Time,2024-11-18,Target Population
EMP-02751,OFC-BOS,Consultant,Operations,Full-Time,2024-11-05,Target Population
EMP-02752,OFC-BOS,Analyst,HR,Full-Time,2025-01-08,Target Population
EMP-02753,OFC-BOS,Principal,IT,Full-Time,2026-08-04,Target Population
EMP-02754,OFC-SIN,Project Leader,HR,Full-Time,2022-01-15,Target Population
EMP-02755,OFC-GUR,Partner,Finance,Full-Time,2023-01-26,Target Population
EMP-02756,OFC-SIN,Consultant,Operations,Full-Time,2025-08-04,Target Population
EMP-02757,OFC-LON,Analyst,Operations,Full-Time,2024-12-02,Target Population
EMP-02758,OFC-BOS,Analyst,Consulting,Full-Time,2024-12-05,Target Population
EMP-02759,OFC-LON,Consultant,Finance,Full-Time,2025-07-17,Target Population
EMP-02760,OFC-LON,Analyst,Finance,Full-Time,2022-06-02,Target Population
EMP-02761,OFC-GUR,Project Leader,Operations,Full-Time,2026-08-25,Target Population
EMP-02762,OFC-BOS,Consultant,Finance,Full-Time,2022-12-08,Target Population
EMP-02763,OFC-LON,Analyst,HR,Full-Time,2026-04-08,Target Population
EMP-02764,OFC-BOS,Partner,Consulting,Full-Time,2024-11-20,Target Population
EMP-02765,OFC-NYC,Project Leader,Consulting,Full-Time,2025-02-24,Target Population
EMP-02766,OFC-GUR,Project Leader,Finance,Full-Time,2024-06-09,Target Population
EMP-02767,OFC-LON,Analyst,Consulting,Full-Time,2024-02-19,Target Population
EMP-02768,OFC-NYC,Principal,Digital Ventures,Full-Time,2023-11-21,Target Population
EMP-02769,OFC-NYC,Analyst,HR,Full-Time,2022-09-24,Target Population
EMP-02770,OFC-LON,Analyst,HR,Full-Time,2021-12-26,Target Population
EMP-02771,OFC-GUR,Consultant,IT,Full-Time,2023-05-08,Target Population
EMP-02772,OFC-SIN,Analyst,Finance,Full-Time,2026-01-04,Target Population
EMP-02773,OFC-SIN,Analyst,Operations,Full-Time,2026-03-03,Target Population
EMP-02774,OFC-GUR,Analyst,Consulting,Full-Time,2025-01-21,Target Population
EMP-02775,OFC-NYC,Principal,Finance,Full-Time,2026-07-18,Target Population
EMP-02776,OFC-GUR,Consultant,HR,Full-Time,2022-10-07,Target Population
EMP-02777,OFC-NYC,Analyst,HR,Full-Time,2023-12-29,Target Population
EMP-02778,OFC-NYC,Analyst,IT,Full-Time,2023-12-24,Target Population
EMP-02779,OFC-GUR,Analyst,IT,Full-Time,2025-07-24,Target Population
EMP-02780,OFC-BOS,Consultant,IT,Full-Time,2023-08-04,Target Population
EMP-02781,OFC-SIN,Consultant,Consulting,Full-Time,2024-03-12,Target Population
EMP-02782,OFC-LON,Consultant,IT,Full-Time,2025-12-11,Target Population
EMP-02783,OFC-LON,Principal,Finance,Full-Time,2023-06-20,Target Population
EMP-02784,OFC-GUR,Consultant,IT,Full-Time,2022-10-23,Target Population
EMP-02785,OFC-SIN,Analyst,HR,Full-Time,2022-12-02,Target Population
EMP-02786,OFC-LON,Analyst,Operations,Full-Time,2022-05-25,Target Population
EMP-02787,OFC-LON,Analyst,Digital Ventures,Full-Time,2025-08-11,Target Population
EMP-02788,OFC-BOS,Analyst,IT,Full-Time,2023-03-27,Target Population
EMP-02789,OFC-LON,Consultant,IT,Full-Time,2025-07-20,Target Population
EMP-02790,OFC-BOS,Analyst,IT,Full-Time,2022-07-06,Target Population
EMP-02791,OFC-GUR,Consultant,Digital Ventures,Full-Time,2024-06-25,Target Population
EMP-02792,OFC-LON,Analyst,Finance,Full-Time,2024-09-20,Target Population
EMP-02793,OFC-GUR,Analyst,Digital Ventures,Full-Time,2022-04-26,Target Population
EMP-02794,OFC-BOS,Consultant,IT,Full-Time,2026-06-11,Target Population
EMP-02795,OFC-BOS,Analyst,Operations,Full-Time,2026-05-18,Target Population
EMP-02796,OFC-GUR,Partner,Consulting,Full-Time,2024-03-27,Target Population
EMP-02797,OFC-BOS,Partner,Digital Ventures,Full-Time,2024-04-25,Target Population
EMP-02798,OFC-BOS,Principal,HR,Full-Time,2023-02-08,Target Population
EMP-02799,OFC-BOS,Consultant,Consulting,Full-Time,2023-03-31,Target Population
EMP-02800,OFC-SIN,Managing Director,Digital Ventures,Full-Time,2024-11-03,Target Population
EMP-02801,OFC-GUR,Project Leader,Finance,Full-Time,2026-02-03,Target Population
EMP-02802,OFC-NYC,Consultant,Digital Ventures,Full-Time,2023-09-03,Target Population
EMP-02803,OFC-NYC,Analyst,IT,Full-Time,2022-10-19,Target Population
EMP-02804,OFC-NYC,Managing Director,Operations,Full-Time,2023-06-23,Target Population
EMP-02805,OFC-GUR,Consultant,Consulting,Full-Time,2022-12-12,Target Population
EMP-02806,OFC-GUR,Consultant,HR,Full-Time,2023-10-12,Target Population
EMP-02807,OFC-BOS,Principal,IT,Full-Time,2025-12-19,Target Population
EMP-02808,OFC-BOS,Analyst,HR,Full-Time,2021-12-27,Target Population
EMP-02809,OFC-BOS,Analyst,IT,Full-Time,2024-11-01,Target Population
EMP-02810,OFC-GUR,Principal,IT,Full-Time,2026-06-24,Target Population
EMP-02811,OFC-GUR,Consultant,HR,Full-Time,2026-08-20,Target Population
EMP-02812,OFC-NYC,Consultant,Digital Ventures,Full-Time,2024-11-26,Target Population
EMP-02813,OFC-BOS,Project Leader,IT,Full-Time,2025-09-28,Target Population
EMP-02814,OFC-BOS,Consultant,Operations,Full-Time,2026-06-16,Target Population
EMP-02815,OFC-SIN,Analyst,Finance,Full-Time,2022-11-14,Target Population
EMP-02816,OFC-NYC,Analyst,Digital Ventures,Full-Time,2022-07-01,Target Population
EMP-02817,OFC-GUR,Analyst,Consulting,Full-Time,2022-04-29,Target Population
EMP-02818,OFC-LON,Project Leader,HR,Full-Time,2024-05-24,Target Population
EMP-02819,OFC-NYC,Consultant,IT,Full-Time,2025-02-25,Target Population
EMP-02820,OFC-BOS,Analyst,Consulting,Full-Time,2025-11-02,Target Population
EMP-02821,OFC-BOS,Analyst,Consulting,Full-Time,2026-03-28,Target Population
EMP-02822,OFC-LON,Project Leader,HR,Full-Time,2025-04-05,Target Population
EMP-02823,OFC-GUR,Consultant,Consulting,Full-Time,2025-04-01,Target Population
EMP-02824,OFC-LON,Consultant,Operations,Full-Time,2026-08-28,Target Population
EMP-02825,OFC-LON,Consultant,IT,Full-Time,2022-05-24,Target Population
EMP-02826,OFC-BOS,Principal,HR,Full-Time,2022-10-31,Target Population
EMP-02827,OFC-SIN,Partner,Consulting,Full-Time,2024-06-17,Target Population
EMP-02828,OFC-GUR,Analyst,Digital Ventures,Full-Time,2022-05-25,Target Population
EMP-02829,OFC-NYC,Analyst,IT,Full-Time,2025-08-05,Target Population
EMP-02830,OFC-SIN,Analyst,HR,Full-Time,2025-09-23,Target Population
EMP-02831,OFC-LON,Consultant,Operations,Full-Time,2026-03-02,Target Population
EMP-02832,OFC-LON,Analyst,IT,Full-Time,2024-09-11,Target Population
EMP-02833,OFC-GUR,Analyst,Finance,Full-Time,2022-11-09,Target Population
EMP-02834,OFC-GUR,Project Leader,Finance,Full-Time,2026-06-15,Target Population
EMP-02835,OFC-GUR,Analyst,Finance,Full-Time,2026-10-07,Target Population
EMP-02836,OFC-BOS,Consultant,IT,Full-Time,2023-04-25,Target Population
EMP-02837,OFC-NYC,Project Leader,HR,Full-Time,2022-11-11,Target Population
EMP-02838,OFC-SIN,Analyst,Consulting,Full-Time,2025-06-12,Target Population
EMP-02839,OFC-BOS,Consultant,Digital Ventures,Full-Time,2026-01-16,Target Population
EMP-02840,OFC-NYC,Project Leader,IT,Full-Time,2022-03-28,Target Population
EMP-02841,OFC-NYC,Consultant,Finance,Full-Time,2022-10-27,Target Population
EMP-02842,OFC-NYC,Consultant,HR,Full-Time,2026-03-04,Target Population
EMP-02843,OFC-LON,Consultant,Consulting,Full-Time,2023-01-25,Target Population
EMP-02844,OFC-SIN,Principal,Digital Ventures,Full-Time,2024-05-08,Target Population
EMP-02845,OFC-BOS,Consultant,Finance,Full-Time,2023-03-02,Target Population
EMP-02846,OFC-BOS,Analyst,Digital Ventures,Full-Time,2023-02-22,Target Population
EMP-02847,OFC-BOS,Analyst,Operations,Full-Time,2024-07-05,Target Population
EMP-02848,OFC-SIN,Principal,Finance,Full-Time,2023-09-07,Target Population
EMP-02849,OFC-LON,Consultant,Digital Ventures,Full-Time,2024-09-16,Target Population
EMP-02850,OFC-NYC,Analyst,Finance,Full-Time,2026-03-07,Target Population
EMP-02851,OFC-GUR,Principal,IT,Full-Time,2024-03-07,Target Population
EMP-02852,OFC-SIN,Analyst,Operations,Full-Time,2022-06-09,Target Population
EMP-02853,OFC-GUR,Consultant,Digital Ventures,Full-Time,2023-11-24,Target Population
EMP-02854,OFC-SIN,Partner,IT,Full-Time,2023-06-08,Target Population
EMP-02855,OFC-NYC,Consultant,Finance,Full-Time,2026-06-14,Target Population
EMP-02856,OFC-GUR,Analyst,Finance,Full-Time,2024-02-06,Target Population
EMP-02857,OFC-LON,Analyst,Finance,Full-Time,2022-10-30,Target Population
EMP-02858,OFC-GUR,Principal,HR,Full-Time,2024-05-04,Target Population
EMP-02859,OFC-GUR,Managing Director,Consulting,Full-Time,2026-04-21,Target Population
EMP-02860,OFC-GUR,Analyst,HR,Full-Time,2022-07-24,Target Population
EMP-02861,OFC-GUR,Consultant,Finance,Full-Time,2026-01-15,Target Population
EMP-02862,OFC-BOS,Consultant,Finance,Full-Time,2023-03-14,Target Population
EMP-02863,OFC-LON,Analyst,Consulting,Full-Time,2026-09-15,Target Population
EMP-02864,OFC-SIN,Project Leader,Digital Ventures,Full-Time,2023-01-29,Target Population
EMP-02865,OFC-SIN,Principal,IT,Full-Time,2023-03-22,Target Population
EMP-02866,OFC-BOS,Partner,HR,Full-Time,2024-08-20,Target Population
EMP-02867,OFC-BOS,Analyst,Consulting,Full-Time,2026-07-24,Target Population
EMP-02868,OFC-BOS,Analyst,Digital Ventures,Full-Time,2022-02-11,Target Population
EMP-02869,OFC-GUR,Analyst,Consulting,Full-Time,2022-01-03,Target Population
EMP-02870,OFC-GUR,Consultant,HR,Full-Time,2022-06-16,Target Population
EMP-02871,OFC-BOS,Consultant,IT,Full-Time,2022-02-25,Target Population
EMP-02872,OFC-LON,Consultant,Operations,Full-Time,2026-09-02,Target Population
EMP-02873,OFC-GUR,Partner,Digital Ventures,Full-Time,2024-01-07,Target Population
EMP-02874,OFC-GUR,Project Leader,Consulting,Full-Time,2023-07-23,Target Population
EMP-02875,OFC-LON,Consultant,IT,Full-Time,2026-08-19,Target Population
EMP-02876,OFC-LON,Analyst,Digital Ventures,Full-Time,2025-04-23,Target Population
EMP-02877,OFC-LON,Principal,Finance,Full-Time,2022-01-09,Target Population
EMP-02878,OFC-NYC,Analyst,IT,Full-Time,2026-01-01,Target Population
EMP-02879,OFC-LON,Consultant,IT,Full-Time,2026-05-29,Target Population
EMP-02880,OFC-GUR,Analyst,HR,Full-Time,2024-03-24,Target Population
EMP-02881,OFC-SIN,Project Leader,IT,Full-Time,2024-05-02,Target Population
EMP-02882,OFC-LON,Project Leader,HR,Full-Time,2025-11-15,Target Population
EMP-02883,OFC-GUR,Principal,Operations,Full-Time,2023-11-06,Target Population
EMP-02884,OFC-BOS,Analyst,HR,Full-Time,2025-03-21,Target Population
EMP-02885,OFC-LON,Analyst,IT,Full-Time,2024-04-18,Target Population
EMP-02886,OFC-BOS,Project Leader,Finance,Full-Time,2025-08-16,Target Population
EMP-02887,OFC-BOS,Project Leader,Digital Ventures,Full-Time,2022-05-21,Target Population
EMP-02888,OFC-GUR,Consultant,Consulting,Full-Time,2022-04-11,Target Population
EMP-02889,OFC-SIN,Partner,Operations,Full-Time,2023-02-10,Target Population
EMP-02890,OFC-BOS,Analyst,HR,Full-Time,2025-07-03,Target Population
EMP-02891,OFC-NYC,Consultant,IT,Full-Time,2025-04-20,Target Population
EMP-02892,OFC-GUR,Analyst,Digital Ventures,Full-Time,2025-11-19,Target Population
EMP-02893,OFC-BOS,Consultant,IT,Full-Time,2025-09-18,Target Population
EMP-02894,OFC-LON,Analyst,Finance,Full-Time,2023-07-02,Target Population
EMP-02895,OFC-GUR,Consultant,Consulting,Full-Time,2024-08-28,Target Population
EMP-02896,OFC-LON,Consultant,Operations,Full-Time,2022-12-27,Target Population
EMP-02897,OFC-BOS,Analyst,HR,Full-Time,2024-06-04,Target Population
EMP-02898,OFC-NYC,Principal,Digital Ventures,Full-Time,2024-06-25,Target Population
EMP-02899,OFC-GUR,Partner,Digital Ventures,Full-Time,2024-09-14,Target Population
EMP-02900,OFC-LON,Consultant,HR,Full-Time,2025-02-26,Target Population
EMP-02901,OFC-BOS,Consultant,Operations,Full-Time,2022-11-17,Target Population
EMP-02902,OFC-GUR,Principal,HR,Full-Time,2024-12-01,Target Population
EMP-02903,OFC-BOS,Principal,IT,Full-Time,2026-02-22,Target Population
EMP-02904,OFC-GUR,Analyst,IT,Full-Time,2026-07-17,Target Population
EMP-02905,OFC-BOS,Project Leader,Operations,Full-Time,2022-09-01,Target Population
EMP-02906,OFC-SIN,Consultant,HR,Full-Time,2024-06-24,Target Population
EMP-02907,OFC-NYC,Consultant,IT,Full-Time,2023-10-28,Target Population
EMP-02908,OFC-NYC,Consultant,Consulting,Full-Time,2025-09-25,Target Population
EMP-02909,OFC-BOS,Analyst,Digital Ventures,Full-Time,2022-10-22,Target Population
EMP-02910,OFC-NYC,Partner,HR,Full-Time,2024-01-16,Target Population
EMP-02911,OFC-SIN,Principal,IT,Full-Time,2025-08-03,Target Population
EMP-02912,OFC-SIN,Consultant,Finance,Full-Time,2023-11-16,Target Population
EMP-02913,OFC-NYC,Partner,IT,Full-Time,2022-12-18,Target Population
EMP-02914,OFC-NYC,Principal,Consulting,Full-Time,2022-08-03,Target Population
EMP-02915,OFC-GUR,Consultant,Finance,Full-Time,2022-03-13,Target Population
EMP-02916,OFC-SIN,Principal,Consulting,Full-Time,2024-03-26,Target Population
EMP-02917,OFC-LON,Principal,Finance,Full-Time,2025-01-12,Target Population
EMP-02918,OFC-NYC,Partner,Consulting,Full-Time,2025-04-28,Target Population
EMP-02919,OFC-NYC,Analyst,HR,Full-Time,2023-11-17,Target Population
EMP-02920,OFC-GUR,Consultant,HR,Full-Time,2023-02-15,Target Population
EMP-02921,OFC-BOS,Consultant,IT,Full-Time,2024-07-20,Target Population
EMP-02922,OFC-LON,Analyst,Digital Ventures,Full-Time,2026-09-05,Target Population
EMP-02923,OFC-NYC,Analyst,Operations,Full-Time,2024-06-04,Target Population
EMP-02924,OFC-GUR,Consultant,IT,Full-Time,2023-05-19,Target Population
EMP-02925,OFC-BOS,Project Leader,IT,Full-Time,2023-02-14,Target Population
EMP-02926,OFC-LON,Principal,Digital Ventures,Full-Time,2026-01-02,Target Population
EMP-02927,OFC-LON,Analyst,Consulting,Full-Time,2026-02-22,Target Population
EMP-02928,OFC-LON,Analyst,Finance,Full-Time,2025-09-26,Target Population
EMP-02929,OFC-BOS,Analyst,Digital Ventures,Full-Time,2026-01-03,Target Population
EMP-02930,OFC-LON,Consultant,Finance,Full-Time,2024-05-22,Target Population
EMP-02931,OFC-LON,Analyst,IT,Full-Time,2025-12-30,Target Population
EMP-02932,OFC-LON,Principal,Consulting,Full-Time,2021-12-18,Target Population
EMP-02933,OFC-LON,Project Leader,HR,Full-Time,2022-07-13,Target Population
EMP-02934,OFC-GUR,Managing Director,Digital Ventures,Full-Time,2025-02-09,Target Population
EMP-02935,OFC-GUR,Principal,Consulting,Full-Time,2026-01-24,Target Population
EMP-02936,OFC-NYC,Consultant,Operations,Full-Time,2025-08-27,Target Population
EMP-02937,OFC-GUR,Analyst,Operations,Full-Time,2023-10-24,Target Population
EMP-02938,OFC-LON,Analyst,Digital Ventures,Full-Time,2023-08-06,Target Population
EMP-02939,OFC-BOS,Analyst,IT,Full-Time,2026-09-23,Target Population
EMP-02940,OFC-BOS,Consultant,Digital Ventures,Full-Time,2024-10-07,Target Population
EMP-02941,OFC-NYC,Principal,Consulting,Full-Time,2022-03-07,Target Population
EMP-02942,OFC-GUR,Analyst,Digital Ventures,Full-Time,2022-03-13,Target Population
EMP-02943,OFC-GUR,Partner,Consulting,Full-Time,2024-02-28,Target Population
EMP-02944,OFC-GUR,Analyst,Finance,Full-Time,2025-12-22,Target Population
EMP-02945,OFC-LON,Managing Director,Consulting,Full-Time,2025-10-08,Target Population
EMP-02946,OFC-NYC,Analyst,Operations,Full-Time,2024-03-12,Target Population
EMP-02947,OFC-BOS,Analyst,IT,Full-Time,2026-05-01,Target Population
EMP-02948,OFC-NYC,Project Leader,HR,Full-Time,2021-11-01,Target Population
EMP-02949,OFC-NYC,Project Leader,IT,Full-Time,2022-09-05,Target Population
EMP-02950,OFC-BOS,Consultant,Consulting,Full-Time,2025-06-06,Target Population
EMP-02951,OFC-BOS,Analyst,Finance,Full-Time,2022-11-27,Target Population
EMP-02952,OFC-LON,Analyst,Operations,Full-Time,2024-01-06,Target Population
EMP-02953,OFC-GUR,Analyst,IT,Full-Time,2024-11-16,Target Population
EMP-02954,OFC-SIN,Principal,Finance,Full-Time,2025-03-12,Target Population
EMP-02955,OFC-SIN,Analyst,Digital Ventures,Full-Time,2024-11-16,Target Population
EMP-02956,OFC-LON,Analyst,Finance,Full-Time,2022-02-24,Target Population
EMP-02957,OFC-NYC,Analyst,IT,Full-Time,2025-03-04,Target Population
EMP-02958,OFC-LON,Analyst,Digital Ventures,Full-Time,2022-03-14,Target Population
EMP-02959,OFC-GUR,Project Leader,IT,Full-Time,2026-08-13,Target Population
EMP-02960,OFC-BOS,Partner,Operations,Full-Time,2026-07-18,Target Population
EMP-02961,OFC-NYC,Analyst,Digital Ventures,Full-Time,2023-06-03,Target Population
EMP-02962,OFC-GUR,Partner,IT,Full-Time,2024-11-06,Target Population
EMP-02963,OFC-NYC,Consultant,Digital Ventures,Full-Time,2026-06-21,Target Population
EMP-02964,OFC-LON,Analyst,Consulting,Full-Time,2024-03-21,Target Population
EMP-02965,OFC-LON,Analyst,Digital Ventures,Full-Time,2022-05-23,Target Population
EMP-02966,OFC-BOS,Principal,Operations,Full-Time,2025-01-19,Target Population
EMP-02967,OFC-NYC,Consultant,Finance,Full-Time,2026-01-20,Target Population
EMP-02968,OFC-NYC,Analyst,IT,Full-Time,2025-08-06,Target Population
EMP-02969,OFC-BOS,Principal,Operations,Full-Time,2026-06-11,Target Population
EMP-02970,OFC-BOS,Consultant,Consulting,Full-Time,2024-02-23,Target Population
EMP-02971,OFC-GUR,Consultant,HR,Full-Time,2022-10-11,Target Population
EMP-02972,OFC-NYC,Project Leader,HR,Full-Time,2022-11-10,Target Population
EMP-02973,OFC-LON,Partner,HR,Full-Time,2022-08-03,Target Population
EMP-02974,OFC-NYC,Consultant,Operations,Full-Time,2025-02-11,Target Population
EMP-02975,OFC-SIN,Project Leader,Digital Ventures,Full-Time,2024-12-09,Target Population
EMP-02976,OFC-NYC,Consultant,Operations,Full-Time,2024-08-25,Target Population
EMP-02977,OFC-NYC,Consultant,Digital Ventures,Full-Time,2026-07-06,Target Population
EMP-02978,OFC-SIN,Analyst,Consulting,Full-Time,2024-11-15,Target Population
EMP-02979,OFC-GUR,Analyst,Consulting,Full-Time,2022-12-29,Target Population
EMP-02980,OFC-BOS,Consultant,Digital Ventures,Full-Time,2023-06-17,Target Population
EMP-02981,OFC-GUR,Analyst,Consulting,Full-Time,2026-02-04,Target Population
EMP-02982,OFC-LON,Consultant,IT,Full-Time,2025-03-07,Target Population
EMP-02983,OFC-LON,Consultant,HR,Full-Time,2026-01-07,Target Population
EMP-02984,OFC-BOS,Analyst,IT,Full-Time,2022-02-09,Target Population
EMP-02985,OFC-BOS,Consultant,Finance,Full-Time,2022-02-24,Target Population
EMP-02986,OFC-GUR,Analyst,HR,Full-Time,2022-02-04,Target Population
EMP-02987,OFC-LON,Partner,Finance,Full-Time,2022-12-06,Target Population
EMP-02988,OFC-NYC,Analyst,Finance,Full-Time,2024-08-06,Target Population
EMP-02989,OFC-GUR,Consultant,HR,Full-Time,2025-10-17,Target Population
EMP-02990,OFC-GUR,Consultant,IT,Full-Time,2026-03-08,Target Population
EMP-02991,OFC-BOS,Analyst,Operations,Full-Time,2025-08-26,Target Population
EMP-02992,OFC-LON,Analyst,Consulting,Full-Time,2023-01-12,Target Population
EMP-02993,OFC-BOS,Principal,Consulting,Full-Time,2026-02-24,Target Population
EMP-02994,OFC-GUR,Analyst,Operations,Full-Time,2022-12-15,Target Population
EMP-02995,OFC-GUR,Consultant,HR,Full-Time,2024-07-21,Target Population
EMP-02996,OFC-SIN,Analyst,Digital Ventures,Full-Time,2024-06-22,Target Population
EMP-02997,OFC-BOS,Analyst,Operations,Full-Time,2023-02-23,Target Population
EMP-02998,OFC-BOS,Analyst,Operations,Full-Time,2025-02-08,Target Population
EMP-02999,OFC-NYC,Analyst,IT,Full-Time,2024-04-23,Target Population
EMP-03000,OFC-NYC,Consultant,HR,Full-Time,2024-08-17,Target Population
EMP-03001,OFC-BOS,Analyst,Digital Ventures,Full-Time,2026-01-30,Target Population
EMP-03002,OFC-SIN,Principal,HR,Full-Time,2026-02-06,Target Population
EMP-03003,OFC-BOS,Principal,HR,Full-Time,2026-04-17,Target Population
EMP-03004,OFC-NYC,Principal,HR,Full-Time,2025-12-06,Target Population
EMP-03005,OFC-GUR,Partner,IT,Full-Time,2026-07-21,Target Population
EMP-03006,OFC-NYC,Consultant,Operations,Full-Time,2024-04-25,Target Population
EMP-03007,OFC-GUR,Consultant,Consulting,Full-Time,2025-10-21,Target Population
EMP-03008,OFC-BOS,Principal,Finance,Full-Time,2021-11-27,Target Population
EMP-03009,OFC-LON,Consultant,Operations,Full-Time,2024-11-24,Target Population
EMP-03010,OFC-BOS,Consultant,Digital Ventures,Full-Time,2024-08-01,Target Population
EMP-03011,OFC-BOS,Analyst,Finance,Full-Time,2022-09-12,Target Population
EMP-03012,OFC-SIN,Consultant,IT,Full-Time,2025-04-23,Target Population
EMP-03013,OFC-BOS,Consultant,Operations,Full-Time,2026-09-24,Target Population
EMP-03014,OFC-LON,Principal,Finance,Full-Time,2024-05-19,Target Population
EMP-03015,OFC-NYC,Analyst,Consulting,Full-Time,2021-12-28,Target Population
EMP-03016,OFC-NYC,Project Leader,HR,Full-Time,2025-10-20,Target Population
EMP-03017,OFC-SIN,Managing Director,Operations,Full-Time,2024-01-09,Target Population
EMP-03018,OFC-BOS,Analyst,Operations,Full-Time,2026-09-08,Target Population
EMP-03019,OFC-GUR,Consultant,HR,Full-Time,2026-09-05,Target Population
EMP-03020,OFC-SIN,Consultant,Digital Ventures,Full-Time,2023-09-13,Target Population
EMP-03021,OFC-LON,Analyst,HR,Full-Time,2022-03-15,Target Population
EMP-03022,OFC-SIN,Project Leader,IT,Full-Time,2026-09-23,Target Population
EMP-03023,OFC-BOS,Analyst,HR,Full-Time,2025-11-07,Target Population
EMP-03024,OFC-NYC,Consultant,Digital Ventures,Full-Time,2023-03-20,Target Population
EMP-03025,OFC-NYC,Analyst,Consulting,Full-Time,2026-03-23,Target Population
EMP-03026,OFC-GUR,Consultant,Digital Ventures,Full-Time,2024-12-31,Target Population
EMP-03027,OFC-SIN,Consultant,Consulting,Full-Time,2023-01-09,Target Population
EMP-03028,OFC-NYC,Analyst,IT,Full-Time,2023-10-29,Target Population
EMP-03029,OFC-GUR,Consultant,HR,Full-Time,2022-01-13,Target Population
EMP-03030,OFC-BOS,Analyst,Digital Ventures,Full-Time,2026-08-20,Target Population
EMP-03031,OFC-LON,Analyst,Digital Ventures,Full-Time,2022-09-13,Target Population
EMP-03032,OFC-LON,Analyst,Operations,Full-Time,2023-05-22,Target Population
EMP-03033,OFC-SIN,Consultant,Operations,Full-Time,2021-12-04,Target Population
EMP-03034,OFC-LON,Principal,Finance,Full-Time,2025-07-08,Target Population
EMP-03035,OFC-NYC,Analyst,Operations,Full-Time,2024-06-07,Target Population
EMP-03036,OFC-BOS,Project Leader,Digital Ventures,Full-Time,2025-04-30,Target Population
EMP-03037,OFC-BOS,Analyst,IT,Full-Time,2023-01-20,Target Population
EMP-03038,OFC-BOS,Consultant,Finance,Full-Time,2025-04-12,Target Population
EMP-03039,OFC-NYC,Analyst,Operations,Full-Time,2023-07-02,Target Population
EMP-03040,OFC-SIN,Consultant,Consulting,Full-Time,2025-04-03,Target Population
EMP-03041,OFC-LON,Consultant,Consulting,Full-Time,2026-01-13,Target Population
EMP-03042,OFC-LON,Analyst,Finance,Full-Time,2025-10-11,Target Population
EMP-03043,OFC-BOS,Consultant,Consulting,Full-Time,2022-04-18,Target Population
EMP-03044,OFC-SIN,Analyst,Consulting,Full-Time,2022-12-10,Target Population
EMP-03045,OFC-GUR,Project Leader,Consulting,Full-Time,2026-03-06,Target Population
EMP-03046,OFC-BOS,Principal,Finance,Full-Time,2023-07-13,Target Population
EMP-03047,OFC-GUR,Consultant,Finance,Full-Time,2026-07-15,Target Population
EMP-03048,OFC-LON,Analyst,IT,Full-Time,2024-07-12,Target Population
EMP-03049,OFC-BOS,Project Leader,Consulting,Full-Time,2025-11-01,Target Population
EMP-03050,OFC-LON,Analyst,IT,Full-Time,2026-03-27,Target Population
EMP-03051,OFC-LON,Analyst,Consulting,Full-Time,2024-12-20,Target Population
EMP-03052,OFC-BOS,Analyst,Operations,Full-Time,2024-06-07,Target Population
EMP-03053,OFC-SIN,Project Leader,Consulting,Full-Time,2023-03-29,Target Population
EMP-03054,OFC-GUR,Project Leader,HR,Full-Time,2025-09-04,Target Population
EMP-03055,OFC-GUR,Analyst,Digital Ventures,Full-Time,2026-04-20,Target Population
EMP-03056,OFC-LON,Analyst,Operations,Full-Time,2024-09-04,Target Population
EMP-03057,OFC-NYC,Principal,HR,Full-Time,2026-05-31,Target Population
EMP-03058,OFC-GUR,Project Leader,Finance,Full-Time,2024-10-11,Target Population
EMP-03059,OFC-LON,Project Leader,IT,Full-Time,2024-01-06,Target Population
EMP-03060,OFC-BOS,Analyst,IT,Full-Time,2025-11-19,Target Population
EMP-03061,OFC-LON,Analyst,HR,Full-Time,2023-05-27,Target Population
EMP-03062,OFC-GUR,Analyst,HR,Full-Time,2023-11-11,Target Population
EMP-03063,OFC-LON,Consultant,Consulting,Full-Time,2024-02-20,Target Population
EMP-03064,OFC-BOS,Consultant,Digital Ventures,Full-Time,2026-07-06,Target Population
EMP-03065,OFC-GUR,Analyst,IT,Full-Time,2024-04-21,Target Population
EMP-03066,OFC-BOS,Consultant,Operations,Full-Time,2023-09-05,Target Population
EMP-03067,OFC-NYC,Project Leader,HR,Full-Time,2024-04-18,Target Population
EMP-03068,OFC-BOS,Partner,IT,Full-Time,2024-03-22,Target Population
EMP-03069,OFC-NYC,Analyst,HR,Full-Time,2023-07-12,Target Population
EMP-03070,OFC-GUR,Principal,Digital Ventures,Full-Time,2025-12-04,Target Population
EMP-03071,OFC-LON,Project Leader,Finance,Full-Time,2024-06-18,Target Population
EMP-03072,OFC-BOS,Project Leader,Finance,Full-Time,2025-11-05,Target Population
EMP-03073,OFC-SIN,Analyst,Operations,Full-Time,2024-09-24,Target Population
EMP-03074,OFC-SIN,Analyst,Digital Ventures,Full-Time,2026-07-14,Target Population
EMP-03075,OFC-SIN,Principal,Operations,Full-Time,2024-02-03,Target Population
EMP-03076,OFC-BOS,Analyst,Finance,Full-Time,2024-03-19,Target Population
EMP-03077,OFC-LON,Analyst,Operations,Full-Time,2022-10-20,Target Population
EMP-03078,OFC-SIN,Analyst,IT,Full-Time,2026-08-23,Target Population
EMP-03079,OFC-GUR,Consultant,IT,Full-Time,2026-05-21,Target Population
EMP-03080,OFC-BOS,Analyst,Consulting,Full-Time,2024-12-29,Target Population
EMP-03081,OFC-BOS,Analyst,Finance,Full-Time,2025-02-13,Target Population
EMP-03082,OFC-LON,Principal,Consulting,Full-Time,2024-09-13,Target Population
EMP-03083,OFC-SIN,Analyst,IT,Full-Time,2023-01-05,Target Population
EMP-03084,OFC-LON,Consultant,Finance,Full-Time,2024-03-27,Target Population
EMP-03085,OFC-LON,Consultant,Digital Ventures,Full-Time,2022-02-14,Target Population
EMP-03086,OFC-BOS,Consultant,HR,Full-Time,2024-03-18,Target Population
EMP-03087,OFC-GUR,Analyst,Finance,Full-Time,2022-06-09,Target Population
EMP-03088,OFC-GUR,Project Leader,IT,Full-Time,2024-09-17,Target Population
EMP-03089,OFC-NYC,Analyst,IT,Full-Time,2025-07-12,Target Population
EMP-03090,OFC-GUR,Project Leader,Operations,Full-Time,2023-12-12,Target Population
EMP-03091,OFC-SIN,Consultant,IT,Full-Time,2025-11-03,Target Population
EMP-03092,OFC-BOS,Consultant,Consulting,Full-Time,2023-08-02,Target Population
EMP-03093,OFC-LON,Managing Director,IT,Full-Time,2023-06-26,Target Population
EMP-03094,OFC-NYC,Analyst,Operations,Full-Time,2026-05-07,Target Population
EMP-03095,OFC-GUR,Partner,IT,Full-Time,2024-01-27,Target Population
EMP-03096,OFC-LON,Analyst,Consulting,Full-Time,2026-07-19,Target Population
EMP-03097,OFC-LON,Consultant,Consulting,Full-Time,2024-01-28,Target Population
EMP-03098,OFC-GUR,Analyst,Consulting,Full-Time,2022-12-07,Target Population
EMP-03099,OFC-NYC,Partner,Digital Ventures,Full-Time,2022-09-11,Target Population
EMP-03100,OFC-SIN,Principal,Operations,Full-Time,2026-10-04,Target Population
EMP-03101,OFC-LON,Analyst,Consulting,Full-Time,2023-10-20,Target Population
EMP-03102,OFC-BOS,Analyst,Finance,Full-Time,2023-10-30,Target Population
EMP-03103,OFC-GUR,Consultant,IT,Full-Time,2022-03-13,Target Population
EMP-03104,OFC-GUR,Partner,Digital Ventures,Full-Time,2026-04-13,Target Population
EMP-03105,OFC-NYC,Partner,Finance,Full-Time,2023-09-08,Target Population
EMP-03106,OFC-SIN,Analyst,Finance,Full-Time,2023-09-30,Target Population
EMP-03107,OFC-SIN,Analyst,Finance,Full-Time,2022-03-19,Target Population
EMP-03108,OFC-NYC,Partner,HR,Full-Time,2022-08-14,Target Population
EMP-03109,OFC-SIN,Analyst,IT,Full-Time,2025-04-13,Target Population
EMP-03110,OFC-BOS,Consultant,Operations,Full-Time,2024-07-29,Target Population
EMP-03111,OFC-BOS,Consultant,Operations,Full-Time,2025-10-13,Target Population
EMP-03112,OFC-BOS,Partner,Finance,Full-Time,2022-08-15,Target Population
EMP-03113,OFC-SIN,Analyst,Operations,Full-Time,2022-12-08,Target Population
EMP-03114,OFC-GUR,Managing Director,Digital Ventures,Full-Time,2021-10-23,Target Population
EMP-03115,OFC-BOS,Project Leader,Finance,Full-Time,2026-06-12,Target Population
EMP-03116,OFC-NYC,Analyst,Finance,Full-Time,2023-02-09,Target Population
EMP-03117,OFC-LON,Analyst,Finance,Full-Time,2025-03-24,Target Population
EMP-03118,OFC-BOS,Analyst,IT,Full-Time,2025-10-23,Target Population
EMP-03119,OFC-SIN,Partner,Finance,Full-Time,2025-10-29,Target Population
EMP-03120,OFC-GUR,Analyst,Digital Ventures,Full-Time,2023-06-18,Target Population
EMP-03121,OFC-LON,Managing Director,IT,Full-Time,2024-03-17,Target Population
EMP-03122,OFC-SIN,Analyst,Digital Ventures,Full-Time,2024-06-30,Target Population
EMP-03123,OFC-NYC,Consultant,HR,Full-Time,2024-03-11,Target Population
EMP-03124,OFC-SIN,Principal,Digital Ventures,Full-Time,2022-04-08,Target Population
EMP-03125,OFC-GUR,Analyst,IT,Full-Time,2022-07-11,Target Population
EMP-03126,OFC-LON,Principal,Digital Ventures,Full-Time,2026-08-25,Target Population
EMP-03127,OFC-BOS,Partner,Consulting,Full-Time,2023-09-28,Target Population
EMP-03128,OFC-SIN,Analyst,Operations,Full-Time,2026-04-26,Target Population
EMP-03129,OFC-NYC,Project Leader,Consulting,Full-Time,2022-01-30,Target Population
EMP-03130,OFC-BOS,Principal,Operations,Full-Time,2023-04-03,Target Population
EMP-03131,OFC-BOS,Analyst,HR,Full-Time,2025-04-27,Target Population
EMP-03132,OFC-LON,Consultant,Digital Ventures,Full-Time,2023-04-06,Target Population
EMP-03133,OFC-LON,Project Leader,IT,Full-Time,2022-01-27,Target Population
EMP-03134,OFC-GUR,Principal,HR,Full-Time,2025-02-21,Target Population
EMP-03135,OFC-SIN,Analyst,HR,Full-Time,2025-12-24,Target Population
EMP-03136,OFC-BOS,Consultant,Finance,Full-Time,2023-05-08,Target Population
EMP-03137,OFC-GUR,Consultant,Finance,Full-Time,2024-03-24,Target Population
EMP-03138,OFC-BOS,Consultant,IT,Full-Time,2022-01-31,Target Population
EMP-03139,OFC-SIN,Consultant,Digital Ventures,Full-Time,2021-11-04,Target Population
EMP-03140,OFC-GUR,Consultant,Consulting,Full-Time,2024-04-21,Target Population
EMP-03141,OFC-LON,Analyst,Finance,Full-Time,2026-08-06,Target Population
EMP-03142,OFC-GUR,Partner,Finance,Full-Time,2022-09-05,Target Population
EMP-03143,OFC-NYC,Analyst,Operations,Full-Time,2024-08-12,Target Population
EMP-03144,OFC-LON,Consultant,Operations,Full-Time,2024-03-09,Target Population
EMP-03145,OFC-GUR,Consultant,Finance,Full-Time,2025-08-18,Target Population
EMP-03146,OFC-LON,Project Leader,Operations,Full-Time,2026-05-21,Target Population
EMP-03147,OFC-NYC,Analyst,Digital Ventures,Full-Time,2026-03-24,Target Population
EMP-03148,OFC-LON,Partner,Finance,Full-Time,2025-12-19,Target Population
EMP-03149,OFC-GUR,Analyst,IT,Full-Time,2022-11-27,Target Population
EMP-03150,OFC-NYC,Analyst,Digital Ventures,Full-Time,2026-01-20,Target Population
EMP-03151,OFC-BOS,Managing Director,Digital Ventures,Full-Time,2025-09-30,Target Population
EMP-03152,OFC-GUR,Analyst,Digital Ventures,Full-Time,2024-02-01,Target Population
EMP-03153,OFC-GUR,Partner,Operations,Full-Time,2023-05-29,Target Population
EMP-03154,OFC-BOS,Analyst,IT,Full-Time,2022-09-21,Target Population
EMP-03155,OFC-BOS,Analyst,IT,Full-Time,2024-07-30,Target Population
EMP-03156,OFC-BOS,Managing Director,Consulting,Full-Time,2023-02-23,Target Population
EMP-03157,OFC-NYC,Consultant,IT,Full-Time,2025-09-01,Target Population
EMP-03158,OFC-LON,Project Leader,Operations,Full-Time,2023-12-15,Target Population
EMP-03159,OFC-GUR,Analyst,Operations,Full-Time,2023-05-08,Target Population
EMP-03160,OFC-GUR,Analyst,HR,Full-Time,2021-11-19,Target Population
EMP-03161,OFC-LON,Analyst,Consulting,Full-Time,2024-08-19,Target Population
EMP-03162,OFC-NYC,Partner,Operations,Full-Time,2024-04-10,Target Population
EMP-03163,OFC-GUR,Analyst,HR,Full-Time,2026-08-06,Target Population
EMP-03164,OFC-LON,Consultant,Operations,Full-Time,2023-05-30,Target Population
EMP-03165,OFC-SIN,Analyst,Operations,Full-Time,2023-04-05,Target Population
EMP-03166,OFC-LON,Consultant,HR,Full-Time,2025-03-19,Target Population
EMP-03167,OFC-BOS,Project Leader,Digital Ventures,Full-Time,2025-05-27,Target Population
EMP-03168,OFC-GUR,Analyst,Finance,Full-Time,2026-02-23,Target Population
EMP-03169,OFC-NYC,Consultant,Consulting,Full-Time,2024-07-21,Target Population
EMP-03170,OFC-GUR,Analyst,Consulting,Full-Time,2022-07-03,Target Population
EMP-03171,OFC-BOS,Consultant,Finance,Full-Time,2025-03-05,Target Population
EMP-03172,OFC-BOS,Analyst,Consulting,Full-Time,2022-07-30,Target Population
EMP-03173,OFC-SIN,Analyst,Digital Ventures,Full-Time,2023-05-04,Target Population
EMP-03174,OFC-BOS,Principal,IT,Full-Time,2022-12-17,Target Population
EMP-03175,OFC-GUR,Principal,IT,Full-Time,2025-10-29,Target Population
EMP-03176,OFC-NYC,Consultant,Finance,Full-Time,2024-07-08,Target Population
EMP-03177,OFC-LON,Managing Director,IT,Full-Time,2023-11-16,Target Population
EMP-03178,OFC-GUR,Consultant,IT,Full-Time,2021-10-28,Target Population
EMP-03179,OFC-LON,Analyst,Finance,Full-Time,2023-12-26,Target Population
EMP-03180,OFC-NYC,Principal,Digital Ventures,Full-Time,2025-01-10,Target Population
EMP-03181,OFC-BOS,Analyst,HR,Full-Time,2023-10-08,Target Population
EMP-03182,OFC-BOS,Project Leader,HR,Full-Time,2025-07-25,Target Population
EMP-03183,OFC-NYC,Analyst,IT,Full-Time,2024-01-14,Target Population
EMP-03184,OFC-GUR,Consultant,Operations,Full-Time,2024-07-27,Target Population
EMP-03185,OFC-SIN,Consultant,Finance,Full-Time,2024-05-02,Target Population
EMP-03186,OFC-SIN,Consultant,Digital Ventures,Full-Time,2026-09-20,Target Population
EMP-03187,OFC-GUR,Analyst,Operations,Full-Time,2026-08-21,Target Population
EMP-03188,OFC-GUR,Consultant,IT,Full-Time,2021-11-11,Target Population
EMP-03189,OFC-GUR,Partner,HR,Full-Time,2023-12-28,Target Population
EMP-03190,OFC-NYC,Analyst,HR,Full-Time,2024-10-28,Target Population
EMP-03191,OFC-SIN,Consultant,Finance,Full-Time,2023-10-11,Target Population
EMP-03192,OFC-GUR,Consultant,Finance,Full-Time,2022-04-18,Target Population
EMP-03193,OFC-LON,Consultant,Operations,Full-Time,2022-10-09,Target Population
EMP-03194,OFC-BOS,Principal,Consulting,Full-Time,2025-09-21,Target Population
EMP-03195,OFC-NYC,Analyst,Finance,Full-Time,2024-05-17,Target Population
EMP-03196,OFC-LON,Project Leader,Digital Ventures,Full-Time,2023-02-15,Target Population
EMP-03197,OFC-SIN,Consultant,Finance,Full-Time,2025-03-19,Target Population
EMP-03198,OFC-LON,Consultant,Consulting,Full-Time,2026-01-15,Target Population
EMP-03199,OFC-NYC,Principal,HR,Full-Time,2024-05-30,Target Population
EMP-03200,OFC-SIN,Analyst,Consulting,Full-Time,2022-10-06,Target Population
EMP-03201,OFC-BOS,Analyst,Consulting,Full-Time,2024-04-10,Target Population
EMP-03202,OFC-NYC,Project Leader,IT,Full-Time,2024-11-21,Target Population
EMP-03203,OFC-BOS,Consultant,Digital Ventures,Full-Time,2023-08-24,Target Population
EMP-03204,OFC-GUR,Consultant,IT,Full-Time,2023-08-18,Target Population
EMP-03205,OFC-SIN,Consultant,Digital Ventures,Full-Time,2022-11-25,Target Population
EMP-03206,OFC-NYC,Consultant,Consulting,Full-Time,2025-10-31,Target Population
EMP-03207,OFC-SIN,Principal,Operations,Full-Time,2023-01-25,Target Population
EMP-03208,OFC-NYC,Consultant,HR,Full-Time,2025-08-20,Target Population
EMP-03209,OFC-SIN,Project Leader,Digital Ventures,Full-Time,2024-12-10,Target Population
EMP-03210,OFC-GUR,Consultant,HR,Full-Time,2025-04-20,Target Population
EMP-03211,OFC-GUR,Consultant,Digital Ventures,Full-Time,2026-06-09,Target Population
EMP-03212,OFC-BOS,Principal,Consulting,Full-Time,2025-10-08,Target Population
EMP-03213,OFC-SIN,Analyst,IT,Full-Time,2026-05-04,Target Population
EMP-03214,OFC-GUR,Managing Director,IT,Full-Time,2023-08-16,Target Population
EMP-03215,OFC-NYC,Consultant,Operations,Full-Time,2023-11-14,Target Population
EMP-03216,OFC-GUR,Consultant,IT,Full-Time,2022-06-18,Target Population
EMP-03217,OFC-NYC,Analyst,HR,Full-Time,2026-03-27,Target Population
EMP-03218,OFC-SIN,Analyst,Finance,Full-Time,2025-07-25,Target Population
EMP-03219,OFC-BOS,Analyst,Finance,Full-Time,2026-04-04,Target Population
EMP-03220,OFC-GUR,Project Leader,Operations,Full-Time,2024-11-04,Target Population
EMP-03221,OFC-LON,Consultant,Digital Ventures,Full-Time,2022-06-06,Target Population
EMP-03222,OFC-BOS,Consultant,IT,Full-Time,2026-07-25,Target Population
EMP-03223,OFC-BOS,Managing Director,IT,Full-Time,2022-09-20,Target Population
EMP-03224,OFC-BOS,Consultant,IT,Full-Time,2022-04-16,Target Population
EMP-03225,OFC-LON,Principal,IT,Full-Time,2026-06-04,Target Population
EMP-03226,OFC-NYC,Analyst,Consulting,Full-Time,2026-01-24,Target Population
EMP-03227,OFC-LON,Analyst,Operations,Full-Time,2023-06-27,Target Population
EMP-03228,OFC-NYC,Project Leader,Digital Ventures,Full-Time,2026-08-21,Target Population
EMP-03229,OFC-NYC,Principal,Digital Ventures,Full-Time,2026-05-01,Target Population
EMP-03230,OFC-GUR,Analyst,HR,Full-Time,2023-01-15,Target Population
EMP-03231,OFC-BOS,Analyst,IT,Full-Time,2023-03-02,Target Population
EMP-03232,OFC-SIN,Analyst,HR,Full-Time,2024-07-22,Target Population
EMP-03233,OFC-SIN,Partner,HR,Full-Time,2026-03-11,Target Population
EMP-03234,OFC-GUR,Principal,IT,Full-Time,2025-07-10,Target Population
EMP-03235,OFC-LON,Consultant,Consulting,Full-Time,2022-10-03,Target Population
EMP-03236,OFC-SIN,Analyst,HR,Full-Time,2023-07-07,Target Population
EMP-03237,OFC-BOS,Consultant,IT,Full-Time,2026-09-22,Target Population
EMP-03238,OFC-BOS,Project Leader,IT,Full-Time,2025-12-03,Target Population
EMP-03239,OFC-BOS,Analyst,IT,Full-Time,2022-07-16,Target Population
EMP-03240,OFC-GUR,Partner,IT,Full-Time,2026-02-08,Target Population
EMP-03241,OFC-BOS,Analyst,Operations,Full-Time,2025-07-22,Target Population
EMP-03242,OFC-LON,Analyst,HR,Full-Time,2022-03-28,Target Population
EMP-03243,OFC-SIN,Consultant,HR,Full-Time,2025-08-15,Target Population
EMP-03244,OFC-SIN,Project Leader,Digital Ventures,Full-Time,2022-11-20,Target Population
EMP-03245,OFC-LON,Consultant,Finance,Full-Time,2026-02-17,Target Population
EMP-03246,OFC-BOS,Project Leader,Finance,Full-Time,2025-04-19,Target Population
EMP-03247,OFC-GUR,Analyst,Digital Ventures,Full-Time,2025-08-26,Target Population
EMP-03248,OFC-LON,Consultant,Digital Ventures,Full-Time,2026-07-25,Target Population
EMP-03249,OFC-BOS,Analyst,Consulting,Full-Time,2022-04-04,Target Population
EMP-03250,OFC-BOS,Analyst,Digital Ventures,Full-Time,2026-07-09,Target Population
EMP-03251,OFC-SIN,Consultant,IT,Full-Time,2025-09-12,Target Population
EMP-03252,OFC-GUR,Analyst,Operations,Full-Time,2024-05-21,Target Population
EMP-03253,OFC-GUR,Analyst,HR,Full-Time,2021-12-13,Target Population
EMP-03254,OFC-SIN,Project Leader,HR,Full-Time,2025-02-18,Target Population
EMP-03255,OFC-LON,Analyst,Consulting,Full-Time,2023-12-06,Target Population
EMP-03256,OFC-LON,Consultant,Digital Ventures,Full-Time,2021-10-16,Target Population
EMP-03257,OFC-NYC,Consultant,HR,Full-Time,2023-08-14,Target Population
EMP-03258,OFC-NYC,Consultant,IT,Full-Time,2026-09-07,Target Population
EMP-03259,OFC-NYC,Project Leader,HR,Full-Time,2022-05-21,Target Population
EMP-03260,OFC-GUR,Consultant,Finance,Full-Time,2022-02-24,Target Population
EMP-03261,OFC-LON,Principal,Operations,Full-Time,2025-05-15,Target Population
EMP-03262,OFC-SIN,Principal,Operations,Full-Time,2024-09-11,Target Population
EMP-03263,OFC-NYC,Analyst,HR,Full-Time,2022-04-23,Target Population
EMP-03264,OFC-LON,Consultant,Finance,Full-Time,2026-05-15,Target Population
EMP-03265,OFC-LON,Project Leader,Digital Ventures,Full-Time,2022-04-12,Target Population
EMP-03266,OFC-LON,Partner,IT,Full-Time,2022-05-09,Target Population
EMP-03267,OFC-GUR,Analyst,IT,Full-Time,2025-10-12,Target Population
EMP-03268,OFC-BOS,Analyst,IT,Full-Time,2022-01-13,Target Population
EMP-03269,OFC-LON,Analyst,Consulting,Full-Time,2024-03-16,Target Population
EMP-03270,OFC-BOS,Principal,Consulting,Full-Time,2025-03-30,Target Population
EMP-03271,OFC-NYC,Analyst,Consulting,Full-Time,2023-04-19,Target Population
EMP-03272,OFC-LON,Project Leader,Consulting,Full-Time,2022-12-01,Target Population
EMP-03273,OFC-GUR,Analyst,Finance,Full-Time,2025-05-05,Target Population
EMP-03274,OFC-SIN,Partner,Consulting,Full-Time,2024-12-13,Target Population
EMP-03275,OFC-LON,Project Leader,Finance,Full-Time,2025-01-07,Target Population
EMP-03276,OFC-GUR,Analyst,Finance,Full-Time,2025-07-31,Target Population
EMP-03277,OFC-LON,Consultant,IT,Full-Time,2024-12-22,Target Population
EMP-03278,OFC-LON,Managing Director,Digital Ventures,Full-Time,2024-12-17,Target Population
EMP-03279,OFC-BOS,Principal,Consulting,Full-Time,2022-06-13,Target Population
EMP-03280,OFC-NYC,Analyst,Finance,Full-Time,2026-05-09,Target Population
EMP-03281,OFC-NYC,Project Leader,Digital Ventures,Full-Time,2022-11-24,Target Population
EMP-03282,OFC-LON,Principal,HR,Full-Time,2024-09-21,Target Population
EMP-03283,OFC-BOS,Analyst,Operations,Full-Time,2022-10-10,Target Population
EMP-03284,OFC-BOS,Consultant,Finance,Full-Time,2023-04-14,Target Population
EMP-03285,OFC-NYC,Principal,Operations,Full-Time,2026-05-03,Target Population
EMP-03286,OFC-SIN,Consultant,Operations,Full-Time,2025-02-09,Target Population
EMP-03287,OFC-NYC,Analyst,IT,Full-Time,2026-04-07,Target Population
EMP-03288,OFC-LON,Principal,Finance,Full-Time,2022-11-06,Target Population
EMP-03289,OFC-BOS,Consultant,HR,Full-Time,2023-08-29,Target Population
EMP-03290,OFC-LON,Partner,IT,Full-Time,2021-10-17,Target Population
EMP-03291,OFC-NYC,Consultant,Finance,Full-Time,2021-12-16,Target Population
EMP-03292,OFC-BOS,Managing Director,Finance,Full-Time,2024-04-20,Target Population
EMP-03293,OFC-LON,Analyst,Digital Ventures,Full-Time,2025-09-14,Target Population
EMP-03294,OFC-BOS,Consultant,IT,Full-Time,2026-05-25,Target Population
EMP-03295,OFC-BOS,Analyst,Finance,Full-Time,2025-05-16,Target Population
EMP-03296,OFC-BOS,Consultant,IT,Full-Time,2026-04-16,Target Population
EMP-03297,OFC-BOS,Principal,Finance,Full-Time,2024-12-28,Target Population
EMP-03298,OFC-BOS,Consultant,IT,Full-Time,2023-09-20,Target Population
EMP-03299,OFC-NYC,Consultant,Digital Ventures,Full-Time,2023-11-14,Target Population
EMP-03300,OFC-GUR,Analyst,Operations,Full-Time,2025-09-07,Target Population
EMP-03301,OFC-LON,Principal,Operations,Full-Time,2024-09-16,Target Population
EMP-03302,OFC-LON,Analyst,Operations,Full-Time,2023-01-31,Target Population
EMP-03303,OFC-NYC,Analyst,Operations,Full-Time,2024-02-10,Target Population
EMP-03304,OFC-SIN,Managing Director,Digital Ventures,Full-Time,2023-05-15,Target Population
EMP-03305,OFC-NYC,Analyst,Operations,Full-Time,2022-09-22,Target Population
EMP-03306,OFC-BOS,Project Leader,HR,Full-Time,2022-01-15,Target Population
EMP-03307,OFC-LON,Project Leader,HR,Full-Time,2025-05-01,Target Population
EMP-03308,OFC-BOS,Analyst,Operations,Full-Time,2021-11-24,Target Population
EMP-03309,OFC-NYC,Analyst,HR,Full-Time,2023-10-24,Target Population
EMP-03310,OFC-LON,Consultant,Digital Ventures,Full-Time,2023-07-09,Target Population
EMP-03311,OFC-SIN,Consultant,Operations,Full-Time,2022-05-04,Target Population
EMP-03312,OFC-LON,Analyst,Finance,Full-Time,2022-08-16,Target Population
EMP-03313,OFC-GUR,Analyst,Operations,Full-Time,2022-01-19,Target Population
EMP-03314,OFC-SIN,Consultant,Finance,Full-Time,2025-07-25,Target Population
EMP-03315,OFC-BOS,Consultant,Operations,Full-Time,2022-03-07,Target Population
EMP-03316,OFC-NYC,Project Leader,HR,Full-Time,2023-11-06,Target Population
EMP-03317,OFC-NYC,Analyst,Operations,Full-Time,2022-02-21,Target Population
EMP-03318,OFC-NYC,Project Leader,HR,Full-Time,2025-03-09,Target Population
EMP-03319,OFC-NYC,Consultant,Digital Ventures,Full-Time,2025-07-01,Target Population
EMP-03320,OFC-SIN,Analyst,Finance,Full-Time,2023-10-05,Target Population
EMP-03321,OFC-GUR,Analyst,HR,Full-Time,2026-05-10,Target Population
EMP-03322,OFC-LON,Project Leader,HR,Full-Time,2023-08-13,Target Population
EMP-03323,OFC-NYC,Consultant,IT,Full-Time,2022-03-31,Target Population
EMP-03324,OFC-GUR,Consultant,HR,Full-Time,2022-12-16,Target Population
EMP-03325,OFC-SIN,Analyst,Consulting,Full-Time,2026-01-19,Target Population
EMP-03326,OFC-GUR,Partner,Operations,Full-Time,2024-03-23,Target Population
EMP-03327,OFC-BOS,Project Leader,IT,Full-Time,2023-10-04,Target Population
EMP-03328,OFC-LON,Consultant,Operations,Full-Time,2026-08-31,Target Population
EMP-03329,OFC-BOS,Consultant,Finance,Full-Time,2024-06-23,Target Population
EMP-03330,OFC-NYC,Project Leader,HR,Full-Time,2026-09-05,Target Population
EMP-03331,OFC-BOS,Project Leader,Finance,Full-Time,2024-06-29,Target Population
EMP-03332,OFC-LON,Consultant,Consulting,Full-Time,2023-10-13,Target Population
EMP-03333,OFC-GUR,Analyst,IT,Full-Time,2024-05-01,Target Population
EMP-03334,OFC-BOS,Consultant,HR,Full-Time,2022-12-26,Target Population
EMP-03335,OFC-NYC,Principal,Operations,Full-Time,2026-03-14,Target Population
EMP-03336,OFC-LON,Project Leader,Finance,Full-Time,2023-08-24,Target Population
EMP-03337,OFC-NYC,Consultant,Consulting,Full-Time,2025-04-13,Target Population
EMP-03338,OFC-BOS,Analyst,Operations,Full-Time,2024-04-27,Target Population
EMP-03339,OFC-NYC,Analyst,Digital Ventures,Full-Time,2024-02-08,Target Population
EMP-03340,OFC-GUR,Analyst,Finance,Full-Time,2022-04-14,Target Population
EMP-03341,OFC-BOS,Analyst,Digital Ventures,Full-Time,2026-07-02,Target Population
EMP-03342,OFC-BOS,Consultant,HR,Full-Time,2023-04-04,Target Population
EMP-03343,OFC-NYC,Project Leader,Digital Ventures,Full-Time,2025-05-26,Target Population
EMP-03344,OFC-SIN,Consultant,Digital Ventures,Full-Time,2026-06-29,Target Population
EMP-03345,OFC-GUR,Consultant,Operations,Full-Time,2025-12-24,Target Population
EMP-03346,OFC-GUR,Principal,Operations,Full-Time,2022-03-01,Target Population
EMP-03347,OFC-NYC,Project Leader,Operations,Full-Time,2024-09-11,Target Population
EMP-03348,OFC-LON,Analyst,Finance,Full-Time,2025-01-03,Target Population
EMP-03349,OFC-BOS,Analyst,Consulting,Full-Time,2026-03-24,Target Population
EMP-03350,OFC-LON,Project Leader,Finance,Full-Time,2024-06-23,Target Population
EMP-03351,OFC-SIN,Analyst,HR,Full-Time,2025-04-22,Target Population
EMP-03352,OFC-LON,Partner,IT,Full-Time,2025-03-28,Target Population
EMP-03353,OFC-SIN,Analyst,Consulting,Full-Time,2023-01-13,Target Population
EMP-03354,OFC-GUR,Project Leader,HR,Full-Time,2024-04-25,Target Population
EMP-03355,OFC-BOS,Consultant,HR,Full-Time,2024-12-19,Target Population
EMP-03356,OFC-SIN,Analyst,HR,Full-Time,2023-05-01,Target Population
EMP-03357,OFC-BOS,Analyst,IT,Full-Time,2026-05-05,Target Population
EMP-03358,OFC-LON,Analyst,Consulting,Full-Time,2025-10-17,Target Population
EMP-03359,OFC-BOS,Analyst,IT,Full-Time,2023-10-25,Target Population
EMP-03360,OFC-BOS,Analyst,Digital Ventures,Full-Time,2023-09-07,Target Population
EMP-03361,OFC-NYC,Analyst,Operations,Full-Time,2024-04-28,Target Population
EMP-03362,OFC-NYC,Consultant,Finance,Full-Time,2022-12-29,Target Population
EMP-03363,OFC-LON,Consultant,Digital Ventures,Full-Time,2025-09-14,Target Population
EMP-03364,OFC-LON,Project Leader,HR,Full-Time,2022-04-04,Target Population
EMP-03365,OFC-BOS,Analyst,Operations,Full-Time,2026-07-20,Target Population
EMP-03366,OFC-BOS,Consultant,IT,Full-Time,2025-04-11,Target Population
EMP-03367,OFC-LON,Analyst,IT,Full-Time,2025-04-23,Target Population
EMP-03368,OFC-NYC,Analyst,Digital Ventures,Full-Time,2026-07-04,Target Population
EMP-03369,OFC-GUR,Consultant,Consulting,Full-Time,2026-04-10,Target Population
EMP-03370,OFC-GUR,Principal,Operations,Full-Time,2022-11-27,Target Population
EMP-03371,OFC-GUR,Analyst,Consulting,Full-Time,2025-01-25,Target Population
EMP-03372,OFC-GUR,Project Leader,HR,Full-Time,2023-10-31,Target Population
EMP-03373,OFC-NYC,Analyst,IT,Full-Time,2023-12-08,Target Population
EMP-03374,OFC-GUR,Analyst,HR,Full-Time,2023-06-30,Target Population
EMP-03375,OFC-NYC,Analyst,Consulting,Full-Time,2024-07-29,Target Population
EMP-03376,OFC-NYC,Consultant,Operations,Full-Time,2022-06-09,Target Population
EMP-03377,OFC-GUR,Consultant,Consulting,Full-Time,2025-08-04,Target Population
EMP-03378,OFC-NYC,Managing Director,Finance,Full-Time,2024-12-02,Target Population
EMP-03379,OFC-GUR,Project Leader,Consulting,Full-Time,2022-07-21,Target Population
EMP-03380,OFC-GUR,Analyst,Operations,Full-Time,2026-04-28,Target Population
EMP-03381,OFC-SIN,Project Leader,HR,Full-Time,2023-05-21,Target Population
EMP-03382,OFC-SIN,Consultant,Finance,Full-Time,2022-03-16,Target Population
EMP-03383,OFC-NYC,Principal,IT,Full-Time,2024-01-19,Target Population
EMP-03384,OFC-NYC,Project Leader,Finance,Full-Time,2024-12-21,Target Population
EMP-03385,OFC-LON,Project Leader,Operations,Full-Time,2022-02-06,Target Population
EMP-03386,OFC-NYC,Analyst,IT,Full-Time,2022-05-21,Target Population
EMP-03387,OFC-LON,Consultant,HR,Full-Time,2023-05-14,Target Population
EMP-03388,OFC-GUR,Analyst,Digital Ventures,Full-Time,2026-10-06,Target Population
EMP-03389,OFC-GUR,Consultant,HR,Full-Time,2026-07-09,Target Population
EMP-03390,OFC-NYC,Analyst,Digital Ventures,Full-Time,2023-08-12,Target Population
EMP-03391,OFC-BOS,Project Leader,Operations,Full-Time,2025-11-04,Target Population
EMP-03392,OFC-NYC,Principal,IT,Full-Time,2023-07-17,Target Population
EMP-03393,OFC-BOS,Project Leader,HR,Full-Time,2024-08-06,Target Population
EMP-03394,OFC-SIN,Analyst,Finance,Full-Time,2024-05-05,Target Population
EMP-03395,OFC-NYC,Analyst,Finance,Full-Time,2021-11-23,Target Population
EMP-03396,OFC-BOS,Analyst,Operations,Full-Time,2023-07-27,Target Population
EMP-03397,OFC-BOS,Consultant,HR,Full-Time,2023-05-20,Target Population
EMP-03398,OFC-LON,Consultant,Consulting,Full-Time,2022-10-06,Target Population
EMP-03399,OFC-LON,Consultant,Finance,Full-Time,2025-11-02,Target Population
EMP-03400,OFC-NYC,Partner,Digital Ventures,Full-Time,2023-10-30,Target Population
EMP-03401,OFC-BOS,Analyst,Operations,Full-Time,2023-07-04,Target Population
EMP-03402,OFC-NYC,Consultant,Digital Ventures,Full-Time,2025-02-20,Target Population
EMP-03403,OFC-NYC,Analyst,IT,Full-Time,2023-10-20,Target Population
EMP-03404,OFC-GUR,Partner,HR,Full-Time,2026-06-18,Target Population
EMP-03405,OFC-LON,Consultant,Operations,Full-Time,2024-07-02,Target Population
EMP-03406,OFC-NYC,Managing Director,HR,Full-Time,2024-03-04,Target Population
EMP-03407,OFC-BOS,Partner,Consulting,Full-Time,2025-01-01,Target Population
EMP-03408,OFC-SIN,Project Leader,Consulting,Full-Time,2025-09-24,Target Population
EMP-03409,OFC-LON,Analyst,Consulting,Full-Time,2026-04-21,Target Population
EMP-03410,OFC-GUR,Consultant,Operations,Full-Time,2024-10-27,Target Population
EMP-03411,OFC-BOS,Analyst,Digital Ventures,Full-Time,2024-05-22,Target Population
EMP-03412,OFC-LON,Analyst,IT,Full-Time,2023-12-28,Target Population
EMP-03413,OFC-BOS,Consultant,HR,Full-Time,2024-10-28,Target Population
EMP-03414,OFC-LON,Consultant,Operations,Full-Time,2026-02-16,Target Population
EMP-03415,OFC-SIN,Consultant,Digital Ventures,Full-Time,2025-12-29,Target Population
EMP-03416,OFC-NYC,Analyst,IT,Full-Time,2025-09-23,Target Population
EMP-03417,OFC-BOS,Analyst,Operations,Full-Time,2022-08-09,Target Population
EMP-03418,OFC-BOS,Consultant,Digital Ventures,Full-Time,2025-10-04,Target Population
EMP-03419,OFC-NYC,Consultant,Consulting,Full-Time,2024-06-27,Target Population
EMP-03420,OFC-BOS,Analyst,IT,Full-Time,2023-06-30,Target Population
EMP-03421,OFC-BOS,Analyst,Consulting,Full-Time,2024-12-01,Target Population
EMP-03422,OFC-GUR,Project Leader,Finance,Full-Time,2024-06-05,Target Population
EMP-03423,OFC-LON,Principal,IT,Full-Time,2025-04-15,Target Population
EMP-03424,OFC-NYC,Consultant,HR,Full-Time,2022-02-26,Target Population
EMP-03425,OFC-SIN,Consultant,Digital Ventures,Full-Time,2026-07-20,Target Population
EMP-03426,OFC-BOS,Analyst,Consulting,Full-Time,2023-08-25,Target Population
EMP-03427,OFC-SIN,Principal,Consulting,Full-Time,2023-01-03,Target Population
EMP-03428,OFC-NYC,Analyst,Finance,Full-Time,2021-11-26,Target Population
EMP-03429,OFC-SIN,Analyst,Finance,Full-Time,2023-12-26,Target Population
EMP-03430,OFC-LON,Consultant,HR,Full-Time,2026-06-22,Target Population
EMP-03431,OFC-GUR,Analyst,Consulting,Full-Time,2026-09-25,Target Population
EMP-03432,OFC-SIN,Consultant,HR,Full-Time,2026-09-10,Target Population
EMP-03433,OFC-NYC,Consultant,IT,Full-Time,2025-04-26,Target Population
EMP-03434,OFC-SIN,Principal,HR,Full-Time,2024-04-11,Target Population
EMP-03435,OFC-NYC,Principal,Consulting,Full-Time,2023-01-23,Target Population
EMP-03436,OFC-NYC,Analyst,IT,Full-Time,2023-06-08,Target Population
EMP-03437,OFC-NYC,Analyst,Finance,Full-Time,2024-07-27,Target Population
EMP-03438,OFC-LON,Consultant,Finance,Full-Time,2023-09-21,Target Population
EMP-03439,OFC-BOS,Consultant,HR,Full-Time,2024-12-30,Target Population
EMP-03440,OFC-LON,Principal,Operations,Full-Time,2026-08-12,Target Population
EMP-03441,OFC-LON,Analyst,Consulting,Full-Time,2023-11-09,Target Population
EMP-03442,OFC-GUR,Analyst,HR,Full-Time,2026-01-05,Target Population
EMP-03443,OFC-GUR,Analyst,Digital Ventures,Full-Time,2026-06-13,Target Population
EMP-03444,OFC-NYC,Consultant,Digital Ventures,Full-Time,2024-08-20,Target Population
EMP-03445,OFC-NYC,Principal,Finance,Full-Time,2023-12-15,Target Population
EMP-03446,OFC-NYC,Consultant,Operations,Full-Time,2025-12-03,Target Population
EMP-03447,OFC-BOS,Consultant,Digital Ventures,Full-Time,2025-12-09,Target Population
EMP-03448,OFC-BOS,Consultant,Consulting,Full-Time,2025-09-07,Target Population
EMP-03449,OFC-NYC,Principal,Operations,Full-Time,2023-03-13,Target Population
EMP-03450,OFC-NYC,Analyst,Digital Ventures,Full-Time,2024-10-05,Target Population
EMP-03451,OFC-SIN,Analyst,IT,Full-Time,2023-03-16,Target Population
EMP-03452,OFC-LON,Project Leader,Finance,Full-Time,2022-12-15,Target Population
EMP-03453,OFC-NYC,Analyst,IT,Full-Time,2026-06-01,Target Population
EMP-03454,OFC-LON,Consultant,Finance,Full-Time,2025-12-02,Target Population
EMP-03455,OFC-BOS,Principal,Consulting,Full-Time,2023-05-01,Target Population
EMP-03456,OFC-NYC,Consultant,Finance,Full-Time,2026-05-18,Target Population
EMP-03457,OFC-LON,Consultant,Operations,Full-Time,2022-04-07,Target Population
EMP-03458,OFC-LON,Consultant,Consulting,Full-Time,2026-03-22,Target Population
EMP-03459,OFC-NYC,Consultant,Digital Ventures,Full-Time,2022-01-20,Target Population
EMP-03460,OFC-SIN,Project Leader,Digital Ventures,Full-Time,2022-05-25,Target Population
EMP-03461,OFC-SIN,Analyst,Digital Ventures,Full-Time,2022-03-06,Target Population
EMP-03462,OFC-LON,Project Leader,IT,Full-Time,2021-10-26,Target Population
EMP-03463,OFC-LON,Analyst,Digital Ventures,Full-Time,2025-04-10,Target Population
EMP-03464,OFC-LON,Analyst,Operations,Full-Time,2022-12-08,Target Population
EMP-03465,OFC-BOS,Analyst,HR,Full-Time,2023-09-26,Target Population
EMP-03466,OFC-NYC,Principal,Finance,Full-Time,2022-05-06,Target Population
EMP-03467,OFC-BOS,Consultant,IT,Full-Time,2023-01-19,Target Population
EMP-03468,OFC-LON,Partner,IT,Full-Time,2021-11-04,Target Population
EMP-03469,OFC-LON,Analyst,IT,Full-Time,2023-08-17,Target Population
EMP-03470,OFC-BOS,Analyst,Operations,Full-Time,2026-01-25,Target Population
EMP-03471,OFC-SIN,Managing Director,Digital Ventures,Full-Time,2025-08-23,Target Population
EMP-03472,OFC-SIN,Analyst,Operations,Full-Time,2024-12-09,Target Population
EMP-03473,OFC-GUR,Consultant,Finance,Full-Time,2022-04-12,Target Population
EMP-03474,OFC-LON,Project Leader,Digital Ventures,Full-Time,2025-11-16,Target Population
EMP-03475,OFC-SIN,Consultant,HR,Full-Time,2025-11-30,Target Population
EMP-03476,OFC-BOS,Consultant,IT,Full-Time,2021-11-24,Target Population
EMP-03477,OFC-GUR,Analyst,Consulting,Full-Time,2021-10-27,Target Population
EMP-03478,OFC-BOS,Analyst,Consulting,Full-Time,2026-04-17,Target Population
EMP-03479,OFC-GUR,Consultant,Digital Ventures,Full-Time,2026-06-16,Target Population
EMP-03480,OFC-NYC,Analyst,IT,Full-Time,2025-04-06,Target Population
EMP-03481,OFC-SIN,Analyst,IT,Full-Time,2021-11-12,Target Population
EMP-03482,OFC-SIN,Project Leader,Finance,Full-Time,2021-11-27,Target Population
EMP-03483,OFC-BOS,Principal,Finance,Full-Time,2026-04-08,Target Population
EMP-03484,OFC-LON,Project Leader,Digital Ventures,Full-Time,2024-02-07,Target Population
EMP-03485,OFC-SIN,Analyst,Consulting,Full-Time,2026-04-28,Target Population
EMP-03486,OFC-LON,Consultant,IT,Full-Time,2024-03-15,Target Population
EMP-03487,OFC-SIN,Consultant,Operations,Full-Time,2021-11-29,Target Population
EMP-03488,OFC-LON,Analyst,Digital Ventures,Full-Time,2026-01-14,Target Population
EMP-03489,OFC-NYC,Consultant,Operations,Full-Time,2025-06-05,Target Population
EMP-03490,OFC-NYC,Principal,Digital Ventures,Full-Time,2023-04-16,Target Population
EMP-03491,OFC-BOS,Analyst,Finance,Full-Time,2022-09-04,Target Population
EMP-03492,OFC-GUR,Analyst,Consulting,Full-Time,2022-08-02,Target Population
EMP-03493,OFC-NYC,Principal,Operations,Full-Time,2026-03-24,Target Population
EMP-03494,OFC-LON,Project Leader,Operations,Full-Time,2023-01-12,Target Population
EMP-03495,OFC-LON,Project Leader,Finance,Full-Time,2023-10-25,Target Population
EMP-03496,OFC-LON,Analyst,Digital Ventures,Full-Time,2023-05-26,Target Population
EMP-03497,OFC-SIN,Project Leader,Digital Ventures,Full-Time,2026-03-30,Target Population
EMP-03498,OFC-SIN,Consultant,Operations,Full-Time,2023-11-30,Target Population
EMP-03499,OFC-NYC,Partner,Consulting,Full-Time,2024-10-12,Target Population
EMP-03500,OFC-GUR,Principal,HR,Full-Time,2024-01-15,Target Population
EMP-03501,OFC-GUR,Analyst,Finance,Full-Time,2025-02-21,Target Population
EMP-03502,OFC-LON,Analyst,IT,Full-Time,2022-06-09,Target Population
EMP-03503,OFC-SIN,Principal,Finance,Full-Time,2024-12-09,Target Population
EMP-03504,OFC-BOS,Analyst,HR,Full-Time,2025-03-21,Target Population
EMP-03505,OFC-BOS,Consultant,HR,Full-Time,2025-09-02,Target Population
EMP-03506,OFC-SIN,Analyst,Consulting,Full-Time,2026-07-28,Target Population
EMP-03507,OFC-NYC,Managing Director,Finance,Full-Time,2023-11-01,Target Population
EMP-03508,OFC-GUR,Analyst,IT,Full-Time,2023-09-08,Target Population
EMP-03509,OFC-SIN,Consultant,Digital Ventures,Full-Time,2024-04-25,Target Population
EMP-03510,OFC-BOS,Consultant,Finance,Full-Time,2022-06-14,Target Population
EMP-03511,OFC-SIN,Consultant,Finance,Full-Time,2022-01-13,Target Population
EMP-03512,OFC-NYC,Analyst,Consulting,Full-Time,2022-07-24,Target Population
EMP-03513,OFC-LON,Analyst,Consulting,Full-Time,2025-03-19,Target Population
EMP-03514,OFC-LON,Consultant,Finance,Full-Time,2024-12-28,Target Population
EMP-03515,OFC-SIN,Principal,Operations,Full-Time,2024-12-21,Target Population
EMP-03516,OFC-BOS,Analyst,Finance,Full-Time,2026-06-20,Target Population
EMP-03517,OFC-LON,Analyst,IT,Full-Time,2025-10-24,Target Population
EMP-03518,OFC-GUR,Analyst,HR,Full-Time,2022-03-30,Target Population
EMP-03519,OFC-GUR,Consultant,Consulting,Full-Time,2021-11-05,Target Population
EMP-03520,OFC-GUR,Consultant,IT,Full-Time,2023-03-23,Target Population
EMP-03521,OFC-BOS,Principal,Digital Ventures,Full-Time,2022-06-20,Target Population
EMP-03522,OFC-NYC,Consultant,Digital Ventures,Full-Time,2026-01-07,Target Population
EMP-03523,OFC-NYC,Consultant,IT,Full-Time,2025-06-16,Target Population
EMP-03524,OFC-GUR,Consultant,HR,Full-Time,2024-08-01,Target Population
EMP-03525,OFC-NYC,Analyst,Digital Ventures,Full-Time,2026-07-31,Target Population
EMP-03526,OFC-BOS,Partner,IT,Full-Time,2022-07-30,Target Population
EMP-03527,OFC-SIN,Principal,Operations,Full-Time,2026-04-04,Target Population
EMP-03528,OFC-BOS,Consultant,Operations,Full-Time,2022-02-16,Target Population
EMP-03529,OFC-SIN,Analyst,Operations,Full-Time,2023-09-20,Target Population
EMP-03530,OFC-GUR,Analyst,Consulting,Full-Time,2023-07-25,Target Population
EMP-03531,OFC-GUR,Principal,Consulting,Full-Time,2026-08-02,Target Population
EMP-03532,OFC-NYC,Consultant,Operations,Full-Time,2025-10-23,Target Population
EMP-03533,OFC-BOS,Consultant,Operations,Full-Time,2024-01-27,Target Population
EMP-03534,OFC-GUR,Consultant,Consulting,Full-Time,2022-02-28,Target Population
EMP-03535,OFC-GUR,Consultant,Digital Ventures,Full-Time,2022-05-25,Target Population
EMP-03536,OFC-GUR,Analyst,Consulting,Full-Time,2024-02-25,Target Population
EMP-03537,OFC-BOS,Project Leader,Operations,Full-Time,2026-05-21,Target Population
EMP-03538,OFC-GUR,Consultant,Operations,Full-Time,2026-07-23,Target Population
EMP-03539,OFC-GUR,Analyst,IT,Full-Time,2022-01-17,Target Population
EMP-03540,OFC-GUR,Partner,Operations,Full-Time,2023-04-17,Target Population
EMP-03541,OFC-GUR,Consultant,Finance,Full-Time,2024-06-10,Target Population
EMP-03542,OFC-GUR,Analyst,IT,Full-Time,2021-11-24,Target Population
EMP-03543,OFC-LON,Analyst,Finance,Full-Time,2023-07-12,Target Population
EMP-03544,OFC-BOS,Principal,IT,Full-Time,2026-10-04,Target Population
EMP-03545,OFC-LON,Consultant,Operations,Full-Time,2022-12-28,Target Population
EMP-03546,OFC-BOS,Analyst,Finance,Full-Time,2025-02-25,Target Population
EMP-03547,OFC-NYC,Analyst,Operations,Full-Time,2022-06-03,Target Population
EMP-03548,OFC-NYC,Analyst,Digital Ventures,Full-Time,2024-04-23,Target Population
EMP-03549,OFC-BOS,Managing Director,Digital Ventures,Full-Time,2023-02-23,Target Population
EMP-03550,OFC-NYC,Principal,Digital Ventures,Full-Time,2026-07-25,Target Population
EMP-03551,OFC-BOS,Consultant,Finance,Full-Time,2023-10-24,Target Population
EMP-03552,OFC-GUR,Principal,Finance,Full-Time,2026-08-02,Target Population
EMP-03553,OFC-SIN,Analyst,Finance,Full-Time,2025-01-28,Target Population
EMP-03554,OFC-BOS,Analyst,HR,Full-Time,2026-05-13,Target Population
EMP-03555,OFC-SIN,Analyst,Operations,Full-Time,2024-08-02,Target Population
EMP-03556,OFC-LON,Consultant,Consulting,Full-Time,2025-01-11,Target Population
EMP-03557,OFC-NYC,Project Leader,Operations,Full-Time,2022-12-15,Target Population
EMP-03558,OFC-BOS,Partner,Operations,Full-Time,2022-06-07,Target Population
EMP-03559,OFC-LON,Consultant,Consulting,Full-Time,2026-01-09,Target Population
EMP-03560,OFC-GUR,Analyst,Consulting,Full-Time,2024-09-15,Target Population
EMP-03561,OFC-GUR,Consultant,HR,Full-Time,2022-03-22,Target Population
EMP-03562,OFC-BOS,Analyst,Consulting,Full-Time,2022-08-06,Target Population
EMP-03563,OFC-BOS,Analyst,IT,Full-Time,2025-06-25,Target Population
EMP-03564,OFC-NYC,Analyst,Operations,Full-Time,2023-09-28,Target Population
EMP-03565,OFC-NYC,Project Leader,Consulting,Full-Time,2022-05-31,Target Population
EMP-03566,OFC-BOS,Analyst,Finance,Full-Time,2024-08-30,Target Population
EMP-03567,OFC-NYC,Consultant,Consulting,Full-Time,2025-02-20,Target Population
EMP-03568,OFC-GUR,Analyst,Digital Ventures,Full-Time,2024-07-17,Target Population
EMP-03569,OFC-SIN,Project Leader,Operations,Full-Time,2022-01-07,Target Population
EMP-03570,OFC-NYC,Analyst,Consulting,Full-Time,2024-02-03,Target Population
EMP-03571,OFC-SIN,Managing Director,Consulting,Full-Time,2025-08-06,Target Population
EMP-03572,OFC-NYC,Analyst,Operations,Full-Time,2025-12-09,Target Population
EMP-03573,OFC-LON,Analyst,Digital Ventures,Full-Time,2023-09-15,Target Population
EMP-03574,OFC-BOS,Analyst,Operations,Full-Time,2024-10-16,Target Population
EMP-03575,OFC-LON,Analyst,Consulting,Full-Time,2026-06-21,Target Population
EMP-03576,OFC-SIN,Analyst,Consulting,Full-Time,2024-12-16,Target Population
EMP-03577,OFC-LON,Project Leader,HR,Full-Time,2025-06-09,Target Population
EMP-03578,OFC-NYC,Analyst,IT,Full-Time,2023-05-07,Target Population
EMP-03579,OFC-LON,Analyst,Digital Ventures,Full-Time,2026-10-01,Target Population
EMP-03580,OFC-BOS,Analyst,HR,Full-Time,2024-12-30,Target Population
EMP-03581,OFC-SIN,Project Leader,Operations,Full-Time,2022-06-30,Target Population
EMP-03582,OFC-LON,Analyst,Digital Ventures,Full-Time,2024-04-11,Target Population
EMP-03583,OFC-NYC,Principal,Finance,Full-Time,2023-11-11,Target Population
EMP-03584,OFC-LON,Principal,Consulting,Full-Time,2022-05-23,Target Population
EMP-03585,OFC-LON,Project Leader,IT,Full-Time,2022-06-18,Target Population
EMP-03586,OFC-BOS,Project Leader,Operations,Full-Time,2024-01-17,Target Population
EMP-03587,OFC-GUR,Project Leader,Operations,Full-Time,2023-01-29,Target Population
EMP-03588,OFC-BOS,Analyst,Digital Ventures,Full-Time,2024-12-30,Target Population
EMP-03589,OFC-GUR,Analyst,HR,Full-Time,2023-01-29,Target Population
EMP-03590,OFC-GUR,Analyst,IT,Full-Time,2025-01-29,Target Population
EMP-03591,OFC-GUR,Partner,HR,Full-Time,2024-06-16,Target Population
EMP-03592,OFC-LON,Consultant,Operations,Full-Time,2024-10-31,Target Population
EMP-03593,OFC-LON,Principal,Consulting,Full-Time,2022-09-03,Target Population
EMP-03594,OFC-BOS,Consultant,IT,Full-Time,2022-07-18,Target Population
EMP-03595,OFC-GUR,Consultant,Digital Ventures,Full-Time,2021-10-23,Target Population
EMP-03596,OFC-NYC,Analyst,HR,Full-Time,2024-05-21,Target Population
EMP-03597,OFC-LON,Project Leader,Consulting,Full-Time,2025-07-19,Target Population
EMP-03598,OFC-NYC,Principal,Operations,Full-Time,2024-10-29,Target Population
EMP-03599,OFC-BOS,Partner,IT,Full-Time,2024-01-23,Target Population
EMP-03600,OFC-LON,Managing Director,IT,Full-Time,2022-08-20,Target Population
EMP-03601,OFC-BOS,Consultant,IT,Full-Time,2022-11-22,Target Population
EMP-03602,OFC-GUR,Analyst,Operations,Full-Time,2022-07-05,Target Population
EMP-03603,OFC-NYC,Partner,Consulting,Full-Time,2023-05-12,Target Population
EMP-03604,OFC-BOS,Project Leader,Digital Ventures,Full-Time,2025-06-07,Target Population
EMP-03605,OFC-LON,Analyst,Digital Ventures,Full-Time,2025-08-01,Target Population
EMP-03606,OFC-BOS,Consultant,HR,Full-Time,2026-07-03,Target Population
EMP-03607,OFC-NYC,Consultant,Digital Ventures,Full-Time,2026-06-26,Target Population
EMP-03608,OFC-GUR,Consultant,IT,Full-Time,2026-02-15,Target Population
EMP-03609,OFC-BOS,Analyst,Operations,Full-Time,2025-03-27,Target Population
EMP-03610,OFC-GUR,Analyst,Consulting,Full-Time,2022-08-23,Target Population
EMP-03611,OFC-BOS,Analyst,Digital Ventures,Full-Time,2021-12-27,Target Population
EMP-03612,OFC-BOS,Analyst,HR,Full-Time,2022-07-12,Target Population
EMP-03613,OFC-GUR,Analyst,Operations,Full-Time,2024-10-10,Target Population
EMP-03614,OFC-NYC,Partner,Operations,Full-Time,2026-06-24,Target Population
EMP-03615,OFC-BOS,Consultant,Finance,Full-Time,2022-07-23,Target Population
EMP-03616,OFC-NYC,Partner,Consulting,Full-Time,2024-07-10,Target Population
EMP-03617,OFC-NYC,Analyst,Operations,Full-Time,2025-01-15,Target Population
EMP-03618,OFC-GUR,Project Leader,HR,Full-Time,2021-11-14,Target Population
EMP-03619,OFC-NYC,Project Leader,IT,Full-Time,2024-03-31,Target Population
EMP-03620,OFC-GUR,Partner,Operations,Full-Time,2025-04-14,Target Population
EMP-03621,OFC-SIN,Project Leader,IT,Full-Time,2025-01-23,Target Population
EMP-03622,OFC-NYC,Partner,HR,Full-Time,2022-06-27,Target Population
EMP-03623,OFC-SIN,Principal,Operations,Full-Time,2026-07-11,Target Population
EMP-03624,OFC-NYC,Consultant,HR,Full-Time,2023-10-31,Target Population
EMP-03625,OFC-SIN,Analyst,Consulting,Full-Time,2026-08-19,Target Population
EMP-03626,OFC-BOS,Project Leader,HR,Full-Time,2026-03-14,Target Population
EMP-03627,OFC-GUR,Analyst,Consulting,Full-Time,2023-03-17,Target Population
EMP-03628,OFC-LON,Partner,Consulting,Full-Time,2025-01-01,Target Population
EMP-03629,OFC-NYC,Consultant,Consulting,Full-Time,2023-03-17,Target Population
EMP-03630,OFC-LON,Project Leader,Operations,Full-Time,2022-12-12,Target Population
EMP-03631,OFC-GUR,Principal,Finance,Full-Time,2024-01-20,Target Population
EMP-03632,OFC-BOS,Consultant,Consulting,Full-Time,2024-04-29,Target Population
EMP-03633,OFC-BOS,Analyst,Finance,Full-Time,2024-01-18,Target Population
EMP-03634,OFC-GUR,Partner,HR,Full-Time,2025-12-17,Target Population
EMP-03635,OFC-GUR,Managing Director,Finance,Full-Time,2023-01-03,Target Population
EMP-03636,OFC-SIN,Consultant,Consulting,Full-Time,2022-04-21,Target Population
EMP-03637,OFC-GUR,Consultant,Consulting,Full-Time,2023-03-10,Target Population
EMP-03638,OFC-SIN,Consultant,Finance,Full-Time,2025-06-18,Target Population
EMP-03639,OFC-GUR,Consultant,HR,Full-Time,2024-02-11,Target Population
EMP-03640,OFC-NYC,Consultant,Consulting,Full-Time,2025-05-07,Target Population
EMP-03641,OFC-BOS,Analyst,IT,Full-Time,2024-04-25,Target Population
EMP-03642,OFC-GUR,Consultant,Finance,Full-Time,2025-11-19,Target Population
EMP-03643,OFC-LON,Analyst,HR,Full-Time,2022-06-02,Target Population
EMP-03644,OFC-BOS,Analyst,HR,Full-Time,2024-11-01,Target Population
EMP-03645,OFC-NYC,Consultant,Consulting,Full-Time,2023-11-28,Target Population
EMP-03646,OFC-SIN,Analyst,HR,Full-Time,2023-11-12,Target Population
EMP-03647,OFC-LON,Partner,Digital Ventures,Full-Time,2025-12-25,Target Population
EMP-03648,OFC-NYC,Consultant,Consulting,Full-Time,2023-06-06,Target Population
EMP-03649,OFC-LON,Consultant,HR,Full-Time,2025-08-29,Target Population
EMP-03650,OFC-BOS,Consultant,Digital Ventures,Full-Time,2022-09-04,Target Population
EMP-03651,OFC-NYC,Consultant,HR,Full-Time,2022-12-01,Target Population
EMP-03652,OFC-NYC,Analyst,HR,Full-Time,2024-05-10,Target Population
EMP-03653,OFC-BOS,Analyst,Finance,Full-Time,2021-10-28,Target Population
EMP-03654,OFC-GUR,Analyst,Digital Ventures,Full-Time,2025-02-17,Target Population
EMP-03655,OFC-NYC,Principal,Finance,Full-Time,2024-08-04,Target Population
EMP-03656,OFC-GUR,Analyst,IT,Full-Time,2024-12-30,Target Population
EMP-03657,OFC-SIN,Partner,Digital Ventures,Full-Time,2024-07-26,Target Population
EMP-03658,OFC-BOS,Analyst,Operations,Full-Time,2025-07-05,Target Population
EMP-03659,OFC-GUR,Consultant,Digital Ventures,Full-Time,2024-08-11,Target Population
EMP-03660,OFC-LON,Consultant,Finance,Full-Time,2025-06-05,Target Population
EMP-03661,OFC-SIN,Analyst,HR,Full-Time,2022-12-03,Target Population
EMP-03662,OFC-BOS,Analyst,IT,Full-Time,2024-04-27,Target Population
EMP-03663,OFC-GUR,Consultant,IT,Full-Time,2024-06-29,Target Population
EMP-03664,OFC-LON,Consultant,Digital Ventures,Full-Time,2023-06-23,Target Population
EMP-03665,OFC-NYC,Consultant,Operations,Full-Time,2025-11-03,Target Population
EMP-03666,OFC-BOS,Partner,Consulting,Full-Time,2024-06-09,Target Population
EMP-03667,OFC-GUR,Analyst,IT,Full-Time,2023-04-11,Target Population
EMP-03668,OFC-GUR,Analyst,Finance,Full-Time,2025-02-25,Target Population
EMP-03669,OFC-NYC,Consultant,Digital Ventures,Full-Time,2024-06-24,Target Population
EMP-03670,OFC-LON,Consultant,Finance,Full-Time,2024-03-30,Target Population
EMP-03671,OFC-NYC,Project Leader,HR,Full-Time,2025-12-10,Target Population
EMP-03672,OFC-GUR,Managing Director,Digital Ventures,Full-Time,2026-08-31,Target Population
EMP-03673,OFC-BOS,Analyst,IT,Full-Time,2023-10-30,Target Population
EMP-03674,OFC-SIN,Analyst,Operations,Full-Time,2024-07-15,Target Population
EMP-03675,OFC-NYC,Principal,HR,Full-Time,2024-12-18,Target Population
EMP-03676,OFC-NYC,Analyst,HR,Full-Time,2024-02-24,Target Population
EMP-03677,OFC-BOS,Consultant,IT,Full-Time,2025-02-08,Target Population
EMP-03678,OFC-BOS,Project Leader,Operations,Full-Time,2024-11-14,Target Population
EMP-03679,OFC-LON,Managing Director,Digital Ventures,Full-Time,2022-09-25,Target Population
EMP-03680,OFC-NYC,Consultant,Finance,Full-Time,2026-07-24,Target Population
EMP-03681,OFC-GUR,Consultant,Digital Ventures,Full-Time,2023-06-19,Target Population
EMP-03682,OFC-BOS,Analyst,Digital Ventures,Full-Time,2026-05-29,Target Population
EMP-03683,OFC-NYC,Managing Director,Finance,Full-Time,2023-04-19,Target Population
EMP-03684,OFC-NYC,Analyst,Consulting,Full-Time,2026-06-12,Target Population
EMP-03685,OFC-BOS,Consultant,Digital Ventures,Full-Time,2021-12-29,Target Population
EMP-03686,OFC-BOS,Analyst,Operations,Full-Time,2025-09-10,Target Population
EMP-03687,OFC-NYC,Managing Director,Consulting,Full-Time,2023-07-20,Target Population
EMP-03688,OFC-LON,Analyst,Consulting,Full-Time,2025-06-30,Target Population
EMP-03689,OFC-NYC,Analyst,HR,Full-Time,2024-03-30,Target Population
EMP-03690,OFC-LON,Analyst,IT,Full-Time,2022-05-09,Target Population
EMP-03691,OFC-LON,Consultant,IT,Full-Time,2025-03-31,Target Population
EMP-03692,OFC-BOS,Analyst,Operations,Full-Time,2026-01-05,Target Population
EMP-03693,OFC-LON,Consultant,HR,Full-Time,2022-12-13,Target Population
EMP-03694,OFC-SIN,Consultant,Digital Ventures,Full-Time,2024-05-04,Target Population
EMP-03695,OFC-LON,Partner,Finance,Full-Time,2023-10-28,Target Population
EMP-03696,OFC-GUR,Analyst,Digital Ventures,Full-Time,2023-12-01,Target Population
EMP-03697,OFC-NYC,Partner,Consulting,Full-Time,2023-01-28,Target Population
EMP-03698,OFC-GUR,Consultant,Consulting,Full-Time,2025-05-13,Target Population
EMP-03699,OFC-GUR,Project Leader,Consulting,Full-Time,2024-12-21,Target Population
EMP-03700,OFC-LON,Principal,Operations,Full-Time,2022-05-24,Target Population
EMP-03701,OFC-SIN,Managing Director,Consulting,Full-Time,2025-08-02,Target Population
EMP-03702,OFC-BOS,Principal,IT,Full-Time,2025-11-03,Target Population
EMP-03703,OFC-BOS,Analyst,Digital Ventures,Full-Time,2026-09-19,Target Population
EMP-03704,OFC-GUR,Consultant,Finance,Full-Time,2025-03-05,Target Population
EMP-03705,OFC-GUR,Analyst,Consulting,Full-Time,2026-04-24,Target Population
EMP-03706,OFC-BOS,Analyst,HR,Full-Time,2026-01-27,Target Population
EMP-03707,OFC-NYC,Partner,HR,Full-Time,2025-04-28,Target Population
EMP-03708,OFC-BOS,Project Leader,HR,Full-Time,2026-05-23,Target Population
EMP-03709,OFC-NYC,Analyst,Finance,Full-Time,2022-01-29,Target Population
EMP-03710,OFC-GUR,Analyst,HR,Full-Time,2024-10-28,Target Population
EMP-03711,OFC-LON,Consultant,Finance,Full-Time,2026-05-02,Target Population
EMP-03712,OFC-NYC,Consultant,HR,Full-Time,2022-06-28,Target Population
EMP-03713,OFC-NYC,Consultant,Operations,Full-Time,2022-09-11,Target Population
EMP-03714,OFC-BOS,Consultant,Finance,Full-Time,2023-11-17,Target Population
EMP-03715,OFC-NYC,Consultant,Consulting,Full-Time,2024-10-13,Target Population
EMP-03716,OFC-LON,Analyst,Consulting,Full-Time,2023-03-07,Target Population
EMP-03717,OFC-SIN,Consultant,Consulting,Full-Time,2022-02-21,Target Population
EMP-03718,OFC-GUR,Consultant,HR,Full-Time,2026-07-22,Target Population
EMP-03719,OFC-BOS,Consultant,IT,Full-Time,2025-03-01,Target Population
EMP-03720,OFC-SIN,Analyst,HR,Full-Time,2024-08-02,Target Population
EMP-03721,OFC-GUR,Project Leader,IT,Full-Time,2025-06-05,Target Population
EMP-03722,OFC-GUR,Consultant,IT,Full-Time,2022-09-01,Target Population
EMP-03723,OFC-LON,Analyst,Operations,Full-Time,2021-11-08,Target Population
EMP-03724,OFC-NYC,Consultant,IT,Full-Time,2022-08-09,Target Population
EMP-03725,OFC-NYC,Project Leader,Operations,Full-Time,2023-12-19,Target Population
EMP-03726,OFC-BOS,Analyst,Consulting,Full-Time,2023-08-27,Target Population
EMP-03727,OFC-BOS,Partner,Consulting,Full-Time,2026-02-09,Target Population
EMP-03728,OFC-BOS,Principal,Digital Ventures,Full-Time,2026-03-06,Target Population
EMP-03729,OFC-LON,Consultant,Finance,Full-Time,2026-07-06,Target Population
EMP-03730,OFC-GUR,Consultant,IT,Full-Time,2026-09-14,Target Population
EMP-03731,OFC-LON,Consultant,HR,Full-Time,2026-08-29,Target Population
EMP-03732,OFC-BOS,Principal,Digital Ventures,Full-Time,2023-08-24,Target Population
EMP-03733,OFC-SIN,Principal,IT,Full-Time,2025-07-22,Target Population
EMP-03734,OFC-SIN,Analyst,Digital Ventures,Full-Time,2024-12-12,Target Population
EMP-03735,OFC-GUR,Managing Director,Consulting,Full-Time,2025-02-03,Target Population
EMP-03736,OFC-SIN,Project Leader,IT,Full-Time,2025-09-14,Target Population
EMP-03737,OFC-LON,Consultant,Finance,Full-Time,2026-01-08,Target Population
EMP-03738,OFC-SIN,Principal,HR,Full-Time,2023-01-18,Target Population
EMP-03739,OFC-BOS,Principal,Finance,Full-Time,2024-09-12,Target Population
EMP-03740,OFC-NYC,Consultant,Consulting,Full-Time,2021-12-22,Target Population
EMP-03741,OFC-BOS,Analyst,Digital Ventures,Full-Time,2025-11-14,Target Population
EMP-03742,OFC-BOS,Analyst,IT,Full-Time,2022-08-27,Target Population
EMP-03743,OFC-BOS,Analyst,Operations,Full-Time,2024-04-11,Target Population
EMP-03744,OFC-LON,Consultant,HR,Full-Time,2025-04-21,Target Population
EMP-03745,OFC-GUR,Project Leader,Consulting,Full-Time,2022-06-30,Target Population
EMP-03746,OFC-LON,Analyst,IT,Full-Time,2022-10-02,Target Population
EMP-03747,OFC-BOS,Analyst,HR,Full-Time,2022-12-21,Target Population
EMP-03748,OFC-GUR,Analyst,Consulting,Full-Time,2024-09-23,Target Population
EMP-03749,OFC-LON,Project Leader,HR,Full-Time,2024-06-02,Target Population
EMP-03750,OFC-NYC,Partner,Finance,Full-Time,2024-09-06,Target Population
EMP-03751,OFC-GUR,Project Leader,Finance,Full-Time,2025-08-21,Target Population
EMP-03752,OFC-NYC,Partner,HR,Full-Time,2023-07-11,Target Population
EMP-03753,OFC-NYC,Consultant,IT,Full-Time,2026-03-14,Target Population
EMP-03754,OFC-SIN,Analyst,Consulting,Full-Time,2025-11-15,Target Population
EMP-03755,OFC-NYC,Analyst,Consulting,Full-Time,2024-09-23,Target Population
EMP-03756,OFC-LON,Analyst,Operations,Full-Time,2025-10-25,Target Population
EMP-03757,OFC-SIN,Consultant,IT,Full-Time,2022-08-06,Target Population
EMP-03758,OFC-GUR,Partner,Digital Ventures,Full-Time,2025-06-29,Target Population
EMP-03759,OFC-BOS,Principal,Digital Ventures,Full-Time,2025-08-12,Target Population
EMP-03760,OFC-BOS,Principal,Finance,Full-Time,2024-06-23,Target Population
EMP-03761,OFC-BOS,Consultant,HR,Full-Time,2022-05-03,Target Population
EMP-03762,OFC-LON,Analyst,Digital Ventures,Full-Time,2024-04-26,Target Population
EMP-03763,OFC-NYC,Consultant,IT,Full-Time,2022-02-22,Target Population
EMP-03764,OFC-BOS,Analyst,Operations,Full-Time,2022-09-29,Target Population
EMP-03765,OFC-SIN,Analyst,HR,Full-Time,2021-12-16,Target Population
EMP-03766,OFC-LON,Principal,HR,Full-Time,2024-09-06,Target Population
EMP-03767,OFC-BOS,Analyst,IT,Full-Time,2022-09-11,Target Population
EMP-03768,OFC-LON,Principal,Operations,Full-Time,2023-03-01,Target Population
EMP-03769,OFC-GUR,Project Leader,Consulting,Full-Time,2023-11-03,Target Population
EMP-03770,OFC-BOS,Analyst,IT,Full-Time,2026-02-26,Target Population
EMP-03771,OFC-NYC,Project Leader,HR,Full-Time,2023-04-02,Target Population
EMP-03772,OFC-GUR,Analyst,Finance,Full-Time,2026-06-17,Target Population
EMP-03773,OFC-LON,Analyst,Digital Ventures,Full-Time,2023-02-16,Target Population
EMP-03774,OFC-LON,Analyst,Finance,Full-Time,2024-07-31,Target Population
EMP-03775,OFC-NYC,Consultant,HR,Full-Time,2026-07-12,Target Population
EMP-03776,OFC-BOS,Project Leader,Digital Ventures,Full-Time,2025-05-23,Target Population
EMP-03777,OFC-BOS,Consultant,IT,Full-Time,2025-09-11,Target Population
EMP-03778,OFC-NYC,Project Leader,HR,Full-Time,2023-09-27,Target Population
EMP-03779,OFC-BOS,Principal,Digital Ventures,Full-Time,2025-03-18,Target Population
EMP-03780,OFC-BOS,Consultant,IT,Full-Time,2023-05-03,Target Population
EMP-03781,OFC-GUR,Consultant,Consulting,Full-Time,2023-05-09,Target Population
EMP-03782,OFC-SIN,Consultant,Finance,Full-Time,2025-06-10,Target Population
EMP-03783,OFC-GUR,Consultant,HR,Full-Time,2025-02-17,Target Population
EMP-03784,OFC-SIN,Analyst,Operations,Full-Time,2022-01-05,Target Population
EMP-03785,OFC-BOS,Project Leader,Finance,Full-Time,2023-06-12,Target Population
EMP-03786,OFC-SIN,Consultant,Finance,Full-Time,2025-08-03,Target Population
EMP-03787,OFC-BOS,Principal,Consulting,Full-Time,2025-06-02,Target Population
EMP-03788,OFC-SIN,Managing Director,Finance,Full-Time,2025-01-27,Target Population
EMP-03789,OFC-SIN,Consultant,IT,Full-Time,2021-10-20,Target Population
EMP-03790,OFC-GUR,Consultant,Operations,Full-Time,2023-08-05,Target Population
EMP-03791,OFC-SIN,Analyst,Finance,Full-Time,2023-07-08,Target Population
EMP-03792,OFC-LON,Consultant,Digital Ventures,Full-Time,2024-02-18,Target Population
EMP-03793,OFC-NYC,Consultant,Finance,Full-Time,2022-04-19,Target Population
EMP-03794,OFC-NYC,Analyst,HR,Full-Time,2026-09-04,Target Population
EMP-03795,OFC-LON,Project Leader,Digital Ventures,Full-Time,2022-08-19,Target Population
EMP-03796,OFC-BOS,Principal,HR,Full-Time,2026-05-02,Target Population
EMP-03797,OFC-LON,Analyst,Digital Ventures,Full-Time,2023-05-10,Target Population
EMP-03798,OFC-SIN,Project Leader,Consulting,Full-Time,2024-11-16,Target Population
EMP-03799,OFC-BOS,Principal,Digital Ventures,Full-Time,2024-07-15,Target Population
EMP-03800,OFC-GUR,Analyst,Digital Ventures,Full-Time,2023-06-11,Target Population
EMP-03801,OFC-SIN,Project Leader,Digital Ventures,Full-Time,2025-08-28,Target Population
EMP-03802,OFC-SIN,Project Leader,Operations,Full-Time,2022-09-26,Target Population
EMP-03803,OFC-SIN,Analyst,Finance,Full-Time,2023-12-31,Target Population
EMP-03804,OFC-LON,Partner,Digital Ventures,Full-Time,2025-12-05,Target Population
EMP-03805,OFC-SIN,Partner,IT,Full-Time,2026-04-03,Target Population
EMP-03806,OFC-GUR,Analyst,Finance,Full-Time,2024-06-06,Target Population
EMP-03807,OFC-BOS,Project Leader,HR,Full-Time,2025-01-26,Target Population
EMP-03808,OFC-LON,Analyst,HR,Full-Time,2025-02-07,Target Population
EMP-03809,OFC-GUR,Analyst,Digital Ventures,Full-Time,2026-10-04,Target Population
EMP-03810,OFC-BOS,Partner,Digital Ventures,Full-Time,2022-09-26,Target Population
EMP-03811,OFC-LON,Consultant,IT,Full-Time,2024-09-21,Target Population
EMP-03812,OFC-GUR,Consultant,IT,Full-Time,2024-10-04,Target Population
EMP-03813,OFC-BOS,Partner,Consulting,Full-Time,2025-08-29,Target Population
EMP-03814,OFC-LON,Consultant,Finance,Full-Time,2023-03-27,Target Population
EMP-03815,OFC-GUR,Consultant,Digital Ventures,Full-Time,2024-04-18,Target Population
EMP-03816,OFC-LON,Principal,IT,Full-Time,2022-06-27,Target Population
EMP-03817,OFC-BOS,Consultant,HR,Full-Time,2022-11-27,Target Population
EMP-03818,OFC-BOS,Project Leader,HR,Full-Time,2024-06-06,Target Population
EMP-03819,OFC-NYC,Consultant,IT,Full-Time,2022-10-08,Target Population
EMP-03820,OFC-SIN,Consultant,Consulting,Full-Time,2023-10-18,Target Population
EMP-03821,OFC-BOS,Principal,Digital Ventures,Full-Time,2024-05-12,Target Population
EMP-03822,OFC-LON,Project Leader,HR,Full-Time,2022-10-05,Target Population
EMP-03823,OFC-BOS,Consultant,Digital Ventures,Full-Time,2023-04-28,Target Population
EMP-03824,OFC-NYC,Consultant,Consulting,Full-Time,2024-12-09,Target Population
EMP-03825,OFC-GUR,Partner,HR,Full-Time,2022-12-20,Target Population
EMP-03826,OFC-GUR,Project Leader,Consulting,Full-Time,2026-02-10,Target Population
EMP-03827,OFC-BOS,Consultant,Digital Ventures,Full-Time,2025-01-25,Target Population
EMP-03828,OFC-NYC,Consultant,Digital Ventures,Full-Time,2025-04-28,Target Population
EMP-03829,OFC-BOS,Partner,HR,Full-Time,2022-12-09,Target Population
EMP-03830,OFC-LON,Analyst,Digital Ventures,Full-Time,2026-08-27,Target Population
EMP-03831,OFC-GUR,Analyst,IT,Full-Time,2025-01-11,Target Population
EMP-03832,OFC-BOS,Principal,IT,Full-Time,2025-05-13,Target Population
EMP-03833,OFC-NYC,Principal,IT,Full-Time,2023-05-07,Target Population
EMP-03834,OFC-NYC,Consultant,Consulting,Full-Time,2025-11-27,Target Population
EMP-03835,OFC-SIN,Consultant,HR,Full-Time,2026-05-03,Target Population
EMP-03836,OFC-SIN,Partner,Finance,Full-Time,2023-03-29,Target Population
EMP-03837,OFC-BOS,Analyst,HR,Full-Time,2026-06-27,Target Population
EMP-03838,OFC-GUR,Partner,Operations,Full-Time,2023-03-09,Target Population
EMP-03839,OFC-NYC,Analyst,Operations,Full-Time,2025-12-06,Target Population
EMP-03840,OFC-NYC,Consultant,Consulting,Full-Time,2024-03-22,Target Population
EMP-03841,OFC-GUR,Principal,Operations,Full-Time,2022-12-16,Target Population
EMP-03842,OFC-SIN,Consultant,IT,Full-Time,2023-05-11,Target Population
EMP-03843,OFC-SIN,Analyst,HR,Full-Time,2024-06-10,Target Population
EMP-03844,OFC-LON,Consultant,Consulting,Full-Time,2025-08-08,Target Population
EMP-03845,OFC-NYC,Consultant,HR,Full-Time,2022-03-22,Target Population
EMP-03846,OFC-GUR,Consultant,Consulting,Full-Time,2024-10-26,Target Population
EMP-03847,OFC-NYC,Analyst,Operations,Full-Time,2021-11-05,Target Population
EMP-03848,OFC-LON,Consultant,HR,Full-Time,2025-11-20,Target Population
EMP-03849,OFC-NYC,Managing Director,Operations,Full-Time,2022-12-05,Target Population
EMP-03850,OFC-GUR,Consultant,HR,Full-Time,2023-06-05,Target Population
EMP-03851,OFC-BOS,Consultant,Finance,Full-Time,2025-01-11,Target Population
EMP-03852,OFC-BOS,Principal,IT,Full-Time,2026-07-17,Target Population
EMP-03853,OFC-SIN,Partner,Finance,Full-Time,2026-01-24,Target Population
EMP-03854,OFC-BOS,Principal,IT,Full-Time,2025-12-22,Target Population
EMP-03855,OFC-LON,Principal,Digital Ventures,Full-Time,2025-03-31,Target Population
EMP-03856,OFC-BOS,Analyst,Operations,Full-Time,2025-12-12,Target Population
EMP-03857,OFC-BOS,Partner,HR,Full-Time,2025-04-20,Target Population
EMP-03858,OFC-BOS,Principal,Operations,Full-Time,2025-07-16,Target Population
EMP-03859,OFC-BOS,Consultant,Consulting,Full-Time,2025-12-03,Target Population
EMP-03860,OFC-SIN,Consultant,Operations,Full-Time,2023-03-10,Target Population
EMP-03861,OFC-NYC,Consultant,Finance,Full-Time,2022-06-20,Target Population
EMP-03862,OFC-SIN,Project Leader,Digital Ventures,Full-Time,2026-07-29,Target Population
EMP-03863,OFC-LON,Consultant,Operations,Full-Time,2022-01-10,Target Population
EMP-03864,OFC-NYC,Partner,Operations,Full-Time,2023-08-23,Target Population
EMP-03865,OFC-LON,Consultant,Finance,Full-Time,2024-04-01,Target Population
EMP-03866,OFC-LON,Consultant,IT,Full-Time,2022-01-16,Target Population
EMP-03867,OFC-GUR,Analyst,Finance,Full-Time,2024-02-07,Target Population
EMP-03868,OFC-NYC,Analyst,Consulting,Full-Time,2023-09-05,Target Population
EMP-03869,OFC-NYC,Analyst,Digital Ventures,Full-Time,2026-05-04,Target Population
EMP-03870,OFC-SIN,Project Leader,Consulting,Full-Time,2024-03-21,Target Population
EMP-03871,OFC-SIN,Analyst,Operations,Full-Time,2023-03-13,Target Population
EMP-03872,OFC-SIN,Partner,Finance,Full-Time,2025-08-27,Target Population
EMP-03873,OFC-NYC,Analyst,HR,Full-Time,2026-07-30,Target Population
EMP-03874,OFC-GUR,Analyst,HR,Full-Time,2025-12-23,Target Population
EMP-03875,OFC-LON,Analyst,IT,Full-Time,2026-06-10,Target Population
EMP-03876,OFC-LON,Managing Director,Finance,Full-Time,2026-02-10,Target Population
EMP-03877,OFC-BOS,Analyst,Operations,Full-Time,2022-09-23,Target Population
EMP-03878,OFC-LON,Consultant,Digital Ventures,Full-Time,2026-08-21,Target Population
EMP-03879,OFC-BOS,Managing Director,HR,Full-Time,2022-09-26,Target Population
EMP-03880,OFC-NYC,Consultant,Finance,Full-Time,2024-01-17,Target Population
EMP-03881,OFC-SIN,Analyst,Digital Ventures,Full-Time,2026-05-21,Target Population
EMP-03882,OFC-BOS,Analyst,Finance,Full-Time,2024-11-19,Target Population
EMP-03883,OFC-BOS,Consultant,Consulting,Full-Time,2026-05-18,Target Population
EMP-03884,OFC-BOS,Analyst,HR,Full-Time,2022-02-13,Target Population
EMP-03885,OFC-SIN,Analyst,Finance,Full-Time,2025-07-09,Target Population
EMP-03886,OFC-LON,Analyst,Digital Ventures,Full-Time,2026-05-31,Target Population
EMP-03887,OFC-NYC,Consultant,Digital Ventures,Full-Time,2023-08-16,Target Population
EMP-03888,OFC-GUR,Principal,Consulting,Full-Time,2025-05-19,Target Population
EMP-03889,OFC-GUR,Principal,Consulting,Full-Time,2022-08-21,Target Population
EMP-03890,OFC-NYC,Consultant,HR,Full-Time,2023-11-15,Target Population
EMP-03891,OFC-GUR,Principal,Finance,Full-Time,2024-04-18,Target Population
EMP-03892,OFC-GUR,Project Leader,IT,Full-Time,2022-01-15,Target Population
EMP-03893,OFC-GUR,Consultant,Digital Ventures,Full-Time,2025-08-04,Target Population
EMP-03894,OFC-BOS,Project Leader,Digital Ventures,Full-Time,2024-01-01,Target Population
EMP-03895,OFC-SIN,Analyst,Consulting,Full-Time,2024-09-23,Target Population
EMP-03896,OFC-LON,Consultant,HR,Full-Time,2022-07-04,Target Population
EMP-03897,OFC-NYC,Project Leader,IT,Full-Time,2025-07-02,Target Population
EMP-03898,OFC-NYC,Principal,HR,Full-Time,2022-10-06,Target Population
EMP-03899,OFC-BOS,Analyst,Operations,Full-Time,2023-10-13,Target Population
EMP-03900,OFC-BOS,Consultant,Operations,Full-Time,2023-07-21,Target Population
EMP-03901,OFC-GUR,Project Leader,Digital Ventures,Full-Time,2026-10-07,Target Population
EMP-03902,OFC-BOS,Consultant,IT,Full-Time,2024-09-30,Target Population
EMP-03903,OFC-NYC,Consultant,HR,Full-Time,2025-05-29,Target Population
EMP-03904,OFC-LON,Consultant,IT,Full-Time,2023-03-06,Target Population
EMP-03905,OFC-BOS,Consultant,Finance,Full-Time,2022-12-13,Target Population
EMP-03906,OFC-SIN,Principal,Operations,Full-Time,2023-07-10,Target Population
EMP-03907,OFC-BOS,Consultant,HR,Full-Time,2023-07-11,Target Population
EMP-03908,OFC-NYC,Analyst,HR,Full-Time,2022-04-09,Target Population
EMP-03909,OFC-NYC,Analyst,Operations,Full-Time,2026-08-13,Target Population
EMP-03910,OFC-BOS,Analyst,Digital Ventures,Full-Time,2024-09-30,Target Population
EMP-03911,OFC-BOS,Project Leader,IT,Full-Time,2026-04-17,Target Population
EMP-03912,OFC-GUR,Analyst,Finance,Full-Time,2024-02-27,Target Population
EMP-03913,OFC-SIN,Analyst,Consulting,Full-Time,2026-05-07,Target Population
EMP-03914,OFC-BOS,Consultant,Consulting,Full-Time,2023-03-14,Target Population
EMP-03915,OFC-GUR,Analyst,Consulting,Full-Time,2024-07-08,Target Population
EMP-03916,OFC-GUR,Analyst,HR,Full-Time,2024-04-03,Target Population
EMP-03917,OFC-GUR,Analyst,Digital Ventures,Full-Time,2024-03-23,Target Population
EMP-03918,OFC-NYC,Project Leader,Consulting,Full-Time,2026-08-21,Target Population
EMP-03919,OFC-NYC,Principal,Consulting,Full-Time,2024-01-15,Target Population
EMP-03920,OFC-NYC,Analyst,Finance,Full-Time,2026-02-21,Target Population
EMP-03921,OFC-GUR,Consultant,Digital Ventures,Full-Time,2022-07-29,Target Population
EMP-03922,OFC-GUR,Principal,Finance,Full-Time,2022-12-02,Target Population
EMP-03923,OFC-BOS,Principal,Finance,Full-Time,2025-04-07,Target Population
EMP-03924,OFC-NYC,Partner,Consulting,Full-Time,2022-04-09,Target Population
EMP-03925,OFC-SIN,Consultant,Finance,Full-Time,2024-02-15,Target Population
EMP-03926,OFC-GUR,Consultant,Operations,Full-Time,2022-11-05,Target Population
EMP-03927,OFC-SIN,Analyst,Finance,Full-Time,2022-11-23,Target Population
EMP-03928,OFC-GUR,Consultant,Digital Ventures,Full-Time,2023-11-21,Target Population
EMP-03929,OFC-NYC,Consultant,IT,Full-Time,2023-01-04,Target Population
EMP-03930,OFC-LON,Consultant,Finance,Full-Time,2024-07-03,Target Population
EMP-03931,OFC-GUR,Analyst,Finance,Full-Time,2023-11-15,Target Population
EMP-03932,OFC-BOS,Analyst,Digital Ventures,Full-Time,2025-02-08,Target Population
EMP-03933,OFC-LON,Analyst,Consulting,Full-Time,2025-12-05,Target Population
EMP-03934,OFC-GUR,Consultant,IT,Full-Time,2022-12-22,Target Population
EMP-03935,OFC-BOS,Consultant,IT,Full-Time,2026-09-04,Target Population
EMP-03936,OFC-GUR,Analyst,Digital Ventures,Full-Time,2024-01-19,Target Population
EMP-03937,OFC-LON,Consultant,Digital Ventures,Full-Time,2025-04-15,Target Population
EMP-03938,OFC-SIN,Project Leader,Consulting,Full-Time,2024-12-15,Target Population
EMP-03939,OFC-BOS,Project Leader,Finance,Full-Time,2025-08-11,Target Population
EMP-03940,OFC-NYC,Project Leader,HR,Full-Time,2022-05-29,Target Population
EMP-03941,OFC-LON,Project Leader,IT,Full-Time,2022-07-23,Target Population
EMP-03942,OFC-NYC,Partner,HR,Full-Time,2025-03-11,Target Population
EMP-03943,OFC-GUR,Analyst,IT,Full-Time,2026-02-24,Target Population
EMP-03944,OFC-GUR,Consultant,HR,Full-Time,2024-02-18,Target Population
EMP-03945,OFC-BOS,Partner,IT,Full-Time,2024-11-26,Target Population
EMP-03946,OFC-LON,Analyst,Finance,Full-Time,2025-08-19,Target Population
EMP-03947,OFC-LON,Consultant,IT,Full-Time,2025-12-01,Target Population
EMP-03948,OFC-NYC,Consultant,Digital Ventures,Full-Time,2024-07-19,Target Population
EMP-03949,OFC-SIN,Consultant,Digital Ventures,Full-Time,2026-09-19,Target Population
EMP-03950,OFC-GUR,Partner,Operations,Full-Time,2021-10-14,Target Population
EMP-03951,OFC-GUR,Partner,IT,Full-Time,2022-07-23,Target Population
EMP-03952,OFC-GUR,Principal,HR,Full-Time,2025-08-31,Target Population
EMP-03953,OFC-LON,Consultant,Finance,Full-Time,2024-10-23,Target Population
EMP-03954,OFC-SIN,Analyst,Consulting,Full-Time,2022-04-21,Target Population
EMP-03955,OFC-GUR,Partner,IT,Full-Time,2026-04-24,Target Population
EMP-03956,OFC-GUR,Principal,Consulting,Full-Time,2025-02-23,Target Population
EMP-03957,OFC-SIN,Analyst,IT,Full-Time,2023-08-14,Target Population
EMP-03958,OFC-NYC,Consultant,HR,Full-Time,2025-06-02,Target Population
EMP-03959,OFC-GUR,Consultant,IT,Full-Time,2023-07-27,Target Population
EMP-03960,OFC-BOS,Analyst,HR,Full-Time,2025-12-22,Target Population
EMP-03961,OFC-NYC,Analyst,HR,Full-Time,2024-01-19,Target Population
EMP-03962,OFC-NYC,Principal,HR,Full-Time,2024-07-06,Target Population
EMP-03963,OFC-SIN,Analyst,IT,Full-Time,2024-03-06,Target Population
EMP-03964,OFC-SIN,Consultant,IT,Full-Time,2024-08-21,Target Population
EMP-03965,OFC-GUR,Analyst,Finance,Full-Time,2026-06-03,Target Population
EMP-03966,OFC-GUR,Project Leader,Operations,Full-Time,2026-09-06,Target Population
EMP-03967,OFC-LON,Analyst,Consulting,Full-Time,2022-11-16,Target Population
EMP-03968,OFC-SIN,Analyst,IT,Full-Time,2026-07-31,Target Population
EMP-03969,OFC-LON,Consultant,HR,Full-Time,2025-11-22,Target Population
EMP-03970,OFC-NYC,Project Leader,Digital Ventures,Full-Time,2024-09-08,Target Population
EMP-03971,OFC-BOS,Consultant,Consulting,Full-Time,2022-03-06,Target Population
EMP-03972,OFC-GUR,Principal,Consulting,Full-Time,2022-02-26,Target Population
EMP-03973,OFC-GUR,Analyst,IT,Full-Time,2022-08-12,Target Population
EMP-03974,OFC-NYC,Analyst,Digital Ventures,Full-Time,2025-09-03,Target Population
EMP-03975,OFC-BOS,Consultant,Finance,Full-Time,2021-11-26,Target Population
EMP-03976,OFC-GUR,Analyst,IT,Full-Time,2022-10-27,Target Population
EMP-03977,OFC-BOS,Analyst,IT,Full-Time,2023-02-09,Target Population
EMP-03978,OFC-GUR,Analyst,HR,Full-Time,2025-07-09,Target Population
EMP-03979,OFC-SIN,Consultant,IT,Full-Time,2025-08-25,Target Population
EMP-03980,OFC-NYC,Consultant,Consulting,Full-Time,2021-10-09,Target Population
EMP-03981,OFC-BOS,Principal,Consulting,Full-Time,2025-05-28,Target Population
EMP-03982,OFC-GUR,Project Leader,HR,Full-Time,2023-06-27,Target Population
EMP-03983,OFC-GUR,Principal,Consulting,Full-Time,2022-11-20,Target Population
EMP-03984,OFC-LON,Consultant,Operations,Full-Time,2024-05-01,Target Population
EMP-03985,OFC-SIN,Consultant,Operations,Full-Time,2023-02-12,Target Population
EMP-03986,OFC-BOS,Analyst,Consulting,Full-Time,2024-02-05,Target Population
EMP-03987,OFC-LON,Project Leader,Operations,Full-Time,2022-07-23,Target Population
EMP-03988,OFC-GUR,Consultant,Digital Ventures,Full-Time,2024-10-30,Target Population
EMP-03989,OFC-SIN,Analyst,IT,Full-Time,2023-11-23,Target Population
EMP-03990,OFC-BOS,Consultant,Finance,Full-Time,2022-06-20,Target Population
EMP-03991,OFC-GUR,Principal,HR,Full-Time,2024-12-05,Target Population
EMP-03992,OFC-LON,Partner,IT,Full-Time,2023-03-05,Target Population
EMP-03993,OFC-NYC,Analyst,IT,Full-Time,2022-03-16,Target Population
EMP-03994,OFC-BOS,Consultant,Operations,Full-Time,2025-02-19,Target Population
EMP-03995,OFC-SIN,Consultant,Consulting,Full-Time,2024-05-13,Target Population
EMP-03996,OFC-BOS,Partner,Consulting,Full-Time,2023-10-04,Target Population
EMP-03997,OFC-NYC,Analyst,Operations,Full-Time,2025-06-01,Target Population
EMP-03998,OFC-NYC,Managing Director,IT,Full-Time,2022-07-17,Target Population
EMP-03999,OFC-SIN,Consultant,Finance,Full-Time,2022-07-29,Target Population
EMP-04000,OFC-GUR,Analyst,Operations,Full-Time,2021-10-10,Target Population
EMP-04001,OFC-GUR,Principal,Consulting,Full-Time,2023-08-01,Target Population
EMP-04002,OFC-NYC,Analyst,Consulting,Full-Time,2025-10-27,Target Population
EMP-04003,OFC-LON,Project Leader,HR,Full-Time,2022-06-06,Target Population
EMP-04004,OFC-LON,Analyst,Digital Ventures,Full-Time,2022-11-23,Target Population
EMP-04005,OFC-GUR,Project Leader,IT,Full-Time,2023-09-09,Target Population
EMP-04006,OFC-SIN,Consultant,Consulting,Full-Time,2026-03-08,Target Population
EMP-04007,OFC-BOS,Analyst,IT,Full-Time,2025-07-20,Target Population
EMP-04008,OFC-GUR,Consultant,Digital Ventures,Full-Time,2021-11-04,Target Population
EMP-04009,OFC-BOS,Consultant,Consulting,Full-Time,2021-11-01,Target Population
EMP-04010,OFC-LON,Consultant,Operations,Full-Time,2024-09-08,Target Population
EMP-04011,OFC-NYC,Analyst,Finance,Full-Time,2022-10-16,Target Population
EMP-04012,OFC-NYC,Project Leader,Consulting,Full-Time,2025-05-11,Target Population
EMP-04013,OFC-NYC,Principal,Consulting,Full-Time,2022-11-21,Target Population
EMP-04014,OFC-LON,Consultant,Consulting,Full-Time,2025-10-30,Target Population
EMP-04015,OFC-NYC,Principal,Operations,Full-Time,2022-05-15,Target Population
EMP-04016,OFC-GUR,Consultant,Operations,Full-Time,2023-09-18,Target Population
EMP-04017,OFC-NYC,Project Leader,Digital Ventures,Full-Time,2025-01-09,Target Population
EMP-04018,OFC-BOS,Consultant,IT,Full-Time,2022-07-11,Target Population
EMP-04019,OFC-GUR,Project Leader,Consulting,Full-Time,2022-08-21,Target Population
EMP-04020,OFC-NYC,Analyst,Consulting,Full-Time,2022-08-23,Target Population
EMP-04021,OFC-NYC,Project Leader,Operations,Full-Time,2024-06-06,Target Population
EMP-04022,OFC-GUR,Consultant,Finance,Full-Time,2024-11-21,Target Population
EMP-04023,OFC-NYC,Project Leader,HR,Full-Time,2024-04-23,Target Population
EMP-04024,OFC-BOS,Analyst,Operations,Full-Time,2022-12-07,Target Population
EMP-04025,OFC-NYC,Consultant,Digital Ventures,Full-Time,2025-01-08,Target Population
EMP-04026,OFC-SIN,Analyst,Operations,Full-Time,2022-11-24,Target Population
EMP-04027,OFC-LON,Principal,Digital Ventures,Full-Time,2022-12-24,Target Population
EMP-04028,OFC-GUR,Consultant,Consulting,Full-Time,2022-05-07,Target Population
EMP-04029,OFC-LON,Analyst,HR,Full-Time,2026-04-12,Target Population
EMP-04030,OFC-BOS,Analyst,Digital Ventures,Full-Time,2026-07-23,Target Population
EMP-04031,OFC-NYC,Principal,HR,Full-Time,2021-11-02,Target Population
EMP-04032,OFC-GUR,Project Leader,Consulting,Full-Time,2023-02-28,Target Population
EMP-04033,OFC-BOS,Analyst,Consulting,Full-Time,2025-07-05,Target Population
EMP-04034,OFC-NYC,Consultant,Finance,Full-Time,2024-10-02,Target Population
EMP-04035,OFC-NYC,Analyst,Finance,Full-Time,2023-07-30,Target Population
EMP-04036,OFC-NYC,Analyst,Digital Ventures,Full-Time,2023-01-20,Target Population
EMP-04037,OFC-SIN,Consultant,Finance,Full-Time,2025-04-08,Target Population
EMP-04038,OFC-BOS,Analyst,Digital Ventures,Full-Time,2025-07-12,Target Population
EMP-04039,OFC-LON,Analyst,HR,Full-Time,2023-08-12,Target Population
EMP-04040,OFC-BOS,Principal,Consulting,Full-Time,2022-07-03,Target Population
EMP-04041,OFC-SIN,Consultant,Finance,Full-Time,2022-08-15,Target Population
EMP-04042,OFC-BOS,Analyst,Finance,Full-Time,2022-12-16,Target Population
EMP-04043,OFC-NYC,Analyst,Finance,Full-Time,2022-10-24,Target Population
EMP-04044,OFC-GUR,Principal,IT,Full-Time,2025-01-12,Target Population
EMP-04045,OFC-GUR,Consultant,Digital Ventures,Full-Time,2024-10-03,Target Population
EMP-04046,OFC-NYC,Analyst,Operations,Full-Time,2025-06-02,Target Population
EMP-04047,OFC-NYC,Analyst,Digital Ventures,Full-Time,2024-06-10,Target Population
EMP-04048,OFC-NYC,Consultant,HR,Full-Time,2022-12-15,Target Population
EMP-04049,OFC-NYC,Analyst,Operations,Full-Time,2023-11-15,Target Population
EMP-04050,OFC-BOS,Analyst,HR,Full-Time,2024-02-14,Target Population
EMP-04051,OFC-LON,Project Leader,IT,Full-Time,2022-06-25,Target Population
EMP-04052,OFC-NYC,Consultant,HR,Full-Time,2023-11-17,Target Population
EMP-04053,OFC-NYC,Analyst,Digital Ventures,Full-Time,2026-06-22,Target Population
EMP-04054,OFC-GUR,Principal,Digital Ventures,Full-Time,2024-03-10,Target Population
EMP-04055,OFC-SIN,Principal,Digital Ventures,Full-Time,2021-12-29,Target Population
EMP-04056,OFC-LON,Analyst,Finance,Full-Time,2024-05-01,Target Population
EMP-04057,OFC-BOS,Consultant,Operations,Full-Time,2023-07-07,Target Population
EMP-04058,OFC-BOS,Project Leader,Digital Ventures,Full-Time,2026-03-03,Target Population
EMP-04059,OFC-SIN,Consultant,Finance,Full-Time,2026-02-06,Target Population
EMP-04060,OFC-NYC,Analyst,IT,Full-Time,2023-05-16,Target Population
EMP-04061,OFC-BOS,Partner,IT,Full-Time,2025-02-05,Target Population
EMP-04062,OFC-LON,Project Leader,Digital Ventures,Full-Time,2024-04-12,Target Population
EMP-04063,OFC-LON,Analyst,Consulting,Full-Time,2022-03-25,Target Population
EMP-04064,OFC-LON,Consultant,HR,Full-Time,2023-10-20,Target Population
EMP-04065,OFC-NYC,Consultant,Operations,Full-Time,2025-12-22,Target Population
EMP-04066,OFC-BOS,Consultant,IT,Full-Time,2025-01-17,Target Population
EMP-04067,OFC-SIN,Consultant,Consulting,Full-Time,2022-09-22,Target Population
EMP-04068,OFC-NYC,Consultant,Digital Ventures,Full-Time,2023-10-26,Target Population
EMP-04069,OFC-GUR,Consultant,Consulting,Full-Time,2026-01-06,Target Population
EMP-04070,OFC-GUR,Analyst,Consulting,Full-Time,2022-05-15,Target Population
EMP-04071,OFC-LON,Managing Director,IT,Full-Time,2026-04-05,Target Population
EMP-04072,OFC-NYC,Partner,Operations,Full-Time,2021-11-13,Target Population
EMP-04073,OFC-NYC,Project Leader,HR,Full-Time,2024-11-01,Target Population
EMP-04074,OFC-LON,Project Leader,Operations,Full-Time,2024-06-16,Target Population
EMP-04075,OFC-SIN,Analyst,Operations,Full-Time,2022-11-21,Target Population
EMP-04076,OFC-SIN,Project Leader,HR,Full-Time,2025-01-20,Target Population
EMP-04077,OFC-BOS,Managing Director,Consulting,Full-Time,2026-08-07,Target Population
EMP-04078,OFC-BOS,Partner,Operations,Full-Time,2025-05-06,Target Population
EMP-04079,OFC-SIN,Project Leader,Consulting,Full-Time,2024-11-15,Target Population
EMP-04080,OFC-GUR,Project Leader,IT,Full-Time,2026-05-31,Target Population
EMP-04081,OFC-SIN,Analyst,Digital Ventures,Full-Time,2023-03-27,Target Population
EMP-04082,OFC-BOS,Analyst,IT,Full-Time,2025-10-09,Target Population
EMP-04083,OFC-LON,Consultant,Digital Ventures,Full-Time,2022-05-21,Target Population
EMP-04084,OFC-GUR,Partner,Digital Ventures,Full-Time,2021-11-27,Target Population
EMP-04085,OFC-GUR,Project Leader,Consulting,Full-Time,2026-10-05,Target Population
EMP-04086,OFC-NYC,Project Leader,Consulting,Full-Time,2022-05-04,Target Population
EMP-04087,OFC-BOS,Consultant,HR,Full-Time,2021-11-18,Target Population
EMP-04088,OFC-LON,Partner,HR,Full-Time,2023-12-30,Target Population
EMP-04089,OFC-NYC,Consultant,IT,Full-Time,2023-08-08,Target Population
EMP-04090,OFC-LON,Consultant,Digital Ventures,Full-Time,2022-02-07,Target Population
EMP-04091,OFC-SIN,Analyst,Operations,Full-Time,2022-04-12,Target Population
EMP-04092,OFC-NYC,Analyst,HR,Full-Time,2025-02-24,Target Population
EMP-04093,OFC-GUR,Consultant,Operations,Full-Time,2026-01-27,Target Population
EMP-04094,OFC-BOS,Consultant,IT,Full-Time,2024-03-15,Target Population
EMP-04095,OFC-GUR,Analyst,Finance,Full-Time,2026-01-10,Target Population
EMP-04096,OFC-SIN,Consultant,Digital Ventures,Full-Time,2025-04-19,Target Population
EMP-04097,OFC-BOS,Project Leader,Operations,Full-Time,2025-05-15,Target Population
EMP-04098,OFC-BOS,Analyst,Finance,Full-Time,2025-03-09,Target Population
EMP-04099,OFC-NYC,Consultant,Consulting,Full-Time,2022-06-20,Target Population
EMP-04100,OFC-BOS,Analyst,Operations,Full-Time,2026-05-01,Target Population
EMP-04101,OFC-GUR,Consultant,Digital Ventures,Full-Time,2026-05-04,Target Population
EMP-04102,OFC-SIN,Analyst,Digital Ventures,Full-Time,2023-01-24,Target Population
EMP-04103,OFC-NYC,Analyst,HR,Full-Time,2024-02-16,Target Population
EMP-04104,OFC-NYC,Project Leader,Consulting,Full-Time,2022-06-23,Target Population
EMP-04105,OFC-NYC,Consultant,HR,Full-Time,2024-05-26,Target Population
EMP-04106,OFC-GUR,Analyst,IT,Full-Time,2022-06-09,Target Population
EMP-04107,OFC-BOS,Analyst,HR,Full-Time,2026-02-11,Target Population
EMP-04108,OFC-LON,Project Leader,Operations,Full-Time,2023-06-30,Target Population
EMP-04109,OFC-LON,Principal,HR,Full-Time,2023-02-01,Target Population
EMP-04110,OFC-LON,Analyst,IT,Full-Time,2026-04-30,Target Population
EMP-04111,OFC-BOS,Analyst,IT,Full-Time,2024-07-18,Target Population
EMP-04112,OFC-GUR,Consultant,Operations,Full-Time,2025-02-01,Target Population
EMP-04113,OFC-BOS,Analyst,Operations,Full-Time,2026-10-02,Target Population
EMP-04114,OFC-BOS,Analyst,Consulting,Full-Time,2022-04-30,Target Population
EMP-04115,OFC-SIN,Project Leader,HR,Full-Time,2024-05-27,Target Population
EMP-04116,OFC-GUR,Analyst,Consulting,Full-Time,2025-06-27,Target Population
EMP-04117,OFC-BOS,Analyst,HR,Full-Time,2023-10-18,Target Population
EMP-04118,OFC-BOS,Partner,Finance,Full-Time,2022-04-04,Target Population
EMP-04119,OFC-BOS,Principal,HR,Full-Time,2023-11-05,Target Population
EMP-04120,OFC-NYC,Analyst,IT,Full-Time,2022-07-01,Target Population
EMP-04121,OFC-BOS,Consultant,Digital Ventures,Full-Time,2025-06-17,Target Population
EMP-04122,OFC-BOS,Analyst,Finance,Full-Time,2022-10-02,Target Population
EMP-04123,OFC-LON,Analyst,Finance,Full-Time,2025-08-15,Target Population
EMP-04124,OFC-GUR,Principal,IT,Full-Time,2022-03-26,Target Population
EMP-04125,OFC-LON,Consultant,Consulting,Full-Time,2024-05-24,Target Population
EMP-04126,OFC-GUR,Partner,Finance,Full-Time,2023-04-05,Target Population
EMP-04127,OFC-BOS,Analyst,IT,Full-Time,2022-10-13,Target Population
EMP-04128,OFC-SIN,Analyst,HR,Full-Time,2021-11-15,Target Population
EMP-04129,OFC-GUR,Consultant,Operations,Full-Time,2022-12-07,Target Population
EMP-04130,OFC-GUR,Consultant,HR,Full-Time,2021-11-11,Target Population
EMP-04131,OFC-GUR,Consultant,Finance,Full-Time,2023-02-28,Target Population
EMP-04132,OFC-SIN,Managing Director,Operations,Full-Time,2025-12-27,Target Population
EMP-04133,OFC-LON,Consultant,Consulting,Full-Time,2024-09-18,Target Population
EMP-04134,OFC-BOS,Project Leader,HR,Full-Time,2026-03-19,Target Population
EMP-04135,OFC-LON,Principal,Operations,Full-Time,2026-03-01,Target Population
EMP-04136,OFC-GUR,Consultant,Operations,Full-Time,2023-12-21,Target Population
EMP-04137,OFC-GUR,Partner,IT,Full-Time,2023-03-09,Target Population
EMP-04138,OFC-LON,Consultant,HR,Full-Time,2024-12-05,Target Population
EMP-04139,OFC-BOS,Principal,Digital Ventures,Full-Time,2022-11-05,Target Population
EMP-04140,OFC-NYC,Partner,Operations,Full-Time,2024-01-20,Target Population
EMP-04141,OFC-SIN,Analyst,Operations,Full-Time,2022-10-08,Target Population
EMP-04142,OFC-LON,Consultant,HR,Full-Time,2022-01-06,Target Population
EMP-04143,OFC-LON,Project Leader,HR,Full-Time,2024-08-12,Target Population
EMP-04144,OFC-NYC,Partner,Digital Ventures,Full-Time,2025-06-01,Target Population
EMP-04145,OFC-NYC,Project Leader,Operations,Full-Time,2024-01-30,Target Population
EMP-04146,OFC-SIN,Partner,Digital Ventures,Full-Time,2026-03-22,Target Population
EMP-04147,OFC-GUR,Consultant,HR,Full-Time,2022-04-23,Target Population
EMP-04148,OFC-GUR,Principal,Finance,Full-Time,2024-01-01,Target Population
EMP-04149,OFC-LON,Principal,Consulting,Full-Time,2026-09-02,Target Population
EMP-04150,OFC-LON,Analyst,IT,Full-Time,2022-06-03,Target Population
EMP-04151,OFC-BOS,Analyst,Operations,Full-Time,2025-12-26,Target Population
EMP-04152,OFC-GUR,Analyst,Operations,Full-Time,2025-08-21,Target Population
EMP-04153,OFC-NYC,Consultant,Finance,Full-Time,2026-02-09,Target Population
EMP-04154,OFC-NYC,Consultant,Operations,Full-Time,2024-10-29,Target Population
EMP-04155,OFC-LON,Project Leader,Consulting,Full-Time,2022-03-28,Target Population
EMP-04156,OFC-SIN,Project Leader,Consulting,Full-Time,2026-01-06,Target Population
EMP-04157,OFC-BOS,Consultant,Finance,Full-Time,2026-08-03,Target Population
EMP-04158,OFC-GUR,Consultant,Digital Ventures,Full-Time,2023-03-09,Target Population
EMP-04159,OFC-NYC,Analyst,Digital Ventures,Full-Time,2024-11-22,Target Population
EMP-04160,OFC-NYC,Principal,Operations,Full-Time,2023-02-07,Target Population
EMP-04161,OFC-BOS,Consultant,Consulting,Full-Time,2023-12-08,Target Population
EMP-04162,OFC-NYC,Consultant,HR,Full-Time,2022-08-22,Target Population
EMP-04163,OFC-LON,Project Leader,HR,Full-Time,2026-08-25,Target Population
EMP-04164,OFC-BOS,Principal,Consulting,Full-Time,2022-09-30,Target Population
EMP-04165,OFC-LON,Managing Director,Consulting,Full-Time,2023-09-16,Target Population
EMP-04166,OFC-SIN,Consultant,IT,Full-Time,2026-02-03,Target Population
EMP-04167,OFC-BOS,Project Leader,Operations,Full-Time,2021-10-14,Target Population
EMP-04168,OFC-GUR,Principal,Finance,Full-Time,2022-02-20,Target Population
EMP-04169,OFC-NYC,Project Leader,Finance,Full-Time,2021-11-14,Target Population
EMP-04170,OFC-GUR,Analyst,HR,Full-Time,2023-11-05,Target Population
EMP-04171,OFC-NYC,Analyst,Operations,Full-Time,2022-02-26,Target Population
EMP-04172,OFC-BOS,Managing Director,Finance,Full-Time,2025-10-11,Target Population
EMP-04173,OFC-BOS,Analyst,Consulting,Full-Time,2024-11-10,Target Population
EMP-04174,OFC-BOS,Principal,Finance,Full-Time,2025-01-08,Target Population
EMP-04175,OFC-BOS,Analyst,HR,Full-Time,2023-01-16,Target Population
EMP-04176,OFC-GUR,Analyst,Digital Ventures,Full-Time,2023-04-16,Target Population
EMP-04177,OFC-SIN,Principal,Digital Ventures,Full-Time,2022-01-24,Target Population
EMP-04178,OFC-GUR,Analyst,Consulting,Full-Time,2026-06-20,Target Population
EMP-04179,OFC-GUR,Project Leader,IT,Full-Time,2025-05-01,Target Population
EMP-04180,OFC-BOS,Analyst,Consulting,Full-Time,2023-09-04,Target Population
EMP-04181,OFC-NYC,Analyst,Finance,Full-Time,2024-07-02,Target Population
EMP-04182,OFC-NYC,Analyst,Consulting,Full-Time,2023-11-17,Target Population
EMP-04183,OFC-BOS,Consultant,Operations,Full-Time,2025-04-22,Target Population
EMP-04184,OFC-LON,Consultant,Consulting,Full-Time,2024-06-27,Target Population
EMP-04185,OFC-LON,Project Leader,Consulting,Full-Time,2024-01-27,Target Population
EMP-04186,OFC-NYC,Analyst,Operations,Full-Time,2022-06-05,Target Population
EMP-04187,OFC-NYC,Analyst,IT,Full-Time,2026-08-17,Target Population
EMP-04188,OFC-GUR,Analyst,IT,Full-Time,2024-12-08,Target Population
EMP-04189,OFC-GUR,Analyst,Consulting,Full-Time,2022-10-12,Target Population
EMP-04190,OFC-NYC,Analyst,Digital Ventures,Full-Time,2026-01-13,Target Population
EMP-04191,OFC-SIN,Consultant,HR,Full-Time,2022-03-19,Target Population
EMP-04192,OFC-SIN,Consultant,Consulting,Full-Time,2023-04-17,Target Population
EMP-04193,OFC-NYC,Consultant,Digital Ventures,Full-Time,2023-08-31,Target Population
EMP-04194,OFC-NYC,Principal,Operations,Full-Time,2026-02-25,Target Population
EMP-04195,OFC-LON,Analyst,HR,Full-Time,2022-02-26,Target Population
EMP-04196,OFC-SIN,Analyst,Digital Ventures,Full-Time,2025-03-05,Target Population
EMP-04197,OFC-SIN,Consultant,Finance,Full-Time,2022-05-09,Target Population
EMP-04198,OFC-BOS,Analyst,IT,Full-Time,2025-09-20,Target Population
EMP-04199,OFC-NYC,Managing Director,Digital Ventures,Full-Time,2024-03-02,Target Population
EMP-04200,OFC-LON,Analyst,Digital Ventures,Full-Time,2024-05-29,Target Population
EMP-04201,OFC-LON,Consultant,Digital Ventures,Full-Time,2024-07-19,Target Population
EMP-04202,OFC-BOS,Consultant,HR,Full-Time,2022-07-02,Target Population
EMP-04203,OFC-SIN,Analyst,IT,Full-Time,2026-06-21,Target Population
EMP-04204,OFC-GUR,Project Leader,Consulting,Full-Time,2025-08-26,Target Population
EMP-04205,OFC-GUR,Analyst,Digital Ventures,Full-Time,2021-10-31,Target Population
EMP-04206,OFC-SIN,Consultant,Finance,Full-Time,2024-11-26,Target Population
EMP-04207,OFC-GUR,Consultant,Finance,Full-Time,2023-06-22,Target Population
EMP-04208,OFC-NYC,Analyst,IT,Full-Time,2024-03-30,Target Population
EMP-04209,OFC-LON,Managing Director,Operations,Full-Time,2026-07-24,Target Population
EMP-04210,OFC-BOS,Analyst,Digital Ventures,Full-Time,2024-05-08,Target Population
EMP-04211,OFC-GUR,Project Leader,HR,Full-Time,2023-10-30,Target Population
EMP-04212,OFC-BOS,Analyst,Consulting,Full-Time,2025-09-17,Target Population
EMP-04213,OFC-GUR,Analyst,Operations,Full-Time,2024-11-24,Target Population
EMP-04214,OFC-BOS,Consultant,IT,Full-Time,2025-12-17,Target Population
EMP-04215,OFC-BOS,Consultant,Consulting,Full-Time,2023-06-06,Target Population
EMP-04216,OFC-BOS,Consultant,Operations,Full-Time,2026-06-01,Target Population
EMP-04217,OFC-BOS,Project Leader,Operations,Full-Time,2023-11-07,Target Population
EMP-04218,OFC-GUR,Analyst,Operations,Full-Time,2023-01-17,Target Population
EMP-04219,OFC-GUR,Principal,Finance,Full-Time,2021-10-26,Target Population
EMP-04220,OFC-LON,Partner,Consulting,Full-Time,2025-04-02,Target Population
EMP-04221,OFC-BOS,Partner,Operations,Full-Time,2021-12-20,Target Population
EMP-04222,OFC-BOS,Principal,HR,Full-Time,2023-09-30,Target Population
EMP-04223,OFC-BOS,Analyst,HR,Full-Time,2026-05-16,Target Population
EMP-04224,OFC-BOS,Consultant,Consulting,Full-Time,2024-09-17,Target Population
EMP-04225,OFC-SIN,Principal,HR,Full-Time,2021-11-05,Target Population
EMP-04226,OFC-BOS,Analyst,Digital Ventures,Full-Time,2024-08-12,Target Population
EMP-04227,OFC-NYC,Partner,HR,Full-Time,2021-10-11,Target Population
EMP-04228,OFC-BOS,Analyst,Digital Ventures,Full-Time,2024-12-19,Target Population
EMP-04229,OFC-BOS,Principal,HR,Full-Time,2024-05-19,Target Population
EMP-04230,OFC-LON,Consultant,Operations,Full-Time,2022-08-25,Target Population
EMP-04231,OFC-LON,Consultant,Consulting,Full-Time,2023-07-06,Target Population
EMP-04232,OFC-BOS,Consultant,IT,Full-Time,2026-04-10,Target Population
EMP-04233,OFC-BOS,Analyst,Finance,Full-Time,2023-10-16,Target Population
EMP-04234,OFC-NYC,Analyst,Digital Ventures,Full-Time,2025-05-03,Target Population
EMP-04235,OFC-BOS,Analyst,IT,Full-Time,2025-12-13,Target Population
EMP-04236,OFC-BOS,Analyst,Consulting,Full-Time,2022-04-11,Target Population
EMP-04237,OFC-SIN,Analyst,IT,Full-Time,2022-12-23,Target Population
EMP-04238,OFC-LON,Analyst,Operations,Full-Time,2024-02-23,Target Population
EMP-04239,OFC-LON,Analyst,Finance,Full-Time,2022-07-23,Target Population
EMP-04240,OFC-NYC,Consultant,Digital Ventures,Full-Time,2022-02-20,Target Population
EMP-04241,OFC-NYC,Consultant,Digital Ventures,Full-Time,2023-09-26,Target Population
EMP-04242,OFC-LON,Project Leader,Consulting,Full-Time,2026-03-09,Target Population
EMP-04243,OFC-GUR,Analyst,HR,Full-Time,2025-04-12,Target Population
EMP-04244,OFC-GUR,Analyst,Finance,Full-Time,2024-12-07,Target Population
EMP-04245,OFC-BOS,Consultant,Finance,Full-Time,2025-08-31,Target Population
EMP-04246,OFC-LON,Analyst,Finance,Full-Time,2022-06-27,Target Population
EMP-04247,OFC-NYC,Principal,IT,Full-Time,2026-09-15,Target Population
EMP-04248,OFC-SIN,Consultant,Operations,Full-Time,2022-07-30,Target Population
EMP-04249,OFC-LON,Principal,HR,Full-Time,2026-01-24,Target Population
EMP-04250,OFC-LON,Project Leader,Consulting,Full-Time,2022-11-25,Target Population
EMP-04251,OFC-BOS,Consultant,Operations,Full-Time,2025-02-13,Target Population
EMP-04252,OFC-LON,Analyst,Consulting,Full-Time,2022-05-27,Target Population
EMP-04253,OFC-BOS,Consultant,IT,Full-Time,2026-08-06,Target Population
EMP-04254,OFC-NYC,Analyst,Finance,Full-Time,2022-04-18,Target Population
EMP-04255,OFC-BOS,Project Leader,HR,Full-Time,2025-06-19,Target Population
EMP-04256,OFC-GUR,Consultant,Consulting,Full-Time,2022-11-17,Target Population
EMP-04257,OFC-BOS,Analyst,Operations,Full-Time,2023-10-12,Target Population
EMP-04258,OFC-NYC,Analyst,Digital Ventures,Full-Time,2024-03-31,Target Population
EMP-04259,OFC-SIN,Analyst,Operations,Full-Time,2023-12-26,Target Population
EMP-04260,OFC-BOS,Consultant,Digital Ventures,Full-Time,2024-06-11,Target Population
EMP-04261,OFC-LON,Consultant,Digital Ventures,Full-Time,2025-02-08,Target Population
EMP-04262,OFC-NYC,Consultant,IT,Full-Time,2024-07-16,Target Population
EMP-04263,OFC-BOS,Principal,Digital Ventures,Full-Time,2024-06-21,Target Population
EMP-04264,OFC-GUR,Principal,Consulting,Full-Time,2025-08-13,Target Population
EMP-04265,OFC-BOS,Analyst,HR,Full-Time,2024-01-29,Target Population
EMP-04266,OFC-LON,Consultant,Finance,Full-Time,2023-10-02,Target Population
EMP-04267,OFC-LON,Project Leader,Finance,Full-Time,2022-05-27,Target Population
EMP-04268,OFC-LON,Analyst,HR,Full-Time,2023-06-28,Target Population
EMP-04269,OFC-GUR,Consultant,Digital Ventures,Full-Time,2022-12-03,Target Population
EMP-04270,OFC-NYC,Consultant,HR,Full-Time,2026-09-27,Target Population
EMP-04271,OFC-BOS,Analyst,Digital Ventures,Full-Time,2022-09-10,Target Population
EMP-04272,OFC-GUR,Analyst,Finance,Full-Time,2023-02-01,Target Population
EMP-04273,OFC-LON,Analyst,IT,Full-Time,2022-08-31,Target Population
EMP-04274,OFC-GUR,Analyst,Operations,Full-Time,2023-03-01,Target Population
EMP-04275,OFC-GUR,Project Leader,Finance,Full-Time,2025-08-03,Target Population
EMP-04276,OFC-GUR,Consultant,HR,Full-Time,2025-09-23,Target Population
EMP-04277,OFC-LON,Analyst,Digital Ventures,Full-Time,2024-06-08,Target Population
EMP-04278,OFC-NYC,Analyst,Digital Ventures,Full-Time,2025-03-22,Target Population
EMP-04279,OFC-GUR,Consultant,Consulting,Full-Time,2022-10-17,Target Population
EMP-04280,OFC-LON,Analyst,Digital Ventures,Full-Time,2026-04-29,Target Population
EMP-04281,OFC-BOS,Analyst,Finance,Full-Time,2024-10-24,Target Population
EMP-04282,OFC-SIN,Analyst,Operations,Full-Time,2023-07-14,Target Population
EMP-04283,OFC-SIN,Consultant,HR,Full-Time,2025-08-11,Target Population
EMP-04284,OFC-LON,Analyst,Consulting,Full-Time,2024-05-21,Target Population
EMP-04285,OFC-BOS,Project Leader,IT,Full-Time,2025-09-15,Target Population
EMP-04286,OFC-NYC,Consultant,HR,Full-Time,2024-01-08,Target Population
EMP-04287,OFC-GUR,Analyst,HR,Full-Time,2022-10-14,Target Population
EMP-04288,OFC-SIN,Consultant,Consulting,Full-Time,2022-07-14,Target Population
EMP-04289,OFC-BOS,Analyst,IT,Full-Time,2023-02-08,Target Population
EMP-04290,OFC-BOS,Consultant,IT,Full-Time,2024-05-09,Target Population
EMP-04291,OFC-SIN,Principal,Consulting,Full-Time,2022-02-09,Target Population
EMP-04292,OFC-NYC,Principal,Digital Ventures,Full-Time,2023-08-06,Target Population
EMP-04293,OFC-LON,Analyst,IT,Full-Time,2024-07-21,Target Population
EMP-04294,OFC-SIN,Project Leader,IT,Full-Time,2023-01-10,Target Population
EMP-04295,OFC-BOS,Analyst,Consulting,Full-Time,2022-07-17,Target Population
EMP-04296,OFC-LON,Consultant,Consulting,Full-Time,2023-11-17,Target Population
EMP-04297,OFC-BOS,Analyst,Consulting,Full-Time,2024-10-16,Target Population
EMP-04298,OFC-NYC,Analyst,Digital Ventures,Full-Time,2025-02-19,Target Population
EMP-04299,OFC-GUR,Consultant,Finance,Full-Time,2026-02-18,Target Population
EMP-04300,OFC-NYC,Analyst,Operations,Full-Time,2022-03-08,Target Population
EMP-04301,OFC-SIN,Analyst,Finance,Full-Time,2024-04-22,Target Population
EMP-04302,OFC-LON,Project Leader,HR,Full-Time,2023-12-24,Target Population
EMP-04303,OFC-NYC,Principal,Operations,Full-Time,2023-03-31,Target Population
EMP-04304,OFC-BOS,Project Leader,HR,Full-Time,2022-01-11,Target Population
EMP-04305,OFC-NYC,Project Leader,Operations,Full-Time,2025-03-16,Target Population
EMP-04306,OFC-NYC,Managing Director,IT,Full-Time,2025-08-11,Target Population
EMP-04307,OFC-BOS,Analyst,Finance,Full-Time,2026-06-30,Target Population
EMP-04308,OFC-NYC,Project Leader,Finance,Full-Time,2026-06-12,Target Population
EMP-04309,OFC-LON,Analyst,Digital Ventures,Full-Time,2023-11-22,Target Population
EMP-04310,OFC-GUR,Analyst,Finance,Full-Time,2022-07-28,Target Population
EMP-04311,OFC-GUR,Consultant,IT,Full-Time,2025-09-11,Target Population
EMP-04312,OFC-GUR,Managing Director,Digital Ventures,Full-Time,2022-08-19,Target Population
EMP-04313,OFC-BOS,Consultant,HR,Full-Time,2022-12-15,Target Population
EMP-04314,OFC-BOS,Consultant,Finance,Full-Time,2022-10-19,Target Population
EMP-04315,OFC-GUR,Project Leader,Operations,Full-Time,2021-11-13,Target Population
EMP-04316,OFC-LON,Consultant,Consulting,Full-Time,2022-04-16,Target Population
EMP-04317,OFC-BOS,Consultant,Digital Ventures,Full-Time,2023-08-28,Target Population
EMP-04318,OFC-GUR,Analyst,Digital Ventures,Full-Time,2022-11-17,Target Population
EMP-04319,OFC-GUR,Consultant,HR,Full-Time,2023-06-14,Target Population
EMP-04320,OFC-LON,Project Leader,Consulting,Full-Time,2025-03-04,Target Population
EMP-04321,OFC-BOS,Consultant,Finance,Full-Time,2024-12-06,Target Population
EMP-04322,OFC-GUR,Principal,HR,Full-Time,2022-06-25,Target Population
EMP-04323,OFC-LON,Analyst,HR,Full-Time,2026-09-20,Target Population
EMP-04324,OFC-GUR,Partner,Finance,Full-Time,2026-10-02,Target Population
EMP-04325,OFC-GUR,Analyst,Finance,Full-Time,2023-12-20,Target Population
EMP-04326,OFC-GUR,Analyst,HR,Full-Time,2022-05-27,Target Population
EMP-04327,OFC-LON,Analyst,Consulting,Full-Time,2021-12-13,Target Population
EMP-04328,OFC-BOS,Analyst,IT,Full-Time,2022-04-25,Target Population
EMP-04329,OFC-GUR,Analyst,Operations,Full-Time,2023-06-13,Target Population
EMP-04330,OFC-LON,Analyst,Operations,Full-Time,2025-07-15,Target Population
EMP-04331,OFC-GUR,Project Leader,IT,Full-Time,2022-11-11,Target Population
EMP-04332,OFC-BOS,Principal,HR,Full-Time,2022-07-19,Target Population
EMP-04333,OFC-BOS,Consultant,HR,Full-Time,2024-08-02,Target Population
EMP-04334,OFC-SIN,Analyst,Consulting,Full-Time,2022-10-22,Target Population
EMP-04335,OFC-GUR,Analyst,Operations,Full-Time,2022-02-16,Target Population
EMP-04336,OFC-SIN,Project Leader,IT,Full-Time,2025-09-08,Target Population
EMP-04337,OFC-GUR,Consultant,Digital Ventures,Full-Time,2022-03-13,Target Population
EMP-04338,OFC-LON,Partner,IT,Full-Time,2023-03-12,Target Population
EMP-04339,OFC-GUR,Consultant,Digital Ventures,Full-Time,2026-08-24,Target Population
EMP-04340,OFC-SIN,Consultant,IT,Full-Time,2025-06-13,Target Population
EMP-04341,OFC-LON,Managing Director,Consulting,Full-Time,2025-02-15,Target Population
EMP-04342,OFC-LON,Analyst,Finance,Full-Time,2025-12-26,Target Population
EMP-04343,OFC-BOS,Analyst,Finance,Full-Time,2022-01-06,Target Population
EMP-04344,OFC-LON,Project Leader,Operations,Full-Time,2025-01-08,Target Population
EMP-04345,OFC-GUR,Consultant,HR,Full-Time,2025-05-24,Target Population
EMP-04346,OFC-NYC,Consultant,Operations,Full-Time,2023-03-27,Target Population
EMP-04347,OFC-BOS,Analyst,Finance,Full-Time,2024-10-10,Target Population
EMP-04348,OFC-NYC,Analyst,Digital Ventures,Full-Time,2023-08-05,Target Population
EMP-04349,OFC-BOS,Project Leader,Digital Ventures,Full-Time,2023-05-11,Target Population
EMP-04350,OFC-BOS,Consultant,Operations,Full-Time,2024-02-08,Target Population
EMP-04351,OFC-NYC,Partner,Digital Ventures,Full-Time,2024-02-23,Target Population
EMP-04352,OFC-SIN,Analyst,Digital Ventures,Full-Time,2025-07-23,Target Population
EMP-04353,OFC-LON,Analyst,Digital Ventures,Full-Time,2023-01-11,Target Population
EMP-04354,OFC-BOS,Project Leader,Consulting,Full-Time,2022-01-22,Target Population
EMP-04355,OFC-BOS,Consultant,Finance,Full-Time,2023-11-09,Target Population
EMP-04356,OFC-GUR,Consultant,Consulting,Full-Time,2024-04-10,Target Population
EMP-04357,OFC-NYC,Analyst,Consulting,Full-Time,2026-01-04,Target Population
EMP-04358,OFC-GUR,Managing Director,Digital Ventures,Full-Time,2025-04-09,Target Population
EMP-04359,OFC-GUR,Analyst,Operations,Full-Time,2026-06-13,Target Population
EMP-04360,OFC-GUR,Consultant,Digital Ventures,Full-Time,2025-11-03,Target Population
EMP-04361,OFC-NYC,Consultant,Consulting,Full-Time,2022-04-14,Target Population
EMP-04362,OFC-GUR,Consultant,Finance,Full-Time,2022-07-06,Target Population
EMP-04363,OFC-NYC,Partner,Operations,Full-Time,2024-02-23,Target Population
EMP-04364,OFC-SIN,Project Leader,HR,Full-Time,2025-01-08,Target Population
EMP-04365,OFC-LON,Consultant,HR,Full-Time,2022-12-07,Target Population
EMP-04366,OFC-NYC,Consultant,HR,Full-Time,2025-05-01,Target Population
EMP-04367,OFC-NYC,Consultant,IT,Full-Time,2023-06-18,Target Population
EMP-04368,OFC-BOS,Analyst,Finance,Full-Time,2026-03-28,Target Population
EMP-04369,OFC-GUR,Principal,IT,Full-Time,2023-11-20,Target Population
EMP-04370,OFC-BOS,Managing Director,HR,Full-Time,2026-05-23,Target Population
EMP-04371,OFC-LON,Analyst,Finance,Full-Time,2021-12-06,Target Population
EMP-04372,OFC-NYC,Analyst,Finance,Full-Time,2025-01-07,Target Population
EMP-04373,OFC-GUR,Analyst,Digital Ventures,Full-Time,2024-10-26,Target Population
EMP-04374,OFC-GUR,Consultant,Finance,Full-Time,2025-11-05,Target Population
EMP-04375,OFC-GUR,Consultant,Consulting,Full-Time,2026-05-25,Target Population
EMP-04376,OFC-GUR,Analyst,HR,Full-Time,2025-11-20,Target Population
EMP-04377,OFC-BOS,Consultant,Operations,Full-Time,2024-09-09,Target Population
EMP-04378,OFC-BOS,Principal,Digital Ventures,Full-Time,2026-07-30,Target Population
EMP-04379,OFC-GUR,Consultant,HR,Full-Time,2026-01-14,Target Population
EMP-04380,OFC-NYC,Analyst,Operations,Full-Time,2024-07-02,Target Population
EMP-04381,OFC-NYC,Analyst,Consulting,Full-Time,2025-01-25,Target Population
EMP-04382,OFC-BOS,Project Leader,Operations,Full-Time,2024-01-25,Target Population
EMP-04383,OFC-NYC,Project Leader,Operations,Full-Time,2023-04-18,Target Population
EMP-04384,OFC-BOS,Analyst,Finance,Full-Time,2021-12-26,Target Population
EMP-04385,OFC-SIN,Principal,Consulting,Full-Time,2024-06-23,Target Population
EMP-04386,OFC-BOS,Consultant,HR,Full-Time,2023-08-18,Target Population
EMP-04387,OFC-LON,Analyst,IT,Full-Time,2022-01-06,Target Population
EMP-04388,OFC-BOS,Consultant,Digital Ventures,Full-Time,2024-02-26,Target Population
EMP-04389,OFC-GUR,Consultant,Finance,Full-Time,2022-04-07,Target Population
EMP-04390,OFC-NYC,Principal,IT,Full-Time,2025-10-11,Target Population
EMP-04391,OFC-SIN,Analyst,Consulting,Full-Time,2026-04-08,Target Population
EMP-04392,OFC-SIN,Consultant,Operations,Full-Time,2024-10-21,Target Population
EMP-04393,OFC-NYC,Partner,Finance,Full-Time,2026-09-25,Target Population
EMP-04394,OFC-SIN,Project Leader,IT,Full-Time,2023-09-30,Target Population
EMP-04395,OFC-SIN,Project Leader,Consulting,Full-Time,2023-02-14,Target Population
EMP-04396,OFC-GUR,Partner,Operations,Full-Time,2022-08-14,Target Population
EMP-04397,OFC-GUR,Analyst,IT,Full-Time,2023-11-16,Target Population
EMP-04398,OFC-BOS,Partner,HR,Full-Time,2023-10-26,Target Population
EMP-04399,OFC-LON,Analyst,Operations,Full-Time,2024-01-13,Target Population
EMP-04400,OFC-BOS,Consultant,Operations,Full-Time,2026-04-22,Target Population
EMP-04401,OFC-BOS,Project Leader,HR,Full-Time,2022-03-29,Target Population
EMP-04402,OFC-SIN,Partner,Consulting,Full-Time,2023-08-19,Target Population
EMP-04403,OFC-NYC,Consultant,IT,Full-Time,2026-08-30,Target Population
EMP-04404,OFC-GUR,Analyst,Operations,Full-Time,2025-01-25,Target Population
EMP-04405,OFC-GUR,Analyst,IT,Full-Time,2024-10-13,Target Population
EMP-04406,OFC-SIN,Analyst,Operations,Full-Time,2023-03-30,Target Population
EMP-04407,OFC-SIN,Consultant,Digital Ventures,Full-Time,2023-04-07,Target Population
EMP-04408,OFC-BOS,Project Leader,Consulting,Full-Time,2023-10-11,Target Population
EMP-04409,OFC-BOS,Consultant,Operations,Full-Time,2024-06-21,Target Population
EMP-04410,OFC-NYC,Analyst,Consulting,Full-Time,2024-10-25,Target Population
EMP-04411,OFC-BOS,Partner,IT,Full-Time,2022-01-02,Target Population
EMP-04412,OFC-BOS,Partner,Consulting,Full-Time,2024-10-03,Target Population
EMP-04413,OFC-NYC,Partner,IT,Full-Time,2026-08-05,Target Population
EMP-04414,OFC-GUR,Consultant,Operations,Full-Time,2026-07-24,Target Population
EMP-04415,OFC-LON,Partner,Finance,Full-Time,2022-12-22,Target Population
EMP-04416,OFC-NYC,Partner,HR,Full-Time,2026-07-22,Target Population
EMP-04417,OFC-GUR,Project Leader,Finance,Full-Time,2023-05-14,Target Population
EMP-04418,OFC-BOS,Analyst,Finance,Full-Time,2025-12-14,Target Population
EMP-04419,OFC-BOS,Analyst,Digital Ventures,Full-Time,2026-05-18,Target Population
EMP-04420,OFC-GUR,Analyst,Digital Ventures,Full-Time,2024-05-24,Target Population
EMP-04421,OFC-LON,Project Leader,Digital Ventures,Full-Time,2023-04-05,Target Population
EMP-04422,OFC-GUR,Project Leader,Operations,Full-Time,2025-12-08,Target Population
EMP-04423,OFC-BOS,Project Leader,Consulting,Full-Time,2022-02-01,Target Population
EMP-04424,OFC-GUR,Consultant,Operations,Full-Time,2022-07-14,Target Population
EMP-04425,OFC-LON,Analyst,Finance,Full-Time,2022-03-30,Target Population
EMP-04426,OFC-LON,Project Leader,IT,Full-Time,2023-09-29,Target Population
EMP-04427,OFC-LON,Analyst,Digital Ventures,Full-Time,2023-08-17,Target Population
EMP-04428,OFC-SIN,Analyst,IT,Full-Time,2021-12-07,Target Population
EMP-04429,OFC-LON,Partner,Operations,Full-Time,2026-03-30,Target Population
EMP-04430,OFC-LON,Consultant,Digital Ventures,Full-Time,2025-10-31,Target Population
EMP-04431,OFC-SIN,Consultant,IT,Full-Time,2021-10-09,Target Population
EMP-04432,OFC-GUR,Analyst,Digital Ventures,Full-Time,2024-08-02,Target Population
EMP-04433,OFC-NYC,Consultant,IT,Full-Time,2023-06-24,Target Population
EMP-04434,OFC-GUR,Analyst,IT,Full-Time,2022-11-16,Target Population
EMP-04435,OFC-NYC,Partner,IT,Full-Time,2024-08-30,Target Population
EMP-04436,OFC-BOS,Consultant,Operations,Full-Time,2023-04-11,Target Population
EMP-04437,OFC-LON,Consultant,Finance,Full-Time,2024-07-08,Target Population
EMP-04438,OFC-SIN,Consultant,Consulting,Full-Time,2022-04-10,Target Population
EMP-04439,OFC-SIN,Consultant,Finance,Full-Time,2021-12-14,Target Population
EMP-04440,OFC-NYC,Consultant,Operations,Full-Time,2023-01-08,Target Population
EMP-04441,OFC-LON,Partner,Consulting,Full-Time,2026-10-03,Target Population
EMP-04442,OFC-BOS,Principal,Consulting,Full-Time,2022-12-21,Target Population
EMP-04443,OFC-SIN,Project Leader,Operations,Full-Time,2022-09-16,Target Population
EMP-04444,OFC-SIN,Analyst,IT,Full-Time,2026-03-30,Target Population
EMP-04445,OFC-LON,Analyst,Digital Ventures,Full-Time,2024-11-13,Target Population
EMP-04446,OFC-GUR,Consultant,Finance,Full-Time,2022-05-20,Target Population
EMP-04447,OFC-GUR,Analyst,IT,Full-Time,2024-12-10,Target Population
EMP-04448,OFC-LON,Consultant,IT,Full-Time,2025-02-17,Target Population
EMP-04449,OFC-BOS,Project Leader,Finance,Full-Time,2026-10-01,Target Population
EMP-04450,OFC-LON,Analyst,Digital Ventures,Full-Time,2022-08-16,Target Population
EMP-04451,OFC-GUR,Analyst,Consulting,Full-Time,2024-08-17,Target Population
EMP-04452,OFC-GUR,Project Leader,IT,Full-Time,2024-05-01,Target Population
EMP-04453,OFC-NYC,Managing Director,Consulting,Full-Time,2024-07-05,Target Population
EMP-04454,OFC-SIN,Analyst,Finance,Full-Time,2022-12-04,Target Population
EMP-04455,OFC-BOS,Consultant,IT,Full-Time,2023-02-08,Target Population
EMP-04456,OFC-LON,Partner,HR,Full-Time,2025-06-25,Target Population
EMP-04457,OFC-GUR,Analyst,Digital Ventures,Full-Time,2025-11-28,Target Population
EMP-04458,OFC-GUR,Analyst,Consulting,Full-Time,2024-06-18,Target Population
EMP-04459,OFC-LON,Consultant,Finance,Full-Time,2023-04-01,Target Population
EMP-04460,OFC-NYC,Analyst,Operations,Full-Time,2026-07-19,Target Population
EMP-04461,OFC-BOS,Analyst,Digital Ventures,Full-Time,2024-10-19,Target Population
EMP-04462,OFC-LON,Analyst,Digital Ventures,Full-Time,2023-08-31,Target Population
EMP-04463,OFC-LON,Consultant,Finance,Full-Time,2023-04-04,Target Population
EMP-04464,OFC-BOS,Partner,Consulting,Full-Time,2024-12-25,Target Population
EMP-04465,OFC-GUR,Analyst,Operations,Full-Time,2024-05-17,Target Population
EMP-04466,OFC-LON,Consultant,Digital Ventures,Full-Time,2024-04-09,Target Population
EMP-04467,OFC-GUR,Principal,Operations,Full-Time,2022-11-06,Target Population
EMP-04468,OFC-GUR,Analyst,Finance,Full-Time,2023-04-12,Target Population
EMP-04469,OFC-BOS,Consultant,Digital Ventures,Full-Time,2021-10-12,Target Population
EMP-04470,OFC-BOS,Principal,IT,Full-Time,2026-08-21,Target Population
EMP-04471,OFC-GUR,Consultant,Digital Ventures,Full-Time,2025-02-04,Target Population
EMP-04472,OFC-LON,Analyst,Finance,Full-Time,2026-08-05,Target Population
EMP-04473,OFC-GUR,Partner,Consulting,Full-Time,2022-01-15,Target Population
EMP-04474,OFC-GUR,Analyst,Finance,Full-Time,2023-04-25,Target Population
EMP-04475,OFC-GUR,Project Leader,HR,Full-Time,2024-06-21,Target Population
EMP-04476,OFC-SIN,Consultant,Finance,Full-Time,2023-08-24,Target Population
EMP-04477,OFC-LON,Principal,Consulting,Full-Time,2026-07-30,Target Population
EMP-04478,OFC-LON,Project Leader,Digital Ventures,Full-Time,2022-08-26,Target Population
EMP-04479,OFC-NYC,Consultant,Consulting,Full-Time,2025-12-26,Target Population
EMP-04480,OFC-BOS,Analyst,Operations,Full-Time,2022-12-17,Target Population
EMP-04481,OFC-LON,Analyst,Consulting,Full-Time,2024-07-31,Target Population
EMP-04482,OFC-NYC,Principal,IT,Full-Time,2022-06-05,Target Population
EMP-04483,OFC-SIN,Principal,HR,Full-Time,2023-10-16,Target Population
EMP-04484,OFC-LON,Principal,Finance,Full-Time,2024-09-18,Target Population
EMP-04485,OFC-LON,Analyst,Finance,Full-Time,2024-06-25,Target Population
EMP-04486,OFC-NYC,Project Leader,IT,Full-Time,2023-03-12,Target Population
EMP-04487,OFC-BOS,Analyst,HR,Full-Time,2022-07-09,Target Population
EMP-04488,OFC-BOS,Principal,Finance,Full-Time,2024-08-15,Target Population
EMP-04489,OFC-NYC,Consultant,HR,Full-Time,2025-07-25,Target Population
EMP-04490,OFC-BOS,Principal,Operations,Full-Time,2021-11-11,Target Population
EMP-04491,OFC-LON,Analyst,HR,Full-Time,2024-01-08,Target Population
EMP-04492,OFC-SIN,Project Leader,Operations,Full-Time,2023-07-20,Target Population
EMP-04493,OFC-SIN,Consultant,HR,Full-Time,2023-11-21,Target Population
EMP-04494,OFC-GUR,Consultant,Finance,Full-Time,2022-05-05,Target Population
EMP-04495,OFC-BOS,Consultant,Consulting,Full-Time,2024-09-29,Target Population
EMP-04496,OFC-SIN,Consultant,IT,Full-Time,2023-12-13,Target Population
EMP-04497,OFC-SIN,Analyst,Consulting,Full-Time,2022-09-07,Target Population
EMP-04498,OFC-BOS,Analyst,Digital Ventures,Full-Time,2021-10-10,Target Population
EMP-04499,OFC-GUR,Consultant,Consulting,Full-Time,2022-03-05,Target Population
EMP-04500,OFC-NYC,Project Leader,Consulting,Full-Time,2025-01-18,Target Population
EMP-04501,OFC-GUR,Partner,Finance,Full-Time,2025-06-29,Target Population
EMP-04502,OFC-SIN,Analyst,Digital Ventures,Full-Time,2025-05-02,Target Population
EMP-04503,OFC-BOS,Principal,HR,Full-Time,2023-03-07,Target Population
EMP-04504,OFC-SIN,Analyst,Operations,Full-Time,2025-04-15,Target Population
EMP-04505,OFC-LON,Partner,Operations,Full-Time,2025-12-16,Target Population
EMP-04506,OFC-SIN,Managing Director,IT,Full-Time,2024-12-26,Target Population
EMP-04507,OFC-LON,Project Leader,Consulting,Full-Time,2024-10-02,Target Population
EMP-04508,OFC-GUR,Consultant,IT,Full-Time,2026-05-30,Target Population
EMP-04509,OFC-BOS,Managing Director,Digital Ventures,Full-Time,2024-12-16,Target Population
EMP-04510,OFC-NYC,Partner,Digital Ventures,Full-Time,2022-08-18,Target Population
EMP-04511,OFC-BOS,Analyst,Operations,Full-Time,2025-11-04,Target Population
EMP-04512,OFC-SIN,Analyst,IT,Full-Time,2026-09-06,Target Population
EMP-04513,OFC-GUR,Consultant,IT,Full-Time,2023-09-07,Target Population
EMP-04514,OFC-SIN,Consultant,Digital Ventures,Full-Time,2023-02-24,Target Population
EMP-04515,OFC-SIN,Analyst,Digital Ventures,Full-Time,2025-08-09,Target Population
EMP-04516,OFC-BOS,Analyst,Digital Ventures,Full-Time,2022-05-24,Target Population
EMP-04517,OFC-NYC,Consultant,HR,Full-Time,2022-01-18,Target Population
EMP-04518,OFC-BOS,Analyst,Consulting,Full-Time,2024-04-10,Target Population
EMP-04519,OFC-BOS,Project Leader,Finance,Full-Time,2021-12-08,Target Population
EMP-04520,OFC-BOS,Analyst,Finance,Full-Time,2024-06-23,Target Population
EMP-04521,OFC-LON,Project Leader,Consulting,Full-Time,2023-12-27,Target Population
EMP-04522,OFC-NYC,Consultant,Digital Ventures,Full-Time,2022-08-28,Target Population
EMP-04523,OFC-BOS,Analyst,IT,Full-Time,2022-05-25,Target Population
EMP-04524,OFC-BOS,Analyst,HR,Full-Time,2024-09-02,Target Population
EMP-04525,OFC-BOS,Analyst,IT,Full-Time,2023-03-19,Target Population
EMP-04526,OFC-SIN,Consultant,HR,Full-Time,2024-12-16,Target Population
EMP-04527,OFC-GUR,Project Leader,HR,Full-Time,2023-02-18,Target Population
EMP-04528,OFC-SIN,Consultant,Digital Ventures,Full-Time,2022-05-28,Target Population
EMP-04529,OFC-NYC,Analyst,Finance,Full-Time,2026-06-02,Target Population
EMP-04530,OFC-NYC,Analyst,Consulting,Full-Time,2022-07-23,Target Population
EMP-04531,OFC-GUR,Analyst,Digital Ventures,Full-Time,2024-08-21,Target Population
EMP-04532,OFC-NYC,Analyst,Finance,Full-Time,2025-11-14,Target Population
EMP-04533,OFC-NYC,Consultant,Finance,Full-Time,2022-01-11,Target Population
EMP-04534,OFC-BOS,Analyst,HR,Full-Time,2025-06-08,Target Population
EMP-04535,OFC-BOS,Partner,Digital Ventures,Full-Time,2023-03-03,Target Population
EMP-04536,OFC-NYC,Analyst,Finance,Full-Time,2025-06-17,Target Population
EMP-04537,OFC-NYC,Analyst,Finance,Full-Time,2023-02-07,Target Population
EMP-04538,OFC-GUR,Consultant,HR,Full-Time,2022-03-22,Target Population
EMP-04539,OFC-BOS,Project Leader,Consulting,Full-Time,2022-08-17,Target Population
EMP-04540,OFC-BOS,Consultant,Finance,Full-Time,2024-07-31,Target Population
EMP-04541,OFC-GUR,Consultant,HR,Full-Time,2023-07-07,Target Population
EMP-04542,OFC-BOS,Consultant,HR,Full-Time,2023-05-20,Target Population
EMP-04543,OFC-NYC,Consultant,IT,Full-Time,2025-03-31,Target Population
EMP-04544,OFC-SIN,Principal,HR,Full-Time,2026-06-24,Target Population
EMP-04545,OFC-BOS,Analyst,IT,Full-Time,2026-05-12,Target Population
EMP-04546,OFC-BOS,Consultant,HR,Full-Time,2024-01-09,Target Population
EMP-04547,OFC-LON,Principal,Consulting,Full-Time,2024-02-28,Target Population
EMP-04548,OFC-NYC,Principal,Consulting,Full-Time,2024-04-17,Target Population
EMP-04549,OFC-LON,Consultant,Operations,Full-Time,2023-10-15,Target Population
EMP-04550,OFC-GUR,Analyst,Digital Ventures,Full-Time,2022-08-01,Target Population
EMP-04551,OFC-BOS,Analyst,Consulting,Full-Time,2022-03-10,Target Population
EMP-04552,OFC-LON,Consultant,Consulting,Full-Time,2025-02-08,Target Population
EMP-04553,OFC-LON,Managing Director,HR,Full-Time,2026-08-18,Target Population
EMP-04554,OFC-BOS,Analyst,Consulting,Full-Time,2026-06-10,Target Population
EMP-04555,OFC-LON,Project Leader,Finance,Full-Time,2025-12-10,Target Population
EMP-04556,OFC-NYC,Consultant,HR,Full-Time,2023-01-27,Target Population
EMP-04557,OFC-LON,Consultant,Digital Ventures,Full-Time,2022-03-25,Target Population
EMP-04558,OFC-BOS,Analyst,Digital Ventures,Full-Time,2024-11-01,Target Population
EMP-04559,OFC-LON,Consultant,Digital Ventures,Full-Time,2021-10-18,Target Population
EMP-04560,OFC-NYC,Analyst,IT,Full-Time,2025-05-27,Target Population
EMP-04561,OFC-GUR,Consultant,IT,Full-Time,2022-07-06,Target Population
EMP-04562,OFC-BOS,Analyst,HR,Full-Time,2024-04-09,Target Population
EMP-04563,OFC-NYC,Analyst,HR,Full-Time,2025-11-07,Target Population
EMP-04564,OFC-LON,Analyst,Finance,Full-Time,2023-06-19,Target Population
EMP-04565,OFC-GUR,Analyst,Digital Ventures,Full-Time,2022-08-04,Target Population
EMP-04566,OFC-LON,Analyst,Digital Ventures,Full-Time,2021-12-25,Target Population
EMP-04567,OFC-GUR,Analyst,Finance,Full-Time,2023-07-11,Target Population
EMP-04568,OFC-GUR,Analyst,Digital Ventures,Full-Time,2023-03-21,Target Population
EMP-04569,OFC-SIN,Project Leader,Digital Ventures,Full-Time,2024-03-31,Target Population
EMP-04570,OFC-NYC,Consultant,IT,Full-Time,2022-06-18,Target Population
EMP-04571,OFC-LON,Analyst,Finance,Full-Time,2025-10-17,Target Population
EMP-04572,OFC-GUR,Consultant,Consulting,Full-Time,2022-09-30,Target Population
EMP-04573,OFC-SIN,Consultant,Operations,Full-Time,2024-05-22,Target Population
EMP-04574,OFC-SIN,Consultant,IT,Full-Time,2025-02-22,Target Population
EMP-04575,OFC-NYC,Principal,Finance,Full-Time,2025-10-09,Target Population
EMP-04576,OFC-BOS,Consultant,IT,Full-Time,2025-12-04,Target Population
EMP-04577,OFC-LON,Consultant,Digital Ventures,Full-Time,2024-01-08,Target Population
EMP-04578,OFC-GUR,Principal,IT,Full-Time,2022-07-17,Target Population
EMP-04579,OFC-LON,Analyst,IT,Full-Time,2026-05-24,Target Population
EMP-04580,OFC-LON,Analyst,Consulting,Full-Time,2025-01-23,Target Population
EMP-04581,OFC-GUR,Project Leader,HR,Full-Time,2023-05-04,Target Population
EMP-04582,OFC-NYC,Analyst,HR,Full-Time,2024-12-02,Target Population
EMP-04583,OFC-SIN,Consultant,HR,Full-Time,2025-01-04,Target Population
EMP-04584,OFC-NYC,Consultant,IT,Full-Time,2024-11-27,Target Population
EMP-04585,OFC-NYC,Managing Director,IT,Full-Time,2023-05-09,Target Population
EMP-04586,OFC-LON,Project Leader,HR,Full-Time,2025-07-22,Target Population
EMP-04587,OFC-GUR,Consultant,Operations,Full-Time,2022-02-22,Target Population
EMP-04588,OFC-BOS,Analyst,HR,Full-Time,2024-01-03,Target Population
EMP-04589,OFC-BOS,Partner,IT,Full-Time,2025-07-04,Target Population
EMP-04590,OFC-SIN,Partner,Digital Ventures,Full-Time,2025-09-20,Target Population
EMP-04591,OFC-BOS,Analyst,Operations,Full-Time,2024-01-03,Target Population
EMP-04592,OFC-LON,Consultant,Consulting,Full-Time,2023-09-09,Target Population
EMP-04593,OFC-LON,Project Leader,Operations,Full-Time,2024-01-19,Target Population
EMP-04594,OFC-LON,Partner,Operations,Full-Time,2026-07-26,Target Population
EMP-04595,OFC-LON,Analyst,Digital Ventures,Full-Time,2022-04-16,Target Population
EMP-04596,OFC-BOS,Analyst,HR,Full-Time,2023-01-19,Target Population
EMP-04597,OFC-LON,Analyst,Operations,Full-Time,2022-08-03,Target Population
EMP-04598,OFC-NYC,Consultant,Finance,Full-Time,2022-06-30,Target Population
EMP-04599,OFC-GUR,Principal,Operations,Full-Time,2024-09-09,Target Population
EMP-04600,OFC-BOS,Analyst,Digital Ventures,Full-Time,2026-05-16,Target Population
EMP-04601,OFC-LON,Analyst,IT,Full-Time,2025-04-15,Target Population
EMP-04602,OFC-BOS,Analyst,Consulting,Full-Time,2023-09-13,Target Population
EMP-04603,OFC-NYC,Managing Director,Consulting,Full-Time,2026-06-22,Target Population
EMP-04604,OFC-BOS,Consultant,HR,Full-Time,2022-04-14,Target Population
EMP-04605,OFC-BOS,Partner,Digital Ventures,Full-Time,2025-01-21,Target Population
EMP-04606,OFC-GUR,Project Leader,Digital Ventures,Full-Time,2026-03-18,Target Population
EMP-04607,OFC-NYC,Consultant,IT,Full-Time,2025-04-29,Target Population
EMP-04608,OFC-SIN,Principal,Digital Ventures,Full-Time,2026-04-27,Target Population
EMP-04609,OFC-SIN,Project Leader,IT,Full-Time,2025-10-21,Target Population
EMP-04610,OFC-LON,Analyst,HR,Full-Time,2026-08-21,Target Population
EMP-04611,OFC-BOS,Analyst,Digital Ventures,Full-Time,2023-10-09,Target Population
EMP-04612,OFC-NYC,Analyst,Finance,Full-Time,2025-10-25,Target Population
EMP-04613,OFC-GUR,Project Leader,Consulting,Full-Time,2024-04-22,Target Population
EMP-04614,OFC-NYC,Principal,Finance,Full-Time,2022-06-09,Target Population
EMP-04615,OFC-BOS,Principal,IT,Full-Time,2025-02-14,Target Population
EMP-04616,OFC-LON,Analyst,Digital Ventures,Full-Time,2022-01-22,Target Population
EMP-04617,OFC-GUR,Analyst,HR,Full-Time,2026-01-13,Target Population
EMP-04618,OFC-GUR,Analyst,IT,Full-Time,2026-08-16,Target Population
EMP-04619,OFC-BOS,Project Leader,Operations,Full-Time,2026-02-28,Target Population
EMP-04620,OFC-GUR,Project Leader,Operations,Full-Time,2026-08-17,Target Population
EMP-04621,OFC-BOS,Consultant,Finance,Full-Time,2023-01-08,Target Population
EMP-04622,OFC-BOS,Managing Director,Digital Ventures,Full-Time,2022-10-15,Target Population
EMP-04623,OFC-SIN,Consultant,Digital Ventures,Full-Time,2025-08-02,Target Population
EMP-04624,OFC-BOS,Project Leader,Consulting,Full-Time,2023-03-28,Target Population
EMP-04625,OFC-NYC,Project Leader,HR,Full-Time,2023-03-10,Target Population
EMP-04626,OFC-BOS,Consultant,Consulting,Full-Time,2023-07-27,Target Population
EMP-04627,OFC-SIN,Managing Director,Digital Ventures,Full-Time,2023-05-28,Target Population
EMP-04628,OFC-GUR,Analyst,Consulting,Full-Time,2022-11-03,Target Population
EMP-04629,OFC-LON,Consultant,Digital Ventures,Full-Time,2022-02-16,Target Population
EMP-04630,OFC-GUR,Partner,Digital Ventures,Full-Time,2025-05-14,Target Population
EMP-04631,OFC-BOS,Analyst,Consulting,Full-Time,2022-06-07,Target Population
EMP-04632,OFC-LON,Consultant,Digital Ventures,Full-Time,2025-06-20,Target Population
EMP-04633,OFC-NYC,Analyst,Finance,Full-Time,2023-06-26,Target Population
EMP-04634,OFC-BOS,Analyst,Finance,Full-Time,2023-01-09,Target Population
EMP-04635,OFC-LON,Analyst,Finance,Full-Time,2023-12-17,Target Population
EMP-04636,OFC-SIN,Partner,Digital Ventures,Full-Time,2024-06-26,Target Population
EMP-04637,OFC-BOS,Principal,HR,Full-Time,2022-05-03,Target Population
EMP-04638,OFC-NYC,Analyst,Operations,Full-Time,2022-07-04,Target Population
EMP-04639,OFC-BOS,Consultant,Consulting,Full-Time,2025-01-24,Target Population
EMP-04640,OFC-BOS,Project Leader,Digital Ventures,Full-Time,2026-07-01,Target Population
EMP-04641,OFC-SIN,Consultant,Finance,Full-Time,2025-02-22,Target Population
EMP-04642,OFC-LON,Analyst,IT,Full-Time,2026-06-18,Target Population
EMP-04643,OFC-LON,Principal,HR,Full-Time,2024-07-16,Target Population
EMP-04644,OFC-GUR,Project Leader,HR,Full-Time,2024-02-12,Target Population
EMP-04645,OFC-BOS,Analyst,Digital Ventures,Full-Time,2026-03-09,Target Population
EMP-04646,OFC-LON,Principal,HR,Full-Time,2025-08-30,Target Population
EMP-04647,OFC-NYC,Consultant,Finance,Full-Time,2021-11-14,Target Population
EMP-04648,OFC-LON,Analyst,IT,Full-Time,2026-10-06,Target Population
EMP-04649,OFC-SIN,Project Leader,Operations,Full-Time,2026-03-18,Target Population
EMP-04650,OFC-GUR,Analyst,Operations,Full-Time,2025-05-02,Target Population
EMP-04651,OFC-NYC,Managing Director,HR,Full-Time,2022-09-21,Target Population
EMP-04652,OFC-GUR,Analyst,IT,Full-Time,2025-04-16,Target Population
EMP-04653,OFC-BOS,Consultant,Finance,Full-Time,2023-01-14,Target Population
EMP-04654,OFC-BOS,Consultant,IT,Full-Time,2023-01-10,Target Population
EMP-04655,OFC-BOS,Consultant,Consulting,Full-Time,2026-08-02,Target Population
EMP-04656,OFC-NYC,Analyst,HR,Full-Time,2026-10-07,Target Population
EMP-04657,OFC-LON,Analyst,IT,Full-Time,2026-09-21,Target Population
EMP-04658,OFC-LON,Project Leader,Operations,Full-Time,2022-08-14,Target Population
EMP-04659,OFC-SIN,Project Leader,Operations,Full-Time,2022-08-31,Target Population
EMP-04660,OFC-LON,Consultant,Operations,Full-Time,2026-07-21,Target Population
EMP-04661,OFC-LON,Analyst,Finance,Full-Time,2022-08-16,Target Population
EMP-04662,OFC-BOS,Principal,HR,Full-Time,2024-03-13,Target Population
EMP-04663,OFC-BOS,Consultant,HR,Full-Time,2026-04-28,Target Population
EMP-04664,OFC-LON,Analyst,Consulting,Full-Time,2024-09-09,Target Population
EMP-04665,OFC-NYC,Analyst,Finance,Full-Time,2025-04-05,Target Population
EMP-04666,OFC-GUR,Principal,IT,Full-Time,2024-01-05,Target Population
EMP-04667,OFC-BOS,Partner,Finance,Full-Time,2025-01-09,Target Population
EMP-04668,OFC-BOS,Consultant,Finance,Full-Time,2025-11-23,Target Population
EMP-04669,OFC-NYC,Consultant,Consulting,Full-Time,2026-08-19,Target Population
EMP-04670,OFC-BOS,Consultant,HR,Full-Time,2025-10-15,Target Population
EMP-04671,OFC-BOS,Analyst,Digital Ventures,Full-Time,2022-01-31,Target Population
EMP-04672,OFC-GUR,Project Leader,Consulting,Full-Time,2023-03-26,Target Population
EMP-04673,OFC-BOS,Partner,HR,Full-Time,2024-02-09,Target Population
EMP-04674,OFC-LON,Consultant,Operations,Full-Time,2025-03-11,Target Population
EMP-04675,OFC-NYC,Consultant,Digital Ventures,Full-Time,2022-12-27,Target Population
EMP-04676,OFC-BOS,Analyst,Digital Ventures,Full-Time,2025-03-08,Target Population
EMP-04677,OFC-NYC,Partner,IT,Full-Time,2022-02-04,Target Population
EMP-04678,OFC-GUR,Partner,Digital Ventures,Full-Time,2025-02-17,Target Population
EMP-04679,OFC-NYC,Analyst,Operations,Full-Time,2024-08-01,Target Population
EMP-04680,OFC-GUR,Partner,IT,Full-Time,2023-10-15,Target Population
EMP-04681,OFC-BOS,Principal,IT,Full-Time,2022-03-09,Target Population
EMP-04682,OFC-GUR,Project Leader,Operations,Full-Time,2025-10-22,Target Population
EMP-04683,OFC-BOS,Principal,Consulting,Full-Time,2024-01-19,Target Population
EMP-04684,OFC-GUR,Analyst,IT,Full-Time,2024-12-07,Target Population
EMP-04685,OFC-LON,Consultant,Digital Ventures,Full-Time,2021-12-08,Target Population
EMP-04686,OFC-SIN,Project Leader,Operations,Full-Time,2024-08-21,Target Population
EMP-04687,OFC-NYC,Consultant,HR,Full-Time,2024-05-05,Target Population
EMP-04688,OFC-BOS,Analyst,Digital Ventures,Full-Time,2024-05-30,Target Population
EMP-04689,OFC-BOS,Analyst,IT,Full-Time,2024-02-25,Target Population
EMP-04690,OFC-GUR,Consultant,Finance,Full-Time,2025-12-12,Target Population
EMP-04691,OFC-LON,Consultant,Digital Ventures,Full-Time,2022-08-08,Target Population
EMP-04692,OFC-GUR,Principal,Operations,Full-Time,2023-09-15,Target Population
EMP-04693,OFC-BOS,Consultant,Operations,Full-Time,2022-11-28,Target Population
EMP-04694,OFC-NYC,Consultant,Digital Ventures,Full-Time,2024-04-27,Target Population
EMP-04695,OFC-BOS,Consultant,HR,Full-Time,2025-07-14,Target Population
EMP-04696,OFC-SIN,Analyst,Consulting,Full-Time,2024-06-29,Target Population
EMP-04697,OFC-GUR,Analyst,HR,Full-Time,2024-01-22,Target Population
EMP-04698,OFC-SIN,Managing Director,IT,Full-Time,2025-04-23,Target Population
EMP-04699,OFC-NYC,Project Leader,Finance,Full-Time,2022-07-11,Target Population
EMP-04700,OFC-LON,Managing Director,Consulting,Full-Time,2023-05-13,Target Population
EMP-04701,OFC-GUR,Analyst,IT,Full-Time,2025-07-10,Target Population
EMP-04702,OFC-NYC,Consultant,Digital Ventures,Full-Time,2023-07-25,Target Population
EMP-04703,OFC-GUR,Consultant,IT,Full-Time,2025-03-25,Target Population
EMP-04704,OFC-SIN,Principal,Finance,Full-Time,2025-11-20,Target Population
EMP-04705,OFC-SIN,Project Leader,Operations,Full-Time,2026-02-27,Target Population
EMP-04706,OFC-GUR,Analyst,Digital Ventures,Full-Time,2024-12-11,Target Population
EMP-04707,OFC-NYC,Project Leader,Digital Ventures,Full-Time,2022-03-30,Target Population
EMP-04708,OFC-NYC,Consultant,Consulting,Full-Time,2026-02-23,Target Population
EMP-04709,OFC-SIN,Analyst,Operations,Full-Time,2023-02-12,Target Population
EMP-04710,OFC-BOS,Consultant,Finance,Full-Time,2022-04-28,Target Population
EMP-04711,OFC-GUR,Partner,Consulting,Full-Time,2024-05-30,Target Population
EMP-04712,OFC-GUR,Project Leader,Finance,Full-Time,2026-01-28,Target Population
EMP-04713,OFC-LON,Analyst,IT,Full-Time,2025-03-13,Target Population
EMP-04714,OFC-SIN,Project Leader,HR,Full-Time,2022-12-02,Target Population
EMP-04715,OFC-NYC,Principal,Digital Ventures,Full-Time,2026-03-23,Target Population
EMP-04716,OFC-NYC,Analyst,IT,Full-Time,2026-08-08,Target Population
EMP-04717,OFC-BOS,Consultant,Digital Ventures,Full-Time,2022-01-04,Target Population
EMP-04718,OFC-NYC,Consultant,Digital Ventures,Full-Time,2023-03-30,Target Population
EMP-04719,OFC-NYC,Analyst,Finance,Full-Time,2023-05-28,Target Population
EMP-04720,OFC-NYC,Consultant,Consulting,Full-Time,2023-06-22,Target Population
EMP-04721,OFC-GUR,Partner,Consulting,Full-Time,2022-04-04,Target Population
EMP-04722,OFC-SIN,Analyst,Operations,Full-Time,2023-11-21,Target Population
EMP-04723,OFC-BOS,Consultant,Finance,Full-Time,2022-01-17,Target Population
EMP-04724,OFC-NYC,Analyst,Finance,Full-Time,2025-08-25,Target Population
EMP-04725,OFC-SIN,Analyst,IT,Full-Time,2022-03-13,Target Population
EMP-04726,OFC-BOS,Managing Director,HR,Full-Time,2024-10-30,Target Population
EMP-04727,OFC-BOS,Principal,IT,Full-Time,2023-06-17,Target Population
EMP-04728,OFC-BOS,Consultant,Consulting,Full-Time,2024-02-05,Target Population
EMP-04729,OFC-LON,Consultant,IT,Full-Time,2024-11-24,Target Population
EMP-04730,OFC-BOS,Analyst,IT,Full-Time,2025-09-18,Target Population
EMP-04731,OFC-SIN,Analyst,Operations,Full-Time,2026-01-23,Target Population
EMP-04732,OFC-NYC,Consultant,Operations,Full-Time,2025-02-21,Target Population
EMP-04733,OFC-LON,Principal,Digital Ventures,Full-Time,2022-10-26,Target Population
EMP-04734,OFC-BOS,Partner,Finance,Full-Time,2022-01-09,Target Population
EMP-04735,OFC-LON,Project Leader,Finance,Full-Time,2023-10-28,Target Population
EMP-04736,OFC-GUR,Project Leader,Finance,Full-Time,2024-12-07,Target Population
EMP-04737,OFC-GUR,Analyst,IT,Full-Time,2025-12-03,Target Population
EMP-04738,OFC-GUR,Partner,Digital Ventures,Full-Time,2025-07-23,Target Population
EMP-04739,OFC-LON,Principal,Operations,Full-Time,2023-04-11,Target Population
EMP-04740,OFC-SIN,Consultant,Consulting,Full-Time,2025-10-20,Target Population
EMP-04741,OFC-GUR,Analyst,HR,Full-Time,2026-10-04,Target Population
EMP-04742,OFC-GUR,Project Leader,IT,Full-Time,2026-06-15,Target Population
EMP-04743,OFC-BOS,Consultant,Finance,Full-Time,2024-09-27,Target Population
EMP-04744,OFC-BOS,Analyst,Operations,Full-Time,2024-09-10,Target Population
EMP-04745,OFC-BOS,Project Leader,Digital Ventures,Full-Time,2023-02-27,Target Population
EMP-04746,OFC-GUR,Analyst,IT,Full-Time,2023-12-19,Target Population
EMP-04747,OFC-NYC,Consultant,Consulting,Full-Time,2022-07-14,Target Population
EMP-04748,OFC-NYC,Analyst,Consulting,Full-Time,2024-03-10,Target Population
EMP-04749,OFC-SIN,Project Leader,Consulting,Full-Time,2021-12-31,Target Population
EMP-04750,OFC-SIN,Analyst,Operations,Full-Time,2025-01-20,Target Population
EMP-04751,OFC-SIN,Project Leader,Operations,Full-Time,2022-03-10,Target Population
EMP-04752,OFC-NYC,Consultant,Finance,Full-Time,2023-02-25,Target Population
EMP-04753,OFC-GUR,Project Leader,Digital Ventures,Full-Time,2026-08-19,Target Population
EMP-04754,OFC-NYC,Project Leader,IT,Full-Time,2023-08-03,Target Population
EMP-04755,OFC-BOS,Consultant,Operations,Full-Time,2023-08-25,Target Population
EMP-04756,OFC-BOS,Project Leader,Digital Ventures,Full-Time,2023-09-06,Target Population
EMP-04757,OFC-NYC,Principal,Digital Ventures,Full-Time,2023-07-11,Target Population
EMP-04758,OFC-NYC,Project Leader,Consulting,Full-Time,2024-01-21,Target Population
EMP-04759,OFC-GUR,Partner,IT,Full-Time,2025-04-01,Target Population
EMP-04760,OFC-BOS,Project Leader,Digital Ventures,Full-Time,2026-02-17,Target Population
EMP-04761,OFC-GUR,Analyst,Operations,Full-Time,2021-12-08,Target Population
EMP-04762,OFC-LON,Principal,IT,Full-Time,2021-11-03,Target Population
EMP-04763,OFC-NYC,Consultant,Finance,Full-Time,2025-10-18,Target Population
EMP-04764,OFC-LON,Project Leader,HR,Full-Time,2022-11-22,Target Population
EMP-04765,OFC-NYC,Consultant,HR,Full-Time,2023-03-29,Target Population
EMP-04766,OFC-LON,Principal,Digital Ventures,Full-Time,2021-11-02,Target Population
EMP-04767,OFC-NYC,Consultant,Finance,Full-Time,2023-09-02,Target Population
EMP-04768,OFC-BOS,Project Leader,IT,Full-Time,2023-11-30,Target Population
EMP-04769,OFC-BOS,Analyst,Digital Ventures,Full-Time,2024-05-13,Target Population
EMP-04770,OFC-LON,Project Leader,Finance,Full-Time,2024-02-09,Target Population
EMP-04771,OFC-SIN,Analyst,Consulting,Full-Time,2025-05-15,Target Population
EMP-04772,OFC-NYC,Analyst,Consulting,Full-Time,2024-12-19,Target Population
EMP-04773,OFC-GUR,Partner,Operations,Full-Time,2024-09-24,Target Population
EMP-04774,OFC-GUR,Project Leader,Operations,Full-Time,2025-09-02,Target Population
EMP-04775,OFC-SIN,Project Leader,HR,Full-Time,2023-11-28,Target Population
EMP-04776,OFC-GUR,Consultant,Consulting,Full-Time,2023-08-15,Target Population
EMP-04777,OFC-LON,Consultant,Operations,Full-Time,2025-09-25,Target Population
EMP-04778,OFC-GUR,Analyst,Digital Ventures,Full-Time,2024-05-02,Target Population
EMP-04779,OFC-SIN,Analyst,Digital Ventures,Full-Time,2026-03-12,Target Population
EMP-04780,OFC-NYC,Consultant,Finance,Full-Time,2025-02-21,Target Population
EMP-04781,OFC-NYC,Principal,Operations,Full-Time,2026-09-26,Target Population
EMP-04782,OFC-BOS,Analyst,IT,Full-Time,2022-08-20,Target Population
EMP-04783,OFC-GUR,Project Leader,HR,Full-Time,2021-10-29,Target Population
EMP-04784,OFC-GUR,Analyst,Consulting,Full-Time,2026-02-12,Target Population
EMP-04785,OFC-BOS,Analyst,Operations,Full-Time,2024-12-12,Target Population
EMP-04786,OFC-LON,Partner,Digital Ventures,Full-Time,2026-07-17,Target Population
EMP-04787,OFC-LON,Partner,Finance,Full-Time,2024-03-03,Target Population
EMP-04788,OFC-BOS,Analyst,Digital Ventures,Full-Time,2024-04-21,Target Population
EMP-04789,OFC-SIN,Consultant,IT,Full-Time,2022-09-07,Target Population
EMP-04790,OFC-BOS,Analyst,Finance,Full-Time,2025-11-11,Target Population
EMP-04791,OFC-BOS,Principal,HR,Full-Time,2022-04-23,Target Population
EMP-04792,OFC-LON,Partner,Digital Ventures,Full-Time,2024-08-16,Target Population
EMP-04793,OFC-GUR,Analyst,Digital Ventures,Full-Time,2024-02-13,Target Population
EMP-04794,OFC-BOS,Project Leader,Finance,Full-Time,2024-07-13,Target Population
EMP-04795,OFC-GUR,Analyst,IT,Full-Time,2024-02-14,Target Population
EMP-04796,OFC-LON,Analyst,Digital Ventures,Full-Time,2023-12-27,Target Population
EMP-04797,OFC-BOS,Analyst,HR,Full-Time,2024-04-22,Target Population
EMP-04798,OFC-BOS,Consultant,IT,Full-Time,2023-05-15,Target Population
EMP-04799,OFC-LON,Analyst,Finance,Full-Time,2023-01-15,Target Population
EMP-04800,OFC-NYC,Analyst,Digital Ventures,Full-Time,2026-03-02,Target Population
EMP-04801,OFC-SIN,Consultant,Digital Ventures,Full-Time,2023-10-23,Target Population
EMP-04802,OFC-GUR,Project Leader,Finance,Full-Time,2022-04-01,Target Population
EMP-04803,OFC-SIN,Consultant,Consulting,Full-Time,2025-03-15,Target Population
EMP-04804,OFC-NYC,Analyst,IT,Full-Time,2024-06-25,Target Population
EMP-04805,OFC-SIN,Consultant,Operations,Full-Time,2022-12-15,Target Population
EMP-04806,OFC-NYC,Partner,IT,Full-Time,2021-12-25,Target Population
EMP-04807,OFC-NYC,Managing Director,Finance,Full-Time,2025-12-30,Target Population
EMP-04808,OFC-BOS,Consultant,Digital Ventures,Full-Time,2024-04-12,Target Population
EMP-04809,OFC-BOS,Analyst,IT,Full-Time,2023-12-22,Target Population
EMP-04810,OFC-GUR,Project Leader,Finance,Full-Time,2025-04-29,Target Population
EMP-04811,OFC-LON,Analyst,Finance,Full-Time,2025-03-17,Target Population
EMP-04812,OFC-BOS,Consultant,Digital Ventures,Full-Time,2025-01-25,Target Population
EMP-04813,OFC-LON,Analyst,Digital Ventures,Full-Time,2022-01-24,Target Population
EMP-04814,OFC-NYC,Consultant,Operations,Full-Time,2026-09-22,Target Population
EMP-04815,OFC-LON,Analyst,IT,Full-Time,2026-08-19,Target Population
EMP-04816,OFC-NYC,Analyst,Consulting,Full-Time,2023-05-20,Target Population
EMP-04817,OFC-GUR,Consultant,Operations,Full-Time,2024-09-07,Target Population
EMP-04818,OFC-GUR,Consultant,IT,Full-Time,2023-08-28,Target Population
EMP-04819,OFC-LON,Analyst,HR,Full-Time,2026-04-25,Target Population
EMP-04820,OFC-NYC,Analyst,Consulting,Full-Time,2025-10-24,Target Population
EMP-04821,OFC-NYC,Project Leader,Consulting,Full-Time,2024-10-24,Target Population
EMP-04822,OFC-GUR,Consultant,HR,Full-Time,2026-01-30,Target Population
EMP-04823,OFC-NYC,Consultant,Digital Ventures,Full-Time,2024-04-26,Target Population
EMP-04824,OFC-BOS,Consultant,IT,Full-Time,2023-03-19,Target Population
EMP-04825,OFC-BOS,Analyst,Digital Ventures,Full-Time,2026-07-07,Target Population
EMP-04826,OFC-LON,Project Leader,Finance,Full-Time,2023-04-22,Target Population
EMP-04827,OFC-LON,Analyst,Finance,Full-Time,2024-04-06,Target Population
EMP-04828,OFC-GUR,Consultant,Digital Ventures,Full-Time,2022-08-06,Target Population
EMP-04829,OFC-BOS,Analyst,Digital Ventures,Full-Time,2025-10-08,Target Population
EMP-04830,OFC-NYC,Analyst,HR,Full-Time,2022-11-08,Target Population
EMP-04831,OFC-GUR,Consultant,HR,Full-Time,2023-12-19,Target Population
EMP-04832,OFC-GUR,Consultant,IT,Full-Time,2026-07-09,Target Population
EMP-04833,OFC-NYC,Partner,IT,Full-Time,2023-04-28,Target Population
EMP-04834,OFC-LON,Managing Director,Finance,Full-Time,2024-08-14,Target Population
EMP-04835,OFC-NYC,Consultant,IT,Full-Time,2022-07-11,Target Population
EMP-04836,OFC-SIN,Project Leader,IT,Full-Time,2023-08-28,Target Population
EMP-04837,OFC-BOS,Consultant,Finance,Full-Time,2024-10-14,Target Population
EMP-04838,OFC-SIN,Analyst,Operations,Full-Time,2023-08-31,Target Population
EMP-04839,OFC-GUR,Analyst,Digital Ventures,Full-Time,2024-05-18,Target Population
EMP-04840,OFC-LON,Analyst,Consulting,Full-Time,2025-05-05,Target Population
EMP-04841,OFC-BOS,Partner,HR,Full-Time,2024-08-01,Target Population
EMP-04842,OFC-LON,Analyst,Digital Ventures,Full-Time,2024-12-04,Target Population
EMP-04843,OFC-NYC,Project Leader,Consulting,Full-Time,2023-12-25,Target Population
EMP-04844,OFC-BOS,Consultant,IT,Full-Time,2026-09-30,Target Population
EMP-04845,OFC-GUR,Partner,Operations,Full-Time,2024-04-07,Target Population
EMP-04846,OFC-SIN,Project Leader,Consulting,Full-Time,2025-09-16,Target Population
EMP-04847,OFC-LON,Project Leader,IT,Full-Time,2022-10-07,Target Population
EMP-04848,OFC-GUR,Consultant,Finance,Full-Time,2025-10-07,Target Population
EMP-04849,OFC-BOS,Project Leader,Finance,Full-Time,2022-03-22,Target Population
EMP-04850,OFC-NYC,Project Leader,Operations,Full-Time,2026-09-24,Target Population
EMP-04851,OFC-BOS,Analyst,HR,Full-Time,2026-09-13,Target Population
EMP-04852,OFC-LON,Consultant,Finance,Full-Time,2022-05-16,Target Population
EMP-04853,OFC-SIN,Consultant,HR,Full-Time,2025-10-13,Target Population
EMP-04854,OFC-GUR,Project Leader,Consulting,Full-Time,2023-06-03,Target Population
EMP-04855,OFC-BOS,Consultant,HR,Full-Time,2026-01-08,Target Population
EMP-04856,OFC-NYC,Analyst,Operations,Full-Time,2022-10-14,Target Population
EMP-04857,OFC-LON,Partner,IT,Full-Time,2025-01-04,Target Population
EMP-04858,OFC-NYC,Project Leader,IT,Full-Time,2026-04-10,Target Population
EMP-04859,OFC-GUR,Analyst,HR,Full-Time,2024-04-20,Target Population
EMP-04860,OFC-GUR,Consultant,Finance,Full-Time,2025-04-12,Target Population
EMP-04861,OFC-LON,Consultant,Digital Ventures,Full-Time,2022-03-23,Target Population
EMP-04862,OFC-NYC,Project Leader,Finance,Full-Time,2023-01-18,Target Population
EMP-04863,OFC-NYC,Partner,Finance,Full-Time,2022-12-07,Target Population
EMP-04864,OFC-BOS,Consultant,Finance,Full-Time,2023-06-21,Target Population
EMP-04865,OFC-NYC,Partner,Operations,Full-Time,2024-09-05,Target Population
EMP-04866,OFC-NYC,Principal,Digital Ventures,Full-Time,2025-03-31,Target Population
EMP-04867,OFC-GUR,Consultant,Finance,Full-Time,2026-08-11,Target Population
EMP-04868,OFC-GUR,Project Leader,Operations,Full-Time,2025-08-28,Target Population
EMP-04869,OFC-BOS,Managing Director,Digital Ventures,Full-Time,2022-12-25,Target Population
EMP-04870,OFC-NYC,Consultant,Digital Ventures,Full-Time,2024-06-15,Target Population
EMP-04871,OFC-BOS,Analyst,Operations,Full-Time,2023-04-20,Target Population
EMP-04872,OFC-BOS,Analyst,HR,Full-Time,2022-06-15,Target Population
EMP-04873,OFC-GUR,Principal,HR,Full-Time,2025-11-29,Target Population
EMP-04874,OFC-BOS,Consultant,Finance,Full-Time,2024-08-05,Target Population
EMP-04875,OFC-NYC,Analyst,Operations,Full-Time,2023-04-09,Target Population
EMP-04876,OFC-BOS,Principal,Finance,Full-Time,2024-06-06,Target Population
EMP-04877,OFC-SIN,Consultant,IT,Full-Time,2022-04-05,Target Population
EMP-04878,OFC-LON,Analyst,IT,Full-Time,2021-10-21,Target Population
EMP-04879,OFC-BOS,Project Leader,IT,Full-Time,2025-08-11,Target Population
EMP-04880,OFC-LON,Principal,Finance,Full-Time,2024-02-03,Target Population
EMP-04881,OFC-GUR,Principal,Consulting,Full-Time,2023-07-19,Target Population
EMP-04882,OFC-SIN,Analyst,Operations,Full-Time,2023-03-14,Target Population
EMP-04883,OFC-BOS,Consultant,IT,Full-Time,2026-09-01,Target Population
EMP-04884,OFC-SIN,Consultant,Operations,Full-Time,2023-02-11,Target Population
EMP-04885,OFC-SIN,Project Leader,Finance,Full-Time,2025-12-06,Target Population
EMP-04886,OFC-SIN,Consultant,Digital Ventures,Full-Time,2022-07-07,Target Population
EMP-04887,OFC-LON,Consultant,Operations,Full-Time,2022-11-13,Target Population
EMP-04888,OFC-LON,Partner,Finance,Full-Time,2025-06-15,Target Population
EMP-04889,OFC-NYC,Consultant,Finance,Full-Time,2025-06-02,Target Population
EMP-04890,OFC-GUR,Analyst,HR,Full-Time,2025-03-13,Target Population
EMP-04891,OFC-LON,Consultant,Digital Ventures,Full-Time,2025-05-31,Target Population
EMP-04892,OFC-GUR,Consultant,Consulting,Full-Time,2025-10-29,Target Population
EMP-04893,OFC-NYC,Analyst,HR,Full-Time,2025-01-09,Target Population
EMP-04894,OFC-GUR,Project Leader,HR,Full-Time,2021-10-21,Target Population
EMP-04895,OFC-GUR,Analyst,IT,Full-Time,2022-02-01,Target Population
EMP-04896,OFC-BOS,Consultant,Digital Ventures,Full-Time,2026-04-22,Target Population
EMP-04897,OFC-GUR,Consultant,IT,Full-Time,2023-06-18,Target Population
EMP-04898,OFC-LON,Consultant,IT,Full-Time,2024-12-09,Target Population
EMP-04899,OFC-GUR,Analyst,Finance,Full-Time,2021-11-19,Target Population
EMP-04900,OFC-NYC,Consultant,Finance,Full-Time,2024-07-04,Target Population
EMP-04901,OFC-NYC,Partner,Consulting,Full-Time,2026-04-13,Target Population
EMP-04902,OFC-SIN,Analyst,Finance,Full-Time,2023-05-22,Target Population
EMP-04903,OFC-NYC,Principal,Finance,Full-Time,2021-12-01,Target Population
EMP-04904,OFC-GUR,Consultant,Operations,Full-Time,2021-10-19,Target Population
EMP-04905,OFC-LON,Consultant,IT,Full-Time,2023-11-19,Target Population
EMP-04906,OFC-LON,Partner,IT,Full-Time,2023-09-09,Target Population
EMP-04907,OFC-NYC,Consultant,HR,Full-Time,2024-09-10,Target Population
EMP-04908,OFC-LON,Analyst,HR,Full-Time,2024-06-02,Target Population
EMP-04909,OFC-NYC,Analyst,Finance,Full-Time,2022-11-11,Target Population
EMP-04910,OFC-BOS,Consultant,Finance,Full-Time,2022-08-22,Target Population
EMP-04911,OFC-NYC,Partner,IT,Full-Time,2025-01-10,Target Population
EMP-04912,OFC-BOS,Consultant,IT,Full-Time,2026-01-17,Target Population
EMP-04913,OFC-SIN,Partner,Operations,Full-Time,2024-05-15,Target Population
EMP-04914,OFC-SIN,Principal,Finance,Full-Time,2023-03-09,Target Population
EMP-04915,OFC-NYC,Consultant,Operations,Full-Time,2022-04-27,Target Population
EMP-04916,OFC-GUR,Analyst,Consulting,Full-Time,2022-02-26,Target Population
EMP-04917,OFC-NYC,Consultant,IT,Full-Time,2024-04-20,Target Population
EMP-04918,OFC-GUR,Consultant,Digital Ventures,Full-Time,2024-03-28,Target Population
EMP-04919,OFC-GUR,Consultant,Finance,Full-Time,2025-08-23,Target Population
EMP-04920,OFC-SIN,Analyst,Digital Ventures,Full-Time,2026-03-11,Target Population
EMP-04921,OFC-NYC,Project Leader,IT,Full-Time,2026-03-23,Target Population
EMP-04922,OFC-GUR,Managing Director,Finance,Full-Time,2024-08-21,Target Population
EMP-04923,OFC-NYC,Consultant,HR,Full-Time,2025-06-15,Target Population
EMP-04924,OFC-SIN,Principal,HR,Full-Time,2022-11-26,Target Population
EMP-04925,OFC-BOS,Analyst,IT,Full-Time,2024-09-05,Target Population
EMP-04926,OFC-LON,Analyst,Consulting,Full-Time,2025-12-07,Target Population
EMP-04927,OFC-GUR,Analyst,Digital Ventures,Full-Time,2024-10-27,Target Population
EMP-04928,OFC-GUR,Partner,HR,Full-Time,2023-05-15,Target Population
EMP-04929,OFC-BOS,Project Leader,Digital Ventures,Full-Time,2023-03-03,Target Population
EMP-04930,OFC-SIN,Consultant,Consulting,Full-Time,2025-03-13,Target Population
EMP-04931,OFC-BOS,Analyst,Finance,Full-Time,2021-12-05,Target Population
EMP-04932,OFC-LON,Consultant,Operations,Full-Time,2023-09-16,Target Population
EMP-04933,OFC-BOS,Principal,Finance,Full-Time,2023-09-03,Target Population
EMP-04934,OFC-NYC,Project Leader,Operations,Full-Time,2022-11-18,Target Population
EMP-04935,OFC-LON,Consultant,Consulting,Full-Time,2023-07-25,Target Population
EMP-04936,OFC-NYC,Partner,Operations,Full-Time,2021-12-14,Target Population
EMP-04937,OFC-BOS,Consultant,Operations,Full-Time,2026-01-21,Target Population
EMP-04938,OFC-BOS,Consultant,HR,Full-Time,2023-03-16,Target Population
EMP-04939,OFC-NYC,Analyst,IT,Full-Time,2022-10-24,Target Population
EMP-04940,OFC-GUR,Partner,Digital Ventures,Full-Time,2024-11-18,Target Population
EMP-04941,OFC-SIN,Project Leader,Consulting,Full-Time,2022-01-31,Target Population
EMP-04942,OFC-BOS,Managing Director,IT,Full-Time,2024-12-15,Target Population
EMP-04943,OFC-NYC,Project Leader,Consulting,Full-Time,2023-12-10,Target Population
EMP-04944,OFC-BOS,Consultant,IT,Full-Time,2026-04-25,Target Population
EMP-04945,OFC-BOS,Principal,Digital Ventures,Full-Time,2022-03-06,Target Population
EMP-04946,OFC-GUR,Analyst,Consulting,Full-Time,2022-03-05,Target Population
EMP-04947,OFC-LON,Consultant,Operations,Full-Time,2022-09-07,Target Population
EMP-04948,OFC-BOS,Consultant,Operations,Full-Time,2021-12-07,Target Population
EMP-04949,OFC-BOS,Analyst,IT,Full-Time,2022-03-05,Target Population
EMP-04950,OFC-BOS,Consultant,HR,Full-Time,2022-10-01,Target Population
EMP-04951,OFC-GUR,Consultant,HR,Full-Time,2025-04-23,Target Population
EMP-04952,OFC-SIN,Managing Director,Operations,Full-Time,2025-07-18,Target Population
EMP-04953,OFC-BOS,Consultant,Operations,Full-Time,2024-12-31,Target Population
EMP-04954,OFC-BOS,Analyst,Operations,Full-Time,2022-10-25,Target Population
EMP-04955,OFC-SIN,Managing Director,HR,Full-Time,2026-06-03,Target Population
EMP-04956,OFC-SIN,Consultant,Digital Ventures,Full-Time,2023-12-01,Target Population
EMP-04957,OFC-NYC,Analyst,IT,Full-Time,2025-10-19,Target Population
EMP-04958,OFC-BOS,Project Leader,Operations,Full-Time,2023-01-25,Target Population
EMP-04959,OFC-BOS,Consultant,Digital Ventures,Full-Time,2023-07-07,Target Population
EMP-04960,OFC-LON,Consultant,Consulting,Full-Time,2021-11-04,Target Population
EMP-04961,OFC-NYC,Analyst,Finance,Full-Time,2024-04-29,Target Population
EMP-04962,OFC-BOS,Analyst,IT,Full-Time,2025-05-06,Target Population
EMP-04963,OFC-LON,Consultant,Consulting,Full-Time,2022-08-16,Target Population
EMP-04964,OFC-BOS,Analyst,Finance,Full-Time,2026-03-11,Target Population
EMP-04965,OFC-GUR,Analyst,Digital Ventures,Full-Time,2024-01-23,Target Population
EMP-04966,OFC-NYC,Analyst,HR,Full-Time,2022-12-07,Target Population
EMP-04967,OFC-BOS,Consultant,Digital Ventures,Full-Time,2025-04-30,Target Population
EMP-04968,OFC-LON,Project Leader,Consulting,Full-Time,2022-08-28,Target Population
EMP-04969,OFC-NYC,Consultant,HR,Full-Time,2026-02-12,Target Population
EMP-04970,OFC-SIN,Analyst,Operations,Full-Time,2022-10-07,Target Population
EMP-04971,OFC-LON,Partner,IT,Full-Time,2024-03-03,Target Population
EMP-04972,OFC-NYC,Consultant,Consulting,Full-Time,2022-09-26,Target Population
EMP-04973,OFC-GUR,Consultant,IT,Full-Time,2022-09-02,Target Population
EMP-04974,OFC-NYC,Consultant,Operations,Full-Time,2025-12-31,Target Population
EMP-04975,OFC-SIN,Consultant,Digital Ventures,Full-Time,2023-06-16,Target Population
EMP-04976,OFC-NYC,Consultant,Digital Ventures,Full-Time,2023-06-19,Target Population
EMP-04977,OFC-LON,Analyst,Finance,Full-Time,2024-01-02,Target Population
EMP-04978,OFC-BOS,Consultant,Consulting,Full-Time,2026-03-20,Target Population
EMP-04979,OFC-NYC,Analyst,Finance,Full-Time,2023-06-25,Target Population
EMP-04980,OFC-GUR,Analyst,Operations,Full-Time,2024-10-23,Target Population
EMP-04981,OFC-GUR,Consultant,Finance,Full-Time,2025-04-02,Target Population
EMP-04982,OFC-BOS,Principal,Digital Ventures,Full-Time,2024-04-11,Target Population
EMP-04983,OFC-BOS,Consultant,Operations,Full-Time,2023-02-17,Target Population
EMP-04984,OFC-GUR,Managing Director,Finance,Full-Time,2022-02-06,Target Population
EMP-04985,OFC-SIN,Analyst,HR,Full-Time,2026-06-06,Target Population
EMP-04986,OFC-BOS,Analyst,Consulting,Full-Time,2025-12-27,Target Population
EMP-04987,OFC-LON,Analyst,HR,Full-Time,2023-07-14,Target Population
EMP-04988,OFC-NYC,Consultant,HR,Full-Time,2025-11-08,Target Population
EMP-04989,OFC-SIN,Principal,Digital Ventures,Full-Time,2024-07-30,Target Population
EMP-04990,OFC-BOS,Analyst,Consulting,Full-Time,2023-10-05,Target Population
EMP-04991,OFC-BOS,Analyst,Consulting,Full-Time,2021-10-15,Target Population
EMP-04992,OFC-GUR,Consultant,Operations,Full-Time,2021-11-15,Target Population
EMP-04993,OFC-BOS,Project Leader,Digital Ventures,Full-Time,2022-07-10,Target Population
EMP-04994,OFC-LON,Principal,IT,Full-Time,2022-09-15,Target Population
EMP-04995,OFC-NYC,Project Leader,Digital Ventures,Full-Time,2026-08-25,Target Population
EMP-04996,OFC-NYC,Consultant,Digital Ventures,Full-Time,2025-12-20,Target Population
EMP-04997,OFC-NYC,Project Leader,IT,Full-Time,2023-01-13,Target Population
EMP-04998,OFC-LON,Project Leader,Operations,Full-Time,2022-07-13,Target Population
EMP-04999,OFC-BOS,Analyst,IT,Full-Time,2026-02-12,Target Population
EMP-05000,OFC-LON,Project Leader,Finance,Full-Time,2022-05-28,Target Population
EMP-05001,OFC-GUR,Consultant,IT,Full-Time,2022-08-17,Target Population
EMP-05002,OFC-GUR,Partner,Digital Ventures,Full-Time,2023-12-11,Target Population
EMP-05003,OFC-BOS,Analyst,Consulting,Full-Time,2023-09-25,Target Population
EMP-05004,OFC-BOS,Consultant,Finance,Full-Time,2025-08-26,Target Population
EMP-05005,OFC-NYC,Project Leader,Finance,Full-Time,2024-04-13,Target Population
EMP-05006,OFC-NYC,Analyst,HR,Full-Time,2024-01-05,Target Population
EMP-05007,OFC-NYC,Analyst,Finance,Full-Time,2025-09-18,Target Population
EMP-05008,OFC-GUR,Project Leader,IT,Full-Time,2022-03-11,Target Population
EMP-05009,OFC-BOS,Consultant,Digital Ventures,Full-Time,2022-08-13,Target Population
EMP-05010,OFC-BOS,Consultant,Finance,Full-Time,2023-04-02,Target Population
EMP-05011,OFC-NYC,Project Leader,Operations,Full-Time,2022-02-06,Target Population
EMP-05012,OFC-GUR,Project Leader,IT,Full-Time,2024-03-27,Target Population
EMP-05013,OFC-BOS,Analyst,Digital Ventures,Full-Time,2024-10-30,Target Population
EMP-05014,OFC-LON,Principal,Consulting,Full-Time,2024-06-04,Target Population
EMP-05015,OFC-NYC,Analyst,Consulting,Full-Time,2025-05-22,Target Population
EMP-05016,OFC-SIN,Analyst,Consulting,Full-Time,2022-10-02,Target Population
EMP-05017,OFC-SIN,Consultant,Consulting,Full-Time,2022-07-29,Target Population
EMP-05018,OFC-NYC,Project Leader,Consulting,Full-Time,2022-02-26,Target Population
EMP-05019,OFC-BOS,Project Leader,IT,Full-Time,2021-11-06,Target Population
EMP-05020,OFC-NYC,Managing Director,Digital Ventures,Full-Time,2022-12-10,Target Population
EMP-05021,OFC-BOS,Consultant,IT,Full-Time,2023-03-20,Target Population
EMP-05022,OFC-GUR,Project Leader,Operations,Full-Time,2024-07-24,Target Population
EMP-05023,OFC-GUR,Consultant,Finance,Full-Time,2024-10-21,Target Population
EMP-05024,OFC-GUR,Analyst,Consulting,Full-Time,2025-06-27,Target Population
EMP-05025,OFC-GUR,Partner,Finance,Full-Time,2024-01-18,Target Population
EMP-05026,OFC-NYC,Analyst,Consulting,Full-Time,2022-07-22,Target Population
EMP-05027,OFC-BOS,Project Leader,Operations,Full-Time,2024-12-07,Target Population
EMP-05028,OFC-GUR,Analyst,Digital Ventures,Full-Time,2024-09-05,Target Population
EMP-05029,OFC-NYC,Analyst,Digital Ventures,Full-Time,2023-04-28,Target Population
EMP-05030,OFC-GUR,Project Leader,HR,Full-Time,2022-09-25,Target Population
EMP-05031,OFC-NYC,Principal,IT,Full-Time,2025-03-05,Target Population
EMP-05032,OFC-BOS,Consultant,Finance,Full-Time,2025-03-03,Target Population
EMP-05033,OFC-SIN,Project Leader,IT,Full-Time,2025-08-25,Target Population
EMP-05034,OFC-BOS,Consultant,Finance,Full-Time,2024-01-29,Target Population
EMP-05035,OFC-SIN,Analyst,HR,Full-Time,2025-01-17,Target Population
EMP-05036,OFC-SIN,Analyst,IT,Full-Time,2025-10-31,Target Population
EMP-05037,OFC-GUR,Principal,HR,Full-Time,2025-05-09,Target Population
EMP-05038,OFC-GUR,Analyst,HR,Full-Time,2023-03-09,Target Population
EMP-05039,OFC-LON,Consultant,Digital Ventures,Full-Time,2022-09-23,Target Population
EMP-05040,OFC-SIN,Consultant,Operations,Full-Time,2022-11-22,Target Population
EMP-05041,OFC-NYC,Analyst,Finance,Full-Time,2022-04-07,Target Population
EMP-05042,OFC-LON,Partner,Consulting,Full-Time,2023-02-14,Target Population
EMP-05043,OFC-LON,Consultant,Digital Ventures,Full-Time,2022-08-25,Target Population
EMP-05044,OFC-NYC,Analyst,Consulting,Full-Time,2025-04-21,Target Population
EMP-05045,OFC-NYC,Principal,HR,Full-Time,2025-11-14,Target Population
EMP-05046,OFC-NYC,Principal,Operations,Full-Time,2026-08-09,Target Population
EMP-05047,OFC-LON,Consultant,Operations,Full-Time,2025-06-29,Target Population
EMP-05048,OFC-SIN,Consultant,HR,Full-Time,2023-04-23,Target Population
EMP-05049,OFC-BOS,Consultant,HR,Full-Time,2024-12-29,Target Population
EMP-05050,OFC-SIN,Managing Director,HR,Full-Time,2024-10-25,Target Population
EMP-05051,OFC-GUR,Project Leader,IT,Full-Time,2022-01-04,Target Population
EMP-05052,OFC-GUR,Partner,IT,Full-Time,2022-11-16,Target Population
EMP-05053,OFC-LON,Consultant,IT,Full-Time,2025-11-15,Target Population
EMP-05054,OFC-GUR,Principal,Digital Ventures,Full-Time,2025-12-01,Target Population
EMP-05055,OFC-BOS,Consultant,Digital Ventures,Full-Time,2022-09-22,Target Population
EMP-05056,OFC-GUR,Project Leader,HR,Full-Time,2025-04-06,Target Population
EMP-05057,OFC-BOS,Consultant,Digital Ventures,Full-Time,2025-07-07,Target Population
EMP-05058,OFC-SIN,Analyst,Operations,Full-Time,2022-02-26,Target Population
EMP-05059,OFC-SIN,Consultant,Digital Ventures,Full-Time,2022-04-21,Target Population
EMP-05060,OFC-NYC,Managing Director,Operations,Full-Time,2023-12-28,Target Population
EMP-05061,OFC-BOS,Consultant,Digital Ventures,Full-Time,2024-06-09,Target Population
EMP-05062,OFC-GUR,Consultant,IT,Full-Time,2021-11-14,Target Population
EMP-05063,OFC-NYC,Analyst,Operations,Full-Time,2026-03-25,Target Population
EMP-05064,OFC-SIN,Consultant,Consulting,Full-Time,2026-09-02,Target Population
EMP-05065,OFC-BOS,Analyst,Operations,Full-Time,2026-07-28,Target Population
EMP-05066,OFC-BOS,Consultant,IT,Full-Time,2023-09-02,Target Population
EMP-05067,OFC-SIN,Consultant,HR,Full-Time,2024-08-23,Target Population
EMP-05068,OFC-GUR,Consultant,Operations,Full-Time,2026-03-07,Target Population
EMP-05069,OFC-GUR,Principal,Finance,Full-Time,2026-03-20,Target Population
EMP-05070,OFC-NYC,Consultant,Finance,Full-Time,2022-07-29,Target Population
EMP-05071,OFC-GUR,Analyst,Digital Ventures,Full-Time,2025-06-12,Target Population
EMP-05072,OFC-LON,Analyst,IT,Full-Time,2023-11-18,Target Population
EMP-05073,OFC-LON,Analyst,Digital Ventures,Full-Time,2025-11-12,Target Population
EMP-05074,OFC-GUR,Analyst,Finance,Full-Time,2024-09-15,Target Population
EMP-05075,OFC-LON,Analyst,IT,Full-Time,2025-01-14,Target Population
EMP-05076,OFC-NYC,Consultant,Operations,Full-Time,2023-01-11,Target Population
EMP-05077,OFC-NYC,Analyst,Finance,Full-Time,2026-07-07,Target Population
EMP-05078,OFC-GUR,Project Leader,Finance,Full-Time,2022-03-25,Target Population
EMP-05079,OFC-BOS,Consultant,Finance,Full-Time,2021-11-12,Target Population
EMP-05080,OFC-GUR,Consultant,Consulting,Full-Time,2023-02-06,Target Population
EMP-05081,OFC-BOS,Analyst,Digital Ventures,Full-Time,2026-01-24,Target Population
EMP-05082,OFC-LON,Partner,Finance,Full-Time,2025-10-04,Target Population
EMP-05083,OFC-GUR,Project Leader,IT,Full-Time,2025-12-25,Target Population
EMP-05084,OFC-BOS,Project Leader,Finance,Full-Time,2023-03-04,Target Population
EMP-05085,OFC-BOS,Consultant,Consulting,Full-Time,2022-05-27,Target Population
EMP-05086,OFC-BOS,Consultant,IT,Full-Time,2025-12-12,Target Population
EMP-05087,OFC-LON,Analyst,Operations,Full-Time,2024-06-29,Target Population
EMP-05088,OFC-GUR,Principal,IT,Full-Time,2023-10-25,Target Population
EMP-05089,OFC-BOS,Analyst,Finance,Full-Time,2024-07-31,Target Population
EMP-05090,OFC-GUR,Analyst,IT,Full-Time,2024-02-18,Target Population
EMP-05091,OFC-NYC,Partner,Finance,Full-Time,2022-03-12,Target Population
EMP-05092,OFC-LON,Analyst,Finance,Full-Time,2026-01-28,Target Population
EMP-05093,OFC-SIN,Analyst,Finance,Full-Time,2023-08-29,Target Population
EMP-05094,OFC-NYC,Analyst,Digital Ventures,Full-Time,2026-06-13,Target Population
EMP-05095,OFC-LON,Consultant,Finance,Full-Time,2024-12-26,Target Population
EMP-05096,OFC-BOS,Principal,Operations,Full-Time,2025-03-12,Target Population
EMP-05097,OFC-BOS,Principal,Finance,Full-Time,2023-10-07,Target Population
EMP-05098,OFC-NYC,Analyst,Operations,Full-Time,2022-06-08,Target Population
EMP-05099,OFC-BOS,Consultant,HR,Full-Time,2025-09-02,Target Population
EMP-05100,OFC-LON,Analyst,Consulting,Full-Time,2025-07-18,Target Population
EMP-05101,OFC-NYC,Principal,Digital Ventures,Full-Time,2026-08-22,Target Population
EMP-05102,OFC-LON,Analyst,HR,Full-Time,2025-07-30,Target Population
EMP-05103,OFC-BOS,Analyst,IT,Full-Time,2022-07-07,Target Population
EMP-05104,OFC-NYC,Analyst,HR,Full-Time,2026-01-02,Target Population
EMP-05105,OFC-GUR,Principal,IT,Full-Time,2025-07-26,Target Population
EMP-05106,OFC-SIN,Consultant,Consulting,Full-Time,2024-06-14,Target Population
EMP-05107,OFC-BOS,Principal,Consulting,Full-Time,2022-10-10,Target Population
EMP-05108,OFC-SIN,Consultant,Consulting,Full-Time,2025-12-30,Target Population
EMP-05109,OFC-LON,Principal,Consulting,Full-Time,2021-12-01,Target Population
EMP-05110,OFC-LON,Managing Director,Consulting,Full-Time,2022-08-21,Target Population
EMP-05111,OFC-LON,Analyst,Consulting,Full-Time,2025-03-13,Target Population
EMP-05112,OFC-BOS,Principal,Digital Ventures,Full-Time,2025-04-10,Target Population
EMP-05113,OFC-BOS,Analyst,Consulting,Full-Time,2022-01-26,Target Population
EMP-05114,OFC-LON,Analyst,IT,Full-Time,2026-07-03,Target Population
EMP-05115,OFC-NYC,Consultant,Consulting,Full-Time,2026-06-08,Target Population
EMP-05116,OFC-SIN,Consultant,Digital Ventures,Full-Time,2021-10-07,Target Population
EMP-05117,OFC-NYC,Analyst,HR,Full-Time,2022-07-16,Target Population
EMP-05118,OFC-BOS,Project Leader,Finance,Full-Time,2024-05-10,Target Population
EMP-05119,OFC-GUR,Analyst,Operations,Full-Time,2026-02-02,Target Population
EMP-05120,OFC-NYC,Consultant,Operations,Full-Time,2026-07-20,Target Population
EMP-05121,OFC-LON,Consultant,Consulting,Full-Time,2023-07-11,Target Population
EMP-05122,OFC-GUR,Consultant,Consulting,Full-Time,2025-08-24,Target Population
EMP-05123,OFC-SIN,Analyst,Finance,Full-Time,2024-08-30,Target Population
EMP-05124,OFC-GUR,Managing Director,Operations,Full-Time,2024-11-08,Target Population
EMP-05125,OFC-GUR,Project Leader,Operations,Full-Time,2022-03-24,Target Population
EMP-05126,OFC-GUR,Project Leader,HR,Full-Time,2023-08-30,Target Population
EMP-05127,OFC-SIN,Analyst,IT,Full-Time,2025-08-18,Target Population
EMP-05128,OFC-NYC,Principal,Finance,Full-Time,2024-08-03,Target Population
EMP-05129,OFC-BOS,Analyst,Finance,Full-Time,2026-07-13,Target Population
EMP-05130,OFC-NYC,Principal,IT,Full-Time,2025-10-15,Target Population
EMP-05131,OFC-BOS,Analyst,Finance,Full-Time,2024-11-08,Target Population
EMP-05132,OFC-GUR,Project Leader,Digital Ventures,Full-Time,2025-08-12,Target Population
EMP-05133,OFC-LON,Consultant,IT,Full-Time,2022-09-26,Target Population
EMP-05134,OFC-LON,Principal,HR,Full-Time,2022-08-05,Target Population
EMP-05135,OFC-BOS,Analyst,Operations,Full-Time,2023-08-26,Target Population
EMP-05136,OFC-GUR,Consultant,Digital Ventures,Full-Time,2021-10-13,Target Population
EMP-05137,OFC-NYC,Managing Director,Consulting,Full-Time,2024-09-01,Target Population
EMP-05138,OFC-GUR,Partner,HR,Full-Time,2024-10-14,Target Population
EMP-05139,OFC-LON,Principal,HR,Full-Time,2024-04-01,Target Population
EMP-05140,OFC-NYC,Principal,HR,Full-Time,2026-06-04,Target Population
EMP-05141,OFC-BOS,Partner,Operations,Full-Time,2026-03-16,Target Population
EMP-05142,OFC-BOS,Analyst,Digital Ventures,Full-Time,2024-12-11,Target Population
EMP-05143,OFC-GUR,Consultant,Digital Ventures,Full-Time,2022-09-02,Target Population
EMP-05144,OFC-SIN,Principal,HR,Full-Time,2022-02-26,Target Population
EMP-05145,OFC-LON,Partner,IT,Full-Time,2023-03-01,Target Population
EMP-05146,OFC-BOS,Consultant,Operations,Full-Time,2025-12-14,Target Population
EMP-05147,OFC-NYC,Analyst,Digital Ventures,Full-Time,2022-12-17,Target Population
EMP-05148,OFC-GUR,Project Leader,Digital Ventures,Full-Time,2025-03-31,Target Population
EMP-05149,OFC-GUR,Consultant,Operations,Full-Time,2022-09-04,Target Population
EMP-05150,OFC-BOS,Managing Director,Operations,Full-Time,2023-12-06,Target Population
EMP-05151,OFC-BOS,Analyst,Operations,Full-Time,2023-06-07,Target Population
EMP-05152,OFC-GUR,Analyst,Operations,Full-Time,2023-05-12,Target Population
EMP-05153,OFC-NYC,Analyst,Finance,Full-Time,2022-10-17,Target Population
EMP-05154,OFC-NYC,Project Leader,Digital Ventures,Full-Time,2025-02-08,Target Population
EMP-05155,OFC-BOS,Consultant,Consulting,Full-Time,2023-08-07,Target Population
EMP-05156,OFC-LON,Analyst,Operations,Full-Time,2025-08-26,Target Population
EMP-05157,OFC-SIN,Consultant,Digital Ventures,Full-Time,2023-05-22,Target Population
EMP-05158,OFC-SIN,Consultant,IT,Full-Time,2024-08-21,Target Population
EMP-05159,OFC-LON,Analyst,Digital Ventures,Full-Time,2022-09-06,Target Population
EMP-05160,OFC-LON,Partner,Digital Ventures,Full-Time,2025-04-16,Target Population
EMP-05161,OFC-BOS,Analyst,Operations,Full-Time,2022-02-28,Target Population
EMP-05162,OFC-LON,Consultant,IT,Full-Time,2022-10-24,Target Population
EMP-05163,OFC-NYC,Analyst,HR,Full-Time,2025-08-06,Target Population
EMP-05164,OFC-LON,Consultant,Digital Ventures,Full-Time,2025-08-28,Target Population
EMP-05165,OFC-NYC,Analyst,HR,Full-Time,2026-01-20,Target Population
EMP-05166,OFC-BOS,Project Leader,Finance,Full-Time,2022-11-29,Target Population
EMP-05167,OFC-BOS,Managing Director,Consulting,Full-Time,2026-01-03,Target Population
EMP-05168,OFC-NYC,Principal,Operations,Full-Time,2021-10-20,Target Population
EMP-05169,OFC-BOS,Analyst,IT,Full-Time,2026-04-11,Target Population
EMP-05170,OFC-BOS,Analyst,HR,Full-Time,2022-03-06,Target Population
EMP-05171,OFC-SIN,Consultant,Operations,Full-Time,2026-06-21,Target Population
EMP-05172,OFC-NYC,Project Leader,Digital Ventures,Full-Time,2025-06-12,Target Population
EMP-05173,OFC-LON,Project Leader,Finance,Full-Time,2026-09-28,Target Population
EMP-05174,OFC-SIN,Analyst,Operations,Full-Time,2025-11-15,Target Population
EMP-05175,OFC-SIN,Managing Director,Operations,Full-Time,2026-02-02,Target Population
EMP-05176,OFC-LON,Principal,Digital Ventures,Full-Time,2023-04-10,Target Population
EMP-05177,OFC-GUR,Partner,Operations,Full-Time,2026-09-08,Target Population
EMP-05178,OFC-NYC,Analyst,Consulting,Full-Time,2023-03-30,Target Population
EMP-05179,OFC-NYC,Analyst,IT,Full-Time,2022-11-09,Target Population
EMP-05180,OFC-NYC,Analyst,IT,Full-Time,2022-08-24,Target Population
EMP-05181,OFC-GUR,Principal,Finance,Full-Time,2025-01-22,Target Population
EMP-05182,OFC-GUR,Consultant,Digital Ventures,Full-Time,2024-07-02,Target Population
EMP-05183,OFC-NYC,Analyst,IT,Full-Time,2026-01-20,Target Population
EMP-05184,OFC-BOS,Principal,Digital Ventures,Full-Time,2025-01-14,Target Population
EMP-05185,OFC-LON,Analyst,HR,Full-Time,2025-04-29,Target Population
EMP-05186,OFC-BOS,Principal,Consulting,Full-Time,2023-11-17,Target Population
EMP-05187,OFC-LON,Analyst,Consulting,Full-Time,2024-02-04,Target Population
EMP-05188,OFC-GUR,Consultant,Digital Ventures,Full-Time,2025-02-24,Target Population
EMP-05189,OFC-GUR,Analyst,Consulting,Full-Time,2024-09-06,Target Population
EMP-05190,OFC-GUR,Consultant,Finance,Full-Time,2024-04-07,Target Population
EMP-05191,OFC-SIN,Project Leader,Digital Ventures,Full-Time,2025-08-13,Target Population
EMP-05192,OFC-LON,Project Leader,Finance,Full-Time,2022-11-25,Target Population
EMP-05193,OFC-GUR,Analyst,Operations,Full-Time,2022-12-10,Target Population
EMP-05194,OFC-LON,Project Leader,Consulting,Full-Time,2025-04-11,Target Population
EMP-05195,OFC-BOS,Consultant,Finance,Full-Time,2026-02-14,Target Population
EMP-05196,OFC-BOS,Principal,Digital Ventures,Full-Time,2024-04-22,Target Population
EMP-05197,OFC-NYC,Consultant,Consulting,Full-Time,2026-06-04,Target Population
EMP-05198,OFC-NYC,Analyst,Operations,Full-Time,2024-06-08,Target Population
EMP-05199,OFC-LON,Partner,Operations,Full-Time,2026-06-22,Target Population
EMP-05200,OFC-GUR,Analyst,Finance,Full-Time,2023-08-13,Target Population
EMP-05201,OFC-BOS,Consultant,IT,Full-Time,2023-06-23,Target Population
EMP-05202,OFC-BOS,Partner,IT,Full-Time,2023-07-20,Target Population
EMP-05203,OFC-SIN,Analyst,Finance,Full-Time,2024-03-27,Target Population
EMP-05204,OFC-BOS,Consultant,IT,Full-Time,2024-09-13,Target Population
EMP-05205,OFC-LON,Analyst,Digital Ventures,Full-Time,2022-11-23,Target Population
EMP-05206,OFC-LON,Analyst,IT,Full-Time,2023-04-12,Target Population
EMP-05207,OFC-LON,Project Leader,Digital Ventures,Full-Time,2026-01-19,Target Population
EMP-05208,OFC-BOS,Principal,Finance,Full-Time,2026-05-19,Target Population
EMP-05209,OFC-BOS,Consultant,Digital Ventures,Full-Time,2024-07-04,Target Population
EMP-05210,OFC-BOS,Consultant,Finance,Full-Time,2022-09-30,Target Population
EMP-05211,OFC-LON,Analyst,Finance,Full-Time,2024-10-05,Target Population
EMP-05212,OFC-LON,Principal,Consulting,Full-Time,2026-07-19,Target Population
EMP-05213,OFC-BOS,Principal,Digital Ventures,Full-Time,2025-11-07,Target Population
EMP-05214,OFC-LON,Consultant,IT,Full-Time,2026-09-21,Target Population
EMP-05215,OFC-GUR,Managing Director,Digital Ventures,Full-Time,2026-08-14,Target Population
EMP-05216,OFC-BOS,Consultant,HR,Full-Time,2025-04-26,Target Population
EMP-05217,OFC-LON,Consultant,Operations,Full-Time,2026-04-22,Target Population
EMP-05218,OFC-GUR,Project Leader,IT,Full-Time,2024-03-13,Target Population
EMP-05219,OFC-NYC,Analyst,Operations,Full-Time,2025-05-11,Target Population
EMP-05220,OFC-NYC,Analyst,Consulting,Full-Time,2021-11-15,Target Population
EMP-05221,OFC-LON,Partner,Consulting,Full-Time,2026-03-19,Target Population
EMP-05222,OFC-SIN,Analyst,Digital Ventures,Full-Time,2022-09-02,Target Population
EMP-05223,OFC-GUR,Consultant,IT,Full-Time,2021-12-24,Target Population
EMP-05224,OFC-LON,Analyst,Consulting,Full-Time,2025-01-02,Target Population
EMP-05225,OFC-GUR,Consultant,Consulting,Full-Time,2023-01-01,Target Population
EMP-05226,OFC-NYC,Analyst,Consulting,Full-Time,2022-03-20,Target Population
EMP-05227,OFC-LON,Analyst,Digital Ventures,Full-Time,2022-03-31,Target Population
EMP-05228,OFC-LON,Project Leader,IT,Full-Time,2023-06-20,Target Population
EMP-05229,OFC-BOS,Analyst,Finance,Full-Time,2024-01-14,Target Population
EMP-05230,OFC-GUR,Project Leader,Consulting,Full-Time,2023-02-19,Target Population
EMP-05231,OFC-LON,Analyst,Digital Ventures,Full-Time,2024-03-15,Target Population
EMP-05232,OFC-NYC,Principal,Finance,Full-Time,2023-11-24,Target Population
EMP-05233,OFC-SIN,Consultant,HR,Full-Time,2023-01-04,Target Population
EMP-05234,OFC-BOS,Analyst,IT,Full-Time,2022-04-17,Target Population
EMP-05235,OFC-NYC,Principal,Digital Ventures,Full-Time,2024-04-10,Target Population
EMP-05236,OFC-BOS,Analyst,Consulting,Full-Time,2023-07-02,Target Population
EMP-05237,OFC-GUR,Principal,Operations,Full-Time,2026-05-15,Target Population
EMP-05238,OFC-GUR,Consultant,Finance,Full-Time,2022-01-15,Target Population
EMP-05239,OFC-NYC,Consultant,Finance,Full-Time,2024-10-25,Target Population
EMP-05240,OFC-GUR,Consultant,Finance,Full-Time,2025-08-13,Target Population
EMP-05241,OFC-NYC,Analyst,Consulting,Full-Time,2022-08-21,Target Population
EMP-05242,OFC-GUR,Consultant,Consulting,Full-Time,2026-07-18,Target Population
EMP-05243,OFC-LON,Partner,Digital Ventures,Full-Time,2023-09-03,Target Population
EMP-05244,OFC-NYC,Partner,IT,Full-Time,2026-07-16,Target Population
EMP-05245,OFC-SIN,Project Leader,Consulting,Full-Time,2025-01-27,Target Population
EMP-05246,OFC-NYC,Analyst,Consulting,Full-Time,2023-10-15,Target Population
EMP-05247,OFC-BOS,Consultant,HR,Full-Time,2026-02-10,Target Population
EMP-05248,OFC-LON,Analyst,HR,Full-Time,2024-03-18,Target Population
EMP-05249,OFC-SIN,Project Leader,Finance,Full-Time,2022-03-01,Target Population
EMP-05250,OFC-NYC,Analyst,Digital Ventures,Full-Time,2025-01-04,Target Population
EMP-05251,OFC-BOS,Principal,Digital Ventures,Full-Time,2025-01-23,Target Population
EMP-05252,OFC-NYC,Consultant,Operations,Full-Time,2025-04-23,Target Population
EMP-05253,OFC-LON,Analyst,Digital Ventures,Full-Time,2024-06-04,Target Population
EMP-05254,OFC-BOS,Analyst,Consulting,Full-Time,2026-06-18,Target Population
EMP-05255,OFC-GUR,Principal,Finance,Full-Time,2022-03-23,Target Population
EMP-05256,OFC-SIN,Consultant,Finance,Full-Time,2021-11-16,Target Population
EMP-05257,OFC-LON,Consultant,IT,Full-Time,2023-11-26,Target Population
EMP-05258,OFC-NYC,Project Leader,Operations,Full-Time,2023-06-29,Target Population
EMP-05259,OFC-NYC,Analyst,Digital Ventures,Full-Time,2025-07-14,Target Population
EMP-05260,OFC-BOS,Principal,Finance,Full-Time,2023-09-07,Target Population
EMP-05261,OFC-SIN,Analyst,Operations,Full-Time,2024-11-22,Target Population
EMP-05262,OFC-NYC,Consultant,Operations,Full-Time,2026-06-01,Target Population
EMP-05263,OFC-NYC,Project Leader,Finance,Full-Time,2023-06-09,Target Population
EMP-05264,OFC-GUR,Analyst,IT,Full-Time,2023-05-31,Target Population
EMP-05265,OFC-NYC,Analyst,Operations,Full-Time,2024-04-07,Target Population
EMP-05266,OFC-LON,Analyst,HR,Full-Time,2025-08-01,Target Population
EMP-05267,OFC-BOS,Analyst,Finance,Full-Time,2023-04-11,Target Population
EMP-05268,OFC-GUR,Principal,IT,Full-Time,2022-05-26,Target Population
EMP-05269,OFC-SIN,Consultant,Finance,Full-Time,2023-05-10,Target Population
EMP-05270,OFC-LON,Analyst,Operations,Full-Time,2023-03-30,Target Population
EMP-05271,OFC-SIN,Consultant,HR,Full-Time,2026-02-19,Target Population
EMP-05272,OFC-BOS,Analyst,IT,Full-Time,2022-10-12,Target Population
EMP-05273,OFC-LON,Consultant,HR,Full-Time,2024-12-21,Target Population
EMP-05274,OFC-LON,Partner,IT,Full-Time,2022-02-10,Target Population
EMP-05275,OFC-LON,Analyst,Digital Ventures,Full-Time,2025-05-30,Target Population
EMP-05276,OFC-NYC,Principal,HR,Full-Time,2024-02-21,Target Population
EMP-05277,OFC-NYC,Principal,IT,Full-Time,2026-07-02,Target Population
EMP-05278,OFC-BOS,Partner,Finance,Full-Time,2024-01-05,Target Population
EMP-05279,OFC-NYC,Consultant,Finance,Full-Time,2022-11-15,Target Population
EMP-05280,OFC-BOS,Project Leader,HR,Full-Time,2023-02-18,Target Population
EMP-05281,OFC-GUR,Analyst,HR,Full-Time,2026-09-25,Target Population
EMP-05282,OFC-BOS,Consultant,IT,Full-Time,2023-12-08,Target Population
EMP-05283,OFC-BOS,Partner,Operations,Full-Time,2021-10-24,Target Population
EMP-05284,OFC-LON,Consultant,Operations,Full-Time,2024-07-30,Target Population
EMP-05285,OFC-LON,Consultant,Operations,Full-Time,2025-09-24,Target Population
EMP-05286,OFC-SIN,Analyst,IT,Full-Time,2023-01-30,Target Population
EMP-05287,OFC-LON,Analyst,Finance,Full-Time,2022-02-08,Target Population
EMP-05288,OFC-NYC,Project Leader,Consulting,Full-Time,2023-01-27,Target Population
EMP-05289,OFC-GUR,Consultant,Finance,Full-Time,2024-07-05,Target Population
EMP-05290,OFC-LON,Analyst,Digital Ventures,Full-Time,2022-03-14,Target Population
EMP-05291,OFC-BOS,Partner,Consulting,Full-Time,2024-04-29,Target Population
EMP-05292,OFC-LON,Analyst,Digital Ventures,Full-Time,2025-12-09,Target Population
EMP-05293,OFC-SIN,Consultant,Operations,Full-Time,2026-08-21,Target Population
EMP-05294,OFC-NYC,Principal,Operations,Full-Time,2026-06-12,Target Population
EMP-05295,OFC-NYC,Consultant,Operations,Full-Time,2024-10-23,Target Population
EMP-05296,OFC-BOS,Analyst,IT,Full-Time,2022-05-21,Target Population
EMP-05297,OFC-BOS,Consultant,HR,Full-Time,2024-06-20,Target Population
EMP-05298,OFC-NYC,Principal,Operations,Full-Time,2026-03-27,Target Population
EMP-05299,OFC-LON,Analyst,Digital Ventures,Full-Time,2023-08-21,Target Population
EMP-05300,OFC-BOS,Consultant,IT,Full-Time,2023-05-01,Target Population
EMP-05301,OFC-SIN,Managing Director,Digital Ventures,Full-Time,2026-03-12,Target Population
EMP-05302,OFC-GUR,Project Leader,IT,Full-Time,2022-05-06,Target Population
EMP-05303,OFC-LON,Analyst,Finance,Full-Time,2026-01-23,Target Population
EMP-05304,OFC-GUR,Analyst,Consulting,Full-Time,2023-02-14,Target Population
EMP-05305,OFC-BOS,Managing Director,Consulting,Full-Time,2025-04-21,Target Population
EMP-05306,OFC-LON,Analyst,HR,Full-Time,2026-05-21,Target Population
EMP-05307,OFC-LON,Analyst,Finance,Full-Time,2026-05-02,Target Population
EMP-05308,OFC-GUR,Consultant,Digital Ventures,Full-Time,2025-03-13,Target Population
EMP-05309,OFC-GUR,Analyst,IT,Full-Time,2022-07-19,Target Population
EMP-05310,OFC-NYC,Analyst,Finance,Full-Time,2024-09-26,Target Population
EMP-05311,OFC-SIN,Analyst,Digital Ventures,Full-Time,2023-08-25,Target Population
EMP-05312,OFC-BOS,Consultant,Finance,Full-Time,2023-07-31,Target Population
EMP-05313,OFC-SIN,Analyst,HR,Full-Time,2024-08-03,Target Population
EMP-05314,OFC-SIN,Consultant,Operations,Full-Time,2024-07-31,Target Population
EMP-05315,OFC-BOS,Partner,Consulting,Full-Time,2024-10-31,Target Population
EMP-05316,OFC-GUR,Consultant,HR,Full-Time,2024-04-06,Target Population
EMP-05317,OFC-BOS,Principal,Digital Ventures,Full-Time,2023-08-16,Target Population
EMP-05318,OFC-NYC,Analyst,IT,Full-Time,2026-04-12,Target Population
EMP-05319,OFC-LON,Analyst,Finance,Full-Time,2025-10-21,Target Population
EMP-05320,OFC-LON,Analyst,Operations,Full-Time,2026-07-17,Target Population
EMP-05321,OFC-SIN,Analyst,Digital Ventures,Full-Time,2021-11-03,Target Population
EMP-05322,OFC-GUR,Analyst,Finance,Full-Time,2022-09-28,Target Population
EMP-05323,OFC-LON,Consultant,Operations,Full-Time,2024-09-16,Target Population
EMP-05324,OFC-GUR,Consultant,Finance,Full-Time,2025-07-22,Target Population
EMP-05325,OFC-SIN,Analyst,IT,Full-Time,2023-10-23,Target Population
EMP-05326,OFC-BOS,Partner,Digital Ventures,Full-Time,2023-11-03,Target Population
EMP-05327,OFC-SIN,Analyst,HR,Full-Time,2022-02-07,Target Population
EMP-05328,OFC-BOS,Analyst,IT,Full-Time,2024-06-30,Target Population
EMP-05329,OFC-GUR,Project Leader,Digital Ventures,Full-Time,2025-01-03,Target Population
EMP-05330,OFC-NYC,Analyst,HR,Full-Time,2022-09-24,Target Population
EMP-05331,OFC-BOS,Project Leader,Consulting,Full-Time,2025-01-17,Target Population
EMP-05332,OFC-NYC,Project Leader,Operations,Full-Time,2023-12-13,Target Population
EMP-05333,OFC-LON,Analyst,IT,Full-Time,2026-05-12,Target Population
EMP-05334,OFC-NYC,Consultant,Operations,Full-Time,2024-03-03,Target Population
EMP-05335,OFC-BOS,Consultant,Digital Ventures,Full-Time,2021-12-22,Target Population
EMP-05336,OFC-LON,Analyst,HR,Full-Time,2026-02-28,Target Population
EMP-05337,OFC-SIN,Analyst,IT,Full-Time,2024-12-14,Target Population
EMP-05338,OFC-NYC,Analyst,Digital Ventures,Full-Time,2026-02-20,Target Population
EMP-05339,OFC-BOS,Project Leader,IT,Full-Time,2026-02-03,Target Population
EMP-05340,OFC-NYC,Analyst,HR,Full-Time,2025-07-22,Target Population
EMP-05341,OFC-BOS,Consultant,Consulting,Full-Time,2025-11-27,Target Population
EMP-05342,OFC-GUR,Partner,Digital Ventures,Full-Time,2022-02-20,Target Population
EMP-05343,OFC-GUR,Consultant,IT,Full-Time,2024-04-14,Target Population
EMP-05344,OFC-LON,Analyst,IT,Full-Time,2023-05-28,Target Population
EMP-05345,OFC-NYC,Consultant,Operations,Full-Time,2024-06-28,Target Population
EMP-05346,OFC-GUR,Analyst,Consulting,Full-Time,2026-02-19,Target Population
EMP-05347,OFC-LON,Partner,Operations,Full-Time,2022-06-19,Target Population
EMP-05348,OFC-GUR,Project Leader,Consulting,Full-Time,2022-08-01,Target Population
EMP-05349,OFC-LON,Principal,Finance,Full-Time,2023-03-11,Target Population
EMP-05350,OFC-GUR,Project Leader,Operations,Full-Time,2026-05-05,Target Population
EMP-05351,OFC-LON,Project Leader,HR,Full-Time,2026-04-20,Target Population
EMP-05352,OFC-NYC,Analyst,Consulting,Full-Time,2021-10-29,Target Population
EMP-05353,OFC-SIN,Analyst,Operations,Full-Time,2022-04-28,Target Population
EMP-05354,OFC-LON,Consultant,Operations,Full-Time,2023-07-23,Target Population
EMP-05355,OFC-LON,Principal,Consulting,Full-Time,2023-07-31,Target Population
EMP-05356,OFC-BOS,Consultant,IT,Full-Time,2025-05-16,Target Population
EMP-05357,OFC-LON,Consultant,Finance,Full-Time,2022-08-25,Target Population
EMP-05358,OFC-LON,Project Leader,HR,Full-Time,2023-07-07,Target Population
EMP-05359,OFC-BOS,Project Leader,Consulting,Full-Time,2026-05-04,Target Population
EMP-05360,OFC-BOS,Consultant,Consulting,Full-Time,2025-06-20,Target Population
EMP-05361,OFC-LON,Consultant,Finance,Full-Time,2022-05-19,Target Population
EMP-05362,OFC-GUR,Analyst,IT,Full-Time,2023-01-27,Target Population
EMP-05363,OFC-LON,Consultant,Finance,Full-Time,2021-12-19,Target Population
EMP-05364,OFC-BOS,Analyst,IT,Full-Time,2025-09-02,Target Population
EMP-05365,OFC-GUR,Analyst,IT,Full-Time,2024-08-02,Target Population
EMP-05366,OFC-BOS,Principal,Digital Ventures,Full-Time,2022-02-01,Target Population
EMP-05367,OFC-NYC,Consultant,Finance,Full-Time,2022-07-05,Target Population
EMP-05368,OFC-BOS,Consultant,HR,Full-Time,2022-05-22,Target Population
EMP-05369,OFC-BOS,Principal,Digital Ventures,Full-Time,2022-03-24,Target Population
EMP-05370,OFC-BOS,Consultant,HR,Full-Time,2023-04-13,Target Population
EMP-05371,OFC-NYC,Consultant,HR,Full-Time,2023-11-28,Target Population
EMP-05372,OFC-BOS,Consultant,Digital Ventures,Full-Time,2026-07-06,Target Population
EMP-05373,OFC-NYC,Analyst,Digital Ventures,Full-Time,2022-05-13,Target Population
EMP-05374,OFC-LON,Analyst,Operations,Full-Time,2026-08-28,Target Population
EMP-05375,OFC-LON,Analyst,Digital Ventures,Full-Time,2023-09-14,Target Population
EMP-05376,OFC-NYC,Analyst,Consulting,Full-Time,2023-12-19,Target Population
EMP-05377,OFC-GUR,Consultant,HR,Full-Time,2025-03-26,Target Population
EMP-05378,OFC-BOS,Consultant,Finance,Full-Time,2025-01-24,Target Population
EMP-05379,OFC-LON,Project Leader,Digital Ventures,Full-Time,2025-08-08,Target Population
EMP-05380,OFC-BOS,Consultant,IT,Full-Time,2025-03-16,Target Population
EMP-05381,OFC-BOS,Consultant,Digital Ventures,Full-Time,2025-06-13,Target Population
EMP-05382,OFC-LON,Consultant,Operations,Full-Time,2024-06-16,Target Population
EMP-05383,OFC-LON,Project Leader,HR,Full-Time,2021-11-28,Target Population
EMP-05384,OFC-SIN,Consultant,Operations,Full-Time,2025-01-29,Target Population
EMP-05385,OFC-LON,Consultant,HR,Full-Time,2022-10-09,Target Population
EMP-05386,OFC-SIN,Analyst,IT,Full-Time,2026-04-25,Target Population
EMP-05387,OFC-BOS,Principal,IT,Full-Time,2021-10-25,Target Population
EMP-05388,OFC-BOS,Project Leader,Consulting,Full-Time,2022-04-21,Target Population
EMP-05389,OFC-BOS,Project Leader,Digital Ventures,Full-Time,2026-09-30,Target Population
EMP-05390,OFC-BOS,Consultant,Finance,Full-Time,2022-02-25,Target Population
EMP-05391,OFC-LON,Consultant,HR,Full-Time,2022-05-20,Target Population
EMP-05392,OFC-LON,Partner,Finance,Full-Time,2024-10-22,Target Population
EMP-05393,OFC-BOS,Analyst,IT,Full-Time,2026-01-16,Target Population
EMP-05394,OFC-SIN,Analyst,Consulting,Full-Time,2022-09-01,Target Population
EMP-05395,OFC-GUR,Analyst,Consulting,Full-Time,2024-03-25,Target Population
EMP-05396,OFC-NYC,Analyst,Consulting,Full-Time,2024-04-30,Target Population
EMP-05397,OFC-BOS,Consultant,IT,Full-Time,2022-07-02,Target Population
EMP-05398,OFC-BOS,Project Leader,Consulting,Full-Time,2024-02-28,Target Population
EMP-05399,OFC-BOS,Project Leader,HR,Full-Time,2025-06-27,Target Population
EMP-05400,OFC-BOS,Project Leader,Finance,Full-Time,2025-01-04,Target Population
EMP-05401,OFC-LON,Consultant,Operations,Full-Time,2025-02-15,Target Population
EMP-05402,OFC-BOS,Consultant,Digital Ventures,Full-Time,2022-01-10,Target Population
EMP-05403,OFC-NYC,Project Leader,Finance,Full-Time,2025-10-18,Target Population
EMP-05404,OFC-SIN,Consultant,Finance,Full-Time,2023-02-04,Target Population
EMP-05405,OFC-GUR,Analyst,Consulting,Full-Time,2026-04-21,Target Population
EMP-05406,OFC-SIN,Consultant,IT,Full-Time,2023-08-21,Target Population
EMP-05407,OFC-BOS,Analyst,Operations,Full-Time,2022-12-04,Target Population
EMP-05408,OFC-NYC,Consultant,IT,Full-Time,2025-02-02,Target Population
EMP-05409,OFC-LON,Project Leader,Consulting,Full-Time,2026-05-29,Target Population
EMP-05410,OFC-BOS,Partner,Digital Ventures,Full-Time,2024-04-10,Target Population
EMP-05411,OFC-BOS,Analyst,Operations,Full-Time,2022-12-28,Target Population
EMP-05412,OFC-GUR,Partner,Digital Ventures,Full-Time,2024-04-20,Target Population
EMP-05413,OFC-LON,Analyst,Finance,Full-Time,2024-12-09,Target Population
EMP-05414,OFC-NYC,Project Leader,Digital Ventures,Full-Time,2021-11-10,Target Population
EMP-05415,OFC-LON,Analyst,Digital Ventures,Full-Time,2026-06-22,Target Population
EMP-05416,OFC-NYC,Analyst,Digital Ventures,Full-Time,2026-06-27,Target Population
EMP-05417,OFC-BOS,Analyst,IT,Full-Time,2022-12-20,Target Population
EMP-05418,OFC-NYC,Analyst,Digital Ventures,Full-Time,2022-10-24,Target Population
EMP-05419,OFC-BOS,Analyst,IT,Full-Time,2022-02-13,Target Population
EMP-05420,OFC-BOS,Consultant,IT,Full-Time,2021-10-22,Target Population
EMP-05421,OFC-SIN,Analyst,Finance,Full-Time,2026-08-21,Target Population
EMP-05422,OFC-LON,Project Leader,IT,Full-Time,2025-02-12,Target Population
EMP-05423,OFC-GUR,Analyst,Consulting,Full-Time,2026-05-02,Target Population
EMP-05424,OFC-NYC,Consultant,HR,Full-Time,2026-06-04,Target Population
EMP-05425,OFC-NYC,Project Leader,Finance,Full-Time,2022-06-28,Target Population
EMP-05426,OFC-BOS,Project Leader,Consulting,Full-Time,2024-05-10,Target Population
EMP-05427,OFC-BOS,Analyst,Consulting,Full-Time,2023-07-21,Target Population
EMP-05428,OFC-BOS,Consultant,Digital Ventures,Full-Time,2024-09-09,Target Population
EMP-05429,OFC-GUR,Principal,Finance,Full-Time,2023-07-26,Target Population
EMP-05430,OFC-GUR,Analyst,IT,Full-Time,2025-04-11,Target Population
EMP-05431,OFC-LON,Analyst,Consulting,Full-Time,2026-02-15,Target Population
EMP-05432,OFC-LON,Consultant,Finance,Full-Time,2022-12-23,Target Population
EMP-05433,OFC-SIN,Managing Director,Consulting,Full-Time,2023-02-19,Target Population
EMP-05434,OFC-BOS,Managing Director,Digital Ventures,Full-Time,2023-05-01,Target Population
EMP-05435,OFC-NYC,Analyst,Operations,Full-Time,2023-08-23,Target Population
EMP-05436,OFC-NYC,Project Leader,Consulting,Full-Time,2023-12-01,Target Population
EMP-05437,OFC-GUR,Analyst,Operations,Full-Time,2023-06-02,Target Population
EMP-05438,OFC-SIN,Principal,Finance,Full-Time,2022-09-28,Target Population
EMP-05439,OFC-BOS,Consultant,Finance,Full-Time,2023-04-23,Target Population
EMP-05440,OFC-SIN,Consultant,Operations,Full-Time,2026-08-04,Target Population
EMP-05441,OFC-GUR,Analyst,Operations,Full-Time,2022-03-24,Target Population
EMP-05442,OFC-BOS,Consultant,Finance,Full-Time,2026-06-08,Target Population
EMP-05443,OFC-NYC,Partner,HR,Full-Time,2025-09-09,Target Population
EMP-05444,OFC-NYC,Consultant,HR,Full-Time,2026-06-10,Target Population
EMP-05445,OFC-SIN,Consultant,Finance,Full-Time,2022-05-22,Target Population
EMP-05446,OFC-BOS,Partner,Digital Ventures,Full-Time,2024-03-28,Target Population
EMP-05447,OFC-GUR,Analyst,Finance,Full-Time,2022-05-04,Target Population
EMP-05448,OFC-NYC,Managing Director,Consulting,Full-Time,2023-11-24,Target Population
EMP-05449,OFC-GUR,Analyst,IT,Full-Time,2022-08-08,Target Population
EMP-05450,OFC-NYC,Analyst,Consulting,Full-Time,2023-06-12,Target Population
EMP-05451,OFC-LON,Project Leader,HR,Full-Time,2026-09-14,Target Population
EMP-05452,OFC-GUR,Analyst,Digital Ventures,Full-Time,2025-11-28,Target Population
EMP-05453,OFC-GUR,Analyst,Digital Ventures,Full-Time,2024-07-30,Target Population
EMP-05454,OFC-SIN,Analyst,Operations,Full-Time,2024-10-20,Target Population
EMP-05455,OFC-BOS,Analyst,IT,Full-Time,2022-11-09,Target Population
EMP-05456,OFC-GUR,Consultant,Operations,Full-Time,2023-10-05,Target Population
EMP-05457,OFC-BOS,Project Leader,Operations,Full-Time,2022-08-13,Target Population
EMP-05458,OFC-NYC,Partner,Consulting,Full-Time,2024-03-10,Target Population
EMP-05459,OFC-LON,Project Leader,Digital Ventures,Full-Time,2022-05-11,Target Population
EMP-05460,OFC-NYC,Consultant,Digital Ventures,Full-Time,2023-05-31,Target Population
EMP-05461,OFC-LON,Project Leader,Finance,Full-Time,2024-06-20,Target Population
EMP-05462,OFC-SIN,Consultant,Consulting,Full-Time,2025-11-24,Target Population
EMP-05463,OFC-BOS,Analyst,HR,Full-Time,2025-08-07,Target Population
EMP-05464,OFC-GUR,Consultant,Digital Ventures,Full-Time,2024-07-23,Target Population
EMP-05465,OFC-NYC,Analyst,Digital Ventures,Full-Time,2024-05-13,Target Population
EMP-05466,OFC-BOS,Partner,Consulting,Full-Time,2026-09-25,Target Population
EMP-05467,OFC-BOS,Consultant,HR,Full-Time,2023-01-23,Target Population
EMP-05468,OFC-SIN,Analyst,Digital Ventures,Full-Time,2026-07-30,Target Population
EMP-05469,OFC-SIN,Analyst,Consulting,Full-Time,2026-08-03,Target Population
EMP-05470,OFC-SIN,Consultant,Consulting,Full-Time,2024-11-12,Target Population
EMP-05471,OFC-SIN,Analyst,Finance,Full-Time,2024-06-15,Target Population
EMP-05472,OFC-BOS,Project Leader,Operations,Full-Time,2025-05-29,Target Population
EMP-05473,OFC-NYC,Partner,Operations,Full-Time,2023-03-14,Target Population
EMP-05474,OFC-GUR,Managing Director,IT,Full-Time,2021-10-22,Target Population
EMP-05475,OFC-LON,Project Leader,Digital Ventures,Full-Time,2024-06-06,Target Population
EMP-05476,OFC-NYC,Analyst,HR,Full-Time,2023-11-10,Target Population
EMP-05477,OFC-NYC,Consultant,Operations,Full-Time,2023-08-26,Target Population
EMP-05478,OFC-LON,Analyst,Operations,Full-Time,2025-06-22,Target Population
EMP-05479,OFC-LON,Analyst,IT,Full-Time,2024-02-13,Target Population
EMP-05480,OFC-BOS,Project Leader,HR,Full-Time,2024-10-27,Target Population
EMP-05481,OFC-LON,Project Leader,Operations,Full-Time,2022-11-28,Target Population
EMP-05482,OFC-LON,Principal,Finance,Full-Time,2024-08-02,Target Population
EMP-05483,OFC-LON,Consultant,Digital Ventures,Full-Time,2025-11-06,Target Population
EMP-05484,OFC-BOS,Principal,Operations,Full-Time,2025-09-14,Target Population
EMP-05485,OFC-GUR,Consultant,IT,Full-Time,2025-07-21,Target Population
EMP-05486,OFC-BOS,Principal,Consulting,Full-Time,2024-10-25,Target Population
EMP-05487,OFC-NYC,Partner,Finance,Full-Time,2024-05-13,Target Population
EMP-05488,OFC-GUR,Analyst,Finance,Full-Time,2025-11-27,Target Population
EMP-05489,OFC-LON,Analyst,Operations,Full-Time,2026-06-16,Target Population
EMP-05490,OFC-NYC,Consultant,Consulting,Full-Time,2022-09-10,Target Population
EMP-05491,OFC-GUR,Consultant,Operations,Full-Time,2023-04-06,Target Population
EMP-05492,OFC-LON,Consultant,HR,Full-Time,2022-06-18,Target Population
EMP-05493,OFC-GUR,Analyst,Digital Ventures,Full-Time,2024-02-25,Target Population
EMP-05494,OFC-GUR,Principal,IT,Full-Time,2022-12-15,Target Population
EMP-05495,OFC-LON,Analyst,IT,Full-Time,2026-05-07,Target Population
EMP-05496,OFC-LON,Consultant,Finance,Full-Time,2023-06-09,Target Population
EMP-05497,OFC-BOS,Consultant,Consulting,Full-Time,2024-01-02,Target Population
EMP-05498,OFC-NYC,Analyst,HR,Full-Time,2022-06-01,Target Population
EMP-05499,OFC-NYC,Analyst,HR,Full-Time,2022-05-29,Target Population
EMP-05500,OFC-LON,Analyst,HR,Full-Time,2021-12-03,Target Population
EMP-05501,OFC-LON,Partner,HR,Full-Time,2026-01-29,Target Population
EMP-05502,OFC-NYC,Consultant,Operations,Full-Time,2022-01-11,Target Population
EMP-05503,OFC-BOS,Partner,Digital Ventures,Full-Time,2026-09-18,Target Population
EMP-05504,OFC-LON,Consultant,IT,Full-Time,2026-09-09,Target Population
EMP-05505,OFC-NYC,Consultant,IT,Full-Time,2025-03-18,Target Population
EMP-05506,OFC-GUR,Analyst,Finance,Full-Time,2023-07-30,Target Population
EMP-05507,OFC-BOS,Consultant,Consulting,Full-Time,2022-01-28,Target Population
EMP-05508,OFC-LON,Project Leader,Operations,Full-Time,2026-06-16,Target Population
EMP-05509,OFC-SIN,Principal,Digital Ventures,Full-Time,2023-12-25,Target Population
EMP-05510,OFC-BOS,Project Leader,Consulting,Full-Time,2026-05-22,Target Population
EMP-05511,OFC-LON,Consultant,Consulting,Full-Time,2026-05-10,Target Population
EMP-05512,OFC-BOS,Consultant,IT,Full-Time,2025-10-12,Target Population
EMP-05513,OFC-LON,Partner,Consulting,Full-Time,2023-01-11,Target Population
EMP-05514,OFC-LON,Consultant,Consulting,Full-Time,2024-11-16,Target Population
EMP-05515,OFC-NYC,Partner,Consulting,Full-Time,2025-02-07,Target Population
EMP-05516,OFC-LON,Analyst,Finance,Full-Time,2023-08-31,Target Population
EMP-05517,OFC-SIN,Project Leader,IT,Full-Time,2024-03-29,Target Population
EMP-05518,OFC-BOS,Managing Director,HR,Full-Time,2022-11-26,Target Population
EMP-05519,OFC-BOS,Consultant,Finance,Full-Time,2025-09-19,Target Population
EMP-05520,OFC-SIN,Project Leader,HR,Full-Time,2026-01-10,Target Population
EMP-05521,OFC-LON,Analyst,Operations,Full-Time,2026-02-08,Target Population
EMP-05522,OFC-SIN,Consultant,Digital Ventures,Full-Time,2022-07-15,Target Population
EMP-05523,OFC-LON,Consultant,Digital Ventures,Full-Time,2025-02-20,Target Population
EMP-05524,OFC-GUR,Project Leader,Digital Ventures,Full-Time,2024-11-10,Target Population
EMP-05525,OFC-NYC,Analyst,Operations,Full-Time,2026-01-14,Target Population
EMP-05526,OFC-GUR,Consultant,Digital Ventures,Full-Time,2021-11-08,Target Population
EMP-05527,OFC-SIN,Principal,IT,Full-Time,2023-10-19,Target Population
EMP-05528,OFC-LON,Partner,Consulting,Full-Time,2023-03-06,Target Population
EMP-05529,OFC-BOS,Project Leader,Digital Ventures,Full-Time,2026-02-20,Target Population
EMP-05530,OFC-NYC,Consultant,Operations,Full-Time,2022-12-17,Target Population
EMP-05531,OFC-BOS,Project Leader,Finance,Full-Time,2025-07-24,Target Population
EMP-05532,OFC-BOS,Principal,Consulting,Full-Time,2023-02-13,Target Population
EMP-05533,OFC-NYC,Project Leader,Operations,Full-Time,2023-04-16,Target Population
EMP-05534,OFC-LON,Principal,Consulting,Full-Time,2026-08-01,Target Population
EMP-05535,OFC-LON,Consultant,Finance,Full-Time,2026-07-30,Target Population
EMP-05536,OFC-NYC,Analyst,Digital Ventures,Full-Time,2023-01-04,Target Population
EMP-05537,OFC-LON,Project Leader,IT,Full-Time,2025-11-17,Target Population
EMP-05538,OFC-BOS,Analyst,Digital Ventures,Full-Time,2024-10-25,Target Population
EMP-05539,OFC-BOS,Analyst,IT,Full-Time,2022-02-09,Target Population
EMP-05540,OFC-BOS,Consultant,Digital Ventures,Full-Time,2023-08-17,Target Population
EMP-05541,OFC-LON,Consultant,Consulting,Full-Time,2025-11-30,Target Population
EMP-05542,OFC-BOS,Principal,IT,Full-Time,2023-09-27,Target Population
EMP-05543,OFC-NYC,Consultant,IT,Full-Time,2022-04-20,Target Population
EMP-05544,OFC-NYC,Project Leader,Operations,Full-Time,2024-01-06,Target Population
EMP-05545,OFC-GUR,Partner,HR,Full-Time,2024-11-27,Target Population
EMP-05546,OFC-BOS,Analyst,Finance,Full-Time,2023-10-04,Target Population
EMP-05547,OFC-LON,Analyst,Consulting,Full-Time,2022-02-17,Target Population
EMP-05548,OFC-GUR,Consultant,Consulting,Full-Time,2023-07-11,Target Population
EMP-05549,OFC-GUR,Project Leader,Digital Ventures,Full-Time,2026-03-04,Target Population
EMP-05550,OFC-SIN,Consultant,HR,Full-Time,2024-11-02,Target Population
EMP-05551,OFC-BOS,Principal,IT,Full-Time,2025-01-24,Target Population
EMP-05552,OFC-BOS,Principal,Operations,Full-Time,2025-10-05,Target Population
EMP-05553,OFC-SIN,Project Leader,Consulting,Full-Time,2025-08-19,Target Population
EMP-05554,OFC-LON,Analyst,Digital Ventures,Full-Time,2022-02-28,Target Population
EMP-05555,OFC-LON,Analyst,Finance,Full-Time,2022-02-07,Target Population
EMP-05556,OFC-GUR,Project Leader,Consulting,Full-Time,2024-07-09,Target Population
EMP-05557,OFC-GUR,Consultant,Finance,Full-Time,2022-08-23,Target Population
EMP-05558,OFC-SIN,Consultant,Operations,Full-Time,2026-03-14,Target Population
EMP-05559,OFC-SIN,Analyst,Operations,Full-Time,2024-02-03,Target Population
EMP-05560,OFC-GUR,Project Leader,HR,Full-Time,2024-01-03,Target Population
EMP-05561,OFC-NYC,Analyst,Operations,Full-Time,2026-09-08,Target Population
EMP-05562,OFC-SIN,Principal,IT,Full-Time,2026-05-25,Target Population
EMP-05563,OFC-BOS,Consultant,Digital Ventures,Full-Time,2026-08-13,Target Population
EMP-05564,OFC-BOS,Consultant,Digital Ventures,Full-Time,2023-03-31,Target Population
EMP-05565,OFC-SIN,Analyst,Digital Ventures,Full-Time,2024-12-20,Target Population
EMP-05566,OFC-NYC,Partner,HR,Full-Time,2024-12-26,Target Population
EMP-05567,OFC-BOS,Managing Director,Operations,Full-Time,2024-11-14,Target Population
EMP-05568,OFC-BOS,Consultant,Finance,Full-Time,2026-10-06,Target Population
EMP-05569,OFC-SIN,Partner,Finance,Full-Time,2022-06-05,Target Population
EMP-05570,OFC-LON,Consultant,HR,Full-Time,2026-02-28,Target Population
EMP-05571,OFC-GUR,Consultant,Consulting,Full-Time,2023-11-27,Target Population
EMP-05572,OFC-BOS,Consultant,Digital Ventures,Full-Time,2024-12-19,Target Population
EMP-05573,OFC-GUR,Consultant,Digital Ventures,Full-Time,2023-08-30,Target Population
EMP-05574,OFC-GUR,Analyst,Finance,Full-Time,2026-02-27,Target Population
EMP-05575,OFC-NYC,Principal,Operations,Full-Time,2025-03-20,Target Population
EMP-05576,OFC-NYC,Analyst,Operations,Full-Time,2024-10-07,Target Population
EMP-05577,OFC-BOS,Analyst,IT,Full-Time,2024-09-12,Target Population
EMP-05578,OFC-SIN,Analyst,Digital Ventures,Full-Time,2025-11-27,Target Population
EMP-05579,OFC-LON,Analyst,Consulting,Full-Time,2025-11-12,Target Population
EMP-05580,OFC-SIN,Analyst,Finance,Full-Time,2021-10-27,Target Population
EMP-05581,OFC-NYC,Analyst,IT,Full-Time,2026-01-13,Target Population
EMP-05582,OFC-GUR,Managing Director,HR,Full-Time,2022-12-12,Target Population
EMP-05583,OFC-GUR,Analyst,Consulting,Full-Time,2025-07-04,Target Population
EMP-05584,OFC-GUR,Consultant,Digital Ventures,Full-Time,2023-03-05,Target Population
EMP-05585,OFC-SIN,Analyst,Digital Ventures,Full-Time,2023-09-21,Target Population
EMP-05586,OFC-NYC,Managing Director,IT,Full-Time,2022-06-03,Target Population
EMP-05587,OFC-BOS,Partner,Finance,Full-Time,2026-02-21,Target Population
EMP-05588,OFC-GUR,Analyst,Digital Ventures,Full-Time,2024-02-26,Target Population
EMP-05589,OFC-GUR,Consultant,IT,Full-Time,2023-07-26,Target Population
EMP-05590,OFC-LON,Managing Director,Consulting,Full-Time,2023-01-16,Target Population
EMP-05591,OFC-BOS,Analyst,Consulting,Full-Time,2023-05-10,Target Population
EMP-05592,OFC-LON,Analyst,Finance,Full-Time,2023-02-07,Target Population
EMP-05593,OFC-NYC,Principal,Operations,Full-Time,2024-11-05,Target Population
EMP-05594,OFC-NYC,Consultant,Finance,Full-Time,2022-10-09,Target Population
EMP-05595,OFC-LON,Project Leader,Digital Ventures,Full-Time,2023-09-22,Target Population
EMP-05596,OFC-GUR,Project Leader,HR,Full-Time,2025-04-17,Target Population
EMP-05597,OFC-BOS,Analyst,Finance,Full-Time,2024-07-28,Target Population
EMP-05598,OFC-NYC,Consultant,Operations,Full-Time,2022-09-24,Target Population
EMP-05599,OFC-NYC,Analyst,IT,Full-Time,2025-11-11,Target Population
EMP-05600,OFC-BOS,Consultant,Operations,Full-Time,2025-11-02,Target Population
EMP-05601,OFC-GUR,Consultant,Operations,Full-Time,2025-11-03,Target Population
EMP-05602,OFC-SIN,Analyst,Digital Ventures,Full-Time,2023-07-23,Target Population
EMP-05603,OFC-NYC,Analyst,Digital Ventures,Full-Time,2023-02-19,Target Population
EMP-05604,OFC-GUR,Partner,Finance,Full-Time,2025-04-05,Target Population
EMP-05605,OFC-SIN,Analyst,Consulting,Full-Time,2021-12-15,Target Population
EMP-05606,OFC-GUR,Project Leader,Finance,Full-Time,2023-11-03,Target Population
EMP-05607,OFC-BOS,Analyst,Consulting,Full-Time,2022-02-18,Target Population
EMP-05608,OFC-SIN,Analyst,IT,Full-Time,2022-11-08,Target Population
EMP-05609,OFC-NYC,Consultant,Finance,Full-Time,2026-08-23,Target Population
EMP-05610,OFC-NYC,Consultant,IT,Full-Time,2023-02-19,Target Population
EMP-05611,OFC-BOS,Project Leader,HR,Full-Time,2022-11-29,Target Population
EMP-05612,OFC-LON,Consultant,Finance,Full-Time,2026-02-15,Target Population
EMP-05613,OFC-BOS,Consultant,Finance,Full-Time,2022-02-05,Target Population
EMP-05614,OFC-BOS,Consultant,HR,Full-Time,2026-08-19,Target Population
EMP-05615,OFC-NYC,Consultant,Operations,Full-Time,2023-01-06,Target Population
EMP-05616,OFC-GUR,Project Leader,IT,Full-Time,2022-03-29,Target Population
EMP-05617,OFC-SIN,Consultant,HR,Full-Time,2023-03-07,Target Population
EMP-05618,OFC-NYC,Analyst,Consulting,Full-Time,2023-12-18,Target Population
EMP-05619,OFC-SIN,Principal,Digital Ventures,Full-Time,2023-04-19,Target Population
EMP-05620,OFC-SIN,Analyst,Finance,Full-Time,2026-02-28,Target Population
EMP-05621,OFC-GUR,Analyst,HR,Full-Time,2025-03-19,Target Population
EMP-05622,OFC-BOS,Analyst,Operations,Full-Time,2026-07-24,Target Population
EMP-05623,OFC-GUR,Analyst,Digital Ventures,Full-Time,2021-12-03,Target Population
EMP-05624,OFC-SIN,Partner,Consulting,Full-Time,2024-03-05,Target Population
EMP-05625,OFC-GUR,Project Leader,Digital Ventures,Full-Time,2022-06-30,Target Population
EMP-05626,OFC-NYC,Principal,HR,Full-Time,2023-08-10,Target Population
EMP-05627,OFC-LON,Partner,Finance,Full-Time,2025-08-02,Target Population
EMP-05628,OFC-LON,Principal,Consulting,Full-Time,2025-10-10,Target Population
EMP-05629,OFC-LON,Consultant,HR,Full-Time,2025-11-11,Target Population
EMP-05630,OFC-BOS,Analyst,HR,Full-Time,2023-03-20,Target Population
EMP-05631,OFC-NYC,Consultant,Operations,Full-Time,2023-08-19,Target Population
EMP-05632,OFC-GUR,Project Leader,Consulting,Full-Time,2025-04-05,Target Population
EMP-05633,OFC-SIN,Project Leader,Finance,Full-Time,2022-12-24,Target Population
EMP-05634,OFC-BOS,Project Leader,IT,Full-Time,2026-09-21,Target Population
EMP-05635,OFC-SIN,Analyst,Finance,Full-Time,2023-04-25,Target Population
EMP-05636,OFC-NYC,Consultant,Finance,Full-Time,2026-02-10,Target Population
EMP-05637,OFC-GUR,Project Leader,IT,Full-Time,2024-01-06,Target Population
EMP-05638,OFC-GUR,Principal,Consulting,Full-Time,2023-03-12,Target Population
EMP-05639,OFC-GUR,Partner,IT,Full-Time,2024-09-05,Target Population
EMP-05640,OFC-SIN,Managing Director,Finance,Full-Time,2025-08-15,Target Population
EMP-05641,OFC-NYC,Project Leader,Finance,Full-Time,2022-05-08,Target Population
EMP-05642,OFC-SIN,Consultant,Finance,Full-Time,2023-09-21,Target Population
EMP-05643,OFC-BOS,Managing Director,HR,Full-Time,2024-12-25,Target Population
EMP-05644,OFC-GUR,Consultant,IT,Full-Time,2025-01-16,Target Population
EMP-05645,OFC-GUR,Analyst,HR,Full-Time,2022-11-21,Target Population
EMP-05646,OFC-GUR,Analyst,Consulting,Full-Time,2022-09-09,Target Population
EMP-05647,OFC-NYC,Consultant,HR,Full-Time,2021-11-27,Target Population
EMP-05648,OFC-SIN,Analyst,Finance,Full-Time,2023-06-27,Target Population
EMP-05649,OFC-BOS,Consultant,HR,Full-Time,2026-03-19,Target Population
EMP-05650,OFC-BOS,Principal,Finance,Full-Time,2026-01-20,Target Population
EMP-05651,OFC-GUR,Consultant,Finance,Full-Time,2025-05-03,Target Population
EMP-05652,OFC-LON,Project Leader,IT,Full-Time,2023-01-14,Target Population
EMP-05653,OFC-GUR,Partner,IT,Full-Time,2022-08-02,Target Population
EMP-05654,OFC-NYC,Principal,HR,Full-Time,2023-04-11,Target Population
EMP-05655,OFC-BOS,Analyst,HR,Full-Time,2025-10-24,Target Population
EMP-05656,OFC-GUR,Analyst,Finance,Full-Time,2022-02-05,Target Population
EMP-05657,OFC-LON,Managing Director,IT,Full-Time,2026-04-15,Target Population
EMP-05658,OFC-BOS,Analyst,Digital Ventures,Full-Time,2026-01-17,Target Population
EMP-05659,OFC-GUR,Analyst,Consulting,Full-Time,2022-10-07,Target Population
EMP-05660,OFC-LON,Analyst,Consulting,Full-Time,2022-07-23,Target Population
EMP-05661,OFC-LON,Consultant,Operations,Full-Time,2025-11-13,Target Population
EMP-05662,OFC-LON,Analyst,HR,Full-Time,2022-11-15,Target Population
EMP-05663,OFC-GUR,Principal,Finance,Full-Time,2026-05-09,Target Population
EMP-05664,OFC-GUR,Analyst,Operations,Full-Time,2021-10-10,Target Population
EMP-05665,OFC-GUR,Analyst,HR,Full-Time,2025-06-08,Target Population
EMP-05666,OFC-BOS,Consultant,IT,Full-Time,2026-03-16,Target Population
EMP-05667,OFC-GUR,Consultant,HR,Full-Time,2025-05-06,Target Population
EMP-05668,OFC-GUR,Managing Director,IT,Full-Time,2024-11-30,Target Population
EMP-05669,OFC-GUR,Analyst,Operations,Full-Time,2022-02-18,Target Population
EMP-05670,OFC-NYC,Consultant,HR,Full-Time,2026-04-10,Target Population
EMP-05671,OFC-SIN,Partner,Operations,Full-Time,2025-05-31,Target Population
EMP-05672,OFC-GUR,Project Leader,Operations,Full-Time,2023-09-19,Target Population
EMP-05673,OFC-BOS,Partner,IT,Full-Time,2025-11-12,Target Population
EMP-05674,OFC-NYC,Analyst,Digital Ventures,Full-Time,2025-01-03,Target Population
EMP-05675,OFC-SIN,Partner,Digital Ventures,Full-Time,2024-09-30,Target Population
EMP-05676,OFC-BOS,Analyst,Digital Ventures,Full-Time,2026-08-31,Target Population
EMP-05677,OFC-SIN,Analyst,Digital Ventures,Full-Time,2022-08-06,Target Population
EMP-05678,OFC-GUR,Analyst,Finance,Full-Time,2025-05-20,Target Population
EMP-05679,OFC-LON,Partner,Consulting,Full-Time,2022-11-26,Target Population
EMP-05680,OFC-NYC,Analyst,HR,Full-Time,2023-12-06,Target Population
EMP-05681,OFC-BOS,Consultant,HR,Full-Time,2025-10-28,Target Population
EMP-05682,OFC-SIN,Consultant,Finance,Full-Time,2023-09-29,Target Population
EMP-05683,OFC-NYC,Project Leader,Consulting,Full-Time,2022-06-24,Target Population
EMP-05684,OFC-GUR,Analyst,Consulting,Full-Time,2024-03-05,Target Population
EMP-05685,OFC-NYC,Consultant,Finance,Full-Time,2026-05-23,Target Population
EMP-05686,OFC-BOS,Project Leader,Digital Ventures,Full-Time,2025-03-29,Target Population
EMP-05687,OFC-BOS,Analyst,Consulting,Full-Time,2023-12-16,Target Population
EMP-05688,OFC-LON,Project Leader,IT,Full-Time,2023-05-17,Target Population
EMP-05689,OFC-SIN,Partner,Digital Ventures,Full-Time,2021-10-23,Target Population
EMP-05690,OFC-NYC,Consultant,Operations,Full-Time,2021-10-29,Target Population
EMP-05691,OFC-NYC,Consultant,HR,Full-Time,2026-09-06,Target Population
EMP-05692,OFC-NYC,Consultant,Operations,Full-Time,2026-03-18,Target Population
EMP-05693,OFC-LON,Analyst,Consulting,Full-Time,2022-10-08,Target Population
EMP-05694,OFC-NYC,Consultant,HR,Full-Time,2026-03-09,Target Population
EMP-05695,OFC-SIN,Consultant,HR,Full-Time,2021-10-29,Target Population
EMP-05696,OFC-LON,Analyst,Digital Ventures,Full-Time,2024-12-15,Target Population
EMP-05697,OFC-LON,Managing Director,Operations,Full-Time,2023-07-07,Target Population
EMP-05698,OFC-BOS,Managing Director,Operations,Full-Time,2024-06-14,Target Population
EMP-05699,OFC-SIN,Consultant,Finance,Full-Time,2025-03-30,Target Population
EMP-05700,OFC-BOS,Consultant,Consulting,Full-Time,2024-11-05,Target Population
EMP-05701,OFC-BOS,Principal,Consulting,Full-Time,2022-09-03,Target Population
EMP-05702,OFC-GUR,Analyst,Digital Ventures,Full-Time,2023-01-30,Target Population
EMP-05703,OFC-LON,Consultant,Digital Ventures,Full-Time,2025-05-22,Target Population
EMP-05704,OFC-NYC,Partner,IT,Full-Time,2026-09-29,Target Population
EMP-05705,OFC-NYC,Analyst,Consulting,Full-Time,2023-12-04,Target Population
EMP-05706,OFC-GUR,Consultant,Finance,Full-Time,2023-12-27,Target Population
EMP-05707,OFC-BOS,Partner,Digital Ventures,Full-Time,2026-04-29,Target Population
EMP-05708,OFC-GUR,Analyst,HR,Full-Time,2025-05-14,Target Population
EMP-05709,OFC-LON,Analyst,Operations,Full-Time,2026-07-27,Target Population
EMP-05710,OFC-NYC,Analyst,HR,Full-Time,2024-11-16,Target Population
EMP-05711,OFC-LON,Analyst,Operations,Full-Time,2024-02-10,Target Population
EMP-05712,OFC-NYC,Consultant,Finance,Full-Time,2025-02-22,Target Population
EMP-05713,OFC-GUR,Analyst,Consulting,Full-Time,2023-07-01,Target Population
EMP-05714,OFC-LON,Consultant,Digital Ventures,Full-Time,2025-04-12,Target Population
EMP-05715,OFC-NYC,Analyst,IT,Full-Time,2026-06-18,Target Population
EMP-05716,OFC-LON,Analyst,IT,Full-Time,2026-07-05,Target Population
EMP-05717,OFC-SIN,Analyst,Consulting,Full-Time,2025-11-13,Target Population
EMP-05718,OFC-NYC,Analyst,Operations,Full-Time,2023-04-15,Target Population
EMP-05719,OFC-SIN,Consultant,IT,Full-Time,2024-11-30,Target Population
EMP-05720,OFC-NYC,Principal,Consulting,Full-Time,2026-07-10,Target Population
EMP-05721,OFC-BOS,Analyst,Digital Ventures,Full-Time,2026-06-27,Target Population
EMP-05722,OFC-BOS,Consultant,IT,Full-Time,2025-11-17,Target Population
EMP-05723,OFC-NYC,Partner,Operations,Full-Time,2023-12-04,Target Population
EMP-05724,OFC-BOS,Project Leader,IT,Full-Time,2024-05-16,Target Population
EMP-05725,OFC-BOS,Analyst,Operations,Full-Time,2026-09-05,Target Population
EMP-05726,OFC-SIN,Analyst,Digital Ventures,Full-Time,2024-09-10,Target Population
EMP-05727,OFC-GUR,Analyst,Digital Ventures,Full-Time,2025-02-24,Target Population
EMP-05728,OFC-GUR,Partner,HR,Full-Time,2022-12-09,Target Population
EMP-05729,OFC-BOS,Principal,Finance,Full-Time,2022-10-11,Target Population
EMP-05730,OFC-BOS,Principal,Operations,Full-Time,2023-09-20,Target Population
EMP-05731,OFC-BOS,Analyst,Finance,Full-Time,2025-07-25,Target Population
EMP-05732,OFC-GUR,Project Leader,Operations,Full-Time,2023-02-21,Target Population
EMP-05733,OFC-SIN,Analyst,HR,Full-Time,2022-08-14,Target Population
EMP-05734,OFC-NYC,Partner,IT,Full-Time,2023-08-04,Target Population
EMP-05735,OFC-BOS,Partner,Digital Ventures,Full-Time,2026-02-02,Target Population
EMP-05736,OFC-LON,Consultant,Digital Ventures,Full-Time,2025-03-04,Target Population
EMP-05737,OFC-NYC,Analyst,IT,Full-Time,2024-08-23,Target Population
EMP-05738,OFC-NYC,Analyst,HR,Full-Time,2026-06-13,Target Population
EMP-05739,OFC-LON,Analyst,HR,Full-Time,2022-03-17,Target Population
EMP-05740,OFC-GUR,Analyst,Finance,Full-Time,2023-02-18,Target Population
EMP-05741,OFC-BOS,Project Leader,Digital Ventures,Full-Time,2025-01-27,Target Population
EMP-05742,OFC-BOS,Principal,Finance,Full-Time,2021-10-23,Target Population
EMP-05743,OFC-SIN,Partner,Consulting,Full-Time,2022-07-17,Target Population
EMP-05744,OFC-BOS,Principal,Consulting,Full-Time,2023-01-01,Target Population
EMP-05745,OFC-BOS,Project Leader,Operations,Full-Time,2025-10-11,Target Population
EMP-05746,OFC-BOS,Analyst,Consulting,Full-Time,2025-06-20,Target Population
EMP-05747,OFC-BOS,Analyst,Consulting,Full-Time,2022-07-07,Target Population
EMP-05748,OFC-NYC,Principal,Digital Ventures,Full-Time,2022-04-24,Target Population
EMP-05749,OFC-GUR,Principal,HR,Full-Time,2024-01-02,Target Population
EMP-05750,OFC-NYC,Consultant,Operations,Full-Time,2023-08-27,Target Population
EMP-05751,OFC-NYC,Analyst,Operations,Full-Time,2024-12-02,Target Population
EMP-05752,OFC-GUR,Project Leader,Consulting,Full-Time,2022-06-12,Target Population
EMP-05753,OFC-LON,Project Leader,Finance,Full-Time,2022-02-01,Target Population
EMP-05754,OFC-SIN,Partner,HR,Full-Time,2025-01-13,Target Population
EMP-05755,OFC-SIN,Analyst,Consulting,Full-Time,2025-03-04,Target Population
EMP-05756,OFC-BOS,Consultant,HR,Full-Time,2026-03-13,Target Population
EMP-05757,OFC-GUR,Analyst,Finance,Full-Time,2024-03-15,Target Population
EMP-05758,OFC-LON,Consultant,IT,Full-Time,2022-04-03,Target Population
EMP-05759,OFC-SIN,Consultant,Consulting,Full-Time,2023-04-04,Target Population
EMP-05760,OFC-LON,Managing Director,Consulting,Full-Time,2025-12-20,Target Population
EMP-05761,OFC-SIN,Analyst,Finance,Full-Time,2025-07-01,Target Population
EMP-05762,OFC-GUR,Consultant,Finance,Full-Time,2021-11-09,Target Population
EMP-05763,OFC-BOS,Analyst,Finance,Full-Time,2023-06-25,Target Population
EMP-05764,OFC-LON,Principal,Consulting,Full-Time,2026-03-04,Target Population
EMP-05765,OFC-SIN,Analyst,Finance,Full-Time,2024-03-13,Target Population
EMP-05766,OFC-SIN,Partner,Digital Ventures,Full-Time,2023-06-04,Target Population
EMP-05767,OFC-BOS,Analyst,Digital Ventures,Full-Time,2022-01-19,Target Population
EMP-05768,OFC-GUR,Analyst,Finance,Full-Time,2026-02-09,Target Population
EMP-05769,OFC-NYC,Consultant,Consulting,Full-Time,2026-02-25,Target Population
EMP-05770,OFC-BOS,Consultant,Finance,Full-Time,2023-09-26,Target Population
EMP-05771,OFC-NYC,Project Leader,Consulting,Full-Time,2023-03-17,Target Population
EMP-05772,OFC-BOS,Analyst,Finance,Full-Time,2022-01-27,Target Population
EMP-05773,OFC-GUR,Consultant,HR,Full-Time,2024-10-28,Target Population
EMP-05774,OFC-NYC,Analyst,Operations,Full-Time,2023-10-20,Target Population
EMP-05775,OFC-GUR,Consultant,IT,Full-Time,2021-10-07,Target Population
EMP-05776,OFC-BOS,Project Leader,Operations,Full-Time,2023-02-08,Target Population
EMP-05777,OFC-NYC,Consultant,Consulting,Full-Time,2022-07-03,Target Population
EMP-05778,OFC-BOS,Analyst,Consulting,Full-Time,2024-02-11,Target Population
EMP-05779,OFC-BOS,Analyst,Digital Ventures,Full-Time,2025-02-28,Target Population
EMP-05780,OFC-BOS,Analyst,HR,Full-Time,2024-10-08,Target Population
EMP-05781,OFC-BOS,Analyst,Operations,Full-Time,2025-02-15,Target Population
EMP-05782,OFC-LON,Consultant,Operations,Full-Time,2025-03-19,Target Population
EMP-05783,OFC-NYC,Analyst,HR,Full-Time,2026-10-01,Target Population
EMP-05784,OFC-NYC,Project Leader,Operations,Full-Time,2023-06-21,Target Population
EMP-05785,OFC-NYC,Consultant,Consulting,Full-Time,2026-03-03,Target Population
EMP-05786,OFC-SIN,Principal,Operations,Full-Time,2021-11-23,Target Population
EMP-05787,OFC-SIN,Project Leader,Digital Ventures,Full-Time,2022-05-08,Target Population
EMP-05788,OFC-LON,Project Leader,Consulting,Full-Time,2022-07-14,Target Population
EMP-05789,OFC-NYC,Analyst,HR,Full-Time,2026-06-10,Target Population
EMP-05790,OFC-BOS,Project Leader,Digital Ventures,Full-Time,2024-03-08,Target Population
EMP-05791,OFC-SIN,Consultant,HR,Full-Time,2026-07-10,Target Population
EMP-05792,OFC-BOS,Analyst,Operations,Full-Time,2026-09-22,Target Population
EMP-05793,OFC-NYC,Project Leader,Consulting,Full-Time,2024-09-22,Target Population
EMP-05794,OFC-NYC,Analyst,HR,Full-Time,2024-09-20,Target Population
EMP-05795,OFC-NYC,Consultant,Consulting,Full-Time,2024-02-13,Target Population
EMP-05796,OFC-BOS,Consultant,IT,Full-Time,2023-09-10,Target Population
EMP-05797,OFC-GUR,Consultant,Operations,Full-Time,2023-06-03,Target Population
EMP-05798,OFC-BOS,Managing Director,Operations,Full-Time,2025-08-19,Target Population
EMP-05799,OFC-LON,Consultant,Finance,Full-Time,2025-03-15,Target Population
EMP-05800,OFC-BOS,Analyst,HR,Full-Time,2026-08-28,Target Population
EMP-05801,OFC-BOS,Consultant,Consulting,Full-Time,2021-10-21,Target Population
EMP-05802,OFC-SIN,Analyst,Operations,Full-Time,2023-12-27,Target Population
EMP-05803,OFC-BOS,Analyst,Operations,Full-Time,2023-04-03,Target Population
EMP-05804,OFC-GUR,Analyst,Operations,Full-Time,2025-03-24,Target Population
EMP-05805,OFC-LON,Project Leader,HR,Full-Time,2026-01-26,Target Population
EMP-05806,OFC-BOS,Managing Director,Operations,Full-Time,2022-09-02,Target Population
EMP-05807,OFC-SIN,Partner,HR,Full-Time,2026-07-08,Target Population
EMP-05808,OFC-BOS,Project Leader,IT,Full-Time,2022-05-19,Target Population
EMP-05809,OFC-SIN,Project Leader,IT,Full-Time,2026-01-17,Target Population
EMP-05810,OFC-BOS,Consultant,Finance,Full-Time,2024-04-08,Target Population
EMP-05811,OFC-SIN,Analyst,Digital Ventures,Full-Time,2024-08-28,Target Population
EMP-05812,OFC-BOS,Analyst,Finance,Full-Time,2022-10-05,Target Population
EMP-05813,OFC-LON,Analyst,IT,Full-Time,2026-02-17,Target Population
EMP-05814,OFC-GUR,Principal,HR,Full-Time,2023-12-16,Target Population
EMP-05815,OFC-SIN,Consultant,Consulting,Full-Time,2026-05-05,Target Population
EMP-05816,OFC-SIN,Project Leader,IT,Full-Time,2026-08-28,Target Population
EMP-05817,OFC-GUR,Consultant,HR,Full-Time,2023-11-23,Target Population
EMP-05818,OFC-SIN,Principal,Operations,Full-Time,2025-07-13,Target Population
EMP-05819,OFC-BOS,Principal,Finance,Full-Time,2024-12-21,Target Population
EMP-05820,OFC-NYC,Analyst,IT,Full-Time,2026-07-22,Target Population
EMP-05821,OFC-NYC,Partner,HR,Full-Time,2025-11-17,Target Population
EMP-05822,OFC-NYC,Principal,Finance,Full-Time,2023-11-01,Target Population
EMP-05823,OFC-NYC,Project Leader,IT,Full-Time,2024-08-27,Target Population
EMP-05824,OFC-LON,Analyst,HR,Full-Time,2025-09-01,Target Population
EMP-05825,OFC-BOS,Project Leader,HR,Full-Time,2025-09-07,Target Population
EMP-05826,OFC-GUR,Analyst,Consulting,Full-Time,2026-10-04,Target Population
EMP-05827,OFC-BOS,Analyst,Digital Ventures,Full-Time,2021-12-30,Target Population
EMP-05828,OFC-NYC,Managing Director,Finance,Full-Time,2025-11-12,Target Population
EMP-05829,OFC-LON,Project Leader,IT,Full-Time,2022-10-03,Target Population
EMP-05830,OFC-GUR,Project Leader,Operations,Full-Time,2023-12-17,Target Population
EMP-05831,OFC-GUR,Project Leader,Consulting,Full-Time,2022-05-04,Target Population
EMP-05832,OFC-LON,Principal,Finance,Full-Time,2025-01-07,Target Population
EMP-05833,OFC-BOS,Principal,IT,Full-Time,2023-08-22,Target Population
EMP-05834,OFC-LON,Partner,Digital Ventures,Full-Time,2023-09-21,Target Population
EMP-05835,OFC-BOS,Analyst,Operations,Full-Time,2024-06-13,Target Population
EMP-05836,OFC-NYC,Consultant,Operations,Full-Time,2025-04-10,Target Population
EMP-05837,OFC-NYC,Consultant,Consulting,Full-Time,2024-10-08,Target Population
EMP-05838,OFC-BOS,Analyst,Finance,Full-Time,2026-02-27,Target Population
EMP-05839,OFC-NYC,Consultant,Consulting,Full-Time,2026-04-28,Target Population
EMP-05840,OFC-SIN,Partner,Finance,Full-Time,2021-11-06,Target Population
EMP-05841,OFC-SIN,Consultant,Operations,Full-Time,2024-01-03,Target Population
EMP-05842,OFC-NYC,Analyst,Operations,Full-Time,2023-11-17,Target Population
EMP-05843,OFC-BOS,Consultant,HR,Full-Time,2024-03-17,Target Population
EMP-05844,OFC-BOS,Managing Director,Finance,Full-Time,2022-07-22,Target Population
EMP-05845,OFC-NYC,Consultant,Consulting,Full-Time,2025-02-27,Target Population
EMP-05846,OFC-SIN,Consultant,HR,Full-Time,2024-09-03,Target Population
EMP-05847,OFC-BOS,Consultant,Consulting,Full-Time,2022-05-31,Target Population
EMP-05848,OFC-GUR,Analyst,HR,Full-Time,2026-06-25,Target Population
EMP-05849,OFC-BOS,Analyst,Operations,Full-Time,2023-04-14,Target Population
EMP-05850,OFC-SIN,Project Leader,Finance,Full-Time,2025-10-26,Target Population
EMP-05851,OFC-NYC,Analyst,Finance,Full-Time,2024-06-08,Target Population
EMP-05852,OFC-GUR,Principal,HR,Full-Time,2024-10-09,Target Population
EMP-05853,OFC-NYC,Analyst,Consulting,Full-Time,2023-08-17,Target Population
EMP-05854,OFC-LON,Consultant,Digital Ventures,Full-Time,2026-08-24,Target Population
EMP-05855,OFC-BOS,Analyst,Operations,Full-Time,2024-01-20,Target Population
EMP-05856,OFC-BOS,Analyst,Operations,Full-Time,2023-04-27,Target Population
EMP-05857,OFC-SIN,Principal,IT,Full-Time,2023-05-20,Target Population
EMP-05858,OFC-SIN,Analyst,Finance,Full-Time,2026-01-04,Target Population
EMP-05859,OFC-SIN,Principal,IT,Full-Time,2023-06-19,Target Population
EMP-05860,OFC-LON,Principal,Consulting,Full-Time,2023-10-06,Target Population
EMP-05861,OFC-GUR,Analyst,IT,Full-Time,2023-10-29,Target Population
EMP-05862,OFC-BOS,Consultant,Finance,Full-Time,2024-01-09,Target Population
EMP-05863,OFC-NYC,Consultant,IT,Full-Time,2023-07-11,Target Population
EMP-05864,OFC-NYC,Consultant,Finance,Full-Time,2023-09-19,Target Population
EMP-05865,OFC-LON,Project Leader,Digital Ventures,Full-Time,2023-06-28,Target Population
EMP-05866,OFC-NYC,Consultant,HR,Full-Time,2023-11-21,Target Population
EMP-05867,OFC-BOS,Project Leader,Consulting,Full-Time,2024-10-17,Target Population
EMP-05868,OFC-LON,Consultant,IT,Full-Time,2023-02-03,Target Population
EMP-05869,OFC-GUR,Consultant,HR,Full-Time,2022-09-03,Target Population
EMP-05870,OFC-NYC,Analyst,Consulting,Full-Time,2022-10-14,Target Population
EMP-05871,OFC-BOS,Principal,Finance,Full-Time,2022-06-07,Target Population
EMP-05872,OFC-BOS,Partner,IT,Full-Time,2025-12-15,Target Population
EMP-05873,OFC-BOS,Principal,Digital Ventures,Full-Time,2021-10-27,Target Population
EMP-05874,OFC-NYC,Analyst,IT,Full-Time,2026-05-16,Target Population
EMP-05875,OFC-LON,Project Leader,HR,Full-Time,2022-02-15,Target Population
EMP-05876,OFC-LON,Consultant,HR,Full-Time,2025-11-13,Target Population
EMP-05877,OFC-GUR,Consultant,Finance,Full-Time,2024-12-03,Target Population
EMP-05878,OFC-NYC,Consultant,Operations,Full-Time,2024-06-12,Target Population
EMP-05879,OFC-GUR,Analyst,HR,Full-Time,2025-12-14,Target Population
EMP-05880,OFC-BOS,Partner,IT,Full-Time,2026-08-26,Target Population
EMP-05881,OFC-LON,Analyst,HR,Full-Time,2024-02-07,Target Population
EMP-05882,OFC-GUR,Consultant,Consulting,Full-Time,2025-12-09,Target Population
EMP-05883,OFC-BOS,Analyst,Digital Ventures,Full-Time,2023-04-28,Target Population
EMP-05884,OFC-BOS,Project Leader,IT,Full-Time,2026-02-11,Target Population
EMP-05885,OFC-SIN,Project Leader,HR,Full-Time,2024-02-24,Target Population
EMP-05886,OFC-NYC,Project Leader,HR,Full-Time,2025-02-24,Target Population
EMP-05887,OFC-GUR,Project Leader,Finance,Full-Time,2023-08-28,Target Population
EMP-05888,OFC-BOS,Consultant,Finance,Full-Time,2026-09-02,Target Population
EMP-05889,OFC-GUR,Partner,HR,Full-Time,2022-11-09,Target Population
EMP-05890,OFC-NYC,Analyst,Finance,Full-Time,2022-03-24,Target Population
EMP-05891,OFC-BOS,Project Leader,Consulting,Full-Time,2026-03-28,Target Population
EMP-05892,OFC-LON,Consultant,IT,Full-Time,2025-05-13,Target Population
EMP-05893,OFC-BOS,Analyst,IT,Full-Time,2025-11-01,Target Population
EMP-05894,OFC-NYC,Consultant,Digital Ventures,Full-Time,2026-05-14,Target Population
EMP-05895,OFC-BOS,Analyst,IT,Full-Time,2022-01-16,Target Population
EMP-05896,OFC-BOS,Analyst,Consulting,Full-Time,2026-01-15,Target Population
EMP-05897,OFC-NYC,Principal,IT,Full-Time,2024-09-19,Target Population
EMP-05898,OFC-BOS,Analyst,Consulting,Full-Time,2025-02-11,Target Population
EMP-05899,OFC-SIN,Managing Director,Operations,Full-Time,2023-04-03,Target Population
EMP-05900,OFC-BOS,Analyst,Consulting,Full-Time,2025-08-27,Target Population
EMP-05901,OFC-LON,Analyst,Finance,Full-Time,2022-10-15,Target Population
EMP-05902,OFC-BOS,Analyst,HR,Full-Time,2026-03-05,Target Population
EMP-05903,OFC-NYC,Consultant,Digital Ventures,Full-Time,2025-09-05,Target Population
EMP-05904,OFC-SIN,Analyst,Operations,Full-Time,2024-06-13,Target Population
EMP-05905,OFC-BOS,Consultant,Consulting,Full-Time,2021-11-02,Target Population
EMP-05906,OFC-SIN,Consultant,Operations,Full-Time,2021-11-12,Target Population
EMP-05907,OFC-BOS,Project Leader,Operations,Full-Time,2023-07-23,Target Population
EMP-05908,OFC-GUR,Analyst,Finance,Full-Time,2024-12-28,Target Population
EMP-05909,OFC-LON,Consultant,Digital Ventures,Full-Time,2026-09-16,Target Population
EMP-05910,OFC-SIN,Project Leader,Operations,Full-Time,2022-08-16,Target Population
EMP-05911,OFC-LON,Analyst,Operations,Full-Time,2024-07-14,Target Population
EMP-05912,OFC-LON,Principal,HR,Full-Time,2024-11-03,Target Population
EMP-05913,OFC-BOS,Project Leader,Finance,Full-Time,2023-12-22,Target Population
EMP-05914,OFC-BOS,Consultant,Finance,Full-Time,2023-05-11,Target Population
EMP-05915,OFC-SIN,Analyst,Digital Ventures,Full-Time,2026-06-07,Target Population
EMP-05916,OFC-NYC,Project Leader,Digital Ventures,Full-Time,2024-01-01,Target Population
EMP-05917,OFC-NYC,Consultant,Consulting,Full-Time,2023-10-13,Target Population
EMP-05918,OFC-GUR,Analyst,Consulting,Full-Time,2024-01-22,Target Population
EMP-05919,OFC-NYC,Analyst,Finance,Full-Time,2025-10-10,Target Population
EMP-05920,OFC-SIN,Analyst,Operations,Full-Time,2024-09-06,Target Population
EMP-05921,OFC-GUR,Consultant,Finance,Full-Time,2024-11-16,Target Population
EMP-05922,OFC-LON,Consultant,Finance,Full-Time,2023-05-01,Target Population
EMP-05923,OFC-SIN,Principal,Operations,Full-Time,2026-01-03,Target Population
EMP-05924,OFC-BOS,Consultant,Digital Ventures,Full-Time,2025-05-16,Target Population
EMP-05925,OFC-NYC,Consultant,Consulting,Full-Time,2023-07-23,Target Population
EMP-05926,OFC-LON,Project Leader,HR,Full-Time,2025-05-01,Target Population
EMP-05927,OFC-BOS,Analyst,IT,Full-Time,2024-12-06,Target Population
EMP-05928,OFC-GUR,Managing Director,Finance,Full-Time,2024-11-14,Target Population
EMP-05929,OFC-SIN,Analyst,Finance,Full-Time,2025-03-04,Target Population
EMP-05930,OFC-NYC,Analyst,HR,Full-Time,2024-02-22,Target Population
EMP-05931,OFC-NYC,Analyst,Consulting,Full-Time,2025-08-07,Target Population
EMP-05932,OFC-SIN,Principal,Digital Ventures,Full-Time,2023-04-18,Target Population
EMP-05933,OFC-NYC,Analyst,HR,Full-Time,2026-08-17,Target Population
EMP-05934,OFC-LON,Consultant,HR,Full-Time,2022-11-18,Target Population
EMP-05935,OFC-NYC,Analyst,Consulting,Full-Time,2026-08-31,Target Population
EMP-05936,OFC-SIN,Principal,Digital Ventures,Full-Time,2023-09-17,Target Population
EMP-05937,OFC-LON,Analyst,Finance,Full-Time,2022-08-13,Target Population
EMP-05938,OFC-GUR,Analyst,IT,Full-Time,2024-01-23,Target Population
EMP-05939,OFC-GUR,Consultant,Finance,Full-Time,2023-10-09,Target Population
EMP-05940,OFC-NYC,Analyst,Consulting,Full-Time,2026-06-28,Target Population
EMP-05941,OFC-NYC,Principal,Digital Ventures,Full-Time,2025-06-10,Target Population
EMP-05942,OFC-GUR,Principal,Digital Ventures,Full-Time,2025-01-02,Target Population
EMP-05943,OFC-NYC,Principal,Digital Ventures,Full-Time,2023-06-08,Target Population
EMP-05944,OFC-GUR,Analyst,Consulting,Full-Time,2023-01-03,Target Population
EMP-05945,OFC-SIN,Project Leader,Digital Ventures,Full-Time,2023-01-14,Target Population
EMP-05946,OFC-LON,Consultant,Consulting,Full-Time,2025-10-15,Target Population
EMP-05947,OFC-GUR,Consultant,HR,Full-Time,2021-11-06,Target Population
EMP-05948,OFC-GUR,Consultant,HR,Full-Time,2023-04-08,Target Population
EMP-05949,OFC-GUR,Project Leader,Finance,Full-Time,2025-05-08,Target Population
EMP-05950,OFC-NYC,Partner,Digital Ventures,Full-Time,2026-01-06,Target Population
EMP-05951,OFC-BOS,Consultant,HR,Full-Time,2022-11-28,Target Population
EMP-05952,OFC-NYC,Analyst,IT,Full-Time,2026-03-01,Target Population
EMP-05953,OFC-GUR,Consultant,IT,Full-Time,2026-04-23,Target Population
EMP-05954,OFC-LON,Analyst,Operations,Full-Time,2024-06-13,Target Population
EMP-05955,OFC-GUR,Project Leader,Consulting,Full-Time,2025-11-26,Target Population
EMP-05956,OFC-NYC,Project Leader,Operations,Full-Time,2024-04-26,Target Population
EMP-05957,OFC-LON,Analyst,Digital Ventures,Full-Time,2023-11-25,Target Population
EMP-05958,OFC-BOS,Partner,Consulting,Full-Time,2026-07-19,Target Population
EMP-05959,OFC-GUR,Consultant,IT,Full-Time,2026-08-06,Target Population
EMP-05960,OFC-LON,Consultant,IT,Full-Time,2022-03-04,Target Population
EMP-05961,OFC-BOS,Analyst,Finance,Full-Time,2025-02-25,Target Population
EMP-05962,OFC-NYC,Analyst,HR,Full-Time,2022-08-10,Target Population
EMP-05963,OFC-GUR,Principal,Finance,Full-Time,2023-02-26,Target Population
EMP-05964,OFC-LON,Analyst,HR,Full-Time,2022-04-11,Target Population
EMP-05965,OFC-BOS,Consultant,HR,Full-Time,2023-08-07,Target Population
EMP-05966,OFC-SIN,Partner,Digital Ventures,Full-Time,2023-12-06,Target Population
EMP-05967,OFC-GUR,Analyst,Finance,Full-Time,2025-10-26,Target Population
EMP-05968,OFC-SIN,Analyst,Operations,Full-Time,2022-08-02,Target Population
EMP-05969,OFC-NYC,Consultant,Digital Ventures,Full-Time,2025-08-04,Target Population
EMP-05970,OFC-LON,Analyst,Operations,Full-Time,2024-08-11,Target Population
EMP-05971,OFC-SIN,Consultant,Digital Ventures,Full-Time,2023-12-23,Target Population
EMP-05972,OFC-LON,Consultant,Consulting,Full-Time,2024-11-01,Target Population
EMP-05973,OFC-GUR,Consultant,Digital Ventures,Full-Time,2024-10-30,Target Population
EMP-05974,OFC-NYC,Project Leader,IT,Full-Time,2026-07-13,Target Population
EMP-05975,OFC-NYC,Project Leader,Digital Ventures,Full-Time,2026-07-05,Target Population
EMP-05976,OFC-BOS,Consultant,Consulting,Full-Time,2023-12-16,Target Population
EMP-05977,OFC-BOS,Analyst,Digital Ventures,Full-Time,2024-09-10,Target Population
EMP-05978,OFC-BOS,Analyst,Finance,Full-Time,2021-12-07,Target Population
EMP-05979,OFC-BOS,Project Leader,Consulting,Full-Time,2025-04-08,Target Population
EMP-05980,OFC-SIN,Analyst,Consulting,Full-Time,2022-10-18,Target Population
EMP-05981,OFC-BOS,Project Leader,Operations,Full-Time,2024-10-01,Target Population
EMP-05982,OFC-GUR,Analyst,IT,Full-Time,2023-06-17,Target Population
EMP-05983,OFC-GUR,Analyst,IT,Full-Time,2026-09-03,Target Population
EMP-05984,OFC-LON,Project Leader,HR,Full-Time,2026-08-31,Target Population
EMP-05985,OFC-BOS,Analyst,Operations,Full-Time,2026-05-06,Target Population
EMP-05986,OFC-GUR,Principal,Finance,Full-Time,2023-04-02,Target Population
EMP-05987,OFC-LON,Analyst,Finance,Full-Time,2024-03-09,Target Population
EMP-05988,OFC-GUR,Project Leader,HR,Full-Time,2024-10-14,Target Population
EMP-05989,OFC-GUR,Consultant,Operations,Full-Time,2024-07-13,Target Population
EMP-05990,OFC-SIN,Consultant,Consulting,Full-Time,2026-02-08,Target Population
EMP-05991,OFC-LON,Consultant,Operations,Full-Time,2025-11-29,Target Population
EMP-05992,OFC-NYC,Project Leader,Digital Ventures,Full-Time,2025-07-26,Target Population
EMP-05993,OFC-LON,Consultant,IT,Full-Time,2022-06-07,Target Population
EMP-05994,OFC-BOS,Project Leader,Consulting,Full-Time,2025-01-02,Target Population
EMP-05995,OFC-SIN,Project Leader,Operations,Full-Time,2024-03-15,Target Population
EMP-05996,OFC-BOS,Analyst,HR,Full-Time,2025-09-16,Target Population
EMP-05997,OFC-NYC,Project Leader,Consulting,Full-Time,2022-12-31,Target Population
EMP-05998,OFC-GUR,Project Leader,IT,Full-Time,2023-03-11,Target Population
EMP-05999,OFC-LON,Analyst,Operations,Full-Time,2024-08-20,Target Population
EMP-06000,OFC-NYC,Analyst,Operations,Full-Time,2025-05-09,Target Population
EMP-06001,OFC-LON,Project Leader,HR,Full-Time,2026-08-18,Target Population
EMP-06002,OFC-SIN,Consultant,Operations,Full-Time,2025-03-17,Target Population
EMP-06003,OFC-NYC,Consultant,Operations,Full-Time,2022-05-16,Target Population
EMP-06004,OFC-SIN,Partner,HR,Full-Time,2022-06-09,Target Population
EMP-06005,OFC-BOS,Analyst,HR,Full-Time,2023-02-22,Target Population
EMP-06006,OFC-GUR,Consultant,HR,Full-Time,2024-09-08,Target Population
EMP-06007,OFC-GUR,Consultant,Consulting,Full-Time,2023-09-16,Target Population
EMP-06008,OFC-BOS,Analyst,Consulting,Full-Time,2024-06-06,Target Population
EMP-06009,OFC-NYC,Analyst,IT,Full-Time,2024-06-17,Target Population
EMP-06010,OFC-BOS,Project Leader,Digital Ventures,Full-Time,2024-03-30,Target Population
EMP-06011,OFC-GUR,Analyst,Consulting,Full-Time,2024-01-16,Target Population
EMP-06012,OFC-LON,Project Leader,Digital Ventures,Full-Time,2025-02-16,Target Population
EMP-06013,OFC-LON,Analyst,Finance,Full-Time,2024-01-27,Target Population
EMP-06014,OFC-BOS,Analyst,Finance,Full-Time,2025-07-20,Target Population
EMP-06015,OFC-BOS,Principal,Digital Ventures,Full-Time,2024-11-08,Target Population
EMP-06016,OFC-BOS,Project Leader,Operations,Full-Time,2026-10-04,Target Population
EMP-06017,OFC-NYC,Consultant,Finance,Full-Time,2026-03-13,Target Population
EMP-06018,OFC-LON,Consultant,IT,Full-Time,2025-08-05,Target Population
EMP-06019,OFC-SIN,Partner,Digital Ventures,Full-Time,2025-04-15,Target Population
EMP-06020,OFC-GUR,Consultant,Digital Ventures,Full-Time,2023-03-10,Target Population
EMP-06021,OFC-NYC,Project Leader,Finance,Full-Time,2023-05-01,Target Population
EMP-06022,OFC-SIN,Analyst,HR,Full-Time,2021-12-17,Target Population
EMP-06023,OFC-GUR,Consultant,IT,Full-Time,2022-10-30,Target Population
EMP-06024,OFC-SIN,Analyst,HR,Full-Time,2023-10-05,Target Population
EMP-06025,OFC-LON,Consultant,Finance,Full-Time,2023-11-27,Target Population
EMP-06026,OFC-NYC,Analyst,Consulting,Full-Time,2022-06-12,Target Population
EMP-06027,OFC-BOS,Analyst,Finance,Full-Time,2023-07-23,Target Population
EMP-06028,OFC-GUR,Principal,IT,Full-Time,2023-03-09,Target Population
EMP-06029,OFC-BOS,Consultant,Finance,Full-Time,2025-02-21,Target Population
EMP-06030,OFC-NYC,Consultant,Consulting,Full-Time,2022-08-23,Target Population
EMP-06031,OFC-LON,Consultant,Operations,Full-Time,2022-07-30,Target Population
EMP-06032,OFC-LON,Consultant,Operations,Full-Time,2022-04-23,Target Population
EMP-06033,OFC-LON,Analyst,Operations,Full-Time,2025-10-16,Target Population
EMP-06034,OFC-BOS,Analyst,Finance,Full-Time,2026-06-06,Target Population
EMP-06035,OFC-NYC,Consultant,Operations,Full-Time,2022-03-23,Target Population
EMP-06036,OFC-LON,Partner,Finance,Full-Time,2021-12-27,Target Population
EMP-06037,OFC-SIN,Consultant,Consulting,Full-Time,2025-02-21,Target Population
EMP-06038,OFC-GUR,Partner,IT,Full-Time,2026-03-22,Target Population
EMP-06039,OFC-SIN,Analyst,Finance,Full-Time,2022-06-22,Target Population
EMP-06040,OFC-GUR,Project Leader,IT,Full-Time,2022-08-25,Target Population
EMP-06041,OFC-LON,Project Leader,Digital Ventures,Full-Time,2023-12-31,Target Population
EMP-06042,OFC-BOS,Analyst,Finance,Full-Time,2023-02-01,Target Population
EMP-06043,OFC-GUR,Analyst,Operations,Full-Time,2022-06-25,Target Population
EMP-06044,OFC-LON,Consultant,Digital Ventures,Full-Time,2025-01-30,Target Population
EMP-06045,OFC-LON,Analyst,Consulting,Full-Time,2024-05-25,Target Population
EMP-06046,OFC-LON,Analyst,Digital Ventures,Full-Time,2023-09-19,Target Population
EMP-06047,OFC-LON,Project Leader,Operations,Full-Time,2023-11-14,Target Population
EMP-06048,OFC-NYC,Analyst,Consulting,Full-Time,2024-03-07,Target Population
EMP-06049,OFC-LON,Consultant,Consulting,Full-Time,2025-07-14,Target Population
EMP-06050,OFC-BOS,Consultant,Finance,Full-Time,2022-11-03,Target Population
EMP-06051,OFC-GUR,Principal,IT,Full-Time,2022-11-18,Target Population
EMP-06052,OFC-BOS,Project Leader,Consulting,Full-Time,2026-03-31,Target Population
EMP-06053,OFC-BOS,Managing Director,Finance,Full-Time,2023-03-21,Target Population
EMP-06054,OFC-NYC,Partner,Finance,Full-Time,2022-01-03,Target Population
EMP-06055,OFC-GUR,Analyst,Operations,Full-Time,2022-01-24,Target Population
EMP-06056,OFC-NYC,Consultant,HR,Full-Time,2024-10-19,Target Population
EMP-06057,OFC-NYC,Analyst,HR,Full-Time,2024-07-13,Target Population
EMP-06058,OFC-LON,Analyst,IT,Full-Time,2025-10-25,Target Population
EMP-06059,OFC-NYC,Consultant,HR,Full-Time,2025-09-27,Target Population
EMP-06060,OFC-SIN,Project Leader,IT,Full-Time,2026-05-13,Target Population
EMP-06061,OFC-SIN,Analyst,Operations,Full-Time,2024-01-31,Target Population
EMP-06062,OFC-LON,Analyst,Operations,Full-Time,2026-06-07,Target Population
EMP-06063,OFC-NYC,Partner,Digital Ventures,Full-Time,2025-07-20,Target Population
EMP-06064,OFC-GUR,Consultant,Finance,Full-Time,2022-11-30,Target Population
EMP-06065,OFC-BOS,Principal,Finance,Full-Time,2026-05-09,Target Population
EMP-06066,OFC-LON,Consultant,Operations,Full-Time,2023-04-10,Target Population
EMP-06067,OFC-NYC,Consultant,Operations,Full-Time,2025-08-25,Target Population
EMP-06068,OFC-SIN,Partner,Consulting,Full-Time,2026-07-25,Target Population
EMP-06069,OFC-BOS,Analyst,Consulting,Full-Time,2025-06-19,Target Population
EMP-06070,OFC-LON,Analyst,Consulting,Full-Time,2026-03-21,Target Population
EMP-06071,OFC-GUR,Consultant,Operations,Full-Time,2026-04-22,Target Population
EMP-06072,OFC-LON,Consultant,Consulting,Full-Time,2024-05-26,Target Population
EMP-06073,OFC-BOS,Consultant,Digital Ventures,Full-Time,2024-09-19,Target Population
EMP-06074,OFC-SIN,Analyst,Consulting,Full-Time,2025-11-11,Target Population
EMP-06075,OFC-LON,Consultant,Operations,Full-Time,2026-05-10,Target Population
EMP-06076,OFC-LON,Consultant,Consulting,Full-Time,2023-09-12,Target Population
EMP-06077,OFC-BOS,Consultant,Operations,Full-Time,2022-07-12,Target Population
EMP-06078,OFC-LON,Managing Director,Digital Ventures,Full-Time,2025-07-10,Target Population
EMP-06079,OFC-NYC,Project Leader,Operations,Full-Time,2024-05-20,Target Population
EMP-06080,OFC-BOS,Analyst,HR,Full-Time,2024-11-16,Target Population
EMP-06081,OFC-BOS,Analyst,HR,Full-Time,2025-04-09,Target Population
EMP-06082,OFC-GUR,Analyst,IT,Full-Time,2023-12-23,Target Population
EMP-06083,OFC-BOS,Project Leader,HR,Full-Time,2023-02-02,Target Population
EMP-06084,OFC-BOS,Analyst,HR,Full-Time,2024-05-07,Target Population
EMP-06085,OFC-LON,Analyst,IT,Full-Time,2021-11-08,Target Population
EMP-06086,OFC-GUR,Consultant,HR,Full-Time,2021-10-07,Target Population
EMP-06087,OFC-BOS,Managing Director,IT,Full-Time,2026-03-20,Target Population
EMP-06088,OFC-LON,Project Leader,Finance,Full-Time,2022-12-04,Target Population
EMP-06089,OFC-BOS,Analyst,Operations,Full-Time,2024-09-09,Target Population
EMP-06090,OFC-BOS,Principal,HR,Full-Time,2024-03-15,Target Population
EMP-06091,OFC-BOS,Consultant,Consulting,Full-Time,2025-10-03,Target Population
EMP-06092,OFC-GUR,Analyst,Consulting,Full-Time,2026-04-26,Target Population
EMP-06093,OFC-BOS,Consultant,IT,Full-Time,2021-11-01,Target Population
EMP-06094,OFC-BOS,Analyst,Consulting,Full-Time,2025-12-13,Target Population
EMP-06095,OFC-NYC,Consultant,HR,Full-Time,2025-10-28,Target Population
EMP-06096,OFC-GUR,Consultant,IT,Full-Time,2024-04-24,Target Population
EMP-06097,OFC-NYC,Consultant,Finance,Full-Time,2021-11-04,Target Population
EMP-06098,OFC-NYC,Principal,Operations,Full-Time,2025-06-05,Target Population
EMP-06099,OFC-BOS,Managing Director,HR,Full-Time,2024-04-04,Target Population
EMP-06100,OFC-NYC,Consultant,Finance,Full-Time,2023-09-25,Target Population
EMP-06101,OFC-LON,Consultant,IT,Full-Time,2021-10-29,Target Population
EMP-06102,OFC-LON,Analyst,IT,Full-Time,2026-06-06,Target Population
EMP-06103,OFC-NYC,Consultant,Finance,Full-Time,2024-12-10,Target Population
EMP-06104,OFC-NYC,Principal,Finance,Full-Time,2023-05-15,Target Population
EMP-06105,OFC-BOS,Partner,HR,Full-Time,2025-04-08,Target Population
EMP-06106,OFC-NYC,Analyst,Operations,Full-Time,2026-07-14,Target Population
EMP-06107,OFC-BOS,Project Leader,Consulting,Full-Time,2025-06-26,Target Population
EMP-06108,OFC-GUR,Managing Director,Consulting,Full-Time,2025-02-14,Target Population
EMP-06109,OFC-SIN,Consultant,Operations,Full-Time,2023-11-22,Target Population
EMP-06110,OFC-SIN,Partner,IT,Full-Time,2023-02-26,Target Population
EMP-06111,OFC-SIN,Analyst,Operations,Full-Time,2025-01-29,Target Population
EMP-06112,OFC-LON,Analyst,IT,Full-Time,2024-12-25,Target Population
EMP-06113,OFC-GUR,Analyst,IT,Full-Time,2023-08-23,Target Population
EMP-06114,OFC-NYC,Analyst,Finance,Full-Time,2024-01-02,Target Population
EMP-06115,OFC-LON,Project Leader,Finance,Full-Time,2022-06-10,Target Population
EMP-06116,OFC-LON,Project Leader,IT,Full-Time,2025-05-10,Target Population
EMP-06117,OFC-LON,Consultant,HR,Full-Time,2023-10-21,Target Population
EMP-06118,OFC-GUR,Analyst,Operations,Full-Time,2026-02-28,Target Population
EMP-06119,OFC-NYC,Principal,Operations,Full-Time,2024-01-29,Target Population
EMP-06120,OFC-NYC,Analyst,IT,Full-Time,2024-03-09,Target Population
EMP-06121,OFC-SIN,Consultant,Consulting,Full-Time,2026-04-16,Target Population
EMP-06122,OFC-BOS,Consultant,IT,Full-Time,2024-01-20,Target Population
EMP-06123,OFC-LON,Consultant,Operations,Full-Time,2025-04-11,Target Population
EMP-06124,OFC-SIN,Partner,HR,Full-Time,2023-05-14,Target Population
EMP-06125,OFC-LON,Project Leader,Operations,Full-Time,2022-05-07,Target Population
EMP-06126,OFC-LON,Analyst,HR,Full-Time,2023-04-26,Target Population
EMP-06127,OFC-BOS,Consultant,Operations,Full-Time,2022-12-05,Target Population
EMP-06128,OFC-NYC,Principal,Finance,Full-Time,2024-03-24,Target Population
EMP-06129,OFC-SIN,Project Leader,Digital Ventures,Full-Time,2022-09-14,Target Population
EMP-06130,OFC-LON,Consultant,Consulting,Full-Time,2025-08-21,Target Population
EMP-06131,OFC-LON,Principal,IT,Full-Time,2025-08-13,Target Population
EMP-06132,OFC-BOS,Analyst,HR,Full-Time,2024-01-30,Target Population
EMP-06133,OFC-BOS,Analyst,Finance,Full-Time,2025-12-13,Target Population
EMP-06134,OFC-SIN,Project Leader,Consulting,Full-Time,2023-05-13,Target Population
EMP-06135,OFC-NYC,Consultant,HR,Full-Time,2024-06-29,Target Population
EMP-06136,OFC-LON,Analyst,Consulting,Full-Time,2021-12-06,Target Population
EMP-06137,OFC-BOS,Project Leader,Operations,Full-Time,2023-01-22,Target Population
EMP-06138,OFC-GUR,Project Leader,Finance,Full-Time,2022-03-10,Target Population
EMP-06139,OFC-SIN,Principal,IT,Full-Time,2026-04-26,Target Population
EMP-06140,OFC-LON,Consultant,Finance,Full-Time,2021-12-14,Target Population
EMP-06141,OFC-BOS,Consultant,Finance,Full-Time,2023-05-07,Target Population
EMP-06142,OFC-LON,Project Leader,HR,Full-Time,2022-08-20,Target Population
EMP-06143,OFC-GUR,Analyst,Finance,Full-Time,2024-03-01,Target Population
EMP-06144,OFC-NYC,Analyst,HR,Full-Time,2024-01-21,Target Population
EMP-06145,OFC-SIN,Project Leader,Operations,Full-Time,2022-10-30,Target Population
EMP-06146,OFC-LON,Analyst,Consulting,Full-Time,2025-06-30,Target Population
EMP-06147,OFC-SIN,Analyst,Digital Ventures,Full-Time,2021-11-01,Target Population
EMP-06148,OFC-LON,Project Leader,HR,Full-Time,2023-09-30,Target Population
EMP-06149,OFC-BOS,Analyst,Digital Ventures,Full-Time,2022-07-14,Target Population
EMP-06150,OFC-NYC,Consultant,IT,Full-Time,2023-01-18,Target Population
EMP-06151,OFC-BOS,Project Leader,Consulting,Full-Time,2021-11-21,Target Population
EMP-06152,OFC-SIN,Analyst,HR,Full-Time,2025-12-18,Target Population
EMP-06153,OFC-GUR,Consultant,Consulting,Full-Time,2023-08-12,Target Population
EMP-06154,OFC-GUR,Consultant,Operations,Full-Time,2024-09-03,Target Population
EMP-06155,OFC-NYC,Project Leader,HR,Full-Time,2025-05-04,Target Population
EMP-06156,OFC-BOS,Consultant,IT,Full-Time,2024-06-01,Target Population
EMP-06157,OFC-GUR,Consultant,Finance,Full-Time,2026-01-02,Target Population
EMP-06158,OFC-LON,Partner,Digital Ventures,Full-Time,2024-12-03,Target Population
EMP-06159,OFC-BOS,Consultant,Digital Ventures,Full-Time,2025-09-16,Target Population
EMP-06160,OFC-LON,Consultant,HR,Full-Time,2022-01-13,Target Population
EMP-06161,OFC-BOS,Analyst,Operations,Full-Time,2024-07-29,Target Population
EMP-06162,OFC-NYC,Consultant,Consulting,Full-Time,2022-06-13,Target Population
EMP-06163,OFC-LON,Analyst,Consulting,Full-Time,2023-01-03,Target Population
EMP-06164,OFC-BOS,Analyst,IT,Full-Time,2022-03-30,Target Population
EMP-06165,OFC-SIN,Consultant,Digital Ventures,Full-Time,2024-01-12,Target Population
EMP-06166,OFC-BOS,Partner,Consulting,Full-Time,2025-02-07,Target Population
EMP-06167,OFC-BOS,Analyst,IT,Full-Time,2022-05-16,Target Population
EMP-06168,OFC-BOS,Project Leader,Digital Ventures,Full-Time,2026-05-21,Target Population
EMP-06169,OFC-GUR,Analyst,IT,Full-Time,2025-10-06,Target Population
EMP-06170,OFC-NYC,Consultant,Digital Ventures,Full-Time,2023-04-24,Target Population
EMP-06171,OFC-LON,Consultant,IT,Full-Time,2023-05-27,Target Population
EMP-06172,OFC-BOS,Consultant,Digital Ventures,Full-Time,2023-11-22,Target Population
EMP-06173,OFC-BOS,Principal,Operations,Full-Time,2025-01-04,Target Population
EMP-06174,OFC-NYC,Consultant,Finance,Full-Time,2021-11-15,Target Population
EMP-06175,OFC-GUR,Partner,Digital Ventures,Full-Time,2022-10-20,Target Population
EMP-06176,OFC-SIN,Analyst,Operations,Full-Time,2023-11-19,Target Population
EMP-06177,OFC-BOS,Analyst,Consulting,Full-Time,2025-01-14,Target Population
EMP-06178,OFC-LON,Principal,IT,Full-Time,2025-07-14,Target Population
EMP-06179,OFC-SIN,Project Leader,Operations,Full-Time,2023-11-13,Target Population
EMP-06180,OFC-NYC,Project Leader,HR,Full-Time,2022-01-19,Target Population
EMP-06181,OFC-GUR,Consultant,Finance,Full-Time,2023-06-17,Target Population
EMP-06182,OFC-BOS,Analyst,HR,Full-Time,2025-09-07,Target Population
EMP-06183,OFC-SIN,Consultant,Operations,Full-Time,2022-07-25,Target Population
EMP-06184,OFC-GUR,Partner,Finance,Full-Time,2026-03-14,Target Population
EMP-06185,OFC-SIN,Analyst,Consulting,Full-Time,2023-07-16,Target Population
EMP-06186,OFC-GUR,Analyst,Consulting,Full-Time,2025-10-15,Target Population
EMP-06187,OFC-NYC,Consultant,Consulting,Full-Time,2025-01-27,Target Population
EMP-06188,OFC-SIN,Analyst,Digital Ventures,Full-Time,2024-06-02,Target Population
EMP-06189,OFC-NYC,Partner,HR,Full-Time,2024-07-06,Target Population
EMP-06190,OFC-NYC,Principal,Finance,Full-Time,2023-02-11,Target Population
EMP-06191,OFC-GUR,Project Leader,IT,Full-Time,2022-02-15,Target Population
EMP-06192,OFC-GUR,Analyst,IT,Full-Time,2026-06-10,Target Population
EMP-06193,OFC-SIN,Analyst,IT,Full-Time,2026-03-13,Target Population
EMP-06194,OFC-BOS,Consultant,HR,Full-Time,2022-10-21,Target Population
EMP-06195,OFC-GUR,Project Leader,Consulting,Full-Time,2023-12-03,Target Population
EMP-06196,OFC-GUR,Project Leader,Operations,Full-Time,2025-11-10,Target Population
EMP-06197,OFC-BOS,Analyst,IT,Full-Time,2024-04-22,Target Population
EMP-06198,OFC-NYC,Analyst,Operations,Full-Time,2023-06-16,Target Population
EMP-06199,OFC-NYC,Managing Director,Finance,Full-Time,2024-10-30,Target Population
EMP-06200,OFC-NYC,Analyst,Consulting,Full-Time,2022-03-17,Target Population
EMP-06201,OFC-SIN,Project Leader,Operations,Full-Time,2023-08-14,Target Population
EMP-06202,OFC-LON,Project Leader,Finance,Full-Time,2022-09-22,Target Population
EMP-06203,OFC-GUR,Analyst,IT,Full-Time,2023-10-10,Target Population
EMP-06204,OFC-SIN,Consultant,Consulting,Full-Time,2025-06-16,Target Population
EMP-06205,OFC-NYC,Analyst,Finance,Full-Time,2024-07-11,Target Population
EMP-06206,OFC-GUR,Analyst,Operations,Full-Time,2021-11-22,Target Population
EMP-06207,OFC-NYC,Project Leader,Consulting,Full-Time,2023-03-10,Target Population
EMP-06208,OFC-SIN,Consultant,IT,Full-Time,2024-02-11,Target Population
EMP-06209,OFC-BOS,Analyst,HR,Full-Time,2026-09-27,Target Population
EMP-06210,OFC-SIN,Consultant,Operations,Full-Time,2022-10-13,Target Population
EMP-06211,OFC-BOS,Consultant,Finance,Full-Time,2025-02-17,Target Population
EMP-06212,OFC-NYC,Principal,Consulting,Full-Time,2023-11-01,Target Population
EMP-06213,OFC-GUR,Analyst,Operations,Full-Time,2021-11-03,Target Population
EMP-06214,OFC-NYC,Principal,Digital Ventures,Full-Time,2022-02-14,Target Population
EMP-06215,OFC-LON,Analyst,HR,Full-Time,2026-09-16,Target Population
EMP-06216,OFC-NYC,Principal,Consulting,Full-Time,2025-10-22,Target Population
EMP-06217,OFC-GUR,Project Leader,HR,Full-Time,2023-01-31,Target Population
EMP-06218,OFC-BOS,Analyst,IT,Full-Time,2024-12-03,Target Population
EMP-06219,OFC-BOS,Analyst,HR,Full-Time,2022-07-12,Target Population
EMP-06220,OFC-NYC,Partner,IT,Full-Time,2023-11-18,Target Population
EMP-06221,OFC-LON,Project Leader,HR,Full-Time,2023-02-08,Target Population
EMP-06222,OFC-BOS,Principal,Operations,Full-Time,2026-01-07,Target Population
EMP-06223,OFC-NYC,Principal,IT,Full-Time,2022-07-17,Target Population
EMP-06224,OFC-NYC,Analyst,Operations,Full-Time,2024-08-23,Target Population
EMP-06225,OFC-BOS,Project Leader,IT,Full-Time,2022-04-11,Target Population
EMP-06226,OFC-LON,Consultant,IT,Full-Time,2022-04-10,Target Population
EMP-06227,OFC-SIN,Principal,Digital Ventures,Full-Time,2024-10-15,Target Population
EMP-06228,OFC-BOS,Consultant,Consulting,Full-Time,2023-01-28,Target Population
EMP-06229,OFC-LON,Consultant,Finance,Full-Time,2026-04-30,Target Population
EMP-06230,OFC-GUR,Partner,IT,Full-Time,2022-09-05,Target Population
EMP-06231,OFC-NYC,Analyst,HR,Full-Time,2022-11-01,Target Population
EMP-06232,OFC-GUR,Consultant,Digital Ventures,Full-Time,2025-11-30,Target Population
EMP-06233,OFC-NYC,Project Leader,Finance,Full-Time,2023-09-29,Target Population
EMP-06234,OFC-LON,Project Leader,Finance,Full-Time,2024-06-17,Target Population
EMP-06235,OFC-BOS,Analyst,Consulting,Full-Time,2026-07-07,Target Population
EMP-06236,OFC-GUR,Principal,Operations,Full-Time,2024-09-20,Target Population
EMP-06237,OFC-GUR,Consultant,Digital Ventures,Full-Time,2025-07-01,Target Population
EMP-06238,OFC-BOS,Analyst,Consulting,Full-Time,2023-05-29,Target Population
EMP-06239,OFC-NYC,Analyst,Finance,Full-Time,2021-12-12,Target Population
EMP-06240,OFC-SIN,Consultant,Operations,Full-Time,2024-12-23,Target Population
EMP-06241,OFC-NYC,Consultant,Finance,Full-Time,2024-10-23,Target Population
EMP-06242,OFC-LON,Project Leader,IT,Full-Time,2022-11-29,Target Population
EMP-06243,OFC-SIN,Consultant,HR,Full-Time,2023-11-24,Target Population
EMP-06244,OFC-GUR,Consultant,IT,Full-Time,2022-02-06,Target Population
EMP-06245,OFC-LON,Consultant,HR,Full-Time,2025-11-22,Target Population
EMP-06246,OFC-GUR,Analyst,Consulting,Full-Time,2025-06-27,Target Population
EMP-06247,OFC-SIN,Analyst,Operations,Full-Time,2026-07-09,Target Population
EMP-06248,OFC-LON,Principal,HR,Full-Time,2024-04-09,Target Population
EMP-06249,OFC-LON,Analyst,IT,Full-Time,2026-05-20,Target Population
EMP-06250,OFC-NYC,Analyst,Consulting,Full-Time,2025-12-07,Target Population
EMP-06251,OFC-SIN,Principal,IT,Full-Time,2023-05-19,Target Population
EMP-06252,OFC-GUR,Project Leader,HR,Full-Time,2026-08-02,Target Population
EMP-06253,OFC-BOS,Partner,Operations,Full-Time,2023-05-09,Target Population
EMP-06254,OFC-SIN,Analyst,HR,Full-Time,2026-05-22,Target Population
EMP-06255,OFC-LON,Principal,Operations,Full-Time,2024-09-21,Target Population
EMP-06256,OFC-BOS,Project Leader,Finance,Full-Time,2024-07-08,Target Population
EMP-06257,OFC-LON,Principal,HR,Full-Time,2025-10-01,Target Population
EMP-06258,OFC-NYC,Analyst,Consulting,Full-Time,2024-02-09,Target Population
EMP-06259,OFC-SIN,Analyst,Operations,Full-Time,2026-06-25,Target Population
EMP-06260,OFC-BOS,Principal,Operations,Full-Time,2023-02-17,Target Population
EMP-06261,OFC-GUR,Analyst,Consulting,Full-Time,2022-05-08,Target Population
EMP-06262,OFC-LON,Analyst,Digital Ventures,Full-Time,2026-04-14,Target Population
EMP-06263,OFC-BOS,Consultant,Digital Ventures,Full-Time,2023-01-31,Target Population
EMP-06264,OFC-SIN,Principal,Consulting,Full-Time,2025-08-03,Target Population
EMP-06265,OFC-LON,Consultant,IT,Full-Time,2024-04-12,Target Population
EMP-06266,OFC-NYC,Analyst,Digital Ventures,Full-Time,2024-01-03,Target Population
EMP-06267,OFC-LON,Project Leader,Digital Ventures,Full-Time,2026-05-16,Target Population
EMP-06268,OFC-SIN,Analyst,Finance,Full-Time,2024-11-20,Target Population
EMP-06269,OFC-NYC,Managing Director,Operations,Full-Time,2025-08-17,Target Population
EMP-06270,OFC-BOS,Principal,IT,Full-Time,2021-10-09,Target Population
EMP-06271,OFC-BOS,Analyst,IT,Full-Time,2026-01-25,Target Population
EMP-06272,OFC-NYC,Analyst,Digital Ventures,Full-Time,2024-12-27,Target Population
EMP-06273,OFC-GUR,Consultant,Operations,Full-Time,2023-05-06,Target Population
EMP-06274,OFC-LON,Analyst,IT,Full-Time,2021-12-04,Target Population
EMP-06275,OFC-BOS,Analyst,Digital Ventures,Full-Time,2024-11-11,Target Population
EMP-06276,OFC-BOS,Consultant,HR,Full-Time,2023-10-18,Target Population
EMP-06277,OFC-NYC,Consultant,Finance,Full-Time,2024-06-29,Target Population
EMP-06278,OFC-SIN,Principal,IT,Full-Time,2022-04-21,Target Population
EMP-06279,OFC-NYC,Analyst,Operations,Full-Time,2026-05-08,Target Population
EMP-06280,OFC-SIN,Analyst,HR,Full-Time,2025-01-22,Target Population
EMP-06281,OFC-LON,Analyst,Digital Ventures,Full-Time,2023-05-19,Target Population
EMP-06282,OFC-BOS,Analyst,Consulting,Full-Time,2026-03-23,Target Population
EMP-06283,OFC-SIN,Analyst,Finance,Full-Time,2025-12-30,Target Population
EMP-06284,OFC-LON,Principal,IT,Full-Time,2026-06-16,Target Population
EMP-06285,OFC-GUR,Project Leader,IT,Full-Time,2023-01-28,Target Population
EMP-06286,OFC-SIN,Project Leader,Digital Ventures,Full-Time,2024-03-04,Target Population
EMP-06287,OFC-BOS,Analyst,Digital Ventures,Full-Time,2024-07-05,Target Population
EMP-06288,OFC-BOS,Consultant,Finance,Full-Time,2025-04-02,Target Population
EMP-06289,OFC-GUR,Analyst,IT,Full-Time,2024-07-03,Target Population
EMP-06290,OFC-NYC,Analyst,Consulting,Full-Time,2022-09-15,Target Population
EMP-06291,OFC-BOS,Analyst,IT,Full-Time,2022-08-02,Target Population
EMP-06292,OFC-BOS,Partner,Consulting,Full-Time,2026-03-20,Target Population
EMP-06293,OFC-BOS,Project Leader,Digital Ventures,Full-Time,2022-05-02,Target Population
EMP-06294,OFC-GUR,Analyst,Operations,Full-Time,2022-02-20,Target Population
EMP-06295,OFC-BOS,Partner,HR,Full-Time,2022-11-14,Target Population
EMP-06296,OFC-LON,Analyst,Operations,Full-Time,2023-04-15,Target Population
EMP-06297,OFC-LON,Consultant,Digital Ventures,Full-Time,2022-01-12,Target Population
EMP-06298,OFC-NYC,Project Leader,HR,Full-Time,2023-06-26,Target Population
EMP-06299,OFC-BOS,Consultant,HR,Full-Time,2022-09-04,Target Population
EMP-06300,OFC-GUR,Analyst,Operations,Full-Time,2025-11-22,Target Population
EMP-06301,OFC-BOS,Project Leader,Digital Ventures,Full-Time,2023-05-25,Target Population
EMP-06302,OFC-GUR,Consultant,Consulting,Full-Time,2022-08-09,Target Population
EMP-06303,OFC-SIN,Project Leader,IT,Full-Time,2022-01-13,Target Population
EMP-06304,OFC-NYC,Analyst,Operations,Full-Time,2026-08-16,Target Population
EMP-06305,OFC-LON,Analyst,Finance,Full-Time,2025-01-26,Target Population
EMP-06306,OFC-LON,Consultant,HR,Full-Time,2025-12-07,Target Population
EMP-06307,OFC-NYC,Consultant,Digital Ventures,Full-Time,2026-03-28,Target Population
EMP-06308,OFC-SIN,Analyst,Digital Ventures,Full-Time,2023-12-11,Target Population
EMP-06309,OFC-SIN,Analyst,Operations,Full-Time,2022-03-08,Target Population
EMP-06310,OFC-NYC,Analyst,Operations,Full-Time,2024-11-18,Target Population
EMP-06311,OFC-LON,Consultant,Digital Ventures,Full-Time,2023-08-23,Target Population
EMP-06312,OFC-SIN,Analyst,IT,Full-Time,2022-05-15,Target Population
EMP-06313,OFC-SIN,Analyst,Finance,Full-Time,2021-11-16,Target Population
EMP-06314,OFC-LON,Analyst,Consulting,Full-Time,2023-07-17,Target Population
EMP-06315,OFC-LON,Analyst,Digital Ventures,Full-Time,2025-12-11,Target Population
EMP-06316,OFC-NYC,Analyst,Digital Ventures,Full-Time,2022-06-12,Target Population
EMP-06317,OFC-SIN,Analyst,IT,Full-Time,2025-09-30,Target Population
EMP-06318,OFC-BOS,Consultant,Digital Ventures,Full-Time,2022-04-13,Target Population
EMP-06319,OFC-LON,Project Leader,IT,Full-Time,2024-11-01,Target Population
EMP-06320,OFC-NYC,Consultant,IT,Full-Time,2026-07-06,Target Population
EMP-06321,OFC-NYC,Analyst,IT,Full-Time,2025-04-21,Target Population
EMP-06322,OFC-NYC,Analyst,Digital Ventures,Full-Time,2024-11-26,Target Population
EMP-06323,OFC-SIN,Analyst,IT,Full-Time,2022-04-06,Target Population
EMP-06324,OFC-BOS,Consultant,Consulting,Full-Time,2024-01-10,Target Population
EMP-06325,OFC-LON,Analyst,Finance,Full-Time,2026-04-07,Target Population
EMP-06326,OFC-BOS,Project Leader,Digital Ventures,Full-Time,2022-02-10,Target Population
EMP-06327,OFC-BOS,Consultant,IT,Full-Time,2022-05-13,Target Population
EMP-06328,OFC-NYC,Consultant,Finance,Full-Time,2024-05-08,Target Population
EMP-06329,OFC-LON,Consultant,Digital Ventures,Full-Time,2022-06-06,Target Population
EMP-06330,OFC-NYC,Partner,HR,Full-Time,2023-08-08,Target Population
EMP-06331,OFC-NYC,Analyst,Digital Ventures,Full-Time,2026-03-08,Target Population
EMP-06332,OFC-BOS,Consultant,Finance,Full-Time,2022-08-04,Target Population
EMP-06333,OFC-NYC,Principal,IT,Full-Time,2022-08-17,Target Population
EMP-06334,OFC-SIN,Analyst,Digital Ventures,Full-Time,2023-09-24,Target Population
EMP-06335,OFC-SIN,Project Leader,Consulting,Full-Time,2026-04-15,Target Population
EMP-06336,OFC-NYC,Managing Director,IT,Full-Time,2025-01-16,Target Population
EMP-06337,OFC-LON,Project Leader,Operations,Full-Time,2023-05-18,Target Population
EMP-06338,OFC-SIN,Consultant,Operations,Full-Time,2023-05-30,Target Population
EMP-06339,OFC-BOS,Analyst,IT,Full-Time,2026-03-29,Target Population
EMP-06340,OFC-GUR,Managing Director,Digital Ventures,Full-Time,2023-11-18,Target Population
EMP-06341,OFC-SIN,Analyst,Operations,Full-Time,2026-08-13,Target Population
EMP-06342,OFC-BOS,Project Leader,IT,Full-Time,2023-04-15,Target Population
EMP-06343,OFC-BOS,Analyst,Operations,Full-Time,2026-07-07,Target Population
EMP-06344,OFC-SIN,Project Leader,Digital Ventures,Full-Time,2026-07-07,Target Population
EMP-06345,OFC-LON,Analyst,Consulting,Full-Time,2025-04-18,Target Population
EMP-06346,OFC-BOS,Consultant,HR,Full-Time,2022-08-30,Target Population
EMP-06347,OFC-NYC,Consultant,Finance,Full-Time,2026-09-02,Target Population
EMP-06348,OFC-NYC,Analyst,Consulting,Full-Time,2024-10-23,Target Population
EMP-06349,OFC-GUR,Project Leader,IT,Full-Time,2025-09-01,Target Population
EMP-06350,OFC-GUR,Project Leader,Operations,Full-Time,2025-05-25,Target Population
EMP-06351,OFC-SIN,Analyst,Digital Ventures,Full-Time,2022-08-26,Target Population
EMP-06352,OFC-NYC,Partner,IT,Full-Time,2023-03-09,Target Population
EMP-06353,OFC-LON,Analyst,IT,Full-Time,2023-04-20,Target Population
EMP-06354,OFC-LON,Analyst,IT,Full-Time,2026-06-11,Target Population
EMP-06355,OFC-NYC,Consultant,Operations,Full-Time,2025-03-07,Target Population
EMP-06356,OFC-BOS,Analyst,Finance,Full-Time,2026-01-22,Target Population
EMP-06357,OFC-SIN,Consultant,IT,Full-Time,2024-08-20,Target Population
EMP-06358,OFC-SIN,Consultant,Digital Ventures,Full-Time,2023-02-10,Target Population
EMP-06359,OFC-LON,Consultant,HR,Full-Time,2026-04-22,Target Population
EMP-06360,OFC-LON,Consultant,Finance,Full-Time,2025-07-14,Target Population
EMP-06361,OFC-BOS,Analyst,Finance,Full-Time,2024-10-05,Target Population
EMP-06362,OFC-LON,Analyst,Digital Ventures,Full-Time,2024-06-12,Target Population
EMP-06363,OFC-GUR,Consultant,HR,Full-Time,2026-06-12,Target Population
EMP-06364,OFC-LON,Consultant,Operations,Full-Time,2024-07-11,Target Population
EMP-06365,OFC-SIN,Project Leader,HR,Full-Time,2024-12-04,Target Population
EMP-06366,OFC-LON,Analyst,IT,Full-Time,2025-04-10,Target Population
EMP-06367,OFC-NYC,Analyst,HR,Full-Time,2025-06-05,Target Population
EMP-06368,OFC-GUR,Analyst,Operations,Full-Time,2024-07-07,Target Population
EMP-06369,OFC-BOS,Partner,Finance,Full-Time,2023-10-24,Target Population
EMP-06370,OFC-NYC,Consultant,Operations,Full-Time,2026-07-22,Target Population
EMP-06371,OFC-NYC,Project Leader,Finance,Full-Time,2026-05-29,Target Population
EMP-06372,OFC-NYC,Project Leader,Operations,Full-Time,2023-08-02,Target Population
EMP-06373,OFC-GUR,Analyst,IT,Full-Time,2024-12-15,Target Population
EMP-06374,OFC-LON,Consultant,Operations,Full-Time,2026-06-12,Target Population
EMP-06375,OFC-GUR,Consultant,IT,Full-Time,2023-12-05,Target Population
EMP-06376,OFC-LON,Analyst,Finance,Full-Time,2024-10-29,Target Population
EMP-06377,OFC-NYC,Consultant,Digital Ventures,Full-Time,2025-08-12,Target Population
EMP-06378,OFC-GUR,Consultant,Finance,Full-Time,2025-07-28,Target Population
EMP-06379,OFC-BOS,Consultant,HR,Full-Time,2025-02-21,Target Population
EMP-06380,OFC-BOS,Principal,Digital Ventures,Full-Time,2021-10-07,Target Population
EMP-06381,OFC-LON,Partner,Consulting,Full-Time,2022-01-22,Target Population
EMP-06382,OFC-NYC,Analyst,HR,Full-Time,2024-03-08,Target Population
EMP-06383,OFC-BOS,Consultant,HR,Full-Time,2021-11-26,Target Population
EMP-06384,OFC-LON,Project Leader,IT,Full-Time,2026-03-03,Target Population
EMP-06385,OFC-LON,Analyst,Finance,Full-Time,2022-11-30,Target Population
EMP-06386,OFC-NYC,Consultant,Operations,Full-Time,2024-05-01,Target Population
EMP-06387,OFC-SIN,Consultant,Consulting,Full-Time,2021-10-27,Target Population
EMP-06388,OFC-LON,Analyst,Operations,Full-Time,2024-04-27,Target Population
EMP-06389,OFC-SIN,Analyst,Operations,Full-Time,2023-08-27,Target Population
EMP-06390,OFC-BOS,Project Leader,Finance,Full-Time,2023-08-05,Target Population
EMP-06391,OFC-LON,Principal,Finance,Full-Time,2024-06-11,Target Population
EMP-06392,OFC-SIN,Project Leader,Operations,Full-Time,2021-12-13,Target Population
EMP-06393,OFC-LON,Project Leader,Consulting,Full-Time,2024-02-11,Target Population
EMP-06394,OFC-GUR,Consultant,IT,Full-Time,2026-06-23,Target Population
EMP-06395,OFC-NYC,Analyst,IT,Full-Time,2026-02-11,Target Population
EMP-06396,OFC-BOS,Analyst,Operations,Full-Time,2026-07-01,Target Population
EMP-06397,OFC-LON,Analyst,Operations,Full-Time,2026-08-15,Target Population
EMP-06398,OFC-NYC,Analyst,Operations,Full-Time,2026-08-17,Target Population
EMP-06399,OFC-SIN,Analyst,HR,Full-Time,2023-01-30,Target Population
EMP-06400,OFC-BOS,Partner,IT,Full-Time,2022-07-26,Target Population
EMP-06401,OFC-SIN,Partner,Digital Ventures,Full-Time,2022-02-01,Target Population
EMP-06402,OFC-SIN,Managing Director,Operations,Full-Time,2025-09-06,Target Population
EMP-06403,OFC-BOS,Analyst,Finance,Full-Time,2024-10-15,Target Population
EMP-06404,OFC-NYC,Consultant,Consulting,Full-Time,2023-02-04,Target Population
EMP-06405,OFC-SIN,Analyst,Digital Ventures,Full-Time,2022-12-11,Target Population
EMP-06406,OFC-SIN,Partner,Operations,Full-Time,2024-01-08,Target Population
EMP-06407,OFC-NYC,Project Leader,HR,Full-Time,2024-11-20,Target Population
EMP-06408,OFC-NYC,Consultant,Finance,Full-Time,2026-09-19,Target Population
EMP-06409,OFC-LON,Project Leader,HR,Full-Time,2023-11-22,Target Population
EMP-06410,OFC-GUR,Partner,HR,Full-Time,2023-09-30,Target Population
EMP-06411,OFC-NYC,Partner,HR,Full-Time,2023-12-12,Target Population
EMP-06412,OFC-GUR,Analyst,Operations,Full-Time,2024-04-27,Target Population
EMP-06413,OFC-BOS,Analyst,Finance,Full-Time,2022-07-19,Target Population
EMP-06414,OFC-BOS,Consultant,HR,Full-Time,2026-08-14,Target Population
EMP-06415,OFC-NYC,Managing Director,Finance,Full-Time,2025-03-02,Target Population
EMP-06416,OFC-NYC,Consultant,IT,Full-Time,2026-08-10,Target Population
EMP-06417,OFC-NYC,Partner,IT,Full-Time,2023-08-13,Target Population
EMP-06418,OFC-LON,Analyst,HR,Full-Time,2022-06-03,Target Population
EMP-06419,OFC-NYC,Managing Director,Digital Ventures,Full-Time,2024-07-11,Target Population
EMP-06420,OFC-BOS,Managing Director,HR,Full-Time,2025-11-14,Target Population
EMP-06421,OFC-NYC,Managing Director,HR,Full-Time,2023-03-28,Target Population
EMP-06422,OFC-SIN,Analyst,Digital Ventures,Full-Time,2025-12-02,Target Population
EMP-06423,OFC-NYC,Analyst,Finance,Full-Time,2026-09-01,Target Population
EMP-06424,OFC-NYC,Consultant,HR,Full-Time,2022-07-30,Target Population
EMP-06425,OFC-LON,Consultant,IT,Full-Time,2024-04-27,Target Population
EMP-06426,OFC-SIN,Partner,IT,Full-Time,2022-01-31,Target Population
EMP-06427,OFC-BOS,Analyst,Digital Ventures,Full-Time,2026-09-01,Target Population
EMP-06428,OFC-GUR,Analyst,Finance,Full-Time,2025-01-04,Target Population
EMP-06429,OFC-GUR,Analyst,Digital Ventures,Full-Time,2022-06-07,Target Population
EMP-06430,OFC-LON,Project Leader,Operations,Full-Time,2022-03-29,Target Population
EMP-06431,OFC-BOS,Partner,Operations,Full-Time,2024-08-10,Target Population
EMP-06432,OFC-GUR,Consultant,Digital Ventures,Full-Time,2024-09-21,Target Population
EMP-06433,OFC-BOS,Analyst,HR,Full-Time,2025-06-17,Target Population
EMP-06434,OFC-LON,Project Leader,IT,Full-Time,2025-04-23,Target Population
EMP-06435,OFC-GUR,Consultant,Operations,Full-Time,2022-10-16,Target Population
EMP-06436,OFC-BOS,Analyst,Digital Ventures,Full-Time,2023-09-11,Target Population
EMP-06437,OFC-GUR,Consultant,HR,Full-Time,2021-11-11,Target Population
EMP-06438,OFC-BOS,Consultant,HR,Full-Time,2025-01-07,Target Population
EMP-06439,OFC-GUR,Project Leader,IT,Full-Time,2022-03-24,Target Population
EMP-06440,OFC-LON,Project Leader,Consulting,Full-Time,2024-05-10,Target Population
EMP-06441,OFC-BOS,Analyst,Operations,Full-Time,2026-03-24,Target Population
EMP-06442,OFC-BOS,Principal,Consulting,Full-Time,2022-02-11,Target Population
EMP-06443,OFC-SIN,Analyst,HR,Full-Time,2024-06-25,Target Population
EMP-06444,OFC-BOS,Analyst,Finance,Full-Time,2026-05-11,Target Population
EMP-06445,OFC-BOS,Project Leader,Finance,Full-Time,2026-07-28,Target Population
EMP-06446,OFC-NYC,Partner,Finance,Full-Time,2023-01-14,Target Population
EMP-06447,OFC-LON,Project Leader,Finance,Full-Time,2024-07-18,Target Population
EMP-06448,OFC-LON,Project Leader,Finance,Full-Time,2026-01-14,Target Population
EMP-06449,OFC-BOS,Consultant,Finance,Full-Time,2023-08-23,Target Population
EMP-06450,OFC-NYC,Consultant,IT,Full-Time,2023-01-25,Target Population
EMP-06451,OFC-BOS,Analyst,Digital Ventures,Full-Time,2022-03-12,Target Population
EMP-06452,OFC-BOS,Consultant,IT,Full-Time,2025-02-08,Target Population
EMP-06453,OFC-NYC,Managing Director,Finance,Full-Time,2025-07-22,Target Population
EMP-06454,OFC-GUR,Managing Director,HR,Full-Time,2026-08-29,Target Population
EMP-06455,OFC-BOS,Consultant,Operations,Full-Time,2026-01-22,Target Population
EMP-06456,OFC-NYC,Consultant,Digital Ventures,Full-Time,2022-07-13,Target Population
EMP-06457,OFC-NYC,Analyst,Digital Ventures,Full-Time,2023-08-27,Target Population
EMP-06458,OFC-SIN,Analyst,HR,Full-Time,2025-06-09,Target Population
EMP-06459,OFC-SIN,Consultant,IT,Full-Time,2024-03-25,Target Population
EMP-06460,OFC-GUR,Analyst,IT,Full-Time,2025-02-13,Target Population
EMP-06461,OFC-BOS,Principal,HR,Full-Time,2023-01-09,Target Population
EMP-06462,OFC-BOS,Managing Director,Digital Ventures,Full-Time,2022-11-21,Target Population
EMP-06463,OFC-NYC,Project Leader,Consulting,Full-Time,2024-08-16,Target Population
EMP-06464,OFC-NYC,Partner,Digital Ventures,Full-Time,2022-06-20,Target Population
EMP-06465,OFC-LON,Consultant,IT,Full-Time,2025-10-24,Target Population
EMP-06466,OFC-GUR,Analyst,Operations,Full-Time,2026-08-17,Target Population
EMP-06467,OFC-SIN,Consultant,HR,Full-Time,2022-03-09,Target Population
EMP-06468,OFC-GUR,Consultant,Finance,Full-Time,2026-06-06,Target Population
EMP-06469,OFC-NYC,Analyst,Operations,Full-Time,2025-02-28,Target Population
EMP-06470,OFC-GUR,Consultant,HR,Full-Time,2023-12-31,Target Population
EMP-06471,OFC-NYC,Analyst,Consulting,Full-Time,2022-06-28,Target Population
EMP-06472,OFC-BOS,Consultant,Digital Ventures,Full-Time,2025-02-26,Target Population
EMP-06473,OFC-GUR,Partner,Operations,Full-Time,2026-01-13,Target Population
EMP-06474,OFC-BOS,Project Leader,IT,Full-Time,2025-06-17,Target Population
EMP-06475,OFC-NYC,Analyst,Consulting,Full-Time,2022-11-16,Target Population
EMP-06476,OFC-NYC,Consultant,HR,Full-Time,2022-11-30,Target Population
EMP-06477,OFC-GUR,Analyst,HR,Full-Time,2025-11-09,Target Population
EMP-06478,OFC-GUR,Consultant,IT,Full-Time,2026-07-10,Target Population
EMP-06479,OFC-NYC,Project Leader,Consulting,Full-Time,2023-06-14,Target Population
EMP-06480,OFC-GUR,Project Leader,Digital Ventures,Full-Time,2025-11-30,Target Population
EMP-06481,OFC-NYC,Analyst,Operations,Full-Time,2025-02-16,Target Population
EMP-06482,OFC-NYC,Analyst,Operations,Full-Time,2026-08-17,Target Population
EMP-06483,OFC-GUR,Analyst,Consulting,Full-Time,2023-06-08,Target Population
EMP-06484,OFC-GUR,Consultant,Consulting,Full-Time,2026-07-16,Target Population
EMP-06485,OFC-SIN,Analyst,Operations,Full-Time,2026-03-23,Target Population
EMP-06486,OFC-BOS,Principal,Operations,Full-Time,2023-11-11,Target Population
EMP-06487,OFC-GUR,Analyst,Finance,Full-Time,2023-10-29,Target Population
EMP-06488,OFC-LON,Consultant,Consulting,Full-Time,2022-05-17,Target Population
EMP-06489,OFC-SIN,Partner,Consulting,Full-Time,2024-01-12,Target Population
EMP-06490,OFC-BOS,Project Leader,Digital Ventures,Full-Time,2025-06-04,Target Population
EMP-06491,OFC-GUR,Project Leader,Finance,Full-Time,2024-07-07,Target Population
EMP-06492,OFC-LON,Project Leader,Operations,Full-Time,2026-08-31,Target Population
EMP-06493,OFC-NYC,Consultant,Operations,Full-Time,2022-07-12,Target Population
EMP-06494,OFC-LON,Project Leader,HR,Full-Time,2022-09-21,Target Population
EMP-06495,OFC-NYC,Project Leader,Operations,Full-Time,2025-04-13,Target Population
EMP-06496,OFC-LON,Principal,Consulting,Full-Time,2025-05-14,Target Population
EMP-06497,OFC-SIN,Partner,Digital Ventures,Full-Time,2024-11-14,Target Population
EMP-06498,OFC-LON,Consultant,IT,Full-Time,2024-09-23,Target Population
EMP-06499,OFC-LON,Project Leader,HR,Full-Time,2023-05-21,Target Population
EMP-06500,OFC-LON,Consultant,IT,Full-Time,2024-06-29,Target Population
EMP-06501,OFC-BOS,Consultant,Operations,Full-Time,2024-09-11,Target Population
EMP-06502,OFC-BOS,Project Leader,Operations,Full-Time,2021-12-21,Target Population
EMP-06503,OFC-LON,Project Leader,HR,Full-Time,2024-05-11,Target Population
EMP-06504,OFC-NYC,Consultant,HR,Full-Time,2023-03-16,Target Population
EMP-06505,OFC-BOS,Managing Director,Operations,Full-Time,2024-09-27,Target Population
EMP-06506,OFC-LON,Analyst,IT,Full-Time,2025-07-11,Target Population
EMP-06507,OFC-NYC,Consultant,Operations,Full-Time,2023-01-03,Target Population
EMP-06508,OFC-NYC,Analyst,HR,Full-Time,2025-07-06,Target Population
EMP-06509,OFC-LON,Principal,IT,Full-Time,2022-02-23,Target Population
EMP-06510,OFC-BOS,Consultant,IT,Full-Time,2023-10-02,Target Population
EMP-06511,OFC-SIN,Analyst,Finance,Full-Time,2023-06-19,Target Population
EMP-06512,OFC-SIN,Managing Director,Finance,Full-Time,2024-12-11,Target Population
EMP-06513,OFC-GUR,Partner,IT,Full-Time,2023-02-03,Target Population
EMP-06514,OFC-BOS,Analyst,HR,Full-Time,2022-06-30,Target Population
EMP-06515,OFC-GUR,Consultant,Digital Ventures,Full-Time,2022-09-21,Target Population
EMP-06516,OFC-GUR,Consultant,Finance,Full-Time,2022-03-25,Target Population
EMP-06517,OFC-GUR,Analyst,IT,Full-Time,2023-11-01,Target Population
EMP-06518,OFC-BOS,Consultant,Digital Ventures,Full-Time,2023-01-08,Target Population
EMP-06519,OFC-LON,Consultant,Consulting,Full-Time,2024-03-18,Target Population
EMP-06520,OFC-GUR,Managing Director,Digital Ventures,Full-Time,2021-11-18,Target Population
EMP-06521,OFC-LON,Principal,Consulting,Full-Time,2024-09-07,Target Population
EMP-06522,OFC-LON,Analyst,HR,Full-Time,2022-09-17,Target Population
EMP-06523,OFC-LON,Consultant,Consulting,Full-Time,2024-05-11,Target Population
EMP-06524,OFC-LON,Consultant,Digital Ventures,Full-Time,2025-08-05,Target Population
EMP-06525,OFC-BOS,Consultant,Digital Ventures,Full-Time,2025-10-09,Target Population
EMP-06526,OFC-LON,Project Leader,Finance,Full-Time,2021-12-16,Target Population
EMP-06527,OFC-BOS,Analyst,IT,Full-Time,2024-08-03,Target Population
EMP-06528,OFC-NYC,Analyst,Finance,Full-Time,2023-07-18,Target Population
EMP-06529,OFC-NYC,Analyst,IT,Full-Time,2026-05-05,Target Population
EMP-06530,OFC-LON,Project Leader,Finance,Full-Time,2023-07-27,Target Population
EMP-06531,OFC-BOS,Project Leader,IT,Full-Time,2023-07-02,Target Population
EMP-06532,OFC-GUR,Consultant,Operations,Full-Time,2026-05-31,Target Population
EMP-06533,OFC-GUR,Consultant,Consulting,Full-Time,2026-03-20,Target Population
EMP-06534,OFC-BOS,Partner,Finance,Full-Time,2023-12-19,Target Population
EMP-06535,OFC-BOS,Principal,Finance,Full-Time,2026-06-08,Target Population
EMP-06536,OFC-BOS,Project Leader,HR,Full-Time,2025-11-15,Target Population
EMP-06537,OFC-SIN,Consultant,Consulting,Full-Time,2022-12-20,Target Population
EMP-06538,OFC-LON,Project Leader,IT,Full-Time,2021-12-03,Target Population
EMP-06539,OFC-LON,Analyst,Digital Ventures,Full-Time,2024-12-20,Target Population
EMP-06540,OFC-BOS,Project Leader,Digital Ventures,Full-Time,2026-09-22,Target Population
EMP-06541,OFC-LON,Consultant,Consulting,Full-Time,2026-03-31,Target Population
EMP-06542,OFC-SIN,Analyst,Consulting,Full-Time,2022-02-19,Target Population
EMP-06543,OFC-GUR,Analyst,IT,Full-Time,2023-12-09,Target Population
EMP-06544,OFC-LON,Project Leader,Consulting,Full-Time,2023-03-20,Target Population
EMP-06545,OFC-BOS,Project Leader,Finance,Full-Time,2022-04-11,Target Population
EMP-06546,OFC-BOS,Analyst,Consulting,Full-Time,2024-03-07,Target Population
EMP-06547,OFC-BOS,Analyst,Digital Ventures,Full-Time,2023-06-22,Target Population
EMP-06548,OFC-NYC,Analyst,HR,Full-Time,2024-01-27,Target Population
EMP-06549,OFC-BOS,Project Leader,Operations,Full-Time,2022-03-20,Target Population
EMP-06550,OFC-NYC,Managing Director,IT,Full-Time,2025-09-20,Target Population
EMP-06551,OFC-NYC,Analyst,HR,Full-Time,2021-11-01,Target Population
EMP-06552,OFC-SIN,Principal,IT,Full-Time,2022-05-01,Target Population
EMP-06553,OFC-LON,Partner,HR,Full-Time,2025-01-26,Target Population
EMP-06554,OFC-GUR,Consultant,Digital Ventures,Full-Time,2024-01-27,Target Population
EMP-06555,OFC-GUR,Consultant,Operations,Full-Time,2024-10-30,Target Population
EMP-06556,OFC-BOS,Principal,Operations,Full-Time,2022-09-07,Target Population
EMP-06557,OFC-GUR,Consultant,Finance,Full-Time,2021-12-05,Target Population
EMP-06558,OFC-NYC,Analyst,Finance,Full-Time,2024-04-02,Target Population
EMP-06559,OFC-LON,Principal,Operations,Full-Time,2025-01-19,Target Population
EMP-06560,OFC-NYC,Project Leader,HR,Full-Time,2023-09-25,Target Population
EMP-06561,OFC-SIN,Managing Director,IT,Full-Time,2025-01-01,Target Population
EMP-06562,OFC-NYC,Principal,Operations,Full-Time,2026-02-02,Target Population
EMP-06563,OFC-NYC,Partner,HR,Full-Time,2022-08-12,Target Population
EMP-06564,OFC-SIN,Analyst,Consulting,Full-Time,2024-06-13,Target Population
EMP-06565,OFC-BOS,Consultant,Digital Ventures,Full-Time,2025-11-20,Target Population
EMP-06566,OFC-GUR,Analyst,IT,Full-Time,2026-04-15,Target Population
EMP-06567,OFC-GUR,Project Leader,Consulting,Full-Time,2022-07-07,Target Population
EMP-06568,OFC-GUR,Managing Director,Consulting,Full-Time,2023-05-09,Target Population
EMP-06569,OFC-SIN,Consultant,Finance,Full-Time,2023-06-16,Target Population
EMP-06570,OFC-SIN,Analyst,Operations,Full-Time,2026-01-09,Target Population
EMP-06571,OFC-BOS,Analyst,HR,Full-Time,2025-08-29,Target Population
EMP-06572,OFC-GUR,Consultant,Consulting,Full-Time,2026-07-14,Target Population
EMP-06573,OFC-LON,Analyst,Operations,Full-Time,2021-12-12,Target Population
EMP-06574,OFC-LON,Project Leader,Operations,Full-Time,2022-02-07,Target Population
EMP-06575,OFC-BOS,Managing Director,Digital Ventures,Full-Time,2023-11-14,Target Population
EMP-06576,OFC-GUR,Principal,Digital Ventures,Full-Time,2026-04-08,Target Population
EMP-06577,OFC-SIN,Managing Director,Digital Ventures,Full-Time,2024-05-11,Target Population
EMP-06578,OFC-SIN,Principal,IT,Full-Time,2024-08-08,Target Population
EMP-06579,OFC-NYC,Partner,Finance,Full-Time,2025-12-07,Target Population
EMP-06580,OFC-BOS,Consultant,HR,Full-Time,2025-02-10,Target Population
EMP-06581,OFC-NYC,Analyst,Consulting,Full-Time,2023-02-06,Target Population
EMP-06582,OFC-GUR,Analyst,HR,Full-Time,2021-12-03,Target Population
EMP-06583,OFC-GUR,Consultant,HR,Full-Time,2024-09-18,Target Population
EMP-06584,OFC-LON,Consultant,Consulting,Full-Time,2024-10-04,Target Population
EMP-06585,OFC-BOS,Analyst,Consulting,Full-Time,2024-10-15,Target Population
EMP-06586,OFC-NYC,Project Leader,Finance,Full-Time,2024-05-03,Target Population
EMP-06587,OFC-LON,Partner,Consulting,Full-Time,2023-10-10,Target Population
EMP-06588,OFC-SIN,Managing Director,HR,Full-Time,2026-01-11,Target Population
EMP-06589,OFC-LON,Consultant,Digital Ventures,Full-Time,2024-02-11,Target Population
EMP-06590,OFC-NYC,Consultant,Consulting,Full-Time,2022-04-17,Target Population
EMP-06591,OFC-LON,Consultant,Operations,Full-Time,2023-12-16,Target Population
EMP-06592,OFC-BOS,Consultant,IT,Full-Time,2025-01-21,Target Population
EMP-06593,OFC-SIN,Partner,HR,Full-Time,2022-01-06,Target Population
EMP-06594,OFC-NYC,Project Leader,Digital Ventures,Full-Time,2026-06-27,Target Population
EMP-06595,OFC-LON,Consultant,Operations,Full-Time,2024-02-24,Target Population
EMP-06596,OFC-NYC,Project Leader,HR,Full-Time,2023-09-07,Target Population
EMP-06597,OFC-GUR,Analyst,Finance,Full-Time,2023-01-21,Target Population
EMP-06598,OFC-GUR,Principal,Consulting,Full-Time,2024-09-02,Target Population
EMP-06599,OFC-GUR,Consultant,Consulting,Full-Time,2025-02-08,Target Population
EMP-06600,OFC-NYC,Analyst,IT,Full-Time,2022-12-07,Target Population
EMP-06601,OFC-NYC,Partner,HR,Full-Time,2022-07-06,Target Population
EMP-06602,OFC-BOS,Analyst,Digital Ventures,Full-Time,2025-01-06,Target Population
EMP-06603,OFC-GUR,Analyst,HR,Full-Time,2026-03-12,Target Population
EMP-06604,OFC-BOS,Principal,Finance,Full-Time,2023-09-13,Target Population
EMP-06605,OFC-LON,Analyst,Finance,Full-Time,2025-04-25,Target Population
EMP-06606,OFC-SIN,Analyst,Consulting,Full-Time,2023-10-23,Target Population
EMP-06607,OFC-SIN,Project Leader,IT,Full-Time,2026-08-21,Target Population
EMP-06608,OFC-NYC,Analyst,Finance,Full-Time,2023-01-24,Target Population
EMP-06609,OFC-LON,Analyst,Operations,Full-Time,2025-05-23,Target Population
EMP-06610,OFC-BOS,Analyst,Operations,Full-Time,2024-06-03,Target Population
EMP-06611,OFC-GUR,Project Leader,Finance,Full-Time,2024-07-26,Target Population
EMP-06612,OFC-GUR,Consultant,Consulting,Full-Time,2025-08-02,Target Population
EMP-06613,OFC-BOS,Consultant,Consulting,Full-Time,2026-05-18,Target Population
EMP-06614,OFC-NYC,Analyst,IT,Full-Time,2022-11-20,Target Population
EMP-06615,OFC-GUR,Consultant,IT,Full-Time,2023-07-11,Target Population
EMP-06616,OFC-SIN,Principal,IT,Full-Time,2022-12-11,Target Population
EMP-06617,OFC-BOS,Consultant,Consulting,Full-Time,2026-09-16,Target Population
EMP-06618,OFC-LON,Analyst,IT,Full-Time,2026-05-15,Target Population
EMP-06619,OFC-BOS,Consultant,HR,Full-Time,2023-06-27,Target Population
EMP-06620,OFC-BOS,Analyst,Consulting,Full-Time,2022-12-10,Target Population
EMP-06621,OFC-SIN,Consultant,Consulting,Full-Time,2024-05-24,Target Population
EMP-06622,OFC-GUR,Principal,Digital Ventures,Full-Time,2026-03-22,Target Population
EMP-06623,OFC-GUR,Principal,Consulting,Full-Time,2022-12-01,Target Population
EMP-06624,OFC-BOS,Consultant,Finance,Full-Time,2025-06-04,Target Population
EMP-06625,OFC-GUR,Project Leader,Digital Ventures,Full-Time,2022-12-31,Target Population
EMP-06626,OFC-NYC,Consultant,IT,Full-Time,2026-07-27,Target Population
EMP-06627,OFC-NYC,Project Leader,Digital Ventures,Full-Time,2023-02-10,Target Population
EMP-06628,OFC-LON,Consultant,HR,Full-Time,2024-06-19,Target Population
EMP-06629,OFC-BOS,Project Leader,Consulting,Full-Time,2022-05-05,Target Population
EMP-06630,OFC-GUR,Consultant,Consulting,Full-Time,2026-07-04,Target Population
EMP-06631,OFC-LON,Principal,Operations,Full-Time,2026-04-19,Target Population
EMP-06632,OFC-BOS,Consultant,IT,Full-Time,2022-10-09,Target Population
EMP-06633,OFC-BOS,Analyst,HR,Full-Time,2023-05-02,Target Population
EMP-06634,OFC-BOS,Analyst,Operations,Full-Time,2024-06-19,Target Population
EMP-06635,OFC-BOS,Analyst,Operations,Full-Time,2023-01-02,Target Population
EMP-06636,OFC-LON,Consultant,Digital Ventures,Full-Time,2022-01-06,Target Population
EMP-06637,OFC-GUR,Principal,IT,Full-Time,2024-06-23,Target Population
EMP-06638,OFC-BOS,Partner,Finance,Full-Time,2025-04-15,Target Population
EMP-06639,OFC-BOS,Partner,Consulting,Full-Time,2025-04-06,Target Population
EMP-06640,OFC-LON,Partner,Digital Ventures,Full-Time,2024-05-06,Target Population
EMP-06641,OFC-GUR,Analyst,Finance,Full-Time,2025-07-14,Target Population
EMP-06642,OFC-NYC,Analyst,IT,Full-Time,2024-02-04,Target Population
EMP-06643,OFC-NYC,Principal,Operations,Full-Time,2023-01-22,Target Population
EMP-06644,OFC-LON,Analyst,IT,Full-Time,2023-05-13,Target Population
EMP-06645,OFC-NYC,Analyst,Finance,Full-Time,2022-09-03,Target Population
EMP-06646,OFC-BOS,Project Leader,Consulting,Full-Time,2022-11-19,Target Population
EMP-06647,OFC-GUR,Analyst,Operations,Full-Time,2023-05-03,Target Population
EMP-06648,OFC-LON,Analyst,Consulting,Full-Time,2021-12-27,Target Population
EMP-06649,OFC-LON,Consultant,HR,Full-Time,2024-01-14,Target Population
EMP-06650,OFC-GUR,Project Leader,HR,Full-Time,2026-08-03,Target Population
EMP-06651,OFC-GUR,Analyst,Finance,Full-Time,2023-09-24,Target Population
EMP-06652,OFC-BOS,Consultant,IT,Full-Time,2023-09-28,Target Population
EMP-06653,OFC-NYC,Consultant,Finance,Full-Time,2023-09-24,Target Population
EMP-06654,OFC-BOS,Analyst,Finance,Full-Time,2021-12-27,Target Population
EMP-06655,OFC-BOS,Consultant,Operations,Full-Time,2024-10-27,Target Population
EMP-06656,OFC-GUR,Consultant,Digital Ventures,Full-Time,2022-06-10,Target Population
EMP-06657,OFC-SIN,Consultant,Digital Ventures,Full-Time,2025-10-26,Target Population
EMP-06658,OFC-SIN,Consultant,IT,Full-Time,2022-11-27,Target Population
EMP-06659,OFC-LON,Consultant,Finance,Full-Time,2026-01-14,Target Population
EMP-06660,OFC-BOS,Consultant,Consulting,Full-Time,2025-10-02,Target Population
EMP-06661,OFC-BOS,Analyst,Finance,Full-Time,2024-12-11,Target Population
EMP-06662,OFC-GUR,Analyst,Digital Ventures,Full-Time,2023-05-01,Target Population
EMP-06663,OFC-LON,Analyst,Digital Ventures,Full-Time,2025-01-22,Target Population
EMP-06664,OFC-LON,Project Leader,Finance,Full-Time,2025-12-11,Target Population
EMP-06665,OFC-GUR,Principal,Consulting,Full-Time,2025-10-18,Target Population
EMP-06666,OFC-GUR,Principal,HR,Full-Time,2022-12-08,Target Population
EMP-06667,OFC-GUR,Analyst,HR,Full-Time,2023-02-27,Target Population
EMP-06668,OFC-BOS,Consultant,Consulting,Full-Time,2023-05-30,Target Population
EMP-06669,OFC-GUR,Managing Director,Operations,Full-Time,2023-09-10,Target Population
EMP-06670,OFC-SIN,Analyst,Consulting,Full-Time,2022-01-15,Target Population
EMP-06671,OFC-NYC,Consultant,Consulting,Full-Time,2025-03-29,Target Population
EMP-06672,OFC-LON,Analyst,Consulting,Full-Time,2021-11-22,Target Population
EMP-06673,OFC-NYC,Analyst,Operations,Full-Time,2024-01-23,Target Population
EMP-06674,OFC-SIN,Analyst,Consulting,Full-Time,2025-04-12,Target Population
EMP-06675,OFC-BOS,Analyst,Digital Ventures,Full-Time,2023-08-29,Target Population
EMP-06676,OFC-LON,Managing Director,Finance,Full-Time,2023-06-29,Target Population
EMP-06677,OFC-BOS,Analyst,Digital Ventures,Full-Time,2023-07-04,Target Population
EMP-06678,OFC-GUR,Analyst,HR,Full-Time,2022-04-30,Target Population
EMP-06679,OFC-BOS,Analyst,Finance,Full-Time,2023-04-10,Target Population
EMP-06680,OFC-BOS,Project Leader,Digital Ventures,Full-Time,2025-07-02,Target Population
EMP-06681,OFC-LON,Managing Director,Consulting,Full-Time,2025-12-07,Target Population
EMP-06682,OFC-SIN,Analyst,HR,Full-Time,2024-07-12,Target Population
EMP-06683,OFC-BOS,Analyst,HR,Full-Time,2025-08-28,Target Population
EMP-06684,OFC-BOS,Principal,IT,Full-Time,2023-11-12,Target Population
EMP-06685,OFC-GUR,Analyst,IT,Full-Time,2025-05-27,Target Population
EMP-06686,OFC-LON,Project Leader,Finance,Full-Time,2025-03-17,Target Population
EMP-06687,OFC-SIN,Project Leader,Operations,Full-Time,2022-02-13,Target Population
EMP-06688,OFC-BOS,Consultant,IT,Full-Time,2024-12-31,Target Population
EMP-06689,OFC-LON,Consultant,Consulting,Full-Time,2024-06-05,Target Population
EMP-06690,OFC-BOS,Consultant,HR,Full-Time,2025-02-12,Target Population
EMP-06691,OFC-BOS,Principal,Digital Ventures,Full-Time,2026-08-18,Target Population
EMP-06692,OFC-GUR,Project Leader,IT,Full-Time,2026-04-29,Target Population
EMP-06693,OFC-LON,Analyst,Finance,Full-Time,2026-03-26,Target Population
EMP-06694,OFC-GUR,Analyst,Digital Ventures,Full-Time,2022-02-03,Target Population
EMP-06695,OFC-NYC,Project Leader,IT,Full-Time,2026-03-12,Target Population
EMP-06696,OFC-NYC,Principal,Operations,Full-Time,2022-09-11,Target Population
EMP-06697,OFC-NYC,Analyst,Finance,Full-Time,2025-08-10,Target Population
EMP-06698,OFC-SIN,Project Leader,Operations,Full-Time,2025-08-26,Target Population
EMP-06699,OFC-NYC,Analyst,Finance,Full-Time,2022-02-15,Target Population
EMP-06700,OFC-NYC,Project Leader,HR,Full-Time,2023-11-09,Target Population
EMP-06701,OFC-NYC,Analyst,Finance,Full-Time,2026-03-06,Target Population
EMP-06702,OFC-LON,Consultant,Operations,Full-Time,2026-05-05,Target Population
EMP-06703,OFC-NYC,Partner,Operations,Full-Time,2025-02-17,Target Population
EMP-06704,OFC-SIN,Project Leader,Finance,Full-Time,2022-02-05,Target Population
EMP-06705,OFC-NYC,Analyst,HR,Full-Time,2026-07-05,Target Population
EMP-06706,OFC-SIN,Consultant,Operations,Full-Time,2025-01-22,Target Population
EMP-06707,OFC-BOS,Analyst,Consulting,Full-Time,2026-02-26,Target Population
EMP-06708,OFC-GUR,Project Leader,Operations,Full-Time,2022-03-09,Target Population
EMP-06709,OFC-SIN,Consultant,Digital Ventures,Full-Time,2023-05-19,Target Population
EMP-06710,OFC-BOS,Partner,IT,Full-Time,2024-03-29,Target Population
EMP-06711,OFC-SIN,Analyst,Operations,Full-Time,2025-07-03,Target Population
EMP-06712,OFC-LON,Analyst,Digital Ventures,Full-Time,2025-02-24,Target Population
EMP-06713,OFC-SIN,Analyst,Digital Ventures,Full-Time,2024-05-10,Target Population
EMP-06714,OFC-GUR,Analyst,Digital Ventures,Full-Time,2024-03-13,Target Population
EMP-06715,OFC-NYC,Project Leader,Operations,Full-Time,2025-09-09,Target Population
EMP-06716,OFC-BOS,Analyst,HR,Full-Time,2023-03-08,Target Population
EMP-06717,OFC-NYC,Principal,IT,Full-Time,2025-05-11,Target Population
EMP-06718,OFC-BOS,Consultant,Operations,Full-Time,2024-04-08,Target Population
EMP-06719,OFC-BOS,Project Leader,Operations,Full-Time,2022-03-25,Target Population
EMP-06720,OFC-BOS,Project Leader,Digital Ventures,Full-Time,2026-03-01,Target Population
EMP-06721,OFC-NYC,Consultant,Digital Ventures,Full-Time,2022-12-22,Target Population
EMP-06722,OFC-GUR,Principal,HR,Full-Time,2025-09-16,Target Population
EMP-06723,OFC-BOS,Consultant,Operations,Full-Time,2025-08-10,Target Population
EMP-06724,OFC-BOS,Principal,Finance,Full-Time,2022-07-14,Target Population
EMP-06725,OFC-LON,Consultant,Digital Ventures,Full-Time,2026-01-09,Target Population
EMP-06726,OFC-BOS,Partner,HR,Full-Time,2022-09-23,Target Population
EMP-06727,OFC-BOS,Consultant,HR,Full-Time,2023-04-18,Target Population
EMP-06728,OFC-BOS,Project Leader,Digital Ventures,Full-Time,2026-09-29,Target Population
EMP-06729,OFC-SIN,Consultant,Finance,Full-Time,2026-05-31,Target Population
EMP-06730,OFC-GUR,Project Leader,Operations,Full-Time,2022-12-01,Target Population
EMP-06731,OFC-NYC,Consultant,Digital Ventures,Full-Time,2025-02-09,Target Population
EMP-06732,OFC-GUR,Analyst,Consulting,Full-Time,2025-04-13,Target Population
EMP-06733,OFC-LON,Analyst,HR,Full-Time,2024-07-07,Target Population
EMP-06734,OFC-GUR,Analyst,IT,Full-Time,2025-08-07,Target Population
EMP-06735,OFC-GUR,Consultant,IT,Full-Time,2021-12-23,Target Population
EMP-06736,OFC-LON,Project Leader,Finance,Full-Time,2023-04-15,Target Population
EMP-06737,OFC-NYC,Analyst,IT,Full-Time,2025-08-16,Target Population
EMP-06738,OFC-BOS,Project Leader,Digital Ventures,Full-Time,2023-06-26,Target Population
EMP-06739,OFC-LON,Analyst,IT,Full-Time,2025-08-19,Target Population
EMP-06740,OFC-SIN,Consultant,Operations,Full-Time,2022-07-14,Target Population
EMP-06741,OFC-LON,Analyst,HR,Full-Time,2023-11-22,Target Population
EMP-06742,OFC-GUR,Principal,Consulting,Full-Time,2024-07-09,Target Population
EMP-06743,OFC-SIN,Consultant,Digital Ventures,Full-Time,2023-02-28,Target Population
EMP-06744,OFC-BOS,Analyst,Operations,Full-Time,2022-10-25,Target Population
EMP-06745,OFC-GUR,Analyst,Finance,Full-Time,2022-07-17,Target Population
EMP-06746,OFC-GUR,Consultant,HR,Full-Time,2022-09-26,Target Population
EMP-06747,OFC-SIN,Consultant,HR,Full-Time,2025-08-03,Target Population
EMP-06748,OFC-SIN,Managing Director,Finance,Full-Time,2024-11-07,Target Population
EMP-06749,OFC-GUR,Project Leader,Operations,Full-Time,2022-06-29,Target Population
EMP-06750,OFC-BOS,Analyst,Operations,Full-Time,2026-03-22,Target Population
EMP-06751,OFC-GUR,Analyst,Digital Ventures,Full-Time,2025-01-12,Target Population
EMP-06752,OFC-BOS,Partner,IT,Full-Time,2026-02-12,Target Population
EMP-06753,OFC-GUR,Project Leader,Consulting,Full-Time,2023-02-15,Target Population
EMP-06754,OFC-SIN,Consultant,Digital Ventures,Full-Time,2024-12-26,Target Population
EMP-06755,OFC-NYC,Analyst,Digital Ventures,Full-Time,2026-06-12,Target Population
EMP-06756,OFC-LON,Analyst,Finance,Full-Time,2025-01-01,Target Population
EMP-06757,OFC-NYC,Project Leader,IT,Full-Time,2022-02-20,Target Population
EMP-06758,OFC-NYC,Analyst,Operations,Full-Time,2023-03-21,Target Population
EMP-06759,OFC-NYC,Consultant,Finance,Full-Time,2024-08-13,Target Population
EMP-06760,OFC-GUR,Analyst,HR,Full-Time,2026-07-29,Target Population
EMP-06761,OFC-SIN,Project Leader,HR,Full-Time,2023-01-16,Target Population
EMP-06762,OFC-SIN,Project Leader,IT,Full-Time,2023-02-22,Target Population
EMP-06763,OFC-BOS,Analyst,Operations,Full-Time,2022-12-30,Target Population
EMP-06764,OFC-SIN,Consultant,Finance,Full-Time,2023-04-15,Target Population
EMP-06765,OFC-GUR,Consultant,Operations,Full-Time,2022-03-15,Target Population
EMP-06766,OFC-NYC,Consultant,Digital Ventures,Full-Time,2025-05-02,Target Population
EMP-06767,OFC-BOS,Analyst,Consulting,Full-Time,2024-05-21,Target Population
EMP-06768,OFC-NYC,Principal,Digital Ventures,Full-Time,2024-05-25,Target Population
EMP-06769,OFC-SIN,Analyst,HR,Full-Time,2025-07-24,Target Population
EMP-06770,OFC-LON,Principal,Operations,Full-Time,2024-03-22,Target Population
EMP-06771,OFC-GUR,Consultant,Operations,Full-Time,2023-04-21,Target Population
EMP-06772,OFC-NYC,Analyst,Digital Ventures,Full-Time,2022-10-07,Target Population
EMP-06773,OFC-GUR,Principal,Digital Ventures,Full-Time,2022-11-19,Target Population
EMP-06774,OFC-BOS,Analyst,IT,Full-Time,2023-06-29,Target Population
EMP-06775,OFC-NYC,Consultant,Operations,Full-Time,2021-10-17,Target Population
EMP-06776,OFC-LON,Managing Director,HR,Full-Time,2023-12-02,Target Population
EMP-06777,OFC-BOS,Consultant,IT,Full-Time,2021-11-13,Target Population
EMP-06778,OFC-GUR,Analyst,Operations,Full-Time,2025-08-31,Target Population
EMP-06779,OFC-BOS,Principal,HR,Full-Time,2025-12-31,Target Population
EMP-06780,OFC-GUR,Consultant,Finance,Full-Time,2026-01-03,Target Population
EMP-06781,OFC-NYC,Consultant,HR,Full-Time,2026-05-22,Target Population
EMP-06782,OFC-LON,Analyst,HR,Full-Time,2021-10-24,Target Population
EMP-06783,OFC-BOS,Consultant,IT,Full-Time,2025-12-18,Target Population
EMP-06784,OFC-BOS,Consultant,Consulting,Full-Time,2023-10-16,Target Population
EMP-06785,OFC-SIN,Analyst,IT,Full-Time,2023-08-11,Target Population
EMP-06786,OFC-NYC,Analyst,Digital Ventures,Full-Time,2025-10-23,Target Population
EMP-06787,OFC-GUR,Principal,Digital Ventures,Full-Time,2025-08-16,Target Population
EMP-06788,OFC-SIN,Project Leader,HR,Full-Time,2025-04-03,Target Population
EMP-06789,OFC-BOS,Consultant,IT,Full-Time,2025-07-10,Target Population
EMP-06790,OFC-NYC,Analyst,HR,Full-Time,2022-06-10,Target Population
EMP-06791,OFC-GUR,Project Leader,IT,Full-Time,2021-10-27,Target Population
EMP-06792,OFC-SIN,Analyst,Finance,Full-Time,2023-11-06,Target Population
EMP-06793,OFC-SIN,Partner,Finance,Full-Time,2026-06-03,Target Population
EMP-06794,OFC-LON,Analyst,Consulting,Full-Time,2024-02-18,Target Population
EMP-06795,OFC-GUR,Consultant,Consulting,Full-Time,2026-07-05,Target Population
EMP-06796,OFC-BOS,Consultant,IT,Full-Time,2023-07-14,Target Population
EMP-06797,OFC-SIN,Consultant,IT,Full-Time,2022-03-07,Target Population
EMP-06798,OFC-SIN,Analyst,Operations,Full-Time,2023-05-04,Target Population
EMP-06799,OFC-BOS,Principal,Operations,Full-Time,2023-01-10,Target Population
EMP-06800,OFC-NYC,Managing Director,Finance,Full-Time,2022-03-27,Target Population
EMP-06801,OFC-BOS,Analyst,HR,Full-Time,2024-09-25,Target Population
EMP-06802,OFC-NYC,Consultant,IT,Full-Time,2022-01-29,Target Population
EMP-06803,OFC-GUR,Consultant,Consulting,Full-Time,2023-01-01,Target Population
EMP-06804,OFC-NYC,Consultant,HR,Full-Time,2022-01-15,Target Population
EMP-06805,OFC-BOS,Project Leader,IT,Full-Time,2026-09-07,Target Population
EMP-06806,OFC-NYC,Analyst,Operations,Full-Time,2024-04-21,Target Population
EMP-06807,OFC-SIN,Analyst,Finance,Full-Time,2024-07-31,Target Population
EMP-06808,OFC-LON,Consultant,Finance,Full-Time,2022-07-06,Target Population
EMP-06809,OFC-NYC,Consultant,IT,Full-Time,2022-03-08,Target Population
EMP-06810,OFC-BOS,Consultant,Finance,Full-Time,2022-09-10,Target Population
EMP-06811,OFC-SIN,Consultant,HR,Full-Time,2025-04-24,Target Population
EMP-06812,OFC-GUR,Analyst,Operations,Full-Time,2023-04-13,Target Population
EMP-06813,OFC-NYC,Consultant,Finance,Full-Time,2023-02-20,Target Population
EMP-06814,OFC-BOS,Analyst,Finance,Full-Time,2024-03-08,Target Population
EMP-06815,OFC-BOS,Project Leader,Finance,Full-Time,2026-08-20,Target Population
EMP-06816,OFC-BOS,Analyst,Digital Ventures,Full-Time,2026-07-19,Target Population
EMP-06817,OFC-LON,Analyst,Digital Ventures,Full-Time,2023-04-11,Target Population
EMP-06818,OFC-SIN,Project Leader,Finance,Full-Time,2025-08-21,Target Population
EMP-06819,OFC-LON,Consultant,Operations,Full-Time,2026-09-09,Target Population
EMP-06820,OFC-GUR,Principal,HR,Full-Time,2024-10-30,Target Population
EMP-06821,OFC-NYC,Project Leader,Consulting,Full-Time,2022-01-26,Target Population
EMP-06822,OFC-GUR,Analyst,IT,Full-Time,2022-07-23,Target Population
EMP-06823,OFC-GUR,Consultant,Operations,Full-Time,2024-04-23,Target Population
EMP-06824,OFC-BOS,Project Leader,Consulting,Full-Time,2024-07-05,Target Population
EMP-06825,OFC-NYC,Consultant,IT,Full-Time,2024-11-25,Target Population
EMP-06826,OFC-LON,Consultant,Operations,Full-Time,2024-12-27,Target Population
EMP-06827,OFC-BOS,Consultant,Consulting,Full-Time,2022-05-05,Target Population
EMP-06828,OFC-NYC,Project Leader,HR,Full-Time,2025-05-26,Target Population
EMP-06829,OFC-LON,Analyst,Consulting,Full-Time,2026-06-13,Target Population
EMP-06830,OFC-SIN,Consultant,Finance,Full-Time,2022-04-26,Target Population
EMP-06831,OFC-LON,Consultant,Finance,Full-Time,2024-04-03,Target Population
EMP-06832,OFC-GUR,Analyst,Digital Ventures,Full-Time,2025-10-08,Target Population
EMP-06833,OFC-NYC,Project Leader,Consulting,Full-Time,2022-11-29,Target Population
EMP-06834,OFC-GUR,Analyst,HR,Full-Time,2022-10-21,Target Population
EMP-06835,OFC-LON,Partner,Consulting,Full-Time,2024-02-06,Target Population
EMP-06836,OFC-SIN,Analyst,IT,Full-Time,2024-07-25,Target Population
EMP-06837,OFC-NYC,Consultant,Consulting,Full-Time,2026-04-01,Target Population
EMP-06838,OFC-LON,Consultant,Finance,Full-Time,2025-04-14,Target Population
EMP-06839,OFC-LON,Analyst,IT,Full-Time,2026-03-25,Target Population
EMP-06840,OFC-NYC,Consultant,HR,Full-Time,2023-07-20,Target Population
EMP-06841,OFC-BOS,Consultant,Digital Ventures,Full-Time,2023-07-18,Target Population
EMP-06842,OFC-BOS,Managing Director,HR,Full-Time,2022-04-05,Target Population
EMP-06843,OFC-BOS,Analyst,Digital Ventures,Full-Time,2022-09-11,Target Population
EMP-06844,OFC-SIN,Analyst,IT,Full-Time,2026-08-17,Target Population
EMP-06845,OFC-BOS,Consultant,Digital Ventures,Full-Time,2026-04-07,Target Population
EMP-06846,OFC-BOS,Project Leader,Digital Ventures,Full-Time,2022-07-06,Target Population
EMP-06847,OFC-GUR,Analyst,HR,Full-Time,2025-11-17,Target Population
EMP-06848,OFC-NYC,Analyst,Digital Ventures,Full-Time,2024-03-17,Target Population
EMP-06849,OFC-LON,Analyst,Digital Ventures,Full-Time,2025-05-25,Target Population
EMP-06850,OFC-BOS,Consultant,HR,Full-Time,2024-06-16,Target Population
EMP-06851,OFC-SIN,Partner,Operations,Full-Time,2023-12-22,Target Population
EMP-06852,OFC-SIN,Analyst,IT,Full-Time,2026-03-27,Target Population
EMP-06853,OFC-SIN,Analyst,IT,Full-Time,2026-08-28,Target Population
EMP-06854,OFC-NYC,Project Leader,IT,Full-Time,2024-10-10,Target Population
EMP-06855,OFC-GUR,Consultant,Consulting,Full-Time,2022-11-14,Target Population
EMP-06856,OFC-BOS,Consultant,Operations,Full-Time,2026-07-21,Target Population
EMP-06857,OFC-BOS,Consultant,Finance,Full-Time,2025-12-27,Target Population
EMP-06858,OFC-BOS,Analyst,Finance,Full-Time,2026-03-09,Target Population
EMP-06859,OFC-LON,Consultant,Digital Ventures,Full-Time,2025-12-31,Target Population
EMP-06860,OFC-LON,Consultant,Operations,Full-Time,2025-12-15,Target Population
EMP-06861,OFC-LON,Project Leader,HR,Full-Time,2023-04-18,Target Population
EMP-06862,OFC-BOS,Analyst,Operations,Full-Time,2023-09-30,Target Population
EMP-06863,OFC-NYC,Analyst,HR,Full-Time,2024-03-27,Target Population
EMP-06864,OFC-GUR,Partner,Consulting,Full-Time,2023-05-31,Target Population
EMP-06865,OFC-NYC,Project Leader,Consulting,Full-Time,2021-10-11,Target Population
EMP-06866,OFC-GUR,Consultant,Consulting,Full-Time,2022-10-09,Target Population
EMP-06867,OFC-BOS,Consultant,Digital Ventures,Full-Time,2021-12-20,Target Population
EMP-06868,OFC-GUR,Consultant,IT,Full-Time,2025-09-20,Target Population
EMP-06869,OFC-LON,Consultant,HR,Full-Time,2022-10-08,Target Population
EMP-06870,OFC-BOS,Consultant,HR,Full-Time,2023-07-13,Target Population
EMP-06871,OFC-BOS,Analyst,HR,Full-Time,2025-04-17,Target Population
EMP-06872,OFC-LON,Principal,HR,Full-Time,2025-04-15,Target Population
EMP-06873,OFC-GUR,Consultant,Operations,Full-Time,2022-02-25,Target Population
EMP-06874,OFC-NYC,Analyst,IT,Full-Time,2024-08-09,Target Population
EMP-06875,OFC-NYC,Analyst,IT,Full-Time,2024-09-27,Target Population
EMP-06876,OFC-SIN,Principal,IT,Full-Time,2026-07-14,Target Population
EMP-06877,OFC-GUR,Analyst,Finance,Full-Time,2023-07-28,Target Population
EMP-06878,OFC-NYC,Principal,HR,Full-Time,2021-11-11,Target Population
EMP-06879,OFC-LON,Consultant,Finance,Full-Time,2023-06-24,Target Population
EMP-06880,OFC-BOS,Project Leader,Digital Ventures,Full-Time,2024-02-28,Target Population
EMP-06881,OFC-LON,Analyst,IT,Full-Time,2023-12-06,Target Population
EMP-06882,OFC-NYC,Consultant,IT,Full-Time,2022-05-05,Target Population
EMP-06883,OFC-SIN,Principal,IT,Full-Time,2024-05-20,Target Population
EMP-06884,OFC-LON,Consultant,Operations,Full-Time,2024-04-26,Target Population
EMP-06885,OFC-LON,Analyst,Operations,Full-Time,2026-01-28,Target Population
EMP-06886,OFC-LON,Analyst,Operations,Full-Time,2026-06-11,Target Population
EMP-06887,OFC-SIN,Consultant,Operations,Full-Time,2024-07-09,Target Population
EMP-06888,OFC-GUR,Analyst,HR,Full-Time,2021-10-26,Target Population
EMP-06889,OFC-LON,Project Leader,Finance,Full-Time,2022-09-25,Target Population
EMP-06890,OFC-GUR,Analyst,HR,Full-Time,2024-08-07,Target Population
EMP-06891,OFC-LON,Consultant,Consulting,Full-Time,2024-09-01,Target Population
EMP-06892,OFC-LON,Analyst,Operations,Full-Time,2025-02-18,Target Population
EMP-06893,OFC-BOS,Consultant,HR,Full-Time,2026-08-09,Target Population
EMP-06894,OFC-LON,Consultant,HR,Full-Time,2022-01-05,Target Population
EMP-06895,OFC-BOS,Analyst,Operations,Full-Time,2023-04-05,Target Population
EMP-06896,OFC-SIN,Analyst,Consulting,Full-Time,2023-06-01,Target Population
EMP-06897,OFC-NYC,Analyst,HR,Full-Time,2024-07-29,Target Population
EMP-06898,OFC-SIN,Principal,Finance,Full-Time,2024-08-21,Target Population
EMP-06899,OFC-LON,Project Leader,Finance,Full-Time,2025-11-03,Target Population
EMP-06900,OFC-LON,Consultant,Finance,Full-Time,2025-10-20,Target Population
EMP-06901,OFC-LON,Analyst,HR,Full-Time,2022-01-25,Target Population
EMP-06902,OFC-BOS,Partner,Operations,Full-Time,2022-12-02,Target Population
EMP-06903,OFC-NYC,Project Leader,Digital Ventures,Full-Time,2025-11-10,Target Population
EMP-06904,OFC-BOS,Analyst,Operations,Full-Time,2023-02-01,Target Population
EMP-06905,OFC-LON,Project Leader,Digital Ventures,Full-Time,2025-09-07,Target Population
EMP-06906,OFC-NYC,Project Leader,HR,Full-Time,2026-05-02,Target Population
EMP-06907,OFC-GUR,Consultant,IT,Full-Time,2024-08-13,Target Population
EMP-06908,OFC-BOS,Analyst,Digital Ventures,Full-Time,2025-09-12,Target Population
EMP-06909,OFC-BOS,Project Leader,IT,Full-Time,2025-04-15,Target Population
EMP-06910,OFC-NYC,Consultant,Operations,Full-Time,2022-03-30,Target Population
EMP-06911,OFC-SIN,Project Leader,Operations,Full-Time,2026-03-13,Target Population
EMP-06912,OFC-GUR,Analyst,Consulting,Full-Time,2024-04-24,Target Population
EMP-06913,OFC-NYC,Partner,Operations,Full-Time,2026-07-28,Target Population
EMP-06914,OFC-LON,Consultant,Consulting,Full-Time,2024-06-13,Target Population
EMP-06915,OFC-BOS,Analyst,Digital Ventures,Full-Time,2026-06-27,Target Population
EMP-06916,OFC-SIN,Consultant,Operations,Full-Time,2026-04-28,Target Population
EMP-06917,OFC-GUR,Analyst,IT,Full-Time,2021-12-04,Target Population
EMP-06918,OFC-NYC,Analyst,Digital Ventures,Full-Time,2023-07-16,Target Population
EMP-06919,OFC-LON,Analyst,Consulting,Full-Time,2026-09-04,Target Population
EMP-06920,OFC-BOS,Principal,Finance,Full-Time,2024-08-02,Target Population
EMP-06921,OFC-SIN,Analyst,IT,Full-Time,2024-10-09,Target Population
EMP-06922,OFC-BOS,Partner,Finance,Full-Time,2022-04-30,Target Population
EMP-06923,OFC-LON,Consultant,Consulting,Full-Time,2023-01-13,Target Population
EMP-06924,OFC-BOS,Analyst,Digital Ventures,Full-Time,2024-02-25,Target Population
EMP-06925,OFC-GUR,Project Leader,Finance,Full-Time,2022-01-11,Target Population
EMP-06926,OFC-GUR,Analyst,Digital Ventures,Full-Time,2024-08-25,Target Population
EMP-06927,OFC-GUR,Consultant,HR,Full-Time,2024-12-15,Target Population
EMP-06928,OFC-LON,Analyst,IT,Full-Time,2026-04-23,Target Population
EMP-06929,OFC-SIN,Consultant,Operations,Full-Time,2023-03-06,Target Population
EMP-06930,OFC-BOS,Analyst,Consulting,Full-Time,2026-08-15,Target Population
EMP-06931,OFC-NYC,Consultant,Consulting,Full-Time,2025-01-29,Target Population
EMP-06932,OFC-BOS,Analyst,Finance,Full-Time,2023-05-12,Target Population
EMP-06933,OFC-SIN,Analyst,Operations,Full-Time,2022-10-05,Target Population
EMP-06934,OFC-NYC,Analyst,Finance,Full-Time,2024-05-21,Target Population
EMP-06935,OFC-GUR,Analyst,Consulting,Full-Time,2024-06-10,Target Population
EMP-06936,OFC-GUR,Consultant,Operations,Full-Time,2022-01-13,Target Population
EMP-06937,OFC-BOS,Project Leader,Operations,Full-Time,2024-01-28,Target Population
EMP-06938,OFC-BOS,Consultant,Finance,Full-Time,2025-04-14,Target Population
EMP-06939,OFC-NYC,Principal,HR,Full-Time,2022-07-03,Target Population
EMP-06940,OFC-NYC,Partner,Operations,Full-Time,2025-12-29,Target Population
EMP-06941,OFC-BOS,Analyst,Consulting,Full-Time,2023-10-15,Target Population
EMP-06942,OFC-BOS,Analyst,Operations,Full-Time,2024-12-04,Target Population
EMP-06943,OFC-SIN,Project Leader,Operations,Full-Time,2025-08-11,Target Population
EMP-06944,OFC-SIN,Partner,Digital Ventures,Full-Time,2024-05-04,Target Population
EMP-06945,OFC-NYC,Principal,IT,Full-Time,2023-08-09,Target Population
EMP-06946,OFC-NYC,Consultant,Digital Ventures,Full-Time,2026-03-26,Target Population
EMP-06947,OFC-BOS,Analyst,IT,Full-Time,2024-05-03,Target Population
EMP-06948,OFC-GUR,Managing Director,Finance,Full-Time,2023-04-03,Target Population
EMP-06949,OFC-GUR,Analyst,Finance,Full-Time,2022-09-20,Target Population
EMP-06950,OFC-BOS,Consultant,HR,Full-Time,2024-12-12,Target Population
EMP-06951,OFC-BOS,Analyst,HR,Full-Time,2022-01-31,Target Population
EMP-06952,OFC-GUR,Consultant,Operations,Full-Time,2023-06-26,Target Population
EMP-06953,OFC-LON,Project Leader,Consulting,Full-Time,2022-07-21,Target Population
EMP-06954,OFC-BOS,Consultant,Consulting,Full-Time,2025-07-16,Target Population
EMP-06955,OFC-LON,Project Leader,Consulting,Full-Time,2026-01-26,Target Population
EMP-06956,OFC-NYC,Project Leader,HR,Full-Time,2021-12-23,Target Population
EMP-06957,OFC-NYC,Consultant,HR,Full-Time,2025-11-14,Target Population
EMP-06958,OFC-GUR,Analyst,IT,Full-Time,2026-01-07,Target Population
EMP-06959,OFC-GUR,Analyst,IT,Full-Time,2023-01-28,Target Population
EMP-06960,OFC-NYC,Partner,HR,Full-Time,2023-05-20,Target Population
EMP-06961,OFC-SIN,Managing Director,Operations,Full-Time,2024-08-28,Target Population
EMP-06962,OFC-NYC,Project Leader,HR,Full-Time,2025-11-17,Target Population
EMP-06963,OFC-GUR,Analyst,Finance,Full-Time,2026-03-21,Target Population
EMP-06964,OFC-LON,Project Leader,Operations,Full-Time,2024-05-28,Target Population
EMP-06965,OFC-SIN,Analyst,Operations,Full-Time,2024-07-20,Target Population
EMP-06966,OFC-SIN,Consultant,HR,Full-Time,2022-12-26,Target Population
EMP-06967,OFC-BOS,Project Leader,Operations,Full-Time,2022-08-08,Target Population
EMP-06968,OFC-SIN,Partner,Digital Ventures,Full-Time,2026-02-26,Target Population
EMP-06969,OFC-GUR,Analyst,Finance,Full-Time,2022-11-23,Target Population
EMP-06970,OFC-GUR,Analyst,Consulting,Full-Time,2023-07-06,Target Population
EMP-06971,OFC-BOS,Principal,Finance,Full-Time,2022-01-28,Target Population
EMP-06972,OFC-GUR,Project Leader,Finance,Full-Time,2025-09-03,Target Population
EMP-06973,OFC-SIN,Project Leader,HR,Full-Time,2025-01-23,Target Population
EMP-06974,OFC-NYC,Principal,Finance,Full-Time,2026-03-17,Target Population
EMP-06975,OFC-SIN,Partner,IT,Full-Time,2022-10-01,Target Population
EMP-06976,OFC-BOS,Analyst,Finance,Full-Time,2021-10-19,Target Population
EMP-06977,OFC-BOS,Project Leader,HR,Full-Time,2024-05-30,Target Population
EMP-06978,OFC-LON,Project Leader,Operations,Full-Time,2022-02-20,Target Population
EMP-06979,OFC-LON,Principal,Consulting,Full-Time,2022-07-04,Target Population
EMP-06980,OFC-LON,Partner,IT,Full-Time,2024-08-07,Target Population
EMP-06981,OFC-BOS,Analyst,Operations,Full-Time,2025-09-26,Target Population
EMP-06982,OFC-SIN,Analyst,Finance,Full-Time,2022-02-27,Target Population
EMP-06983,OFC-BOS,Analyst,Finance,Full-Time,2022-08-23,Target Population
EMP-06984,OFC-BOS,Project Leader,Finance,Full-Time,2026-03-12,Target Population
EMP-06985,OFC-BOS,Principal,Operations,Full-Time,2024-06-03,Target Population
EMP-06986,OFC-LON,Consultant,Operations,Full-Time,2021-12-15,Target Population
EMP-06987,OFC-SIN,Project Leader,IT,Full-Time,2026-09-05,Target Population
EMP-06988,OFC-GUR,Analyst,HR,Full-Time,2024-06-02,Target Population
EMP-06989,OFC-GUR,Analyst,Digital Ventures,Full-Time,2023-07-20,Target Population
EMP-06990,OFC-BOS,Analyst,IT,Full-Time,2024-06-29,Target Population
EMP-06991,OFC-LON,Analyst,HR,Full-Time,2023-06-22,Target Population
EMP-06992,OFC-LON,Analyst,Consulting,Full-Time,2023-05-28,Target Population
EMP-06993,OFC-LON,Principal,Operations,Full-Time,2024-03-15,Target Population
EMP-06994,OFC-BOS,Managing Director,Digital Ventures,Full-Time,2024-02-13,Target Population
EMP-06995,OFC-GUR,Analyst,Consulting,Full-Time,2026-04-17,Target Population
EMP-06996,OFC-LON,Analyst,Digital Ventures,Full-Time,2024-06-24,Target Population
EMP-06997,OFC-GUR,Analyst,Digital Ventures,Full-Time,2025-07-08,Target Population
EMP-06998,OFC-LON,Analyst,IT,Full-Time,2022-10-07,Target Population
EMP-06999,OFC-BOS,Consultant,Consulting,Full-Time,2024-02-01,Target Population
EMP-07000,OFC-LON,Analyst,Consulting,Full-Time,2023-01-13,Target Population
EMP-07001,OFC-BOS,Analyst,IT,Full-Time,2023-02-08,Target Population
EMP-07002,OFC-SIN,Analyst,Digital Ventures,Full-Time,2024-02-04,Target Population
EMP-07003,OFC-LON,Consultant,Consulting,Full-Time,2022-09-27,Target Population
EMP-07004,OFC-BOS,Analyst,Digital Ventures,Full-Time,2021-11-23,Target Population
EMP-07005,OFC-SIN,Project Leader,IT,Full-Time,2026-07-11,Target Population
EMP-07006,OFC-LON,Analyst,IT,Full-Time,2026-02-20,Target Population
EMP-07007,OFC-BOS,Consultant,Finance,Full-Time,2022-08-21,Target Population
EMP-07008,OFC-LON,Analyst,HR,Full-Time,2023-07-10,Target Population
EMP-07009,OFC-NYC,Managing Director,IT,Full-Time,2026-05-19,Target Population
EMP-07010,OFC-GUR,Analyst,Consulting,Full-Time,2024-09-29,Target Population
EMP-07011,OFC-GUR,Principal,Consulting,Full-Time,2026-06-09,Target Population
EMP-07012,OFC-SIN,Analyst,Consulting,Full-Time,2024-06-22,Target Population
EMP-07013,OFC-LON,Consultant,Finance,Full-Time,2024-01-27,Target Population
EMP-07014,OFC-LON,Project Leader,Finance,Full-Time,2022-12-20,Target Population
EMP-07015,OFC-GUR,Project Leader,Operations,Full-Time,2024-03-05,Target Population
EMP-07016,OFC-BOS,Consultant,Finance,Full-Time,2026-08-25,Target Population
EMP-07017,OFC-LON,Project Leader,Digital Ventures,Full-Time,2023-11-06,Target Population
EMP-07018,OFC-LON,Analyst,Consulting,Full-Time,2023-03-23,Target Population
EMP-07019,OFC-BOS,Managing Director,HR,Full-Time,2022-05-16,Target Population
EMP-07020,OFC-NYC,Project Leader,Digital Ventures,Full-Time,2024-05-31,Target Population
EMP-07021,OFC-SIN,Analyst,Finance,Full-Time,2024-08-24,Target Population
EMP-07022,OFC-SIN,Partner,HR,Full-Time,2026-05-13,Target Population
EMP-07023,OFC-BOS,Project Leader,HR,Full-Time,2025-07-16,Target Population
EMP-07024,OFC-BOS,Consultant,HR,Full-Time,2022-03-13,Target Population
EMP-07025,OFC-NYC,Consultant,Operations,Full-Time,2022-11-15,Target Population
EMP-07026,OFC-SIN,Analyst,IT,Full-Time,2022-01-05,Target Population
EMP-07027,OFC-BOS,Project Leader,HR,Full-Time,2025-10-08,Target Population
EMP-07028,OFC-GUR,Project Leader,Digital Ventures,Full-Time,2022-03-12,Target Population
EMP-07029,OFC-BOS,Analyst,Finance,Full-Time,2022-09-01,Target Population
EMP-07030,OFC-LON,Project Leader,Operations,Full-Time,2025-01-10,Target Population
EMP-07031,OFC-NYC,Analyst,IT,Full-Time,2022-03-23,Target Population
EMP-07032,OFC-GUR,Consultant,HR,Full-Time,2022-07-01,Target Population
EMP-07033,OFC-BOS,Project Leader,IT,Full-Time,2025-05-23,Target Population
EMP-07034,OFC-LON,Analyst,Digital Ventures,Full-Time,2025-02-05,Target Population
EMP-07035,OFC-BOS,Analyst,HR,Full-Time,2023-04-16,Target Population
EMP-07036,OFC-GUR,Consultant,Finance,Full-Time,2025-07-23,Target Population
EMP-07037,OFC-SIN,Partner,Digital Ventures,Full-Time,2024-10-15,Target Population
EMP-07038,OFC-BOS,Project Leader,Finance,Full-Time,2024-06-03,Target Population
EMP-07039,OFC-SIN,Consultant,IT,Full-Time,2024-08-04,Target Population
EMP-07040,OFC-LON,Consultant,Digital Ventures,Full-Time,2023-06-14,Target Population
EMP-07041,OFC-BOS,Consultant,Consulting,Full-Time,2026-04-21,Target Population
EMP-07042,OFC-NYC,Principal,Digital Ventures,Full-Time,2022-06-08,Target Population
EMP-07043,OFC-BOS,Project Leader,Digital Ventures,Full-Time,2025-09-22,Target Population
EMP-07044,OFC-GUR,Consultant,Consulting,Full-Time,2026-08-06,Target Population
EMP-07045,OFC-GUR,Consultant,Digital Ventures,Full-Time,2022-11-20,Target Population
EMP-07046,OFC-BOS,Principal,Consulting,Full-Time,2022-07-22,Target Population
EMP-07047,OFC-LON,Principal,Consulting,Full-Time,2025-09-30,Target Population
EMP-07048,OFC-GUR,Principal,Operations,Full-Time,2022-08-05,Target Population
EMP-07049,OFC-SIN,Analyst,Operations,Full-Time,2025-08-22,Target Population
EMP-07050,OFC-LON,Project Leader,IT,Full-Time,2024-05-28,Target Population
EMP-07051,OFC-SIN,Consultant,HR,Full-Time,2025-09-21,Target Population
EMP-07052,OFC-LON,Consultant,Operations,Full-Time,2025-10-07,Target Population
EMP-07053,OFC-NYC,Project Leader,Operations,Full-Time,2023-09-26,Target Population
EMP-07054,OFC-GUR,Consultant,Consulting,Full-Time,2023-09-02,Target Population
EMP-07055,OFC-LON,Partner,Finance,Full-Time,2022-12-27,Target Population
EMP-07056,OFC-LON,Analyst,HR,Full-Time,2023-12-17,Target Population
EMP-07057,OFC-LON,Consultant,HR,Full-Time,2024-11-09,Target Population
EMP-07058,OFC-GUR,Consultant,Operations,Full-Time,2025-02-06,Target Population
EMP-07059,OFC-GUR,Consultant,Finance,Full-Time,2023-04-29,Target Population
EMP-07060,OFC-NYC,Partner,Operations,Full-Time,2024-07-29,Target Population
EMP-07061,OFC-NYC,Analyst,Digital Ventures,Full-Time,2024-07-11,Target Population
EMP-07062,OFC-LON,Analyst,IT,Full-Time,2025-08-15,Target Population
EMP-07063,OFC-LON,Analyst,Consulting,Full-Time,2025-11-29,Target Population
EMP-07064,OFC-BOS,Consultant,Finance,Full-Time,2022-01-09,Target Population
EMP-07065,OFC-GUR,Analyst,HR,Full-Time,2022-04-28,Target Population
EMP-07066,OFC-LON,Principal,Consulting,Full-Time,2025-10-22,Target Population
EMP-07067,OFC-NYC,Principal,Digital Ventures,Full-Time,2022-09-22,Target Population
EMP-07068,OFC-BOS,Project Leader,Finance,Full-Time,2024-10-02,Target Population
EMP-07069,OFC-BOS,Analyst,Digital Ventures,Full-Time,2025-11-02,Target Population
EMP-07070,OFC-SIN,Partner,Digital Ventures,Full-Time,2025-09-09,Target Population
EMP-07071,OFC-NYC,Consultant,Digital Ventures,Full-Time,2023-03-21,Target Population
EMP-07072,OFC-BOS,Consultant,Operations,Full-Time,2024-03-01,Target Population
EMP-07073,OFC-LON,Analyst,IT,Full-Time,2024-09-24,Target Population
EMP-07074,OFC-NYC,Principal,Finance,Full-Time,2026-08-27,Target Population
EMP-07075,OFC-BOS,Analyst,Operations,Full-Time,2022-11-06,Target Population
EMP-07076,OFC-NYC,Consultant,Operations,Full-Time,2026-02-01,Target Population
EMP-07077,OFC-LON,Analyst,Digital Ventures,Full-Time,2022-08-22,Target Population
EMP-07078,OFC-LON,Partner,IT,Full-Time,2025-03-20,Target Population
EMP-07079,OFC-NYC,Partner,Operations,Full-Time,2022-09-04,Target Population
EMP-07080,OFC-NYC,Consultant,HR,Full-Time,2024-07-15,Target Population
EMP-07081,OFC-SIN,Consultant,Finance,Full-Time,2026-06-30,Target Population
EMP-07082,OFC-NYC,Consultant,HR,Full-Time,2022-05-15,Target Population
EMP-07083,OFC-NYC,Principal,Operations,Full-Time,2024-05-02,Target Population
EMP-07084,OFC-BOS,Analyst,Digital Ventures,Full-Time,2026-04-19,Target Population
EMP-07085,OFC-LON,Managing Director,HR,Full-Time,2025-09-08,Target Population
EMP-07086,OFC-GUR,Analyst,IT,Full-Time,2025-03-05,Target Population
EMP-07087,OFC-BOS,Analyst,Operations,Full-Time,2025-04-13,Target Population
EMP-07088,OFC-GUR,Analyst,Operations,Full-Time,2023-10-18,Target Population
EMP-07089,OFC-BOS,Analyst,Operations,Full-Time,2023-11-03,Target Population
EMP-07090,OFC-NYC,Consultant,IT,Full-Time,2026-06-05,Target Population
EMP-07091,OFC-GUR,Project Leader,Finance,Full-Time,2023-02-13,Target Population
EMP-07092,OFC-NYC,Managing Director,Digital Ventures,Full-Time,2025-11-13,Target Population
EMP-07093,OFC-LON,Principal,Operations,Full-Time,2025-01-11,Target Population
EMP-07094,OFC-BOS,Analyst,HR,Full-Time,2022-04-30,Target Population
EMP-07095,OFC-GUR,Project Leader,HR,Full-Time,2024-08-30,Target Population
EMP-07096,OFC-BOS,Project Leader,Consulting,Full-Time,2023-07-15,Target Population
EMP-07097,OFC-SIN,Analyst,IT,Full-Time,2025-06-07,Target Population
EMP-07098,OFC-BOS,Analyst,Operations,Full-Time,2025-06-20,Target Population
EMP-07099,OFC-SIN,Principal,Digital Ventures,Full-Time,2026-08-04,Target Population
EMP-07100,OFC-NYC,Analyst,Operations,Full-Time,2024-09-04,Target Population
EMP-07101,OFC-GUR,Partner,Operations,Full-Time,2026-05-25,Target Population
EMP-07102,OFC-NYC,Consultant,Operations,Full-Time,2023-10-10,Target Population
EMP-07103,OFC-SIN,Consultant,Operations,Full-Time,2023-03-28,Target Population
EMP-07104,OFC-BOS,Consultant,Operations,Full-Time,2022-06-06,Target Population
EMP-07105,OFC-BOS,Project Leader,Operations,Full-Time,2026-08-25,Target Population
EMP-07106,OFC-LON,Principal,Operations,Full-Time,2025-11-26,Target Population
EMP-07107,OFC-BOS,Analyst,Operations,Full-Time,2022-09-27,Target Population
EMP-07108,OFC-BOS,Analyst,Digital Ventures,Full-Time,2025-09-14,Target Population
EMP-07109,OFC-SIN,Analyst,Digital Ventures,Full-Time,2024-07-13,Target Population
EMP-07110,OFC-SIN,Principal,Operations,Full-Time,2026-06-27,Target Population
EMP-07111,OFC-NYC,Project Leader,IT,Full-Time,2022-08-06,Target Population
EMP-07112,OFC-SIN,Project Leader,Operations,Full-Time,2025-07-21,Target Population
EMP-07113,OFC-LON,Analyst,HR,Full-Time,2023-04-07,Target Population
EMP-07114,OFC-NYC,Partner,IT,Full-Time,2024-05-21,Target Population
EMP-07115,OFC-GUR,Principal,Finance,Full-Time,2025-03-20,Target Population
EMP-07116,OFC-GUR,Consultant,Finance,Full-Time,2022-05-11,Target Population
EMP-07117,OFC-SIN,Analyst,IT,Full-Time,2022-09-09,Target Population
EMP-07118,OFC-NYC,Consultant,Finance,Full-Time,2024-12-27,Target Population
EMP-07119,OFC-GUR,Consultant,HR,Full-Time,2024-07-20,Target Population
EMP-07120,OFC-BOS,Analyst,Digital Ventures,Full-Time,2025-12-20,Target Population
EMP-07121,OFC-BOS,Project Leader,Operations,Full-Time,2022-04-16,Target Population
EMP-07122,OFC-BOS,Analyst,Operations,Full-Time,2022-07-15,Target Population
EMP-07123,OFC-SIN,Principal,HR,Full-Time,2023-08-14,Target Population
EMP-07124,OFC-GUR,Partner,Finance,Full-Time,2022-12-12,Target Population
EMP-07125,OFC-GUR,Analyst,Digital Ventures,Full-Time,2026-09-15,Target Population
EMP-07126,OFC-LON,Analyst,Digital Ventures,Full-Time,2021-10-07,Target Population
EMP-07127,OFC-NYC,Consultant,HR,Full-Time,2023-01-05,Target Population
EMP-07128,OFC-BOS,Analyst,HR,Full-Time,2023-01-13,Target Population
EMP-07129,OFC-NYC,Analyst,IT,Full-Time,2025-08-14,Target Population
EMP-07130,OFC-NYC,Analyst,Consulting,Full-Time,2026-04-14,Target Population
EMP-07131,OFC-GUR,Principal,Finance,Full-Time,2024-03-30,Target Population
EMP-07132,OFC-LON,Analyst,Finance,Full-Time,2025-01-30,Target Population
EMP-07133,OFC-BOS,Analyst,Finance,Full-Time,2026-09-06,Target Population
EMP-07134,OFC-BOS,Consultant,HR,Full-Time,2025-07-27,Target Population
EMP-07135,OFC-BOS,Analyst,Operations,Full-Time,2023-06-06,Target Population
EMP-07136,OFC-NYC,Consultant,HR,Full-Time,2023-07-07,Target Population
EMP-07137,OFC-SIN,Consultant,Digital Ventures,Full-Time,2024-06-16,Target Population
EMP-07138,OFC-LON,Principal,Consulting,Full-Time,2024-04-25,Target Population
EMP-07139,OFC-GUR,Partner,IT,Full-Time,2026-08-13,Target Population
EMP-07140,OFC-LON,Principal,Operations,Full-Time,2024-05-10,Target Population
EMP-07141,OFC-NYC,Consultant,Consulting,Full-Time,2025-06-18,Target Population
EMP-07142,OFC-BOS,Consultant,HR,Full-Time,2024-09-10,Target Population
EMP-07143,OFC-SIN,Analyst,Finance,Full-Time,2022-07-11,Target Population
EMP-07144,OFC-GUR,Project Leader,HR,Full-Time,2026-09-21,Target Population
EMP-07145,OFC-BOS,Managing Director,Digital Ventures,Full-Time,2021-11-01,Target Population
EMP-07146,OFC-LON,Analyst,HR,Full-Time,2026-02-08,Target Population
EMP-07147,OFC-LON,Analyst,HR,Full-Time,2025-03-15,Target Population
EMP-07148,OFC-LON,Principal,IT,Full-Time,2022-11-07,Target Population
EMP-07149,OFC-SIN,Analyst,Digital Ventures,Full-Time,2024-04-07,Target Population
EMP-07150,OFC-LON,Consultant,Operations,Full-Time,2022-04-18,Target Population
EMP-07151,OFC-LON,Project Leader,Operations,Full-Time,2024-11-27,Target Population
EMP-07152,OFC-BOS,Principal,Operations,Full-Time,2026-06-08,Target Population
EMP-07153,OFC-BOS,Analyst,HR,Full-Time,2022-03-21,Target Population
EMP-07154,OFC-BOS,Consultant,HR,Full-Time,2021-10-09,Target Population
EMP-07155,OFC-BOS,Principal,HR,Full-Time,2026-07-12,Target Population
EMP-07156,OFC-GUR,Principal,Digital Ventures,Full-Time,2024-10-27,Target Population
EMP-07157,OFC-GUR,Partner,Consulting,Full-Time,2022-09-12,Target Population
EMP-07158,OFC-BOS,Analyst,Operations,Full-Time,2024-03-01,Target Population
EMP-07159,OFC-GUR,Consultant,Finance,Full-Time,2022-01-11,Target Population
EMP-07160,OFC-BOS,Analyst,Operations,Full-Time,2023-10-07,Target Population
EMP-07161,OFC-NYC,Principal,HR,Full-Time,2025-06-09,Target Population
EMP-07162,OFC-BOS,Managing Director,Finance,Full-Time,2025-02-12,Target Population
EMP-07163,OFC-NYC,Analyst,IT,Full-Time,2024-06-21,Target Population
EMP-07164,OFC-NYC,Consultant,Digital Ventures,Full-Time,2025-01-08,Target Population
EMP-07165,OFC-LON,Consultant,Consulting,Full-Time,2025-03-21,Target Population
EMP-07166,OFC-NYC,Principal,Digital Ventures,Full-Time,2025-01-04,Target Population
EMP-07167,OFC-SIN,Analyst,Finance,Full-Time,2025-06-20,Target Population
EMP-07168,OFC-BOS,Partner,Operations,Full-Time,2026-05-27,Target Population
EMP-07169,OFC-BOS,Consultant,IT,Full-Time,2023-07-25,Target Population
EMP-07170,OFC-BOS,Project Leader,Consulting,Full-Time,2023-03-29,Target Population
EMP-07171,OFC-LON,Managing Director,Consulting,Full-Time,2025-10-21,Target Population
EMP-07172,OFC-BOS,Consultant,IT,Full-Time,2022-12-13,Target Population
EMP-07173,OFC-GUR,Project Leader,Finance,Full-Time,2023-05-14,Target Population
EMP-07174,OFC-LON,Analyst,HR,Full-Time,2026-06-28,Target Population
EMP-07175,OFC-LON,Consultant,Finance,Full-Time,2025-01-13,Target Population
EMP-07176,OFC-LON,Project Leader,IT,Full-Time,2024-10-30,Target Population
EMP-07177,OFC-BOS,Analyst,Operations,Full-Time,2025-04-25,Target Population
EMP-07178,OFC-BOS,Project Leader,Digital Ventures,Full-Time,2023-01-29,Target Population
EMP-07179,OFC-NYC,Consultant,Operations,Full-Time,2024-03-21,Target Population
EMP-07180,OFC-LON,Analyst,HR,Full-Time,2022-11-01,Target Population
EMP-07181,OFC-BOS,Project Leader,Operations,Full-Time,2022-11-28,Target Population
EMP-07182,OFC-BOS,Consultant,Consulting,Full-Time,2021-11-12,Target Population
EMP-07183,OFC-SIN,Partner,Digital Ventures,Full-Time,2022-05-17,Target Population
EMP-07184,OFC-BOS,Partner,Finance,Full-Time,2021-11-24,Target Population
EMP-07185,OFC-GUR,Consultant,Digital Ventures,Full-Time,2022-12-28,Target Population
EMP-07186,OFC-GUR,Consultant,Consulting,Full-Time,2025-11-27,Target Population
EMP-07187,OFC-NYC,Analyst,Operations,Full-Time,2025-06-24,Target Population
EMP-07188,OFC-BOS,Consultant,Digital Ventures,Full-Time,2022-12-02,Target Population
EMP-07189,OFC-BOS,Principal,HR,Full-Time,2022-06-27,Target Population
EMP-07190,OFC-GUR,Analyst,IT,Full-Time,2022-12-07,Target Population
EMP-07191,OFC-LON,Analyst,IT,Full-Time,2025-04-21,Target Population
EMP-07192,OFC-GUR,Principal,HR,Full-Time,2025-08-23,Target Population
EMP-07193,OFC-SIN,Analyst,Finance,Full-Time,2025-05-21,Target Population
EMP-07194,OFC-GUR,Consultant,HR,Full-Time,2023-04-18,Target Population
EMP-07195,OFC-BOS,Analyst,Operations,Full-Time,2025-08-18,Target Population
EMP-07196,OFC-BOS,Partner,Consulting,Full-Time,2026-02-05,Target Population
EMP-07197,OFC-GUR,Managing Director,Finance,Full-Time,2025-05-16,Target Population
EMP-07198,OFC-BOS,Principal,Digital Ventures,Full-Time,2026-06-18,Target Population
EMP-07199,OFC-BOS,Partner,IT,Full-Time,2025-08-05,Target Population
EMP-07200,OFC-GUR,Analyst,IT,Full-Time,2025-01-14,Target Population
EMP-07201,OFC-NYC,Consultant,IT,Full-Time,2024-10-14,Target Population
EMP-07202,OFC-SIN,Project Leader,Finance,Full-Time,2023-09-08,Target Population
EMP-07203,OFC-GUR,Project Leader,HR,Full-Time,2023-05-07,Target Population
EMP-07204,OFC-BOS,Analyst,HR,Full-Time,2025-05-18,Target Population
EMP-07205,OFC-SIN,Consultant,Finance,Full-Time,2021-10-30,Target Population
EMP-07206,OFC-NYC,Analyst,Digital Ventures,Full-Time,2026-09-06,Target Population
EMP-07207,OFC-NYC,Principal,Digital Ventures,Full-Time,2026-01-01,Target Population
EMP-07208,OFC-NYC,Partner,Operations,Full-Time,2023-10-12,Target Population
EMP-07209,OFC-BOS,Analyst,Finance,Full-Time,2026-01-12,Target Population
EMP-07210,OFC-LON,Analyst,Digital Ventures,Full-Time,2024-01-21,Target Population
EMP-07211,OFC-BOS,Analyst,Finance,Full-Time,2025-04-05,Target Population
EMP-07212,OFC-NYC,Principal,Operations,Full-Time,2026-05-30,Target Population
EMP-07213,OFC-NYC,Analyst,Operations,Full-Time,2026-09-01,Target Population
EMP-07214,OFC-GUR,Analyst,IT,Full-Time,2024-11-20,Target Population
EMP-07215,OFC-GUR,Principal,IT,Full-Time,2022-01-18,Target Population
EMP-07216,OFC-BOS,Principal,Finance,Full-Time,2022-02-01,Target Population
EMP-07217,OFC-NYC,Analyst,Operations,Full-Time,2026-08-07,Target Population
EMP-07218,OFC-NYC,Consultant,HR,Full-Time,2025-11-16,Target Population
EMP-07219,OFC-BOS,Project Leader,Digital Ventures,Full-Time,2024-11-25,Target Population
EMP-07220,OFC-GUR,Partner,IT,Full-Time,2022-09-23,Target Population
EMP-07221,OFC-GUR,Consultant,HR,Full-Time,2026-09-13,Target Population
EMP-07222,OFC-BOS,Analyst,Consulting,Full-Time,2025-11-11,Target Population
EMP-07223,OFC-NYC,Project Leader,Operations,Full-Time,2022-06-12,Target Population
EMP-07224,OFC-BOS,Analyst,Consulting,Full-Time,2022-12-22,Target Population
EMP-07225,OFC-LON,Project Leader,HR,Full-Time,2026-03-30,Target Population
EMP-07226,OFC-BOS,Project Leader,IT,Full-Time,2024-02-22,Target Population
EMP-07227,OFC-SIN,Consultant,Operations,Full-Time,2025-09-20,Target Population
EMP-07228,OFC-GUR,Analyst,IT,Full-Time,2026-03-01,Target Population
EMP-07229,OFC-NYC,Consultant,HR,Full-Time,2022-06-07,Target Population
EMP-07230,OFC-LON,Consultant,IT,Full-Time,2026-03-21,Target Population
EMP-07231,OFC-SIN,Principal,HR,Full-Time,2022-07-08,Target Population
EMP-07232,OFC-LON,Analyst,Finance,Full-Time,2023-11-07,Target Population
EMP-07233,OFC-BOS,Partner,IT,Full-Time,2025-10-13,Target Population
EMP-07234,OFC-NYC,Consultant,Consulting,Full-Time,2022-06-06,Target Population
EMP-07235,OFC-GUR,Analyst,Digital Ventures,Full-Time,2026-05-09,Target Population
EMP-07236,OFC-LON,Analyst,Consulting,Full-Time,2026-09-11,Target Population
EMP-07237,OFC-GUR,Analyst,HR,Full-Time,2024-06-03,Target Population
EMP-07238,OFC-SIN,Consultant,IT,Full-Time,2022-03-19,Target Population
EMP-07239,OFC-SIN,Consultant,Digital Ventures,Full-Time,2024-09-08,Target Population
EMP-07240,OFC-SIN,Consultant,Finance,Full-Time,2026-04-26,Target Population
EMP-07241,OFC-BOS,Principal,Digital Ventures,Full-Time,2021-11-09,Target Population
EMP-07242,OFC-LON,Consultant,HR,Full-Time,2025-10-02,Target Population
EMP-07243,OFC-GUR,Analyst,Digital Ventures,Full-Time,2025-08-17,Target Population
EMP-07244,OFC-GUR,Project Leader,Finance,Full-Time,2026-02-15,Target Population
EMP-07245,OFC-LON,Analyst,Consulting,Full-Time,2025-10-03,Target Population
EMP-07246,OFC-BOS,Analyst,IT,Full-Time,2026-08-25,Target Population
EMP-07247,OFC-GUR,Principal,Digital Ventures,Full-Time,2024-08-01,Target Population
EMP-07248,OFC-GUR,Partner,Digital Ventures,Full-Time,2025-05-07,Target Population
EMP-07249,OFC-BOS,Partner,Digital Ventures,Full-Time,2024-10-07,Target Population
EMP-07250,OFC-LON,Project Leader,Consulting,Full-Time,2024-04-09,Target Population
EMP-07251,OFC-BOS,Consultant,Consulting,Full-Time,2024-03-23,Target Population
EMP-07252,OFC-NYC,Consultant,HR,Full-Time,2023-03-11,Target Population
EMP-07253,OFC-BOS,Consultant,IT,Full-Time,2022-01-24,Target Population
EMP-07254,OFC-NYC,Consultant,Digital Ventures,Full-Time,2024-05-08,Target Population
EMP-07255,OFC-LON,Consultant,HR,Full-Time,2026-07-24,Target Population
EMP-07256,OFC-LON,Analyst,Finance,Full-Time,2023-12-25,Target Population
EMP-07257,OFC-GUR,Project Leader,Operations,Full-Time,2022-04-15,Target Population
EMP-07258,OFC-GUR,Analyst,Digital Ventures,Full-Time,2025-10-16,Target Population
EMP-07259,OFC-BOS,Consultant,Consulting,Full-Time,2026-09-07,Target Population
EMP-07260,OFC-BOS,Analyst,IT,Full-Time,2023-03-16,Target Population
EMP-07261,OFC-SIN,Analyst,Finance,Full-Time,2026-08-21,Target Population
EMP-07262,OFC-BOS,Analyst,Finance,Full-Time,2022-03-16,Target Population
EMP-07263,OFC-SIN,Consultant,IT,Full-Time,2024-03-31,Target Population
EMP-07264,OFC-GUR,Consultant,Operations,Full-Time,2021-12-30,Target Population
EMP-07265,OFC-LON,Consultant,Digital Ventures,Full-Time,2024-03-16,Target Population
EMP-07266,OFC-SIN,Project Leader,HR,Full-Time,2025-11-21,Target Population
EMP-07267,OFC-BOS,Project Leader,Finance,Full-Time,2022-06-20,Target Population
EMP-07268,OFC-NYC,Principal,Finance,Full-Time,2022-11-05,Target Population
EMP-07269,OFC-LON,Analyst,Finance,Full-Time,2026-01-24,Target Population
EMP-07270,OFC-NYC,Analyst,Finance,Full-Time,2022-06-02,Target Population
EMP-07271,OFC-SIN,Project Leader,Finance,Full-Time,2024-02-17,Target Population
EMP-07272,OFC-BOS,Analyst,IT,Full-Time,2023-11-29,Target Population
EMP-07273,OFC-LON,Analyst,HR,Full-Time,2022-11-22,Target Population
EMP-07274,OFC-LON,Project Leader,Consulting,Full-Time,2024-02-26,Target Population
EMP-07275,OFC-GUR,Partner,HR,Full-Time,2024-02-09,Target Population
EMP-07276,OFC-NYC,Project Leader,Consulting,Full-Time,2023-12-14,Target Population
EMP-07277,OFC-NYC,Consultant,Finance,Full-Time,2021-11-20,Target Population
EMP-07278,OFC-GUR,Project Leader,Consulting,Full-Time,2022-09-18,Target Population
EMP-07279,OFC-BOS,Consultant,Digital Ventures,Full-Time,2023-04-02,Target Population
EMP-07280,OFC-GUR,Consultant,Digital Ventures,Full-Time,2023-01-19,Target Population
EMP-07281,OFC-LON,Consultant,Digital Ventures,Full-Time,2025-07-25,Target Population
EMP-07282,OFC-GUR,Principal,Finance,Full-Time,2024-11-28,Target Population
EMP-07283,OFC-GUR,Analyst,HR,Full-Time,2023-04-04,Target Population
EMP-07284,OFC-BOS,Consultant,HR,Full-Time,2023-12-27,Target Population
EMP-07285,OFC-LON,Managing Director,Digital Ventures,Full-Time,2023-10-10,Target Population
EMP-07286,OFC-SIN,Principal,IT,Full-Time,2025-11-21,Target Population
EMP-07287,OFC-NYC,Consultant,Digital Ventures,Full-Time,2023-04-21,Target Population
EMP-07288,OFC-SIN,Analyst,Consulting,Full-Time,2026-04-02,Target Population
EMP-07289,OFC-LON,Managing Director,Operations,Full-Time,2022-01-17,Target Population
EMP-07290,OFC-BOS,Analyst,Operations,Full-Time,2024-09-06,Target Population
EMP-07291,OFC-NYC,Managing Director,Consulting,Full-Time,2022-06-26,Target Population
EMP-07292,OFC-SIN,Project Leader,IT,Full-Time,2022-12-31,Target Population
EMP-07293,OFC-NYC,Analyst,Consulting,Full-Time,2023-01-28,Target Population
EMP-07294,OFC-SIN,Consultant,Finance,Full-Time,2025-12-25,Target Population
EMP-07295,OFC-SIN,Consultant,HR,Full-Time,2025-04-11,Target Population
EMP-07296,OFC-NYC,Analyst,Digital Ventures,Full-Time,2025-01-09,Target Population
EMP-07297,OFC-BOS,Project Leader,Finance,Full-Time,2023-10-16,Target Population
EMP-07298,OFC-GUR,Consultant,IT,Full-Time,2025-07-05,Target Population
EMP-07299,OFC-NYC,Consultant,Finance,Full-Time,2023-03-10,Target Population
EMP-07300,OFC-GUR,Consultant,IT,Full-Time,2023-07-24,Target Population
EMP-07301,OFC-NYC,Project Leader,Operations,Full-Time,2026-09-06,Target Population
EMP-07302,OFC-LON,Analyst,Operations,Full-Time,2024-09-13,Target Population
EMP-07303,OFC-GUR,Partner,Consulting,Full-Time,2022-03-24,Target Population
EMP-07304,OFC-NYC,Analyst,Digital Ventures,Full-Time,2024-01-06,Target Population
EMP-07305,OFC-NYC,Principal,Operations,Full-Time,2022-10-02,Target Population
EMP-07306,OFC-NYC,Analyst,Operations,Full-Time,2022-03-19,Target Population
EMP-07307,OFC-NYC,Project Leader,IT,Full-Time,2023-03-11,Target Population
EMP-07308,OFC-LON,Consultant,Digital Ventures,Full-Time,2025-09-17,Target Population
EMP-07309,OFC-GUR,Project Leader,Finance,Full-Time,2025-02-26,Target Population
EMP-07310,OFC-NYC,Consultant,HR,Full-Time,2025-10-25,Target Population
EMP-07311,OFC-LON,Analyst,Finance,Full-Time,2024-04-30,Target Population
EMP-07312,OFC-GUR,Consultant,Finance,Full-Time,2025-10-25,Target Population
EMP-07313,OFC-NYC,Consultant,Digital Ventures,Full-Time,2026-04-18,Target Population
EMP-07314,OFC-NYC,Analyst,IT,Full-Time,2023-10-02,Target Population
EMP-07315,OFC-SIN,Consultant,Finance,Full-Time,2024-12-29,Target Population
EMP-07316,OFC-GUR,Consultant,Operations,Full-Time,2025-01-30,Target Population
EMP-07317,OFC-LON,Consultant,HR,Full-Time,2025-10-20,Target Population
EMP-07318,OFC-LON,Project Leader,Consulting,Full-Time,2023-12-31,Target Population
EMP-07319,OFC-BOS,Consultant,Finance,Full-Time,2022-12-31,Target Population
EMP-07320,OFC-LON,Consultant,Consulting,Full-Time,2026-04-12,Target Population
EMP-07321,OFC-LON,Consultant,Operations,Full-Time,2025-06-18,Target Population
EMP-07322,OFC-LON,Consultant,HR,Full-Time,2021-11-12,Target Population
EMP-07323,OFC-NYC,Consultant,Finance,Full-Time,2024-03-22,Target Population
EMP-07324,OFC-BOS,Consultant,IT,Full-Time,2025-08-01,Target Population
EMP-07325,OFC-BOS,Consultant,Finance,Full-Time,2025-01-05,Target Population
EMP-07326,OFC-SIN,Managing Director,IT,Full-Time,2024-06-13,Target Population
EMP-07327,OFC-NYC,Analyst,Digital Ventures,Full-Time,2026-04-11,Target Population
EMP-07328,OFC-LON,Consultant,IT,Full-Time,2022-02-11,Target Population
EMP-07329,OFC-BOS,Consultant,Operations,Full-Time,2022-08-05,Target Population
EMP-07330,OFC-BOS,Analyst,Consulting,Full-Time,2026-04-14,Target Population
EMP-07331,OFC-GUR,Analyst,Operations,Full-Time,2024-10-10,Target Population
EMP-07332,OFC-LON,Consultant,Digital Ventures,Full-Time,2025-06-09,Target Population
EMP-07333,OFC-LON,Project Leader,Digital Ventures,Full-Time,2024-01-31,Target Population
EMP-07334,OFC-BOS,Project Leader,HR,Full-Time,2024-08-12,Target Population
EMP-07335,OFC-GUR,Consultant,Operations,Full-Time,2024-01-24,Target Population
EMP-07336,OFC-BOS,Partner,IT,Full-Time,2024-01-14,Target Population
EMP-07337,OFC-BOS,Analyst,IT,Full-Time,2022-08-08,Target Population
EMP-07338,OFC-LON,Principal,Consulting,Full-Time,2023-12-09,Target Population
EMP-07339,OFC-NYC,Consultant,Digital Ventures,Full-Time,2026-09-25,Target Population
EMP-07340,OFC-BOS,Project Leader,Operations,Full-Time,2025-02-03,Target Population
EMP-07341,OFC-LON,Analyst,HR,Full-Time,2025-09-08,Target Population
EMP-07342,OFC-GUR,Analyst,IT,Full-Time,2023-10-28,Target Population
EMP-07343,OFC-GUR,Consultant,HR,Full-Time,2023-06-04,Target Population
EMP-07344,OFC-NYC,Consultant,IT,Full-Time,2026-03-10,Target Population
EMP-07345,OFC-BOS,Partner,Digital Ventures,Full-Time,2024-08-20,Target Population
EMP-07346,OFC-NYC,Partner,Finance,Full-Time,2023-04-18,Target Population
EMP-07347,OFC-SIN,Analyst,HR,Full-Time,2024-06-06,Target Population
EMP-07348,OFC-LON,Analyst,Digital Ventures,Full-Time,2026-06-04,Target Population
EMP-07349,OFC-GUR,Consultant,Digital Ventures,Full-Time,2021-11-08,Target Population
EMP-07350,OFC-BOS,Analyst,Digital Ventures,Full-Time,2021-11-02,Target Population
EMP-07351,OFC-LON,Consultant,Finance,Full-Time,2022-05-06,Target Population
EMP-07352,OFC-BOS,Project Leader,HR,Full-Time,2021-11-13,Target Population
EMP-07353,OFC-LON,Analyst,Finance,Full-Time,2025-04-06,Target Population
EMP-07354,OFC-SIN,Partner,Operations,Full-Time,2022-08-06,Target Population
EMP-07355,OFC-SIN,Analyst,HR,Full-Time,2026-03-26,Target Population
EMP-07356,OFC-LON,Analyst,Operations,Full-Time,2022-08-25,Target Population
EMP-07357,OFC-LON,Principal,Operations,Full-Time,2025-07-23,Target Population
EMP-07358,OFC-SIN,Project Leader,HR,Full-Time,2024-10-03,Target Population
EMP-07359,OFC-GUR,Consultant,Finance,Full-Time,2023-08-19,Target Population
EMP-07360,OFC-BOS,Analyst,Finance,Full-Time,2024-03-05,Target Population
EMP-07361,OFC-LON,Principal,Finance,Full-Time,2023-11-28,Target Population
EMP-07362,OFC-BOS,Principal,Digital Ventures,Full-Time,2023-05-29,Target Population
EMP-07363,OFC-LON,Consultant,HR,Full-Time,2022-01-20,Target Population
EMP-07364,OFC-LON,Analyst,Digital Ventures,Full-Time,2021-12-19,Target Population
EMP-07365,OFC-LON,Project Leader,HR,Full-Time,2022-07-19,Target Population
EMP-07366,OFC-NYC,Analyst,IT,Full-Time,2022-04-01,Target Population
EMP-07367,OFC-BOS,Project Leader,IT,Full-Time,2023-08-11,Target Population
EMP-07368,OFC-LON,Consultant,IT,Full-Time,2022-10-20,Target Population
EMP-07369,OFC-GUR,Principal,Consulting,Full-Time,2022-10-14,Target Population
EMP-07370,OFC-GUR,Analyst,Consulting,Full-Time,2022-07-02,Target Population
EMP-07371,OFC-NYC,Consultant,HR,Full-Time,2022-11-14,Target Population
EMP-07372,OFC-SIN,Analyst,Digital Ventures,Full-Time,2024-12-18,Target Population
EMP-07373,OFC-SIN,Analyst,Operations,Full-Time,2026-07-31,Target Population
EMP-07374,OFC-BOS,Managing Director,Consulting,Full-Time,2023-05-04,Target Population
EMP-07375,OFC-BOS,Consultant,Digital Ventures,Full-Time,2022-09-16,Target Population
EMP-07376,OFC-GUR,Analyst,Consulting,Full-Time,2023-05-02,Target Population
EMP-07377,OFC-GUR,Partner,HR,Full-Time,2023-12-03,Target Population
EMP-07378,OFC-SIN,Managing Director,Consulting,Full-Time,2024-04-09,Target Population
EMP-07379,OFC-SIN,Consultant,HR,Full-Time,2025-09-26,Target Population
EMP-07380,OFC-LON,Consultant,Finance,Full-Time,2022-05-30,Target Population
EMP-07381,OFC-LON,Principal,IT,Full-Time,2025-08-15,Target Population
EMP-07382,OFC-BOS,Consultant,Digital Ventures,Full-Time,2024-02-12,Target Population
EMP-07383,OFC-BOS,Consultant,Finance,Full-Time,2025-05-25,Target Population
EMP-07384,OFC-LON,Analyst,Consulting,Full-Time,2024-07-07,Target Population
EMP-07385,OFC-LON,Analyst,Digital Ventures,Full-Time,2023-12-15,Target Population
EMP-07386,OFC-LON,Analyst,Consulting,Full-Time,2023-02-22,Target Population
EMP-07387,OFC-GUR,Consultant,Consulting,Full-Time,2022-05-24,Target Population
EMP-07388,OFC-NYC,Consultant,Digital Ventures,Full-Time,2024-02-15,Target Population
EMP-07389,OFC-LON,Partner,HR,Full-Time,2022-04-18,Target Population
EMP-07390,OFC-BOS,Consultant,HR,Full-Time,2025-01-08,Target Population
EMP-07391,OFC-NYC,Principal,IT,Full-Time,2025-01-26,Target Population
EMP-07392,OFC-GUR,Principal,Finance,Full-Time,2024-08-05,Target Population
EMP-07393,OFC-GUR,Analyst,Consulting,Full-Time,2022-04-11,Target Population
EMP-07394,OFC-SIN,Partner,IT,Full-Time,2023-12-18,Target Population
EMP-07395,OFC-NYC,Managing Director,Finance,Full-Time,2024-01-07,Target Population
EMP-07396,OFC-LON,Project Leader,Consulting,Full-Time,2023-04-12,Target Population
EMP-07397,OFC-NYC,Analyst,HR,Full-Time,2025-07-06,Target Population
EMP-07398,OFC-NYC,Project Leader,HR,Full-Time,2022-05-10,Target Population
EMP-07399,OFC-SIN,Analyst,Consulting,Full-Time,2025-12-12,Target Population
EMP-07400,OFC-GUR,Project Leader,HR,Full-Time,2023-06-22,Target Population
EMP-07401,OFC-SIN,Partner,IT,Full-Time,2025-02-07,Target Population
EMP-07402,OFC-BOS,Analyst,HR,Full-Time,2023-04-14,Target Population
EMP-07403,OFC-SIN,Project Leader,Operations,Full-Time,2025-12-13,Target Population
EMP-07404,OFC-BOS,Analyst,Operations,Full-Time,2022-09-08,Target Population
EMP-07405,OFC-SIN,Consultant,HR,Full-Time,2022-12-27,Target Population
EMP-07406,OFC-NYC,Analyst,HR,Full-Time,2026-05-13,Target Population
EMP-07407,OFC-NYC,Partner,IT,Full-Time,2025-06-07,Target Population
EMP-07408,OFC-LON,Analyst,HR,Full-Time,2023-08-16,Target Population
EMP-07409,OFC-SIN,Consultant,Finance,Full-Time,2022-09-02,Target Population
EMP-07410,OFC-BOS,Consultant,IT,Full-Time,2025-07-09,Target Population
EMP-07411,OFC-NYC,Managing Director,IT,Full-Time,2023-12-20,Target Population
EMP-07412,OFC-SIN,Partner,HR,Full-Time,2022-08-23,Target Population
EMP-07413,OFC-NYC,Analyst,Finance,Full-Time,2022-01-23,Target Population
EMP-07414,OFC-BOS,Consultant,IT,Full-Time,2022-05-21,Target Population
EMP-07415,OFC-NYC,Analyst,Operations,Full-Time,2022-05-13,Target Population
EMP-07416,OFC-NYC,Analyst,HR,Full-Time,2026-08-17,Target Population
EMP-07417,OFC-SIN,Consultant,Finance,Full-Time,2023-11-24,Target Population
EMP-07418,OFC-GUR,Consultant,IT,Full-Time,2025-07-23,Target Population
EMP-07419,OFC-LON,Analyst,Finance,Full-Time,2021-12-04,Target Population
EMP-07420,OFC-SIN,Consultant,Finance,Full-Time,2025-12-31,Target Population
EMP-07421,OFC-LON,Analyst,Digital Ventures,Full-Time,2023-01-12,Target Population
EMP-07422,OFC-BOS,Analyst,IT,Full-Time,2021-10-09,Target Population
EMP-07423,OFC-NYC,Project Leader,HR,Full-Time,2022-02-01,Target Population
EMP-07424,OFC-NYC,Project Leader,Operations,Full-Time,2025-02-01,Target Population
EMP-07425,OFC-BOS,Consultant,Consulting,Full-Time,2024-01-12,Target Population
EMP-07426,OFC-SIN,Analyst,HR,Full-Time,2023-01-21,Target Population
EMP-07427,OFC-GUR,Analyst,Consulting,Full-Time,2024-07-27,Target Population
EMP-07428,OFC-NYC,Consultant,Consulting,Full-Time,2025-02-03,Target Population
EMP-07429,OFC-LON,Consultant,Consulting,Full-Time,2026-08-27,Target Population
EMP-07430,OFC-GUR,Partner,HR,Full-Time,2021-10-18,Target Population
EMP-07431,OFC-SIN,Consultant,Finance,Full-Time,2026-02-24,Target Population
EMP-07432,OFC-SIN,Analyst,Consulting,Full-Time,2025-12-09,Target Population
EMP-07433,OFC-LON,Analyst,Finance,Full-Time,2025-10-31,Target Population
EMP-07434,OFC-GUR,Consultant,IT,Full-Time,2025-06-22,Target Population
EMP-07435,OFC-LON,Principal,Digital Ventures,Full-Time,2025-03-14,Target Population
EMP-07436,OFC-LON,Consultant,Operations,Full-Time,2022-05-12,Target Population
EMP-07437,OFC-BOS,Analyst,HR,Full-Time,2026-05-12,Target Population
EMP-07438,OFC-BOS,Partner,Consulting,Full-Time,2023-09-08,Target Population
EMP-07439,OFC-LON,Consultant,Finance,Full-Time,2021-10-17,Target Population
EMP-07440,OFC-NYC,Analyst,HR,Full-Time,2025-01-13,Target Population
EMP-07441,OFC-BOS,Analyst,IT,Full-Time,2025-11-12,Target Population
EMP-07442,OFC-GUR,Consultant,Digital Ventures,Full-Time,2022-10-18,Target Population
EMP-07443,OFC-BOS,Principal,Consulting,Full-Time,2026-08-04,Target Population
EMP-07444,OFC-LON,Consultant,HR,Full-Time,2026-04-27,Target Population
EMP-07445,OFC-LON,Consultant,Finance,Full-Time,2024-10-26,Target Population
EMP-07446,OFC-SIN,Principal,IT,Full-Time,2024-08-07,Target Population
EMP-07447,OFC-LON,Analyst,HR,Full-Time,2024-05-04,Target Population
EMP-07448,OFC-BOS,Project Leader,HR,Full-Time,2025-03-04,Target Population
EMP-07449,OFC-LON,Analyst,Operations,Full-Time,2022-03-27,Target Population
EMP-07450,OFC-GUR,Project Leader,Digital Ventures,Full-Time,2022-07-15,Target Population
EMP-07451,OFC-SIN,Analyst,HR,Full-Time,2024-11-15,Target Population
EMP-07452,OFC-NYC,Analyst,HR,Full-Time,2026-04-25,Target Population
EMP-07453,OFC-NYC,Consultant,Operations,Full-Time,2024-08-28,Target Population
EMP-07454,OFC-SIN,Project Leader,Finance,Full-Time,2022-06-13,Target Population
EMP-07455,OFC-BOS,Consultant,Operations,Full-Time,2025-09-04,Target Population
EMP-07456,OFC-LON,Consultant,Operations,Full-Time,2024-03-25,Target Population
EMP-07457,OFC-NYC,Consultant,IT,Full-Time,2023-06-30,Target Population
EMP-07458,OFC-BOS,Analyst,Digital Ventures,Full-Time,2023-04-08,Target Population
EMP-07459,OFC-NYC,Principal,HR,Full-Time,2026-06-25,Target Population
EMP-07460,OFC-NYC,Consultant,Finance,Full-Time,2022-02-06,Target Population
EMP-07461,OFC-GUR,Consultant,Consulting,Full-Time,2025-01-12,Target Population
EMP-07462,OFC-SIN,Principal,IT,Full-Time,2023-05-23,Target Population
EMP-07463,OFC-NYC,Analyst,IT,Full-Time,2024-04-22,Target Population
EMP-07464,OFC-GUR,Analyst,Finance,Full-Time,2025-01-31,Target Population
EMP-07465,OFC-BOS,Analyst,Digital Ventures,Full-Time,2022-09-03,Target Population
EMP-07466,OFC-LON,Project Leader,Digital Ventures,Full-Time,2024-10-27,Target Population
EMP-07467,OFC-BOS,Analyst,HR,Full-Time,2025-11-26,Target Population
EMP-07468,OFC-SIN,Project Leader,Digital Ventures,Full-Time,2022-06-27,Target Population
EMP-07469,OFC-GUR,Analyst,Finance,Full-Time,2025-06-28,Target Population
EMP-07470,OFC-GUR,Principal,Operations,Full-Time,2023-05-18,Target Population
EMP-07471,OFC-GUR,Principal,Digital Ventures,Full-Time,2022-12-15,Target Population
EMP-07472,OFC-LON,Analyst,Digital Ventures,Full-Time,2022-01-25,Target Population
EMP-07473,OFC-SIN,Project Leader,Operations,Full-Time,2023-05-29,Target Population
EMP-07474,OFC-GUR,Consultant,Operations,Full-Time,2021-12-24,Target Population
EMP-07475,OFC-SIN,Analyst,Digital Ventures,Full-Time,2023-10-17,Target Population
EMP-07476,OFC-LON,Consultant,Operations,Full-Time,2025-12-04,Target Population
EMP-07477,OFC-BOS,Analyst,Digital Ventures,Full-Time,2025-01-26,Target Population
EMP-07478,OFC-LON,Analyst,Operations,Full-Time,2022-04-20,Target Population
EMP-07479,OFC-BOS,Principal,IT,Full-Time,2026-05-13,Target Population
EMP-07480,OFC-LON,Analyst,IT,Full-Time,2024-05-20,Target Population
EMP-07481,OFC-LON,Consultant,Digital Ventures,Full-Time,2026-01-06,Target Population
EMP-07482,OFC-LON,Analyst,HR,Full-Time,2026-04-22,Target Population
EMP-07483,OFC-BOS,Analyst,IT,Full-Time,2025-08-02,Target Population
EMP-07484,OFC-BOS,Consultant,HR,Full-Time,2021-11-27,Target Population
EMP-07485,OFC-LON,Partner,Finance,Full-Time,2022-01-30,Target Population
EMP-07486,OFC-SIN,Analyst,Digital Ventures,Full-Time,2024-08-26,Target Population
EMP-07487,OFC-NYC,Consultant,Consulting,Full-Time,2022-03-30,Target Population
EMP-07488,OFC-NYC,Partner,Finance,Full-Time,2024-08-21,Target Population
EMP-07489,OFC-GUR,Consultant,Operations,Full-Time,2022-02-17,Target Population
EMP-07490,OFC-LON,Partner,HR,Full-Time,2025-03-19,Target Population
EMP-07491,OFC-NYC,Managing Director,Finance,Full-Time,2022-10-09,Target Population
EMP-07492,OFC-NYC,Consultant,Consulting,Full-Time,2023-07-26,Target Population
EMP-07493,OFC-BOS,Consultant,Finance,Full-Time,2026-03-20,Target Population
EMP-07494,OFC-SIN,Project Leader,Digital Ventures,Full-Time,2025-08-31,Target Population
EMP-07495,OFC-BOS,Project Leader,Finance,Full-Time,2026-05-01,Target Population
EMP-07496,OFC-NYC,Consultant,Consulting,Full-Time,2023-01-12,Target Population
EMP-07497,OFC-BOS,Project Leader,Finance,Full-Time,2026-09-10,Target Population
EMP-07498,OFC-BOS,Analyst,Consulting,Full-Time,2023-09-30,Target Population
EMP-07499,OFC-GUR,Analyst,Consulting,Full-Time,2022-05-18,Target Population
EMP-07500,OFC-BOS,Consultant,HR,Full-Time,2022-01-29,Target Population
EMP-07501,OFC-BOS,Consultant,Finance,Full-Time,2022-12-20,Target Population
EMP-07502,OFC-LON,Consultant,Digital Ventures,Full-Time,2025-12-03,Target Population
EMP-07503,OFC-BOS,Partner,HR,Full-Time,2021-12-05,Target Population
EMP-07504,OFC-BOS,Partner,HR,Full-Time,2025-10-10,Target Population
EMP-07505,OFC-GUR,Analyst,HR,Full-Time,2022-02-26,Target Population
EMP-07506,OFC-GUR,Analyst,Consulting,Full-Time,2023-10-30,Target Population
EMP-07507,OFC-SIN,Analyst,IT,Full-Time,2022-11-16,Target Population
EMP-07508,OFC-SIN,Project Leader,IT,Full-Time,2021-11-20,Target Population
EMP-07509,OFC-GUR,Analyst,Digital Ventures,Full-Time,2023-03-26,Target Population
EMP-07510,OFC-BOS,Partner,Finance,Full-Time,2022-03-11,Target Population
EMP-07511,OFC-GUR,Analyst,Operations,Full-Time,2024-05-18,Target Population
EMP-07512,OFC-GUR,Consultant,Finance,Full-Time,2022-08-05,Target Population
EMP-07513,OFC-GUR,Analyst,IT,Full-Time,2025-08-24,Target Population
EMP-07514,OFC-LON,Analyst,Finance,Full-Time,2023-03-21,Target Population
EMP-07515,OFC-BOS,Analyst,Consulting,Full-Time,2022-04-23,Target Population
EMP-07516,OFC-GUR,Analyst,Finance,Full-Time,2022-09-02,Target Population
EMP-07517,OFC-GUR,Project Leader,Digital Ventures,Full-Time,2022-09-26,Target Population
EMP-07518,OFC-SIN,Analyst,HR,Full-Time,2025-12-29,Target Population
EMP-07519,OFC-BOS,Consultant,HR,Full-Time,2023-08-23,Target Population
EMP-07520,OFC-BOS,Consultant,Consulting,Full-Time,2022-04-21,Target Population
EMP-07521,OFC-BOS,Partner,Consulting,Full-Time,2023-06-28,Target Population
EMP-07522,OFC-GUR,Consultant,Finance,Full-Time,2025-05-23,Target Population
EMP-07523,OFC-BOS,Analyst,IT,Full-Time,2024-08-20,Target Population
EMP-07524,OFC-BOS,Consultant,HR,Full-Time,2025-03-08,Target Population
EMP-07525,OFC-SIN,Project Leader,Finance,Full-Time,2024-07-10,Target Population
EMP-07526,OFC-BOS,Analyst,Consulting,Full-Time,2022-10-17,Target Population
EMP-07527,OFC-GUR,Consultant,Consulting,Full-Time,2026-08-31,Target Population
EMP-07528,OFC-NYC,Project Leader,Operations,Full-Time,2026-05-30,Target Population
EMP-07529,OFC-GUR,Partner,HR,Full-Time,2022-12-07,Target Population
EMP-07530,OFC-LON,Partner,IT,Full-Time,2024-07-02,Target Population
EMP-07531,OFC-SIN,Analyst,Finance,Full-Time,2023-07-31,Target Population
EMP-07532,OFC-SIN,Analyst,Finance,Full-Time,2022-02-25,Target Population
EMP-07533,OFC-BOS,Principal,Consulting,Full-Time,2023-03-29,Target Population
EMP-07534,OFC-BOS,Analyst,IT,Full-Time,2024-08-14,Target Population
EMP-07535,OFC-NYC,Analyst,HR,Full-Time,2022-04-21,Target Population
EMP-07536,OFC-GUR,Partner,IT,Full-Time,2022-10-17,Target Population
EMP-07537,OFC-SIN,Consultant,Digital Ventures,Full-Time,2024-02-04,Target Population
EMP-07538,OFC-LON,Principal,IT,Full-Time,2022-12-19,Target Population
EMP-07539,OFC-LON,Principal,Finance,Full-Time,2025-04-18,Target Population
EMP-07540,OFC-BOS,Analyst,HR,Full-Time,2023-03-13,Target Population
EMP-07541,OFC-GUR,Partner,HR,Full-Time,2024-11-29,Target Population
EMP-07542,OFC-SIN,Project Leader,HR,Full-Time,2026-06-22,Target Population
EMP-07543,OFC-NYC,Project Leader,IT,Full-Time,2023-03-03,Target Population
EMP-07544,OFC-LON,Project Leader,Digital Ventures,Full-Time,2025-06-30,Target Population
EMP-07545,OFC-BOS,Managing Director,IT,Full-Time,2023-11-02,Target Population
EMP-07546,OFC-LON,Managing Director,IT,Full-Time,2026-09-19,Target Population
EMP-07547,OFC-LON,Analyst,Consulting,Full-Time,2022-02-10,Target Population
EMP-07548,OFC-BOS,Principal,Finance,Full-Time,2022-11-25,Target Population
EMP-07549,OFC-NYC,Project Leader,Consulting,Full-Time,2022-08-13,Target Population
EMP-07550,OFC-NYC,Project Leader,Digital Ventures,Full-Time,2024-12-18,Target Population
EMP-07551,OFC-LON,Managing Director,Consulting,Full-Time,2023-02-09,Target Population
EMP-07552,OFC-LON,Analyst,HR,Full-Time,2021-11-24,Target Population
EMP-07553,OFC-BOS,Analyst,Finance,Full-Time,2025-11-27,Target Population
EMP-07554,OFC-GUR,Analyst,HR,Full-Time,2022-06-14,Target Population
EMP-07555,OFC-GUR,Analyst,Digital Ventures,Full-Time,2021-10-26,Target Population
EMP-07556,OFC-NYC,Consultant,Consulting,Full-Time,2021-10-29,Target Population
EMP-07557,OFC-BOS,Partner,Digital Ventures,Full-Time,2023-04-17,Target Population
EMP-07558,OFC-GUR,Partner,IT,Full-Time,2022-07-10,Target Population
EMP-07559,OFC-SIN,Consultant,Operations,Full-Time,2024-03-06,Target Population
EMP-07560,OFC-BOS,Project Leader,Finance,Full-Time,2025-04-22,Target Population
EMP-07561,OFC-NYC,Managing Director,IT,Full-Time,2025-10-24,Target Population
EMP-07562,OFC-BOS,Consultant,IT,Full-Time,2022-11-05,Target Population
EMP-07563,OFC-LON,Analyst,Operations,Full-Time,2023-07-09,Target Population
EMP-07564,OFC-BOS,Consultant,IT,Full-Time,2022-12-25,Target Population
EMP-07565,OFC-NYC,Analyst,HR,Full-Time,2024-01-26,Target Population
EMP-07566,OFC-GUR,Analyst,Finance,Full-Time,2026-03-20,Target Population
EMP-07567,OFC-LON,Analyst,Consulting,Full-Time,2025-08-06,Target Population
EMP-07568,OFC-NYC,Partner,IT,Full-Time,2025-04-09,Target Population
EMP-07569,OFC-NYC,Analyst,Finance,Full-Time,2023-10-20,Target Population
EMP-07570,OFC-LON,Consultant,Digital Ventures,Full-Time,2023-04-02,Target Population
EMP-07571,OFC-BOS,Analyst,Digital Ventures,Full-Time,2022-01-31,Target Population
EMP-07572,OFC-BOS,Project Leader,Consulting,Full-Time,2023-04-19,Target Population
EMP-07573,OFC-SIN,Consultant,Finance,Full-Time,2026-01-07,Target Population
EMP-07574,OFC-BOS,Analyst,HR,Full-Time,2022-07-07,Target Population
EMP-07575,OFC-GUR,Analyst,Consulting,Full-Time,2024-04-29,Target Population
EMP-07576,OFC-SIN,Analyst,HR,Full-Time,2024-09-21,Target Population
EMP-07577,OFC-NYC,Principal,IT,Full-Time,2025-04-30,Target Population
EMP-07578,OFC-NYC,Project Leader,Finance,Full-Time,2021-10-21,Target Population
EMP-07579,OFC-LON,Analyst,HR,Full-Time,2026-07-05,Target Population
EMP-07580,OFC-SIN,Analyst,Operations,Full-Time,2023-10-09,Target Population
EMP-07581,OFC-SIN,Partner,HR,Full-Time,2023-05-26,Target Population
EMP-07582,OFC-GUR,Analyst,Operations,Full-Time,2022-10-07,Target Population
EMP-07583,OFC-BOS,Analyst,Consulting,Full-Time,2026-04-11,Target Population
EMP-07584,OFC-GUR,Principal,IT,Full-Time,2022-07-31,Target Population
EMP-07585,OFC-NYC,Analyst,Finance,Full-Time,2024-11-04,Target Population
EMP-07586,OFC-LON,Analyst,Consulting,Full-Time,2026-05-10,Target Population
EMP-07587,OFC-BOS,Analyst,Finance,Full-Time,2026-01-30,Target Population
EMP-07588,OFC-BOS,Analyst,Consulting,Full-Time,2023-08-19,Target Population
EMP-07589,OFC-GUR,Project Leader,Finance,Full-Time,2025-09-18,Target Population
EMP-07590,OFC-LON,Project Leader,Consulting,Full-Time,2023-07-15,Target Population
EMP-07591,OFC-NYC,Analyst,Finance,Full-Time,2024-02-12,Target Population
EMP-07592,OFC-NYC,Principal,HR,Full-Time,2022-03-20,Target Population
EMP-07593,OFC-SIN,Consultant,HR,Full-Time,2023-05-31,Target Population
EMP-07594,OFC-GUR,Principal,Consulting,Full-Time,2022-09-22,Target Population
EMP-07595,OFC-NYC,Project Leader,HR,Full-Time,2023-01-13,Target Population
EMP-07596,OFC-BOS,Principal,HR,Full-Time,2025-10-19,Target Population
EMP-07597,OFC-NYC,Project Leader,Finance,Full-Time,2025-12-30,Target Population
EMP-07598,OFC-SIN,Analyst,Finance,Full-Time,2023-04-07,Target Population
EMP-07599,OFC-LON,Project Leader,Consulting,Full-Time,2023-02-15,Target Population
EMP-07600,OFC-LON,Analyst,IT,Full-Time,2022-02-17,Target Population
EMP-07601,OFC-LON,Consultant,Consulting,Full-Time,2022-03-23,Target Population
EMP-07602,OFC-NYC,Consultant,Consulting,Full-Time,2024-11-11,Target Population
EMP-07603,OFC-GUR,Managing Director,Operations,Full-Time,2024-03-10,Target Population
EMP-07604,OFC-LON,Principal,Digital Ventures,Full-Time,2023-07-20,Target Population
EMP-07605,OFC-BOS,Analyst,Consulting,Full-Time,2025-06-18,Target Population
EMP-07606,OFC-BOS,Analyst,Operations,Full-Time,2023-11-27,Target Population
EMP-07607,OFC-LON,Partner,IT,Full-Time,2024-08-10,Target Population
EMP-07608,OFC-SIN,Consultant,Digital Ventures,Full-Time,2025-08-14,Target Population
EMP-07609,OFC-NYC,Principal,Finance,Full-Time,2022-02-18,Target Population
EMP-07610,OFC-SIN,Consultant,Finance,Full-Time,2022-08-27,Target Population
EMP-07611,OFC-GUR,Principal,Consulting,Full-Time,2022-03-18,Target Population
EMP-07612,OFC-BOS,Consultant,HR,Full-Time,2026-05-03,Target Population
EMP-07613,OFC-BOS,Project Leader,Digital Ventures,Full-Time,2023-04-06,Target Population
EMP-07614,OFC-BOS,Consultant,HR,Full-Time,2023-02-10,Target Population
EMP-07615,OFC-GUR,Consultant,HR,Full-Time,2022-01-05,Target Population
EMP-07616,OFC-BOS,Analyst,Operations,Full-Time,2025-11-22,Target Population
EMP-07617,OFC-NYC,Consultant,HR,Full-Time,2026-02-22,Target Population
EMP-07618,OFC-LON,Analyst,HR,Full-Time,2022-10-02,Target Population
EMP-07619,OFC-GUR,Analyst,Finance,Full-Time,2022-05-15,Target Population
EMP-07620,OFC-BOS,Project Leader,HR,Full-Time,2023-10-08,Target Population
EMP-07621,OFC-NYC,Analyst,HR,Full-Time,2025-07-20,Target Population
EMP-07622,OFC-LON,Managing Director,HR,Full-Time,2026-09-12,Target Population
EMP-07623,OFC-LON,Consultant,Operations,Full-Time,2024-07-15,Target Population
EMP-07624,OFC-GUR,Project Leader,Operations,Full-Time,2025-04-30,Target Population
EMP-07625,OFC-BOS,Consultant,Consulting,Full-Time,2023-06-16,Target Population
EMP-07626,OFC-GUR,Analyst,Operations,Full-Time,2024-07-14,Target Population
EMP-07627,OFC-GUR,Analyst,Consulting,Full-Time,2023-09-21,Target Population
EMP-07628,OFC-LON,Principal,HR,Full-Time,2022-09-14,Target Population
EMP-07629,OFC-GUR,Analyst,Digital Ventures,Full-Time,2024-07-16,Target Population
EMP-07630,OFC-NYC,Analyst,HR,Full-Time,2023-09-14,Target Population
EMP-07631,OFC-BOS,Analyst,Operations,Full-Time,2022-08-07,Target Population
EMP-07632,OFC-GUR,Partner,Operations,Full-Time,2023-10-13,Target Population
EMP-07633,OFC-LON,Project Leader,Finance,Full-Time,2025-04-10,Target Population
EMP-07634,OFC-LON,Analyst,Finance,Full-Time,2023-06-20,Target Population
EMP-07635,OFC-NYC,Project Leader,Digital Ventures,Full-Time,2024-12-16,Target Population
EMP-07636,OFC-SIN,Project Leader,IT,Full-Time,2023-08-23,Target Population
EMP-07637,OFC-LON,Consultant,Digital Ventures,Full-Time,2022-05-23,Target Population
EMP-07638,OFC-BOS,Consultant,Finance,Full-Time,2025-10-09,Target Population
EMP-07639,OFC-NYC,Analyst,Operations,Full-Time,2026-09-28,Target Population
EMP-07640,OFC-GUR,Consultant,Consulting,Full-Time,2025-11-20,Target Population
EMP-07641,OFC-GUR,Analyst,Operations,Full-Time,2022-03-24,Target Population
EMP-07642,OFC-LON,Project Leader,IT,Full-Time,2025-06-22,Target Population
EMP-07643,OFC-SIN,Analyst,Finance,Full-Time,2022-12-31,Target Population
EMP-07644,OFC-NYC,Analyst,Consulting,Full-Time,2023-08-09,Target Population
EMP-07645,OFC-NYC,Consultant,HR,Full-Time,2025-08-20,Target Population
EMP-07646,OFC-SIN,Consultant,Operations,Full-Time,2023-04-13,Target Population
EMP-07647,OFC-SIN,Consultant,IT,Full-Time,2025-01-22,Target Population
EMP-07648,OFC-GUR,Consultant,IT,Full-Time,2024-12-10,Target Population
EMP-07649,OFC-SIN,Analyst,Digital Ventures,Full-Time,2022-12-04,Target Population
EMP-07650,OFC-BOS,Project Leader,Operations,Full-Time,2025-08-29,Target Population
EMP-07651,OFC-SIN,Consultant,Operations,Full-Time,2023-06-02,Target Population
EMP-07652,OFC-NYC,Analyst,IT,Full-Time,2024-10-25,Target Population
EMP-07653,OFC-BOS,Analyst,Finance,Full-Time,2024-01-22,Target Population
EMP-07654,OFC-BOS,Project Leader,HR,Full-Time,2023-06-27,Target Population
EMP-07655,OFC-NYC,Partner,Operations,Full-Time,2024-08-15,Target Population
EMP-07656,OFC-NYC,Consultant,Operations,Full-Time,2022-11-06,Target Population
EMP-07657,OFC-NYC,Analyst,HR,Full-Time,2022-01-14,Target Population
EMP-07658,OFC-BOS,Principal,Digital Ventures,Full-Time,2026-08-08,Target Population
EMP-07659,OFC-NYC,Consultant,Operations,Full-Time,2022-04-10,Target Population
EMP-07660,OFC-LON,Analyst,Operations,Full-Time,2024-02-25,Target Population
EMP-07661,OFC-NYC,Analyst,Digital Ventures,Full-Time,2022-12-05,Target Population
EMP-07662,OFC-NYC,Analyst,Consulting,Full-Time,2022-09-17,Target Population
EMP-07663,OFC-GUR,Analyst,IT,Full-Time,2025-09-22,Target Population
EMP-07664,OFC-SIN,Project Leader,Consulting,Full-Time,2025-08-31,Target Population
EMP-07665,OFC-GUR,Project Leader,Operations,Full-Time,2025-04-28,Target Population
EMP-07666,OFC-NYC,Consultant,Consulting,Full-Time,2023-03-22,Target Population
EMP-07667,OFC-GUR,Project Leader,HR,Full-Time,2024-09-08,Target Population
EMP-07668,OFC-BOS,Analyst,Finance,Full-Time,2023-08-21,Target Population
EMP-07669,OFC-BOS,Project Leader,Consulting,Full-Time,2024-04-11,Target Population
EMP-07670,OFC-NYC,Principal,Operations,Full-Time,2023-02-06,Target Population
EMP-07671,OFC-GUR,Consultant,Consulting,Full-Time,2023-03-18,Target Population
EMP-07672,OFC-BOS,Managing Director,IT,Full-Time,2026-09-07,Target Population
EMP-07673,OFC-BOS,Consultant,Finance,Full-Time,2026-06-20,Target Population
EMP-07674,OFC-BOS,Analyst,HR,Full-Time,2023-09-20,Target Population
EMP-07675,OFC-SIN,Analyst,HR,Full-Time,2022-07-02,Target Population
EMP-07676,OFC-LON,Analyst,IT,Full-Time,2025-04-08,Target Population
EMP-07677,OFC-NYC,Consultant,Consulting,Full-Time,2026-03-16,Target Population
EMP-07678,OFC-LON,Principal,Digital Ventures,Full-Time,2025-12-04,Target Population
EMP-07679,OFC-LON,Project Leader,Digital Ventures,Full-Time,2023-08-10,Target Population
EMP-07680,OFC-GUR,Analyst,Finance,Full-Time,2025-10-17,Target Population
EMP-07681,OFC-BOS,Consultant,Finance,Full-Time,2025-09-13,Target Population
EMP-07682,OFC-SIN,Project Leader,Finance,Full-Time,2024-02-21,Target Population
EMP-07683,OFC-NYC,Principal,HR,Full-Time,2021-11-21,Target Population
EMP-07684,OFC-GUR,Principal,Finance,Full-Time,2025-05-29,Target Population
EMP-07685,OFC-BOS,Analyst,Digital Ventures,Full-Time,2023-11-12,Target Population
EMP-07686,OFC-NYC,Analyst,Operations,Full-Time,2023-11-15,Target Population
EMP-07687,OFC-NYC,Analyst,Operations,Full-Time,2024-07-19,Target Population
EMP-07688,OFC-LON,Consultant,Operations,Full-Time,2025-06-17,Target Population
EMP-07689,OFC-BOS,Managing Director,HR,Full-Time,2026-09-11,Target Population
EMP-07690,OFC-GUR,Partner,HR,Full-Time,2023-08-28,Target Population
EMP-07691,OFC-BOS,Consultant,IT,Full-Time,2023-01-12,Target Population
EMP-07692,OFC-GUR,Consultant,Operations,Full-Time,2026-08-24,Target Population
EMP-07693,OFC-GUR,Analyst,Consulting,Full-Time,2021-10-22,Target Population
EMP-07694,OFC-LON,Project Leader,Finance,Full-Time,2025-04-26,Target Population
EMP-07695,OFC-GUR,Analyst,Digital Ventures,Full-Time,2022-02-21,Target Population
EMP-07696,OFC-GUR,Analyst,Consulting,Full-Time,2022-02-08,Target Population
EMP-07697,OFC-NYC,Principal,Digital Ventures,Full-Time,2025-10-08,Target Population
EMP-07698,OFC-GUR,Consultant,Operations,Full-Time,2026-01-20,Target Population
EMP-07699,OFC-NYC,Analyst,Consulting,Full-Time,2022-01-19,Target Population
EMP-07700,OFC-LON,Project Leader,Finance,Full-Time,2025-05-21,Target Population
EMP-07701,OFC-GUR,Principal,Digital Ventures,Full-Time,2026-04-14,Target Population
EMP-07702,OFC-NYC,Consultant,HR,Full-Time,2025-02-13,Target Population
EMP-07703,OFC-NYC,Principal,Digital Ventures,Full-Time,2025-11-04,Target Population
EMP-07704,OFC-LON,Consultant,Operations,Full-Time,2022-08-07,Target Population
EMP-07705,OFC-GUR,Project Leader,Operations,Full-Time,2025-08-12,Target Population
EMP-07706,OFC-SIN,Partner,Finance,Full-Time,2025-12-23,Target Population
EMP-07707,OFC-LON,Principal,IT,Full-Time,2023-10-24,Target Population
EMP-07708,OFC-GUR,Consultant,Finance,Full-Time,2022-06-22,Target Population
EMP-07709,OFC-SIN,Principal,Finance,Full-Time,2026-07-08,Target Population
EMP-07710,OFC-BOS,Analyst,Consulting,Full-Time,2021-11-14,Target Population
EMP-07711,OFC-BOS,Consultant,IT,Full-Time,2025-03-23,Target Population
EMP-07712,OFC-GUR,Analyst,Consulting,Full-Time,2023-08-15,Target Population
EMP-07713,OFC-GUR,Consultant,Digital Ventures,Full-Time,2022-11-23,Target Population
EMP-07714,OFC-SIN,Analyst,Finance,Full-Time,2024-10-24,Target Population
EMP-07715,OFC-NYC,Project Leader,Digital Ventures,Full-Time,2024-04-12,Target Population
EMP-07716,OFC-BOS,Consultant,HR,Full-Time,2023-10-19,Target Population
EMP-07717,OFC-NYC,Analyst,IT,Full-Time,2022-07-15,Target Population
EMP-07718,OFC-BOS,Analyst,Digital Ventures,Full-Time,2021-11-25,Target Population
EMP-07719,OFC-NYC,Principal,Consulting,Full-Time,2025-11-05,Target Population
EMP-07720,OFC-GUR,Analyst,Operations,Full-Time,2024-05-11,Target Population
EMP-07721,OFC-BOS,Consultant,HR,Full-Time,2023-02-21,Target Population
EMP-07722,OFC-GUR,Partner,Digital Ventures,Full-Time,2025-09-02,Target Population
EMP-07723,OFC-NYC,Consultant,Digital Ventures,Full-Time,2026-08-14,Target Population
EMP-07724,OFC-LON,Principal,Finance,Full-Time,2026-09-24,Target Population
EMP-07725,OFC-BOS,Analyst,HR,Full-Time,2021-12-21,Target Population
EMP-07726,OFC-NYC,Consultant,Consulting,Full-Time,2025-08-20,Target Population
EMP-07727,OFC-BOS,Analyst,Consulting,Full-Time,2025-09-16,Target Population
EMP-07728,OFC-SIN,Consultant,Digital Ventures,Full-Time,2022-12-11,Target Population
EMP-07729,OFC-GUR,Project Leader,IT,Full-Time,2025-03-19,Target Population
EMP-07730,OFC-LON,Managing Director,IT,Full-Time,2023-05-04,Target Population
EMP-07731,OFC-BOS,Partner,Operations,Full-Time,2024-11-30,Target Population
EMP-07732,OFC-SIN,Partner,Digital Ventures,Full-Time,2025-09-18,Target Population
EMP-07733,OFC-NYC,Consultant,Consulting,Full-Time,2021-10-11,Target Population
EMP-07734,OFC-BOS,Project Leader,Finance,Full-Time,2022-05-14,Target Population
EMP-07735,OFC-LON,Project Leader,Operations,Full-Time,2025-01-14,Target Population
EMP-07736,OFC-SIN,Managing Director,IT,Full-Time,2024-08-06,Target Population
EMP-07737,OFC-BOS,Project Leader,Digital Ventures,Full-Time,2026-04-13,Target Population
EMP-07738,OFC-BOS,Analyst,IT,Full-Time,2022-01-16,Target Population
EMP-07739,OFC-SIN,Analyst,HR,Full-Time,2024-04-15,Target Population
EMP-07740,OFC-BOS,Project Leader,Consulting,Full-Time,2025-05-22,Target Population
EMP-07741,OFC-BOS,Consultant,IT,Full-Time,2024-01-23,Target Population
EMP-07742,OFC-LON,Consultant,Operations,Full-Time,2026-05-19,Target Population
EMP-07743,OFC-SIN,Analyst,HR,Full-Time,2026-08-29,Target Population
EMP-07744,OFC-LON,Analyst,Digital Ventures,Full-Time,2023-07-12,Target Population
EMP-07745,OFC-SIN,Consultant,HR,Full-Time,2022-06-15,Target Population
EMP-07746,OFC-GUR,Project Leader,HR,Full-Time,2024-08-14,Target Population
EMP-07747,OFC-BOS,Partner,Consulting,Full-Time,2022-03-26,Target Population
EMP-07748,OFC-SIN,Consultant,Operations,Full-Time,2026-02-22,Target Population
EMP-07749,OFC-NYC,Analyst,IT,Full-Time,2024-11-10,Target Population
EMP-07750,OFC-NYC,Partner,Consulting,Full-Time,2022-03-16,Target Population
EMP-07751,OFC-LON,Analyst,Consulting,Full-Time,2022-09-16,Target Population
EMP-07752,OFC-NYC,Analyst,Operations,Full-Time,2025-01-08,Target Population
EMP-07753,OFC-BOS,Analyst,IT,Full-Time,2024-11-15,Target Population
EMP-07754,OFC-BOS,Project Leader,Operations,Full-Time,2025-09-21,Target Population
EMP-07755,OFC-NYC,Consultant,Digital Ventures,Full-Time,2022-02-10,Target Population
EMP-07756,OFC-GUR,Analyst,Consulting,Full-Time,2024-11-15,Target Population
EMP-07757,OFC-LON,Project Leader,Operations,Full-Time,2024-11-18,Target Population
EMP-07758,OFC-SIN,Analyst,Finance,Full-Time,2023-04-04,Target Population
EMP-07759,OFC-NYC,Analyst,HR,Full-Time,2026-07-09,Target Population
EMP-07760,OFC-NYC,Analyst,HR,Full-Time,2022-05-03,Target Population
EMP-07761,OFC-BOS,Principal,IT,Full-Time,2026-07-15,Target Population
EMP-07762,OFC-BOS,Principal,Digital Ventures,Full-Time,2023-07-05,Target Population
EMP-07763,OFC-NYC,Consultant,Digital Ventures,Full-Time,2022-12-11,Target Population
EMP-07764,OFC-GUR,Consultant,Digital Ventures,Full-Time,2024-08-12,Target Population
EMP-07765,OFC-SIN,Analyst,Digital Ventures,Full-Time,2023-10-18,Target Population
EMP-07766,OFC-SIN,Project Leader,Consulting,Full-Time,2026-05-10,Target Population
EMP-07767,OFC-BOS,Partner,Operations,Full-Time,2022-09-24,Target Population
EMP-07768,OFC-SIN,Analyst,HR,Full-Time,2025-11-01,Target Population
EMP-07769,OFC-NYC,Consultant,Finance,Full-Time,2026-09-13,Target Population
EMP-07770,OFC-BOS,Project Leader,HR,Full-Time,2023-07-20,Target Population
EMP-07771,OFC-SIN,Partner,Consulting,Full-Time,2023-09-07,Target Population
EMP-07772,OFC-LON,Project Leader,HR,Full-Time,2024-06-28,Target Population
EMP-07773,OFC-BOS,Consultant,Finance,Full-Time,2024-10-06,Target Population
EMP-07774,OFC-NYC,Analyst,Digital Ventures,Full-Time,2024-01-15,Target Population
EMP-07775,OFC-NYC,Project Leader,IT,Full-Time,2026-01-18,Target Population
EMP-07776,OFC-GUR,Analyst,IT,Full-Time,2025-05-12,Target Population
EMP-07777,OFC-LON,Analyst,Digital Ventures,Full-Time,2024-02-15,Target Population
EMP-07778,OFC-SIN,Analyst,Operations,Full-Time,2022-03-25,Target Population
EMP-07779,OFC-BOS,Consultant,Finance,Full-Time,2022-04-21,Target Population
EMP-07780,OFC-NYC,Consultant,HR,Full-Time,2024-12-08,Target Population
EMP-07781,OFC-LON,Partner,IT,Full-Time,2024-09-13,Target Population
EMP-07782,OFC-LON,Principal,Finance,Full-Time,2025-08-12,Target Population
EMP-07783,OFC-NYC,Consultant,Digital Ventures,Full-Time,2025-11-25,Target Population
EMP-07784,OFC-GUR,Analyst,Finance,Full-Time,2026-01-11,Target Population
EMP-07785,OFC-SIN,Analyst,HR,Full-Time,2026-03-31,Target Population
EMP-07786,OFC-SIN,Analyst,Finance,Full-Time,2022-10-23,Target Population
EMP-07787,OFC-GUR,Consultant,HR,Full-Time,2025-10-06,Target Population
EMP-07788,OFC-SIN,Consultant,Digital Ventures,Full-Time,2026-04-16,Target Population
EMP-07789,OFC-LON,Analyst,Digital Ventures,Full-Time,2026-04-19,Target Population
EMP-07790,OFC-GUR,Consultant,HR,Full-Time,2024-04-02,Target Population
EMP-07791,OFC-NYC,Consultant,Finance,Full-Time,2025-08-11,Target Population
EMP-07792,OFC-NYC,Analyst,Digital Ventures,Full-Time,2024-11-23,Target Population
EMP-07793,OFC-NYC,Principal,Digital Ventures,Full-Time,2022-04-28,Target Population
EMP-07794,OFC-LON,Consultant,IT,Full-Time,2023-05-15,Target Population
EMP-07795,OFC-NYC,Analyst,Digital Ventures,Full-Time,2025-08-29,Target Population
EMP-07796,OFC-SIN,Analyst,Consulting,Full-Time,2022-07-05,Target Population
EMP-07797,OFC-NYC,Analyst,Finance,Full-Time,2022-06-13,Target Population
EMP-07798,OFC-BOS,Analyst,Consulting,Full-Time,2025-02-01,Target Population
EMP-07799,OFC-LON,Analyst,Operations,Full-Time,2023-04-15,Target Population
EMP-07800,OFC-BOS,Consultant,Consulting,Full-Time,2024-03-20,Target Population
EMP-07801,OFC-BOS,Consultant,IT,Full-Time,2022-06-03,Target Population
EMP-07802,OFC-BOS,Analyst,Digital Ventures,Full-Time,2022-09-11,Target Population
EMP-07803,OFC-LON,Analyst,IT,Full-Time,2023-03-02,Target Population
EMP-07804,OFC-NYC,Analyst,IT,Full-Time,2024-02-11,Target Population
EMP-07805,OFC-GUR,Principal,HR,Full-Time,2022-09-20,Target Population
EMP-07806,OFC-GUR,Consultant,HR,Full-Time,2023-01-09,Target Population
EMP-07807,OFC-NYC,Analyst,HR,Full-Time,2025-12-27,Target Population
EMP-07808,OFC-NYC,Consultant,Operations,Full-Time,2023-01-17,Target Population
EMP-07809,OFC-NYC,Project Leader,Digital Ventures,Full-Time,2023-07-03,Target Population
EMP-07810,OFC-GUR,Analyst,Consulting,Full-Time,2026-03-12,Target Population
EMP-07811,OFC-BOS,Principal,Consulting,Full-Time,2021-12-16,Target Population
EMP-07812,OFC-BOS,Partner,Operations,Full-Time,2024-04-04,Target Population
EMP-07813,OFC-GUR,Consultant,Consulting,Full-Time,2025-04-23,Target Population
EMP-07814,OFC-LON,Principal,Finance,Full-Time,2026-05-16,Target Population
EMP-07815,OFC-BOS,Principal,HR,Full-Time,2022-11-21,Target Population
EMP-07816,OFC-BOS,Project Leader,Consulting,Full-Time,2025-10-18,Target Population
EMP-07817,OFC-SIN,Partner,HR,Full-Time,2024-09-18,Target Population
EMP-07818,OFC-SIN,Analyst,HR,Full-Time,2025-05-04,Target Population
EMP-07819,OFC-GUR,Consultant,Digital Ventures,Full-Time,2025-07-17,Target Population
EMP-07820,OFC-LON,Project Leader,HR,Full-Time,2021-12-12,Target Population
EMP-07821,OFC-LON,Analyst,Operations,Full-Time,2024-03-30,Target Population
EMP-07822,OFC-SIN,Analyst,Consulting,Full-Time,2023-05-17,Target Population
EMP-07823,OFC-SIN,Project Leader,IT,Full-Time,2022-04-20,Target Population
EMP-07824,OFC-BOS,Project Leader,IT,Full-Time,2021-12-14,Target Population
EMP-07825,OFC-GUR,Consultant,Consulting,Full-Time,2023-09-28,Target Population
EMP-07826,OFC-BOS,Analyst,Consulting,Full-Time,2026-03-09,Target Population
EMP-07827,OFC-BOS,Analyst,IT,Full-Time,2024-08-15,Target Population
EMP-07828,OFC-GUR,Analyst,HR,Full-Time,2025-04-08,Target Population
EMP-07829,OFC-NYC,Consultant,Operations,Full-Time,2026-09-08,Target Population
EMP-07830,OFC-SIN,Analyst,HR,Full-Time,2024-09-06,Target Population
EMP-07831,OFC-BOS,Project Leader,HR,Full-Time,2024-07-16,Target Population
EMP-07832,OFC-LON,Analyst,Consulting,Full-Time,2025-11-25,Target Population
EMP-07833,OFC-SIN,Analyst,IT,Full-Time,2026-04-11,Target Population
EMP-07834,OFC-SIN,Partner,HR,Full-Time,2026-06-07,Target Population
EMP-07835,OFC-BOS,Principal,Digital Ventures,Full-Time,2025-07-21,Target Population
EMP-07836,OFC-NYC,Consultant,Operations,Full-Time,2025-08-29,Target Population
EMP-07837,OFC-LON,Partner,Operations,Full-Time,2024-05-08,Target Population
EMP-07838,OFC-BOS,Consultant,Finance,Full-Time,2026-08-04,Target Population
EMP-07839,OFC-SIN,Consultant,Finance,Full-Time,2022-11-20,Target Population
EMP-07840,OFC-SIN,Principal,Consulting,Full-Time,2024-05-16,Target Population
EMP-07841,OFC-BOS,Consultant,HR,Full-Time,2023-03-24,Target Population
EMP-07842,OFC-BOS,Consultant,HR,Full-Time,2023-12-23,Target Population
EMP-07843,OFC-BOS,Partner,Operations,Full-Time,2023-09-11,Target Population
EMP-07844,OFC-SIN,Partner,HR,Full-Time,2025-11-19,Target Population
EMP-07845,OFC-BOS,Consultant,IT,Full-Time,2024-12-05,Target Population
EMP-07846,OFC-NYC,Consultant,HR,Full-Time,2024-03-20,Target Population
EMP-07847,OFC-NYC,Consultant,Operations,Full-Time,2022-03-03,Target Population
EMP-07848,OFC-LON,Analyst,Finance,Full-Time,2023-01-10,Target Population
EMP-07849,OFC-BOS,Analyst,Operations,Full-Time,2024-10-08,Target Population
EMP-07850,OFC-BOS,Analyst,Operations,Full-Time,2024-03-08,Target Population
EMP-07851,OFC-SIN,Project Leader,Digital Ventures,Full-Time,2025-08-23,Target Population
EMP-07852,OFC-SIN,Partner,HR,Full-Time,2023-03-07,Target Population
EMP-07853,OFC-GUR,Project Leader,Digital Ventures,Full-Time,2023-02-18,Target Population
EMP-07854,OFC-BOS,Consultant,HR,Full-Time,2026-04-27,Target Population
EMP-07855,OFC-NYC,Analyst,Finance,Full-Time,2024-03-11,Target Population
EMP-07856,OFC-LON,Analyst,HR,Full-Time,2023-04-26,Target Population
EMP-07857,OFC-NYC,Consultant,Finance,Full-Time,2023-04-04,Target Population
EMP-07858,OFC-SIN,Project Leader,Finance,Full-Time,2023-01-26,Target Population
EMP-07859,OFC-LON,Analyst,Consulting,Full-Time,2023-02-20,Target Population
EMP-07860,OFC-BOS,Partner,HR,Full-Time,2023-10-16,Target Population
EMP-07861,OFC-SIN,Consultant,IT,Full-Time,2022-10-05,Target Population
EMP-07862,OFC-SIN,Managing Director,Finance,Full-Time,2022-02-11,Target Population
EMP-07863,OFC-BOS,Analyst,Digital Ventures,Full-Time,2024-06-16,Target Population
EMP-07864,OFC-LON,Consultant,Finance,Full-Time,2026-08-26,Target Population
EMP-07865,OFC-NYC,Consultant,Consulting,Full-Time,2022-11-03,Target Population
EMP-07866,OFC-NYC,Analyst,IT,Full-Time,2025-07-07,Target Population
EMP-07867,OFC-BOS,Project Leader,Operations,Full-Time,2023-12-25,Target Population
EMP-07868,OFC-LON,Partner,Finance,Full-Time,2024-11-28,Target Population
EMP-07869,OFC-SIN,Analyst,Consulting,Full-Time,2023-05-03,Target Population
EMP-07870,OFC-LON,Partner,IT,Full-Time,2023-07-06,Target Population
EMP-07871,OFC-BOS,Project Leader,IT,Full-Time,2026-07-20,Target Population
EMP-07872,OFC-LON,Project Leader,Digital Ventures,Full-Time,2022-01-22,Target Population
EMP-07873,OFC-NYC,Partner,HR,Full-Time,2024-06-17,Target Population
EMP-07874,OFC-SIN,Analyst,Operations,Full-Time,2024-09-09,Target Population
EMP-07875,OFC-NYC,Principal,Digital Ventures,Full-Time,2023-01-09,Target Population
EMP-07876,OFC-BOS,Analyst,Operations,Full-Time,2024-12-08,Target Population
EMP-07877,OFC-BOS,Analyst,HR,Full-Time,2025-07-31,Target Population
EMP-07878,OFC-GUR,Principal,Consulting,Full-Time,2026-05-11,Target Population
EMP-07879,OFC-NYC,Analyst,Digital Ventures,Full-Time,2023-02-24,Target Population
EMP-07880,OFC-GUR,Consultant,Finance,Full-Time,2026-04-21,Target Population
EMP-07881,OFC-BOS,Project Leader,Operations,Full-Time,2024-04-30,Target Population
EMP-07882,OFC-NYC,Consultant,HR,Full-Time,2022-10-19,Target Population
EMP-07883,OFC-LON,Analyst,Digital Ventures,Full-Time,2021-12-23,Target Population
EMP-07884,OFC-SIN,Analyst,Finance,Full-Time,2025-03-16,Target Population
EMP-07885,OFC-SIN,Analyst,Digital Ventures,Full-Time,2026-01-05,Target Population
EMP-07886,OFC-BOS,Consultant,Consulting,Full-Time,2023-01-01,Target Population
EMP-07887,OFC-NYC,Analyst,Finance,Full-Time,2025-08-30,Target Population
EMP-07888,OFC-BOS,Consultant,HR,Full-Time,2024-06-27,Target Population
EMP-07889,OFC-LON,Analyst,Consulting,Full-Time,2023-02-03,Target Population
EMP-07890,OFC-LON,Analyst,Digital Ventures,Full-Time,2021-10-20,Target Population
EMP-07891,OFC-SIN,Consultant,Finance,Full-Time,2026-05-30,Target Population
EMP-07892,OFC-SIN,Consultant,Digital Ventures,Full-Time,2026-01-30,Target Population
EMP-07893,OFC-NYC,Principal,Operations,Full-Time,2024-08-01,Target Population
EMP-07894,OFC-LON,Consultant,Digital Ventures,Full-Time,2024-04-12,Target Population
EMP-07895,OFC-SIN,Consultant,Finance,Full-Time,2025-10-18,Target Population
EMP-07896,OFC-GUR,Analyst,Operations,Full-Time,2024-03-25,Target Population
EMP-07897,OFC-BOS,Consultant,HR,Full-Time,2026-08-24,Target Population
EMP-07898,OFC-NYC,Principal,Digital Ventures,Full-Time,2023-01-06,Target Population
EMP-07899,OFC-NYC,Consultant,Operations,Full-Time,2026-07-29,Target Population
EMP-07900,OFC-BOS,Consultant,Consulting,Full-Time,2025-07-11,Target Population
EMP-07901,OFC-BOS,Consultant,Digital Ventures,Full-Time,2024-08-24,Target Population
EMP-07902,OFC-BOS,Consultant,Finance,Full-Time,2022-09-20,Target Population
EMP-07903,OFC-LON,Principal,Finance,Full-Time,2025-11-03,Target Population
EMP-07904,OFC-NYC,Principal,Consulting,Full-Time,2022-02-08,Target Population
EMP-07905,OFC-BOS,Project Leader,IT,Full-Time,2022-12-14,Target Population
EMP-07906,OFC-BOS,Consultant,Consulting,Full-Time,2026-06-14,Target Population
EMP-07907,OFC-GUR,Analyst,Consulting,Full-Time,2022-10-05,Target Population
EMP-07908,OFC-SIN,Consultant,HR,Full-Time,2024-05-21,Target Population
EMP-07909,OFC-LON,Project Leader,Digital Ventures,Full-Time,2021-12-23,Target Population
EMP-07910,OFC-NYC,Analyst,Finance,Full-Time,2025-03-07,Target Population
EMP-07911,OFC-SIN,Partner,HR,Full-Time,2023-08-22,Target Population
EMP-07912,OFC-BOS,Principal,Consulting,Full-Time,2025-07-23,Target Population
EMP-07913,OFC-BOS,Project Leader,Finance,Full-Time,2024-10-21,Target Population
EMP-07914,OFC-NYC,Partner,Operations,Full-Time,2022-07-21,Target Population
EMP-07915,OFC-BOS,Analyst,Consulting,Full-Time,2024-07-16,Target Population
EMP-07916,OFC-NYC,Consultant,Consulting,Full-Time,2022-03-26,Target Population
EMP-07917,OFC-SIN,Consultant,IT,Full-Time,2023-06-05,Target Population
EMP-07918,OFC-LON,Analyst,IT,Full-Time,2026-09-23,Target Population
EMP-07919,OFC-NYC,Project Leader,Operations,Full-Time,2026-03-30,Target Population
EMP-07920,OFC-SIN,Partner,HR,Full-Time,2023-08-28,Target Population
EMP-07921,OFC-BOS,Consultant,HR,Full-Time,2024-02-17,Target Population
EMP-07922,OFC-BOS,Consultant,Consulting,Full-Time,2023-06-07,Target Population
EMP-07923,OFC-LON,Analyst,IT,Full-Time,2021-12-16,Target Population
EMP-07924,OFC-LON,Analyst,Digital Ventures,Full-Time,2022-06-23,Target Population
EMP-07925,OFC-BOS,Principal,Operations,Full-Time,2026-05-06,Target Population
EMP-07926,OFC-NYC,Analyst,Finance,Full-Time,2025-07-21,Target Population
EMP-07927,OFC-LON,Analyst,IT,Full-Time,2022-07-05,Target Population
EMP-07928,OFC-GUR,Analyst,Finance,Full-Time,2026-02-13,Target Population
EMP-07929,OFC-LON,Consultant,Digital Ventures,Full-Time,2025-02-13,Target Population
EMP-07930,OFC-NYC,Principal,Digital Ventures,Full-Time,2023-06-03,Target Population
EMP-07931,OFC-BOS,Project Leader,Digital Ventures,Full-Time,2025-12-08,Target Population
EMP-07932,OFC-NYC,Analyst,IT,Full-Time,2024-06-20,Target Population
EMP-07933,OFC-BOS,Managing Director,Consulting,Full-Time,2026-02-12,Target Population
EMP-07934,OFC-SIN,Consultant,Operations,Full-Time,2022-03-30,Target Population
EMP-07935,OFC-LON,Partner,Digital Ventures,Full-Time,2024-11-01,Target Population
EMP-07936,OFC-NYC,Project Leader,Digital Ventures,Full-Time,2025-02-23,Target Population
EMP-07937,OFC-GUR,Analyst,Digital Ventures,Full-Time,2023-01-09,Target Population
EMP-07938,OFC-LON,Consultant,IT,Full-Time,2025-05-27,Target Population
EMP-07939,OFC-NYC,Consultant,Digital Ventures,Full-Time,2024-11-28,Target Population
EMP-07940,OFC-GUR,Consultant,Consulting,Full-Time,2025-01-18,Target Population
EMP-07941,OFC-SIN,Consultant,HR,Full-Time,2024-12-08,Target Population
EMP-07942,OFC-GUR,Principal,Consulting,Full-Time,2021-11-13,Target Population
EMP-07943,OFC-BOS,Analyst,Consulting,Full-Time,2024-03-09,Target Population
EMP-07944,OFC-LON,Analyst,Finance,Full-Time,2024-09-12,Target Population
EMP-07945,OFC-GUR,Analyst,Finance,Full-Time,2024-10-02,Target Population
EMP-07946,OFC-BOS,Analyst,Finance,Full-Time,2024-05-21,Target Population
EMP-07947,OFC-BOS,Analyst,Operations,Full-Time,2025-07-22,Target Population
EMP-07948,OFC-SIN,Analyst,Digital Ventures,Full-Time,2026-07-16,Target Population
EMP-07949,OFC-BOS,Project Leader,Finance,Full-Time,2022-07-06,Target Population
EMP-07950,OFC-GUR,Consultant,IT,Full-Time,2023-08-08,Target Population
EMP-07951,OFC-LON,Principal,Consulting,Full-Time,2025-07-18,Target Population
EMP-07952,OFC-NYC,Principal,Digital Ventures,Full-Time,2025-04-20,Target Population
EMP-07953,OFC-BOS,Partner,Digital Ventures,Full-Time,2025-07-12,Target Population
EMP-07954,OFC-GUR,Consultant,HR,Full-Time,2024-03-21,Target Population
EMP-07955,OFC-NYC,Project Leader,Operations,Full-Time,2023-02-27,Target Population
EMP-07956,OFC-LON,Analyst,Finance,Full-Time,2025-05-15,Target Population
EMP-07957,OFC-GUR,Partner,Consulting,Full-Time,2025-04-15,Target Population
EMP-07958,OFC-GUR,Analyst,Finance,Full-Time,2022-12-14,Target Population
EMP-07959,OFC-SIN,Analyst,IT,Full-Time,2026-10-05,Target Population
EMP-07960,OFC-LON,Project Leader,Consulting,Full-Time,2022-07-01,Target Population
EMP-07961,OFC-NYC,Consultant,HR,Full-Time,2022-12-27,Target Population
EMP-07962,OFC-SIN,Analyst,HR,Full-Time,2023-07-14,Target Population
EMP-07963,OFC-LON,Principal,Operations,Full-Time,2024-05-06,Target Population
EMP-07964,OFC-NYC,Consultant,HR,Full-Time,2025-10-20,Target Population
EMP-07965,OFC-BOS,Project Leader,Digital Ventures,Full-Time,2026-03-27,Target Population
EMP-07966,OFC-GUR,Consultant,Finance,Full-Time,2024-08-14,Target Population
EMP-07967,OFC-NYC,Consultant,Consulting,Full-Time,2022-04-30,Target Population
EMP-07968,OFC-GUR,Consultant,IT,Full-Time,2024-12-17,Target Population
EMP-07969,OFC-LON,Consultant,Digital Ventures,Full-Time,2022-07-08,Target Population
EMP-07970,OFC-BOS,Analyst,Finance,Full-Time,2021-10-27,Target Population
EMP-07971,OFC-LON,Project Leader,HR,Full-Time,2025-04-01,Target Population
EMP-07972,OFC-BOS,Consultant,Operations,Full-Time,2024-02-03,Target Population
EMP-07973,OFC-NYC,Analyst,Consulting,Full-Time,2025-04-16,Target Population
EMP-07974,OFC-LON,Partner,Finance,Full-Time,2023-04-03,Target Population
EMP-07975,OFC-NYC,Project Leader,IT,Full-Time,2026-06-29,Target Population
EMP-07976,OFC-GUR,Principal,Consulting,Full-Time,2025-09-11,Target Population
EMP-07977,OFC-GUR,Consultant,Digital Ventures,Full-Time,2026-08-06,Target Population
EMP-07978,OFC-GUR,Analyst,Finance,Full-Time,2022-12-06,Target Population
EMP-07979,OFC-BOS,Consultant,Consulting,Full-Time,2023-06-18,Target Population
EMP-07980,OFC-BOS,Analyst,HR,Full-Time,2023-05-07,Target Population
EMP-07981,OFC-LON,Analyst,HR,Full-Time,2025-01-05,Target Population
EMP-07982,OFC-SIN,Project Leader,IT,Full-Time,2024-03-24,Target Population
EMP-07983,OFC-GUR,Consultant,IT,Full-Time,2026-06-23,Target Population
EMP-07984,OFC-GUR,Analyst,Consulting,Full-Time,2025-12-09,Target Population
EMP-07985,OFC-NYC,Consultant,Consulting,Full-Time,2022-02-15,Target Population
EMP-07986,OFC-NYC,Analyst,Finance,Full-Time,2024-05-02,Target Population
EMP-07987,OFC-LON,Analyst,HR,Full-Time,2026-09-29,Target Population
EMP-07988,OFC-BOS,Analyst,Consulting,Full-Time,2024-05-08,Target Population
EMP-07989,OFC-BOS,Managing Director,Finance,Full-Time,2025-12-20,Target Population
EMP-07990,OFC-SIN,Analyst,Finance,Full-Time,2026-07-10,Target Population
EMP-07991,OFC-BOS,Consultant,Digital Ventures,Full-Time,2025-09-15,Target Population
EMP-07992,OFC-BOS,Project Leader,Operations,Full-Time,2023-09-04,Target Population
EMP-07993,OFC-BOS,Project Leader,IT,Full-Time,2021-12-29,Target Population
EMP-07994,OFC-SIN,Principal,Digital Ventures,Full-Time,2021-10-14,Target Population
EMP-07995,OFC-LON,Consultant,Operations,Full-Time,2023-01-28,Target Population
EMP-07996,OFC-GUR,Consultant,Finance,Full-Time,2024-01-01,Target Population
EMP-07997,OFC-SIN,Project Leader,Finance,Full-Time,2024-04-26,Target Population
EMP-07998,OFC-NYC,Project Leader,Finance,Full-Time,2025-10-14,Target Population
EMP-07999,OFC-LON,Analyst,HR,Full-Time,2022-10-27,Target Population
EMP-08000,OFC-BOS,Consultant,Operations,Full-Time,2024-03-18,Target Population
EMP-08001,OFC-BOS,Project Leader,Consulting,Full-Time,2025-04-25,Target Population
EMP-08002,OFC-GUR,Principal,HR,Full-Time,2023-04-17,Target Population
EMP-08003,OFC-GUR,Consultant,HR,Full-Time,2025-12-13,Target Population
EMP-08004,OFC-NYC,Analyst,Operations,Full-Time,2023-11-06,Target Population
EMP-08005,OFC-NYC,Consultant,HR,Full-Time,2022-01-03,Target Population
EMP-08006,OFC-LON,Consultant,Operations,Full-Time,2022-10-12,Target Population
EMP-08007,OFC-BOS,Project Leader,HR,Full-Time,2024-02-15,Target Population
EMP-08008,OFC-BOS,Analyst,HR,Full-Time,2025-12-16,Target Population
EMP-08009,OFC-BOS,Consultant,HR,Full-Time,2022-05-02,Target Population
EMP-08010,OFC-NYC,Consultant,HR,Full-Time,2024-11-03,Target Population
EMP-08011,OFC-GUR,Project Leader,Finance,Full-Time,2026-09-16,Target Population
EMP-08012,OFC-NYC,Project Leader,IT,Full-Time,2025-11-07,Target Population
EMP-08013,OFC-BOS,Managing Director,Operations,Full-Time,2026-07-30,Target Population
EMP-08014,OFC-LON,Managing Director,Finance,Full-Time,2025-06-22,Target Population
EMP-08015,OFC-SIN,Consultant,Consulting,Full-Time,2023-12-17,Target Population
EMP-08016,OFC-BOS,Consultant,Finance,Full-Time,2025-10-25,Target Population
EMP-08017,OFC-BOS,Project Leader,Finance,Full-Time,2022-10-13,Target Population
EMP-08018,OFC-NYC,Consultant,Finance,Full-Time,2024-12-09,Target Population
EMP-08019,OFC-GUR,Analyst,IT,Full-Time,2026-02-15,Target Population
EMP-08020,OFC-LON,Analyst,IT,Full-Time,2026-08-29,Target Population
EMP-08021,OFC-GUR,Partner,IT,Full-Time,2021-11-30,Target Population
EMP-08022,OFC-SIN,Consultant,Consulting,Full-Time,2023-12-22,Target Population
EMP-08023,OFC-GUR,Analyst,IT,Full-Time,2023-02-24,Target Population
EMP-08024,OFC-LON,Project Leader,Finance,Full-Time,2026-09-18,Target Population
EMP-08025,OFC-LON,Consultant,Consulting,Full-Time,2022-04-06,Target Population
EMP-08026,OFC-BOS,Consultant,Operations,Full-Time,2023-01-04,Target Population
EMP-08027,OFC-SIN,Consultant,IT,Full-Time,2024-06-26,Target Population
EMP-08028,OFC-NYC,Consultant,Consulting,Full-Time,2025-09-08,Target Population
EMP-08029,OFC-BOS,Analyst,IT,Full-Time,2022-12-01,Target Population
EMP-08030,OFC-GUR,Project Leader,Consulting,Full-Time,2024-10-21,Target Population
EMP-08031,OFC-NYC,Analyst,Operations,Full-Time,2023-02-26,Target Population
EMP-08032,OFC-LON,Consultant,Consulting,Full-Time,2022-03-20,Target Population
EMP-08033,OFC-LON,Analyst,Finance,Full-Time,2024-02-01,Target Population
EMP-08034,OFC-NYC,Managing Director,IT,Full-Time,2024-11-02,Target Population
EMP-08035,OFC-GUR,Project Leader,Finance,Full-Time,2025-05-02,Target Population
EMP-08036,OFC-NYC,Consultant,Digital Ventures,Full-Time,2024-10-17,Target Population
EMP-08037,OFC-NYC,Consultant,Consulting,Full-Time,2022-03-07,Target Population
EMP-08038,OFC-LON,Managing Director,Operations,Full-Time,2024-03-25,Target Population
EMP-08039,OFC-GUR,Analyst,IT,Full-Time,2024-03-31,Target Population
EMP-08040,OFC-GUR,Analyst,HR,Full-Time,2026-04-09,Target Population
EMP-08041,OFC-NYC,Analyst,Consulting,Full-Time,2022-06-02,Target Population
EMP-08042,OFC-LON,Consultant,Finance,Full-Time,2026-02-19,Target Population
EMP-08043,OFC-BOS,Analyst,Consulting,Full-Time,2023-06-01,Target Population
EMP-08044,OFC-SIN,Consultant,HR,Full-Time,2023-04-29,Target Population
EMP-08045,OFC-NYC,Consultant,IT,Full-Time,2022-07-27,Target Population
EMP-08046,OFC-GUR,Partner,Operations,Full-Time,2023-03-10,Target Population
EMP-08047,OFC-BOS,Analyst,Finance,Full-Time,2026-05-23,Target Population
EMP-08048,OFC-BOS,Consultant,Finance,Full-Time,2024-07-05,Target Population
EMP-08049,OFC-LON,Principal,Digital Ventures,Full-Time,2024-06-15,Target Population
EMP-08050,OFC-SIN,Consultant,IT,Full-Time,2024-04-29,Target Population
EMP-08051,OFC-LON,Analyst,Finance,Full-Time,2024-01-28,Target Population
EMP-08052,OFC-SIN,Analyst,Consulting,Full-Time,2024-11-06,Target Population
EMP-08053,OFC-LON,Consultant,Finance,Full-Time,2022-07-31,Target Population
EMP-08054,OFC-LON,Analyst,Digital Ventures,Full-Time,2026-04-24,Target Population
EMP-08055,OFC-BOS,Partner,HR,Full-Time,2026-09-13,Target Population
EMP-08056,OFC-GUR,Consultant,Operations,Full-Time,2024-10-03,Target Population
EMP-08057,OFC-BOS,Analyst,HR,Full-Time,2022-12-27,Target Population
EMP-08058,OFC-SIN,Consultant,Digital Ventures,Full-Time,2021-11-16,Target Population
EMP-08059,OFC-SIN,Analyst,Consulting,Full-Time,2022-12-06,Target Population
EMP-08060,OFC-SIN,Analyst,Digital Ventures,Full-Time,2026-03-04,Target Population
EMP-08061,OFC-LON,Principal,Operations,Full-Time,2024-02-28,Target Population
EMP-08062,OFC-GUR,Analyst,Digital Ventures,Full-Time,2024-12-08,Target Population
EMP-08063,OFC-GUR,Analyst,Finance,Full-Time,2025-11-21,Target Population
EMP-08064,OFC-BOS,Consultant,Digital Ventures,Full-Time,2025-04-09,Target Population
EMP-08065,OFC-LON,Analyst,Finance,Full-Time,2024-08-29,Target Population
EMP-08066,OFC-BOS,Consultant,Finance,Full-Time,2023-02-25,Target Population
EMP-08067,OFC-LON,Analyst,Finance,Full-Time,2022-08-21,Target Population
EMP-08068,OFC-BOS,Analyst,Digital Ventures,Full-Time,2023-08-14,Target Population
EMP-08069,OFC-BOS,Analyst,IT,Full-Time,2023-01-30,Target Population
EMP-08070,OFC-NYC,Principal,Finance,Full-Time,2026-01-17,Target Population
EMP-08071,OFC-NYC,Analyst,Operations,Full-Time,2023-08-24,Target Population
EMP-08072,OFC-LON,Consultant,Consulting,Full-Time,2023-05-15,Target Population
EMP-08073,OFC-BOS,Analyst,Finance,Full-Time,2026-07-08,Target Population
EMP-08074,OFC-LON,Analyst,Consulting,Full-Time,2026-03-28,Target Population
EMP-08075,OFC-BOS,Principal,IT,Full-Time,2026-04-17,Target Population
EMP-08076,OFC-LON,Consultant,IT,Full-Time,2026-06-15,Target Population
EMP-08077,OFC-LON,Project Leader,Operations,Full-Time,2022-09-26,Target Population
EMP-08078,OFC-LON,Analyst,Digital Ventures,Full-Time,2025-04-25,Target Population
EMP-08079,OFC-GUR,Consultant,Finance,Full-Time,2025-09-06,Target Population
EMP-08080,OFC-NYC,Principal,IT,Full-Time,2022-06-01,Target Population
EMP-08081,OFC-GUR,Analyst,Finance,Full-Time,2022-10-04,Target Population
EMP-08082,OFC-NYC,Consultant,HR,Full-Time,2022-11-18,Target Population
EMP-08083,OFC-LON,Project Leader,HR,Full-Time,2021-11-29,Target Population
EMP-08084,OFC-LON,Principal,HR,Full-Time,2025-11-04,Target Population
EMP-08085,OFC-BOS,Analyst,Finance,Full-Time,2024-09-22,Target Population
EMP-08086,OFC-GUR,Analyst,Finance,Full-Time,2024-06-01,Target Population
EMP-08087,OFC-LON,Analyst,Operations,Full-Time,2024-11-06,Target Population
EMP-08088,OFC-NYC,Consultant,Consulting,Full-Time,2022-12-12,Target Population
EMP-08089,OFC-BOS,Partner,Finance,Full-Time,2025-07-11,Target Population
EMP-08090,OFC-BOS,Analyst,Finance,Full-Time,2026-03-20,Target Population
EMP-08091,OFC-SIN,Analyst,IT,Full-Time,2024-09-03,Target Population
EMP-08092,OFC-GUR,Analyst,Operations,Full-Time,2023-03-26,Target Population
EMP-08093,OFC-BOS,Analyst,Digital Ventures,Full-Time,2024-05-10,Target Population
EMP-08094,OFC-NYC,Consultant,HR,Full-Time,2022-01-04,Target Population
EMP-08095,OFC-LON,Analyst,IT,Full-Time,2022-10-10,Target Population
EMP-08096,OFC-GUR,Analyst,HR,Full-Time,2023-08-28,Target Population
EMP-08097,OFC-BOS,Analyst,HR,Full-Time,2022-11-10,Target Population
EMP-08098,OFC-BOS,Consultant,Operations,Full-Time,2022-12-23,Target Population
EMP-08099,OFC-SIN,Consultant,HR,Full-Time,2023-09-10,Target Population
EMP-08100,OFC-BOS,Project Leader,Finance,Full-Time,2024-05-19,Target Population
EMP-08101,OFC-BOS,Analyst,HR,Full-Time,2022-10-31,Target Population
EMP-08102,OFC-SIN,Project Leader,HR,Full-Time,2023-07-20,Target Population
EMP-08103,OFC-LON,Project Leader,Consulting,Full-Time,2022-11-15,Target Population
EMP-08104,OFC-NYC,Consultant,Finance,Full-Time,2022-06-08,Target Population
EMP-08105,OFC-BOS,Project Leader,Operations,Full-Time,2025-05-18,Target Population
EMP-08106,OFC-BOS,Consultant,Operations,Full-Time,2022-09-19,Target Population
EMP-08107,OFC-BOS,Consultant,Operations,Full-Time,2022-06-05,Target Population
EMP-08108,OFC-SIN,Analyst,Finance,Full-Time,2021-12-04,Target Population
EMP-08109,OFC-NYC,Project Leader,Operations,Full-Time,2025-11-19,Target Population
EMP-08110,OFC-GUR,Consultant,HR,Full-Time,2025-06-07,Target Population
EMP-08111,OFC-SIN,Analyst,Operations,Full-Time,2022-02-16,Target Population
EMP-08112,OFC-NYC,Analyst,Digital Ventures,Full-Time,2023-06-09,Target Population
EMP-08113,OFC-BOS,Managing Director,Consulting,Full-Time,2022-09-06,Target Population
EMP-08114,OFC-LON,Consultant,HR,Full-Time,2022-01-16,Target Population
EMP-08115,OFC-SIN,Analyst,Finance,Full-Time,2026-02-18,Target Population
EMP-08116,OFC-GUR,Analyst,Consulting,Full-Time,2022-04-09,Target Population
EMP-08117,OFC-BOS,Principal,Finance,Full-Time,2025-10-03,Target Population
EMP-08118,OFC-GUR,Analyst,Digital Ventures,Full-Time,2022-10-11,Target Population
EMP-08119,OFC-LON,Analyst,Operations,Full-Time,2023-12-02,Target Population
EMP-08120,OFC-SIN,Project Leader,Digital Ventures,Full-Time,2022-02-18,Target Population
EMP-08121,OFC-BOS,Analyst,Operations,Full-Time,2022-04-30,Target Population
EMP-08122,OFC-LON,Consultant,Consulting,Full-Time,2024-05-01,Target Population
EMP-08123,OFC-SIN,Consultant,HR,Full-Time,2021-11-07,Target Population
EMP-08124,OFC-NYC,Analyst,Operations,Full-Time,2022-08-02,Target Population
EMP-08125,OFC-LON,Analyst,Consulting,Full-Time,2022-10-26,Target Population
EMP-08126,OFC-BOS,Consultant,Finance,Full-Time,2023-07-07,Target Population
EMP-08127,OFC-NYC,Analyst,Consulting,Full-Time,2026-10-06,Target Population
EMP-08128,OFC-NYC,Project Leader,HR,Full-Time,2023-06-20,Target Population
EMP-08129,OFC-SIN,Principal,HR,Full-Time,2023-05-04,Target Population
EMP-08130,OFC-NYC,Partner,Consulting,Full-Time,2024-10-03,Target Population
EMP-08131,OFC-LON,Project Leader,Operations,Full-Time,2022-01-05,Target Population
EMP-08132,OFC-GUR,Analyst,IT,Full-Time,2022-07-16,Target Population
EMP-08133,OFC-BOS,Analyst,Consulting,Full-Time,2023-01-02,Target Population
EMP-08134,OFC-LON,Analyst,Consulting,Full-Time,2024-02-15,Target Population
EMP-08135,OFC-GUR,Principal,Operations,Full-Time,2026-09-12,Target Population
EMP-08136,OFC-SIN,Partner,IT,Full-Time,2024-09-21,Target Population
EMP-08137,OFC-LON,Analyst,Consulting,Full-Time,2024-10-05,Target Population
EMP-08138,OFC-GUR,Analyst,HR,Full-Time,2023-02-17,Target Population
EMP-08139,OFC-BOS,Consultant,HR,Full-Time,2026-01-09,Target Population
EMP-08140,OFC-SIN,Analyst,HR,Full-Time,2023-10-28,Target Population
EMP-08141,OFC-BOS,Analyst,Consulting,Full-Time,2026-01-22,Target Population
EMP-08142,OFC-GUR,Analyst,HR,Full-Time,2026-08-13,Target Population
EMP-08143,OFC-NYC,Consultant,Consulting,Full-Time,2022-05-07,Target Population
EMP-08144,OFC-SIN,Partner,Digital Ventures,Full-Time,2022-08-10,Target Population
EMP-08145,OFC-GUR,Consultant,Consulting,Full-Time,2026-09-07,Target Population
EMP-08146,OFC-GUR,Consultant,Consulting,Full-Time,2021-11-19,Target Population
EMP-08147,OFC-BOS,Principal,IT,Full-Time,2026-04-07,Target Population
EMP-08148,OFC-NYC,Project Leader,IT,Full-Time,2023-08-12,Target Population
EMP-08149,OFC-LON,Consultant,Consulting,Full-Time,2023-05-25,Target Population
EMP-08150,OFC-GUR,Project Leader,IT,Full-Time,2024-02-29,Target Population
EMP-08151,OFC-BOS,Project Leader,HR,Full-Time,2023-03-24,Target Population
EMP-08152,OFC-SIN,Managing Director,Digital Ventures,Full-Time,2026-05-02,Target Population
EMP-08153,OFC-SIN,Project Leader,Finance,Full-Time,2021-10-20,Target Population
EMP-08154,OFC-NYC,Analyst,HR,Full-Time,2022-08-09,Target Population
EMP-08155,OFC-GUR,Partner,Finance,Full-Time,2023-08-02,Target Population
EMP-08156,OFC-LON,Consultant,Consulting,Full-Time,2026-01-20,Target Population
EMP-08157,OFC-LON,Partner,Consulting,Full-Time,2025-10-20,Target Population
EMP-08158,OFC-NYC,Analyst,Operations,Full-Time,2024-11-18,Target Population
EMP-08159,OFC-LON,Consultant,Digital Ventures,Full-Time,2023-05-05,Target Population
EMP-08160,OFC-GUR,Analyst,Digital Ventures,Full-Time,2025-07-03,Target Population
EMP-08161,OFC-NYC,Consultant,IT,Full-Time,2022-09-05,Target Population
EMP-08162,OFC-LON,Consultant,Consulting,Full-Time,2023-04-21,Target Population
EMP-08163,OFC-GUR,Analyst,Operations,Full-Time,2024-10-13,Target Population
EMP-08164,OFC-GUR,Consultant,Operations,Full-Time,2024-12-29,Target Population
EMP-08165,OFC-BOS,Analyst,IT,Full-Time,2025-05-16,Target Population
EMP-08166,OFC-SIN,Consultant,Operations,Full-Time,2023-08-03,Target Population
EMP-08167,OFC-LON,Consultant,Operations,Full-Time,2026-02-20,Target Population
EMP-08168,OFC-NYC,Partner,HR,Full-Time,2023-09-13,Target Population
EMP-08169,OFC-BOS,Analyst,Consulting,Full-Time,2025-03-26,Target Population
EMP-08170,OFC-LON,Partner,Digital Ventures,Full-Time,2022-09-22,Target Population
EMP-08171,OFC-SIN,Consultant,Finance,Full-Time,2024-06-09,Target Population
EMP-08172,OFC-NYC,Analyst,IT,Full-Time,2022-10-26,Target Population
EMP-08173,OFC-GUR,Analyst,IT,Full-Time,2025-09-23,Target Population
EMP-08174,OFC-BOS,Project Leader,Finance,Full-Time,2022-09-14,Target Population
EMP-08175,OFC-LON,Consultant,Operations,Full-Time,2026-03-09,Target Population
EMP-08176,OFC-SIN,Project Leader,HR,Full-Time,2022-12-03,Target Population
EMP-08177,OFC-GUR,Analyst,Consulting,Full-Time,2025-12-25,Target Population
EMP-08178,OFC-BOS,Project Leader,Digital Ventures,Full-Time,2024-11-02,Target Population
EMP-08179,OFC-LON,Partner,Finance,Full-Time,2024-03-20,Target Population
EMP-08180,OFC-BOS,Consultant,Finance,Full-Time,2026-07-03,Target Population
EMP-08181,OFC-NYC,Partner,HR,Full-Time,2022-02-10,Target Population
EMP-08182,OFC-GUR,Project Leader,Operations,Full-Time,2022-06-19,Target Population
EMP-08183,OFC-GUR,Analyst,Operations,Full-Time,2024-07-22,Target Population
EMP-08184,OFC-BOS,Consultant,Consulting,Full-Time,2025-12-18,Target Population
EMP-08185,OFC-SIN,Project Leader,Digital Ventures,Full-Time,2022-10-01,Target Population
EMP-08186,OFC-LON,Project Leader,Digital Ventures,Full-Time,2025-01-14,Target Population
EMP-08187,OFC-NYC,Consultant,Operations,Full-Time,2024-03-06,Target Population
EMP-08188,OFC-LON,Analyst,Consulting,Full-Time,2025-08-26,Target Population
EMP-08189,OFC-LON,Consultant,Digital Ventures,Full-Time,2024-06-02,Target Population
EMP-08190,OFC-LON,Consultant,Operations,Full-Time,2025-07-17,Target Population
EMP-08191,OFC-LON,Analyst,Consulting,Full-Time,2023-09-08,Target Population
EMP-08192,OFC-LON,Consultant,Finance,Full-Time,2026-06-23,Target Population
EMP-08193,OFC-BOS,Project Leader,Consulting,Full-Time,2025-03-25,Target Population
EMP-08194,OFC-GUR,Principal,Finance,Full-Time,2024-03-27,Target Population
EMP-08195,OFC-LON,Consultant,HR,Full-Time,2025-05-28,Target Population
EMP-08196,OFC-BOS,Consultant,Consulting,Full-Time,2023-05-16,Target Population
EMP-08197,OFC-GUR,Partner,IT,Full-Time,2022-05-11,Target Population
EMP-08198,OFC-SIN,Partner,HR,Full-Time,2025-10-23,Target Population
EMP-08199,OFC-SIN,Analyst,Consulting,Full-Time,2024-11-21,Target Population
EMP-08200,OFC-NYC,Consultant,Digital Ventures,Full-Time,2023-04-17,Target Population
EMP-08201,OFC-BOS,Consultant,Operations,Full-Time,2021-11-15,Target Population
EMP-08202,OFC-LON,Project Leader,Digital Ventures,Full-Time,2025-12-12,Target Population
EMP-08203,OFC-BOS,Analyst,Finance,Full-Time,2022-08-29,Target Population
EMP-08204,OFC-SIN,Analyst,Finance,Full-Time,2025-02-19,Target Population
EMP-08205,OFC-BOS,Analyst,Digital Ventures,Full-Time,2025-06-28,Target Population
EMP-08206,OFC-NYC,Consultant,Digital Ventures,Full-Time,2026-03-18,Target Population
EMP-08207,OFC-NYC,Principal,Consulting,Full-Time,2022-06-28,Target Population
EMP-08208,OFC-NYC,Analyst,Finance,Full-Time,2022-10-12,Target Population
EMP-08209,OFC-GUR,Partner,Finance,Full-Time,2022-12-26,Target Population
EMP-08210,OFC-LON,Project Leader,HR,Full-Time,2025-02-14,Target Population
EMP-08211,OFC-BOS,Analyst,Finance,Full-Time,2025-03-04,Target Population
EMP-08212,OFC-NYC,Consultant,HR,Full-Time,2022-08-19,Target Population
EMP-08213,OFC-LON,Consultant,IT,Full-Time,2023-03-15,Target Population
EMP-08214,OFC-BOS,Consultant,Finance,Full-Time,2022-04-26,Target Population
EMP-08215,OFC-LON,Analyst,Digital Ventures,Full-Time,2024-11-10,Target Population
EMP-08216,OFC-LON,Analyst,HR,Full-Time,2023-06-17,Target Population
EMP-08217,OFC-GUR,Analyst,IT,Full-Time,2024-08-24,Target Population
EMP-08218,OFC-SIN,Partner,Finance,Full-Time,2023-06-21,Target Population
EMP-08219,OFC-SIN,Principal,Digital Ventures,Full-Time,2025-03-16,Target Population
EMP-08220,OFC-SIN,Analyst,Digital Ventures,Full-Time,2022-10-23,Target Population
EMP-08221,OFC-BOS,Analyst,Operations,Full-Time,2023-09-30,Target Population
EMP-08222,OFC-BOS,Analyst,Operations,Full-Time,2025-05-18,Target Population
EMP-08223,OFC-NYC,Consultant,Digital Ventures,Full-Time,2026-01-04,Target Population
EMP-08224,OFC-SIN,Principal,Finance,Full-Time,2024-02-19,Target Population
EMP-08225,OFC-SIN,Consultant,Consulting,Full-Time,2026-09-18,Target Population
EMP-08226,OFC-SIN,Analyst,Consulting,Full-Time,2024-02-02,Target Population
EMP-08227,OFC-BOS,Analyst,Consulting,Full-Time,2025-03-03,Target Population
EMP-08228,OFC-SIN,Consultant,Consulting,Full-Time,2024-10-17,Target Population
EMP-08229,OFC-NYC,Analyst,IT,Full-Time,2025-10-24,Target Population
EMP-08230,OFC-BOS,Consultant,Digital Ventures,Full-Time,2025-03-16,Target Population
EMP-08231,OFC-NYC,Analyst,IT,Full-Time,2025-11-20,Target Population
EMP-08232,OFC-BOS,Analyst,Finance,Full-Time,2026-02-11,Target Population
EMP-08233,OFC-LON,Consultant,Consulting,Full-Time,2024-02-20,Target Population
EMP-08234,OFC-NYC,Project Leader,Operations,Full-Time,2023-01-07,Target Population
EMP-08235,OFC-LON,Project Leader,Finance,Full-Time,2025-08-19,Target Population
EMP-08236,OFC-LON,Analyst,IT,Full-Time,2022-09-07,Target Population
EMP-08237,OFC-SIN,Principal,Operations,Full-Time,2022-10-21,Target Population
EMP-08238,OFC-GUR,Consultant,Operations,Full-Time,2023-11-24,Target Population
EMP-08239,OFC-NYC,Analyst,Consulting,Full-Time,2025-12-05,Target Population
EMP-08240,OFC-GUR,Principal,Operations,Full-Time,2025-12-29,Target Population
EMP-08241,OFC-SIN,Consultant,Consulting,Full-Time,2023-09-24,Target Population
EMP-08242,OFC-BOS,Consultant,Digital Ventures,Full-Time,2022-11-29,Target Population
EMP-08243,OFC-LON,Consultant,Finance,Full-Time,2022-01-07,Target Population
EMP-08244,OFC-NYC,Managing Director,Finance,Full-Time,2022-08-12,Target Population
EMP-08245,OFC-BOS,Principal,Digital Ventures,Full-Time,2022-03-20,Target Population
EMP-08246,OFC-GUR,Partner,Digital Ventures,Full-Time,2022-05-06,Target Population
EMP-08247,OFC-SIN,Principal,Digital Ventures,Full-Time,2026-01-01,Target Population
EMP-08248,OFC-BOS,Analyst,Consulting,Full-Time,2021-12-29,Target Population
EMP-08249,OFC-GUR,Principal,Digital Ventures,Full-Time,2023-04-16,Target Population
EMP-08250,OFC-SIN,Project Leader,IT,Full-Time,2025-01-07,Target Population
EMP-08251,OFC-SIN,Partner,HR,Full-Time,2024-07-18,Target Population
EMP-08252,OFC-NYC,Analyst,IT,Full-Time,2023-01-24,Target Population
EMP-08253,OFC-SIN,Analyst,Finance,Full-Time,2024-05-04,Target Population
EMP-08254,OFC-NYC,Analyst,Finance,Full-Time,2022-08-02,Target Population
EMP-08255,OFC-LON,Consultant,HR,Full-Time,2022-06-01,Target Population
EMP-08256,OFC-BOS,Principal,IT,Full-Time,2026-03-10,Target Population
EMP-08257,OFC-BOS,Partner,IT,Full-Time,2025-12-14,Target Population
EMP-08258,OFC-GUR,Consultant,Operations,Full-Time,2025-09-23,Target Population
EMP-08259,OFC-NYC,Analyst,Operations,Full-Time,2023-06-26,Target Population
EMP-08260,OFC-NYC,Analyst,Digital Ventures,Full-Time,2024-04-06,Target Population
EMP-08261,OFC-BOS,Analyst,Digital Ventures,Full-Time,2025-12-31,Target Population
EMP-08262,OFC-GUR,Partner,Operations,Full-Time,2025-12-08,Target Population
EMP-08263,OFC-BOS,Project Leader,Digital Ventures,Full-Time,2026-01-22,Target Population
EMP-08264,OFC-GUR,Analyst,Operations,Full-Time,2023-12-28,Target Population
EMP-08265,OFC-BOS,Consultant,Consulting,Full-Time,2026-05-19,Target Population
EMP-08266,OFC-BOS,Analyst,HR,Full-Time,2024-09-08,Target Population
EMP-08267,OFC-NYC,Project Leader,Finance,Full-Time,2026-05-13,Target Population
EMP-08268,OFC-LON,Consultant,HR,Full-Time,2026-06-01,Target Population
EMP-08269,OFC-NYC,Project Leader,HR,Full-Time,2021-11-30,Target Population
EMP-08270,OFC-NYC,Consultant,Finance,Full-Time,2022-01-13,Target Population
EMP-08271,OFC-SIN,Managing Director,Operations,Full-Time,2025-06-05,Target Population
EMP-08272,OFC-LON,Analyst,HR,Full-Time,2022-10-12,Target Population
EMP-08273,OFC-BOS,Consultant,Digital Ventures,Full-Time,2025-01-10,Target Population
EMP-08274,OFC-NYC,Project Leader,IT,Full-Time,2025-08-05,Target Population
EMP-08275,OFC-SIN,Consultant,Consulting,Full-Time,2024-06-10,Target Population
EMP-08276,OFC-NYC,Consultant,Finance,Full-Time,2024-12-19,Target Population
EMP-08277,OFC-BOS,Consultant,Digital Ventures,Full-Time,2025-07-12,Target Population
EMP-08278,OFC-GUR,Partner,HR,Full-Time,2025-09-04,Target Population
EMP-08279,OFC-LON,Consultant,HR,Full-Time,2022-01-26,Target Population
EMP-08280,OFC-LON,Analyst,HR,Full-Time,2022-01-17,Target Population
EMP-08281,OFC-BOS,Consultant,IT,Full-Time,2023-04-09,Target Population
EMP-08282,OFC-BOS,Consultant,Consulting,Full-Time,2026-07-02,Target Population
EMP-08283,OFC-LON,Analyst,HR,Full-Time,2024-05-05,Target Population
EMP-08284,OFC-BOS,Project Leader,Finance,Full-Time,2023-02-28,Target Population
EMP-08285,OFC-LON,Consultant,HR,Full-Time,2025-12-11,Target Population
EMP-08286,OFC-LON,Partner,Consulting,Full-Time,2025-06-06,Target Population
EMP-08287,OFC-NYC,Analyst,HR,Full-Time,2022-11-28,Target Population
EMP-08288,OFC-SIN,Principal,IT,Full-Time,2024-06-03,Target Population
EMP-08289,OFC-GUR,Analyst,Operations,Full-Time,2025-01-27,Target Population
EMP-08290,OFC-GUR,Project Leader,Consulting,Full-Time,2025-11-29,Target Population
EMP-08291,OFC-BOS,Consultant,HR,Full-Time,2022-09-11,Target Population
EMP-08292,OFC-BOS,Partner,Digital Ventures,Full-Time,2026-08-09,Target Population
EMP-08293,OFC-LON,Consultant,HR,Full-Time,2025-12-09,Target Population
EMP-08294,OFC-BOS,Analyst,HR,Full-Time,2026-06-23,Target Population
EMP-08295,OFC-SIN,Consultant,Digital Ventures,Full-Time,2026-05-09,Target Population
EMP-08296,OFC-BOS,Analyst,Consulting,Full-Time,2026-08-19,Target Population
EMP-08297,OFC-LON,Analyst,Finance,Full-Time,2025-10-05,Target Population
EMP-08298,OFC-NYC,Consultant,IT,Full-Time,2025-10-24,Target Population
EMP-08299,OFC-LON,Principal,Operations,Full-Time,2026-07-19,Target Population
EMP-08300,OFC-BOS,Analyst,HR,Full-Time,2023-02-04,Target Population
EMP-08301,OFC-NYC,Consultant,Digital Ventures,Full-Time,2026-01-28,Target Population
EMP-08302,OFC-NYC,Project Leader,IT,Full-Time,2022-03-29,Target Population
EMP-08303,OFC-SIN,Consultant,Finance,Full-Time,2025-02-03,Target Population
EMP-08304,OFC-BOS,Analyst,IT,Full-Time,2024-01-03,Target Population
EMP-08305,OFC-SIN,Consultant,HR,Full-Time,2025-12-21,Target Population
EMP-08306,OFC-GUR,Analyst,HR,Full-Time,2024-12-23,Target Population
EMP-08307,OFC-NYC,Analyst,Operations,Full-Time,2024-10-06,Target Population
EMP-08308,OFC-GUR,Consultant,Finance,Full-Time,2024-03-08,Target Population
EMP-08309,OFC-BOS,Partner,Consulting,Full-Time,2024-06-28,Target Population
EMP-08310,OFC-SIN,Analyst,Digital Ventures,Full-Time,2022-04-15,Target Population
EMP-08311,OFC-LON,Project Leader,HR,Full-Time,2022-01-02,Target Population
EMP-08312,OFC-NYC,Analyst,Consulting,Full-Time,2022-02-24,Target Population
EMP-08313,OFC-NYC,Analyst,Finance,Full-Time,2022-11-09,Target Population
EMP-08314,OFC-BOS,Consultant,IT,Full-Time,2024-11-18,Target Population
EMP-08315,OFC-SIN,Project Leader,IT,Full-Time,2024-09-24,Target Population
EMP-08316,OFC-BOS,Principal,Finance,Full-Time,2026-09-25,Target Population
EMP-08317,OFC-GUR,Consultant,Operations,Full-Time,2021-12-29,Target Population
EMP-08318,OFC-NYC,Analyst,IT,Full-Time,2024-09-01,Target Population
EMP-08319,OFC-SIN,Project Leader,HR,Full-Time,2025-01-01,Target Population
EMP-08320,OFC-BOS,Consultant,Finance,Full-Time,2022-08-05,Target Population
EMP-08321,OFC-LON,Analyst,Consulting,Full-Time,2025-05-29,Target Population
EMP-08322,OFC-LON,Project Leader,HR,Full-Time,2024-09-13,Target Population
EMP-08323,OFC-GUR,Principal,Digital Ventures,Full-Time,2024-10-21,Target Population
EMP-08324,OFC-BOS,Partner,IT,Full-Time,2025-04-08,Target Population
EMP-08325,OFC-BOS,Analyst,HR,Full-Time,2024-10-02,Target Population
EMP-08326,OFC-BOS,Analyst,Finance,Full-Time,2022-03-31,Target Population
EMP-08327,OFC-GUR,Consultant,IT,Full-Time,2023-11-04,Target Population
EMP-08328,OFC-BOS,Principal,Consulting,Full-Time,2023-11-15,Target Population
EMP-08329,OFC-LON,Partner,Consulting,Full-Time,2023-10-05,Target Population
EMP-08330,OFC-BOS,Analyst,Consulting,Full-Time,2024-06-02,Target Population
EMP-08331,OFC-SIN,Consultant,HR,Full-Time,2022-06-27,Target Population
EMP-08332,OFC-SIN,Analyst,Finance,Full-Time,2022-04-28,Target Population
EMP-08333,OFC-LON,Analyst,Consulting,Full-Time,2024-05-11,Target Population
EMP-08334,OFC-NYC,Project Leader,Finance,Full-Time,2022-09-27,Target Population
EMP-08335,OFC-BOS,Consultant,IT,Full-Time,2024-08-20,Target Population
EMP-08336,OFC-BOS,Analyst,IT,Full-Time,2023-03-18,Target Population
EMP-08337,OFC-NYC,Project Leader,Consulting,Full-Time,2021-12-07,Target Population
EMP-08338,OFC-GUR,Project Leader,Consulting,Full-Time,2026-05-06,Target Population
EMP-08339,OFC-LON,Consultant,Digital Ventures,Full-Time,2024-07-16,Target Population
EMP-08340,OFC-SIN,Partner,Operations,Full-Time,2022-01-31,Target Population
EMP-08341,OFC-NYC,Principal,Digital Ventures,Full-Time,2025-09-07,Target Population
EMP-08342,OFC-GUR,Partner,IT,Full-Time,2025-05-11,Target Population
EMP-08343,OFC-LON,Project Leader,Consulting,Full-Time,2026-08-06,Target Population
EMP-08344,OFC-LON,Analyst,Consulting,Full-Time,2026-02-22,Target Population
EMP-08345,OFC-NYC,Consultant,Finance,Full-Time,2025-05-07,Target Population
EMP-08346,OFC-LON,Consultant,IT,Full-Time,2024-01-13,Target Population
EMP-08347,OFC-LON,Project Leader,IT,Full-Time,2021-12-09,Target Population
EMP-08348,OFC-GUR,Principal,Digital Ventures,Full-Time,2025-10-05,Target Population
EMP-08349,OFC-SIN,Principal,HR,Full-Time,2026-10-07,Target Population
EMP-08350,OFC-NYC,Principal,IT,Full-Time,2021-12-15,Target Population
EMP-08351,OFC-BOS,Consultant,Finance,Full-Time,2024-06-16,Target Population
EMP-08352,OFC-LON,Principal,HR,Full-Time,2024-12-23,Target Population
EMP-08353,OFC-LON,Consultant,Finance,Full-Time,2026-08-14,Target Population
EMP-08354,OFC-BOS,Analyst,Consulting,Full-Time,2025-01-31,Target Population
EMP-08355,OFC-GUR,Analyst,Digital Ventures,Full-Time,2024-07-04,Target Population
EMP-08356,OFC-SIN,Project Leader,Operations,Full-Time,2026-08-20,Target Population
EMP-08357,OFC-SIN,Project Leader,Digital Ventures,Full-Time,2022-08-06,Target Population
EMP-08358,OFC-BOS,Analyst,IT,Full-Time,2025-12-02,Target Population
EMP-08359,OFC-SIN,Project Leader,Operations,Full-Time,2022-08-13,Target Population
EMP-08360,OFC-GUR,Consultant,Finance,Full-Time,2023-07-08,Target Population
EMP-08361,OFC-LON,Consultant,Operations,Full-Time,2024-08-15,Target Population
EMP-08362,OFC-LON,Analyst,Operations,Full-Time,2025-12-28,Target Population
EMP-08363,OFC-GUR,Analyst,Consulting,Full-Time,2026-01-16,Target Population
EMP-08364,OFC-LON,Consultant,Consulting,Full-Time,2024-08-26,Target Population
EMP-08365,OFC-NYC,Consultant,HR,Full-Time,2023-03-08,Target Population
EMP-08366,OFC-LON,Consultant,Operations,Full-Time,2024-04-24,Target Population
EMP-08367,OFC-LON,Analyst,Digital Ventures,Full-Time,2024-11-08,Target Population
EMP-08368,OFC-BOS,Consultant,IT,Full-Time,2025-06-22,Target Population
EMP-08369,OFC-SIN,Project Leader,Operations,Full-Time,2023-06-25,Target Population
EMP-08370,OFC-GUR,Analyst,IT,Full-Time,2025-12-28,Target Population
EMP-08371,OFC-LON,Managing Director,Finance,Full-Time,2022-05-29,Target Population
EMP-08372,OFC-BOS,Project Leader,Finance,Full-Time,2026-04-28,Target Population
EMP-08373,OFC-LON,Consultant,IT,Full-Time,2023-08-03,Target Population
EMP-08374,OFC-BOS,Analyst,Operations,Full-Time,2024-03-17,Target Population
EMP-08375,OFC-BOS,Consultant,HR,Full-Time,2024-01-08,Target Population
EMP-08376,OFC-LON,Principal,IT,Full-Time,2022-03-03,Target Population
EMP-08377,OFC-NYC,Principal,HR,Full-Time,2024-04-17,Target Population
EMP-08378,OFC-LON,Consultant,Consulting,Full-Time,2026-08-23,Target Population
EMP-08379,OFC-BOS,Consultant,HR,Full-Time,2025-03-09,Target Population
EMP-08380,OFC-NYC,Partner,Finance,Full-Time,2023-09-08,Target Population
EMP-08381,OFC-BOS,Consultant,Operations,Full-Time,2022-07-19,Target Population
EMP-08382,OFC-SIN,Partner,Digital Ventures,Full-Time,2026-09-07,Target Population
EMP-08383,OFC-LON,Consultant,HR,Full-Time,2022-07-28,Target Population
EMP-08384,OFC-GUR,Consultant,IT,Full-Time,2024-08-18,Target Population
EMP-08385,OFC-NYC,Consultant,Finance,Full-Time,2024-02-03,Target Population
EMP-08386,OFC-BOS,Analyst,IT,Full-Time,2022-05-03,Target Population
EMP-08387,OFC-SIN,Analyst,Operations,Full-Time,2026-08-01,Target Population
EMP-08388,OFC-NYC,Consultant,IT,Full-Time,2026-04-13,Target Population
EMP-08389,OFC-NYC,Analyst,HR,Full-Time,2025-10-22,Target Population
EMP-08390,OFC-LON,Analyst,HR,Full-Time,2025-05-25,Target Population
EMP-08391,OFC-BOS,Analyst,Consulting,Full-Time,2023-07-20,Target Population
EMP-08392,OFC-GUR,Partner,Consulting,Full-Time,2024-09-20,Target Population
EMP-08393,OFC-LON,Consultant,IT,Full-Time,2022-06-02,Target Population
EMP-08394,OFC-NYC,Consultant,HR,Full-Time,2024-05-01,Target Population
EMP-08395,OFC-BOS,Managing Director,IT,Full-Time,2026-01-21,Target Population
EMP-08396,OFC-BOS,Consultant,Consulting,Full-Time,2024-04-25,Target Population
EMP-08397,OFC-SIN,Project Leader,Operations,Full-Time,2025-06-13,Target Population
EMP-08398,OFC-GUR,Analyst,Consulting,Full-Time,2026-05-11,Target Population
EMP-08399,OFC-BOS,Project Leader,Operations,Full-Time,2024-06-06,Target Population
EMP-08400,OFC-BOS,Analyst,HR,Full-Time,2023-06-20,Target Population
EMP-08401,OFC-GUR,Consultant,Consulting,Full-Time,2025-04-16,Target Population
EMP-08402,OFC-LON,Analyst,HR,Full-Time,2025-03-09,Target Population
EMP-08403,OFC-NYC,Consultant,IT,Full-Time,2023-11-26,Target Population
EMP-08404,OFC-NYC,Principal,HR,Full-Time,2026-02-24,Target Population
EMP-08405,OFC-BOS,Analyst,IT,Full-Time,2025-08-15,Target Population
EMP-08406,OFC-GUR,Principal,Consulting,Full-Time,2026-06-04,Target Population
EMP-08407,OFC-SIN,Principal,Finance,Full-Time,2023-04-21,Target Population
EMP-08408,OFC-BOS,Consultant,Consulting,Full-Time,2021-12-03,Target Population
EMP-08409,OFC-LON,Partner,Operations,Full-Time,2026-02-26,Target Population
EMP-08410,OFC-NYC,Partner,IT,Full-Time,2023-05-09,Target Population
EMP-08411,OFC-NYC,Project Leader,Consulting,Full-Time,2026-09-03,Target Population
EMP-08412,OFC-NYC,Partner,Consulting,Full-Time,2026-01-04,Target Population
EMP-08413,OFC-GUR,Analyst,Consulting,Full-Time,2023-07-30,Target Population
EMP-08414,OFC-LON,Consultant,IT,Full-Time,2025-09-27,Target Population
EMP-08415,OFC-LON,Consultant,Operations,Full-Time,2024-01-17,Target Population
EMP-08416,OFC-NYC,Consultant,Operations,Full-Time,2026-04-19,Target Population
EMP-08417,OFC-BOS,Analyst,Consulting,Full-Time,2025-06-15,Target Population
EMP-08418,OFC-BOS,Analyst,Operations,Full-Time,2026-07-31,Target Population
EMP-08419,OFC-GUR,Analyst,Operations,Full-Time,2022-04-11,Target Population
EMP-08420,OFC-BOS,Analyst,Consulting,Full-Time,2026-03-17,Target Population
EMP-08421,OFC-GUR,Consultant,Operations,Full-Time,2023-06-22,Target Population
EMP-08422,OFC-NYC,Consultant,IT,Full-Time,2024-11-11,Target Population
EMP-08423,OFC-NYC,Analyst,HR,Full-Time,2025-09-12,Target Population
EMP-08424,OFC-LON,Consultant,Finance,Full-Time,2023-01-09,Target Population
EMP-08425,OFC-NYC,Partner,Consulting,Full-Time,2023-10-23,Target Population
EMP-08426,OFC-BOS,Analyst,Digital Ventures,Full-Time,2023-01-17,Target Population
EMP-08427,OFC-NYC,Partner,Finance,Full-Time,2024-04-26,Target Population
EMP-08428,OFC-GUR,Partner,IT,Full-Time,2025-06-20,Target Population
EMP-08429,OFC-GUR,Project Leader,Operations,Full-Time,2025-04-03,Target Population
EMP-08430,OFC-NYC,Consultant,Finance,Full-Time,2024-06-23,Target Population
EMP-08431,OFC-LON,Analyst,Operations,Full-Time,2022-04-25,Target Population
EMP-08432,OFC-BOS,Analyst,Finance,Full-Time,2023-07-01,Target Population
EMP-08433,OFC-BOS,Consultant,HR,Full-Time,2025-04-10,Target Population
EMP-08434,OFC-BOS,Consultant,HR,Full-Time,2024-01-14,Target Population
EMP-08435,OFC-SIN,Analyst,Digital Ventures,Full-Time,2024-03-16,Target Population
EMP-08436,OFC-BOS,Principal,IT,Full-Time,2023-02-17,Target Population
EMP-08437,OFC-BOS,Project Leader,Digital Ventures,Full-Time,2023-12-12,Target Population
EMP-08438,OFC-NYC,Consultant,Digital Ventures,Full-Time,2023-10-10,Target Population
EMP-08439,OFC-BOS,Analyst,Finance,Full-Time,2025-03-20,Target Population
EMP-08440,OFC-LON,Analyst,Consulting,Full-Time,2023-10-17,Target Population
EMP-08441,OFC-BOS,Analyst,Digital Ventures,Full-Time,2022-09-24,Target Population
EMP-08442,OFC-BOS,Analyst,Finance,Full-Time,2023-01-15,Target Population
EMP-08443,OFC-LON,Consultant,Consulting,Full-Time,2023-05-26,Target Population
EMP-08444,OFC-NYC,Consultant,Consulting,Full-Time,2022-01-01,Target Population
EMP-08445,OFC-GUR,Project Leader,Finance,Full-Time,2023-11-09,Target Population
EMP-08446,OFC-LON,Analyst,IT,Full-Time,2024-05-28,Target Population
EMP-08447,OFC-NYC,Analyst,HR,Full-Time,2025-09-18,Target Population
EMP-08448,OFC-GUR,Consultant,Digital Ventures,Full-Time,2025-11-23,Target Population
EMP-08449,OFC-BOS,Project Leader,Finance,Full-Time,2026-07-12,Target Population
EMP-08450,OFC-LON,Analyst,Finance,Full-Time,2025-06-23,Target Population
EMP-08451,OFC-NYC,Consultant,Operations,Full-Time,2025-05-10,Target Population
EMP-08452,OFC-NYC,Consultant,Finance,Full-Time,2022-01-29,Target Population
EMP-08453,OFC-LON,Project Leader,Operations,Full-Time,2023-06-26,Target Population
EMP-08454,OFC-SIN,Partner,Consulting,Full-Time,2023-02-14,Target Population
EMP-08455,OFC-SIN,Consultant,Consulting,Full-Time,2024-02-01,Target Population
EMP-08456,OFC-LON,Principal,Operations,Full-Time,2022-12-04,Target Population
EMP-08457,OFC-NYC,Analyst,IT,Full-Time,2022-01-05,Target Population
EMP-08458,OFC-BOS,Analyst,Digital Ventures,Full-Time,2023-12-18,Target Population
EMP-08459,OFC-NYC,Project Leader,Operations,Full-Time,2024-02-17,Target Population
EMP-08460,OFC-LON,Analyst,HR,Full-Time,2026-06-13,Target Population
EMP-08461,OFC-NYC,Analyst,Operations,Full-Time,2023-04-06,Target Population
EMP-08462,OFC-SIN,Principal,Consulting,Full-Time,2022-02-15,Target Population
EMP-08463,OFC-NYC,Managing Director,Operations,Full-Time,2025-11-24,Target Population
EMP-08464,OFC-NYC,Analyst,Finance,Full-Time,2021-12-07,Target Population
EMP-08465,OFC-NYC,Project Leader,Operations,Full-Time,2022-03-27,Target Population
EMP-08466,OFC-GUR,Project Leader,Consulting,Full-Time,2022-06-24,Target Population
EMP-08467,OFC-GUR,Analyst,IT,Full-Time,2024-06-08,Target Population
EMP-08468,OFC-LON,Consultant,IT,Full-Time,2024-04-19,Target Population
EMP-08469,OFC-NYC,Project Leader,Digital Ventures,Full-Time,2022-04-22,Target Population
EMP-08470,OFC-GUR,Managing Director,Digital Ventures,Full-Time,2025-03-24,Target Population
EMP-08471,OFC-BOS,Partner,Finance,Full-Time,2024-11-09,Target Population
EMP-08472,OFC-SIN,Analyst,Operations,Full-Time,2022-07-14,Target Population
EMP-08473,OFC-LON,Partner,IT,Full-Time,2025-02-21,Target Population
EMP-08474,OFC-NYC,Project Leader,Finance,Full-Time,2022-12-17,Target Population
EMP-08475,OFC-LON,Project Leader,HR,Full-Time,2023-10-10,Target Population
EMP-08476,OFC-GUR,Principal,HR,Full-Time,2022-09-19,Target Population
EMP-08477,OFC-BOS,Consultant,IT,Full-Time,2026-08-15,Target Population
EMP-08478,OFC-SIN,Analyst,Digital Ventures,Full-Time,2026-01-08,Target Population
EMP-08479,OFC-NYC,Analyst,Consulting,Full-Time,2022-10-16,Target Population
EMP-08480,OFC-NYC,Analyst,HR,Full-Time,2026-03-16,Target Population
EMP-08481,OFC-BOS,Project Leader,HR,Full-Time,2026-09-14,Target Population
EMP-08482,OFC-NYC,Consultant,Consulting,Full-Time,2026-03-26,Target Population
EMP-08483,OFC-LON,Analyst,Consulting,Full-Time,2023-11-28,Target Population
EMP-08484,OFC-NYC,Analyst,Operations,Full-Time,2025-12-27,Target Population
EMP-08485,OFC-GUR,Consultant,Digital Ventures,Full-Time,2022-07-14,Target Population
EMP-08486,OFC-NYC,Consultant,HR,Full-Time,2023-10-16,Target Population
EMP-08487,OFC-SIN,Analyst,Operations,Full-Time,2022-10-21,Target Population
EMP-08488,OFC-LON,Principal,IT,Full-Time,2024-06-06,Target Population
EMP-08489,OFC-GUR,Project Leader,Operations,Full-Time,2024-07-26,Target Population
EMP-08490,OFC-BOS,Analyst,Operations,Full-Time,2026-09-26,Target Population
EMP-08491,OFC-NYC,Analyst,Operations,Full-Time,2025-01-30,Target Population
EMP-08492,OFC-NYC,Analyst,HR,Full-Time,2023-10-10,Target Population
EMP-08493,OFC-LON,Project Leader,Consulting,Full-Time,2025-05-12,Target Population
EMP-08494,OFC-SIN,Project Leader,IT,Full-Time,2023-08-15,Target Population
EMP-08495,OFC-BOS,Analyst,IT,Full-Time,2022-12-29,Target Population
EMP-08496,OFC-BOS,Project Leader,HR,Full-Time,2022-09-03,Target Population
EMP-08497,OFC-SIN,Consultant,IT,Full-Time,2023-04-04,Target Population
EMP-08498,OFC-BOS,Principal,IT,Full-Time,2023-08-03,Target Population
EMP-08499,OFC-GUR,Consultant,Digital Ventures,Full-Time,2024-02-06,Target Population
EMP-08500,OFC-LON,Consultant,Finance,Full-Time,2025-07-03,Target Population
EMP-08501,OFC-GUR,Consultant,Finance,Full-Time,2025-03-28,Target Population
EMP-08502,OFC-BOS,Project Leader,HR,Full-Time,2023-12-06,Target Population
EMP-08503,OFC-BOS,Consultant,IT,Full-Time,2022-03-29,Target Population
EMP-08504,OFC-LON,Principal,IT,Full-Time,2025-12-08,Target Population
EMP-08505,OFC-SIN,Project Leader,IT,Full-Time,2026-04-21,Target Population
EMP-08506,OFC-NYC,Principal,Consulting,Full-Time,2024-12-14,Target Population
EMP-08507,OFC-NYC,Principal,HR,Full-Time,2022-09-22,Target Population
EMP-08508,OFC-LON,Partner,HR,Full-Time,2024-06-16,Target Population
EMP-08509,OFC-SIN,Project Leader,Finance,Full-Time,2026-05-29,Target Population
EMP-08510,OFC-GUR,Consultant,Operations,Full-Time,2025-05-15,Target Population
EMP-08511,OFC-SIN,Managing Director,Digital Ventures,Full-Time,2025-10-21,Target Population
EMP-08512,OFC-BOS,Project Leader,IT,Full-Time,2023-11-11,Target Population
EMP-08513,OFC-BOS,Principal,Operations,Full-Time,2024-02-16,Target Population
EMP-08514,OFC-LON,Project Leader,Digital Ventures,Full-Time,2022-12-31,Target Population
EMP-08515,OFC-GUR,Consultant,IT,Full-Time,2024-11-07,Target Population
EMP-08516,OFC-NYC,Consultant,IT,Full-Time,2025-10-22,Target Population
EMP-08517,OFC-BOS,Consultant,IT,Full-Time,2024-11-22,Target Population
EMP-08518,OFC-GUR,Project Leader,HR,Full-Time,2024-05-21,Target Population
EMP-08519,OFC-BOS,Project Leader,HR,Full-Time,2021-12-11,Target Population
EMP-08520,OFC-NYC,Partner,HR,Full-Time,2022-01-23,Target Population
EMP-08521,OFC-LON,Analyst,Finance,Full-Time,2022-03-25,Target Population
EMP-08522,OFC-LON,Consultant,Finance,Full-Time,2023-10-21,Target Population
EMP-08523,OFC-GUR,Consultant,Operations,Full-Time,2023-12-01,Target Population
EMP-08524,OFC-NYC,Managing Director,Operations,Full-Time,2026-06-20,Target Population
EMP-08525,OFC-LON,Consultant,HR,Full-Time,2025-01-14,Target Population
EMP-08526,OFC-LON,Analyst,HR,Full-Time,2024-05-24,Target Population
EMP-08527,OFC-LON,Partner,HR,Full-Time,2024-11-07,Target Population
EMP-08528,OFC-LON,Project Leader,Operations,Full-Time,2022-10-21,Target Population
EMP-08529,OFC-NYC,Consultant,Operations,Full-Time,2026-04-25,Target Population
EMP-08530,OFC-BOS,Analyst,Digital Ventures,Full-Time,2023-10-11,Target Population
EMP-08531,OFC-BOS,Analyst,HR,Full-Time,2025-07-12,Target Population
EMP-08532,OFC-BOS,Consultant,Consulting,Full-Time,2025-01-25,Target Population
EMP-08533,OFC-LON,Project Leader,Digital Ventures,Full-Time,2021-10-31,Target Population
EMP-08534,OFC-GUR,Project Leader,Operations,Full-Time,2025-02-08,Target Population
EMP-08535,OFC-GUR,Analyst,IT,Full-Time,2023-12-09,Target Population
EMP-08536,OFC-GUR,Project Leader,Finance,Full-Time,2024-04-28,Target Population
EMP-08537,OFC-NYC,Managing Director,Digital Ventures,Full-Time,2022-07-14,Target Population
EMP-08538,OFC-NYC,Analyst,Operations,Full-Time,2023-10-08,Target Population
EMP-08539,OFC-NYC,Consultant,Consulting,Full-Time,2024-04-18,Target Population
EMP-08540,OFC-BOS,Partner,Operations,Full-Time,2023-07-22,Target Population
EMP-08541,OFC-BOS,Partner,Digital Ventures,Full-Time,2023-02-16,Target Population
EMP-08542,OFC-LON,Consultant,Finance,Full-Time,2025-07-01,Target Population
EMP-08543,OFC-SIN,Consultant,Consulting,Full-Time,2024-06-18,Target Population
EMP-08544,OFC-BOS,Analyst,HR,Full-Time,2025-03-22,Target Population
EMP-08545,OFC-BOS,Analyst,Finance,Full-Time,2022-01-20,Target Population
EMP-08546,OFC-GUR,Consultant,HR,Full-Time,2024-02-05,Target Population
EMP-08547,OFC-NYC,Managing Director,Digital Ventures,Full-Time,2022-06-12,Target Population
EMP-08548,OFC-GUR,Analyst,Consulting,Full-Time,2025-12-12,Target Population
EMP-08549,OFC-GUR,Consultant,Operations,Full-Time,2025-10-09,Target Population
EMP-08550,OFC-SIN,Project Leader,IT,Full-Time,2025-04-12,Target Population
EMP-08551,OFC-NYC,Analyst,Consulting,Full-Time,2024-08-05,Target Population
EMP-08552,OFC-GUR,Consultant,Consulting,Full-Time,2025-05-11,Target Population
EMP-08553,OFC-LON,Principal,IT,Full-Time,2022-08-14,Target Population
EMP-08554,OFC-LON,Analyst,Finance,Full-Time,2023-02-17,Target Population
EMP-08555,OFC-NYC,Project Leader,HR,Full-Time,2023-12-26,Target Population
EMP-08556,OFC-BOS,Analyst,IT,Full-Time,2026-01-27,Target Population
EMP-08557,OFC-LON,Analyst,IT,Full-Time,2022-05-01,Target Population
EMP-08558,OFC-LON,Analyst,HR,Full-Time,2024-10-04,Target Population
EMP-08559,OFC-GUR,Analyst,Finance,Full-Time,2025-05-06,Target Population
EMP-08560,OFC-GUR,Project Leader,Operations,Full-Time,2026-06-04,Target Population
EMP-08561,OFC-GUR,Analyst,Consulting,Full-Time,2024-07-18,Target Population
EMP-08562,OFC-BOS,Consultant,Finance,Full-Time,2025-08-15,Target Population
EMP-08563,OFC-GUR,Consultant,Digital Ventures,Full-Time,2021-12-30,Target Population
EMP-08564,OFC-LON,Project Leader,HR,Full-Time,2022-03-17,Target Population
EMP-08565,OFC-SIN,Partner,Finance,Full-Time,2023-04-30,Target Population
EMP-08566,OFC-SIN,Consultant,Operations,Full-Time,2025-07-15,Target Population
EMP-08567,OFC-BOS,Analyst,Consulting,Full-Time,2022-12-03,Target Population
EMP-08568,OFC-GUR,Consultant,Consulting,Full-Time,2021-10-16,Target Population
EMP-08569,OFC-BOS,Project Leader,IT,Full-Time,2025-03-04,Target Population
EMP-08570,OFC-NYC,Analyst,Digital Ventures,Full-Time,2023-06-20,Target Population
EMP-08571,OFC-LON,Managing Director,IT,Full-Time,2024-05-13,Target Population
EMP-08572,OFC-BOS,Partner,Digital Ventures,Full-Time,2024-06-07,Target Population
EMP-08573,OFC-GUR,Consultant,Finance,Full-Time,2026-08-30,Target Population
EMP-08574,OFC-BOS,Project Leader,Operations,Full-Time,2022-06-19,Target Population
EMP-08575,OFC-BOS,Analyst,HR,Full-Time,2022-09-16,Target Population
EMP-08576,OFC-LON,Analyst,HR,Full-Time,2023-02-09,Target Population
EMP-08577,OFC-GUR,Analyst,Operations,Full-Time,2023-11-21,Target Population
EMP-08578,OFC-SIN,Project Leader,Digital Ventures,Full-Time,2026-02-27,Target Population
EMP-08579,OFC-GUR,Consultant,IT,Full-Time,2022-11-15,Target Population
EMP-08580,OFC-GUR,Project Leader,IT,Full-Time,2025-04-03,Target Population
EMP-08581,OFC-NYC,Analyst,Operations,Full-Time,2024-06-25,Target Population
EMP-08582,OFC-BOS,Analyst,Operations,Full-Time,2025-08-09,Target Population
EMP-08583,OFC-BOS,Project Leader,IT,Full-Time,2025-11-01,Target Population
EMP-08584,OFC-LON,Analyst,Operations,Full-Time,2022-11-25,Target Population
EMP-08585,OFC-GUR,Project Leader,HR,Full-Time,2023-12-25,Target Population
EMP-08586,OFC-NYC,Analyst,Operations,Full-Time,2023-03-29,Target Population
EMP-08587,OFC-GUR,Consultant,Finance,Full-Time,2024-07-20,Target Population
EMP-08588,OFC-LON,Consultant,Operations,Full-Time,2024-02-29,Target Population
EMP-08589,OFC-BOS,Principal,Consulting,Full-Time,2023-06-16,Target Population
EMP-08590,OFC-BOS,Analyst,Digital Ventures,Full-Time,2022-06-26,Target Population
EMP-08591,OFC-GUR,Consultant,Operations,Full-Time,2025-04-16,Target Population
EMP-08592,OFC-GUR,Principal,Digital Ventures,Full-Time,2024-11-22,Target Population
EMP-08593,OFC-SIN,Consultant,HR,Full-Time,2023-04-25,Target Population
EMP-08594,OFC-BOS,Partner,Operations,Full-Time,2025-02-10,Target Population
EMP-08595,OFC-SIN,Project Leader,Digital Ventures,Full-Time,2024-12-22,Target Population
EMP-08596,OFC-BOS,Consultant,HR,Full-Time,2026-08-14,Target Population
EMP-08597,OFC-BOS,Principal,Digital Ventures,Full-Time,2023-09-04,Target Population
EMP-08598,OFC-SIN,Partner,Consulting,Full-Time,2021-12-10,Target Population
EMP-08599,OFC-NYC,Analyst,Consulting,Full-Time,2021-12-17,Target Population
EMP-08600,OFC-GUR,Project Leader,Operations,Full-Time,2026-07-08,Target Population
EMP-08601,OFC-BOS,Consultant,IT,Full-Time,2023-09-17,Target Population
EMP-08602,OFC-LON,Project Leader,Operations,Full-Time,2022-07-10,Target Population
EMP-08603,OFC-SIN,Consultant,Digital Ventures,Full-Time,2025-09-12,Target Population
EMP-08604,OFC-NYC,Consultant,Finance,Full-Time,2023-06-14,Target Population
EMP-08605,OFC-GUR,Analyst,IT,Full-Time,2023-12-29,Target Population
EMP-08606,OFC-BOS,Consultant,Operations,Full-Time,2023-03-15,Target Population
EMP-08607,OFC-LON,Partner,IT,Full-Time,2022-03-10,Target Population
EMP-08608,OFC-NYC,Analyst,Consulting,Full-Time,2025-03-05,Target Population
EMP-08609,OFC-BOS,Analyst,Finance,Full-Time,2025-05-31,Target Population
EMP-08610,OFC-NYC,Analyst,Consulting,Full-Time,2023-12-24,Target Population
EMP-08611,OFC-BOS,Consultant,HR,Full-Time,2023-01-13,Target Population
EMP-08612,OFC-SIN,Consultant,Finance,Full-Time,2022-07-10,Target Population
EMP-08613,OFC-NYC,Analyst,Digital Ventures,Full-Time,2024-11-23,Target Population
EMP-08614,OFC-BOS,Analyst,Digital Ventures,Full-Time,2023-03-19,Target Population
EMP-08615,OFC-NYC,Analyst,Digital Ventures,Full-Time,2026-08-04,Target Population
EMP-08616,OFC-NYC,Consultant,IT,Full-Time,2022-10-06,Target Population
EMP-08617,OFC-GUR,Consultant,Operations,Full-Time,2021-11-19,Target Population
EMP-08618,OFC-SIN,Consultant,Finance,Full-Time,2026-03-28,Target Population
EMP-08619,OFC-NYC,Project Leader,Digital Ventures,Full-Time,2025-06-19,Target Population
EMP-08620,OFC-SIN,Consultant,HR,Full-Time,2025-08-16,Target Population
EMP-08621,OFC-LON,Project Leader,HR,Full-Time,2025-12-20,Target Population
EMP-08622,OFC-BOS,Project Leader,Consulting,Full-Time,2022-10-10,Target Population
EMP-08623,OFC-GUR,Project Leader,Consulting,Full-Time,2023-09-04,Target Population
EMP-08624,OFC-LON,Consultant,IT,Full-Time,2023-06-30,Target Population
EMP-08625,OFC-GUR,Consultant,HR,Full-Time,2023-05-22,Target Population
EMP-08626,OFC-SIN,Analyst,Finance,Full-Time,2024-01-12,Target Population
EMP-08627,OFC-NYC,Consultant,HR,Full-Time,2024-03-19,Target Population
EMP-08628,OFC-SIN,Partner,Finance,Full-Time,2025-12-20,Target Population
EMP-08629,OFC-GUR,Principal,Finance,Full-Time,2025-01-06,Target Population
EMP-08630,OFC-LON,Managing Director,Digital Ventures,Full-Time,2022-11-15,Target Population
EMP-08631,OFC-LON,Project Leader,HR,Full-Time,2025-06-08,Target Population
EMP-08632,OFC-NYC,Partner,Consulting,Full-Time,2023-07-10,Target Population
EMP-08633,OFC-SIN,Consultant,Operations,Full-Time,2023-08-07,Target Population
EMP-08634,OFC-GUR,Partner,Digital Ventures,Full-Time,2024-03-04,Target Population
EMP-08635,OFC-BOS,Consultant,Consulting,Full-Time,2023-05-18,Target Population
EMP-08636,OFC-NYC,Partner,IT,Full-Time,2025-04-28,Target Population
EMP-08637,OFC-LON,Project Leader,IT,Full-Time,2023-04-20,Target Population
EMP-08638,OFC-BOS,Analyst,Digital Ventures,Full-Time,2025-03-29,Target Population
EMP-08639,OFC-BOS,Consultant,Finance,Full-Time,2023-01-03,Target Population
EMP-08640,OFC-LON,Consultant,IT,Full-Time,2022-01-04,Target Population
EMP-08641,OFC-NYC,Partner,IT,Full-Time,2024-03-26,Target Population
EMP-08642,OFC-NYC,Project Leader,HR,Full-Time,2023-12-29,Target Population
EMP-08643,OFC-NYC,Consultant,Finance,Full-Time,2023-10-08,Target Population
EMP-08644,OFC-BOS,Partner,Operations,Full-Time,2025-08-08,Target Population
EMP-08645,OFC-GUR,Project Leader,HR,Full-Time,2023-11-17,Target Population
EMP-08646,OFC-LON,Partner,Finance,Full-Time,2024-11-28,Target Population
EMP-08647,OFC-BOS,Analyst,Finance,Full-Time,2026-09-22,Target Population
EMP-08648,OFC-NYC,Consultant,Digital Ventures,Full-Time,2025-08-30,Target Population
EMP-08649,OFC-LON,Analyst,Finance,Full-Time,2022-06-30,Target Population
EMP-08650,OFC-BOS,Partner,Consulting,Full-Time,2021-11-08,Target Population
EMP-08651,OFC-BOS,Project Leader,IT,Full-Time,2025-10-02,Target Population
EMP-08652,OFC-BOS,Project Leader,Consulting,Full-Time,2022-11-24,Target Population
EMP-08653,OFC-GUR,Project Leader,Finance,Full-Time,2024-07-07,Target Population
EMP-08654,OFC-GUR,Analyst,Operations,Full-Time,2025-02-23,Target Population
EMP-08655,OFC-GUR,Consultant,Finance,Full-Time,2023-07-28,Target Population
EMP-08656,OFC-GUR,Analyst,Operations,Full-Time,2025-01-10,Target Population
EMP-08657,OFC-GUR,Project Leader,Consulting,Full-Time,2025-05-14,Target Population
EMP-08658,OFC-LON,Principal,Consulting,Full-Time,2023-12-12,Target Population
EMP-08659,OFC-LON,Partner,HR,Full-Time,2022-05-21,Target Population
EMP-08660,OFC-BOS,Partner,HR,Full-Time,2022-07-30,Target Population
EMP-08661,OFC-LON,Consultant,Finance,Full-Time,2026-07-03,Target Population
EMP-08662,OFC-GUR,Consultant,Finance,Full-Time,2022-04-07,Target Population
EMP-08663,OFC-LON,Analyst,Operations,Full-Time,2022-03-17,Target Population
EMP-08664,OFC-NYC,Consultant,HR,Full-Time,2024-08-06,Target Population
EMP-08665,OFC-NYC,Principal,HR,Full-Time,2023-10-06,Target Population
EMP-08666,OFC-LON,Consultant,HR,Full-Time,2025-10-09,Target Population
EMP-08667,OFC-GUR,Consultant,Operations,Full-Time,2024-10-11,Target Population
EMP-08668,OFC-SIN,Consultant,Digital Ventures,Full-Time,2022-02-25,Target Population
EMP-08669,OFC-NYC,Project Leader,Consulting,Full-Time,2021-10-23,Target Population
EMP-08670,OFC-GUR,Analyst,Consulting,Full-Time,2023-12-04,Target Population
EMP-08671,OFC-LON,Managing Director,Consulting,Full-Time,2026-01-21,Target Population
EMP-08672,OFC-SIN,Principal,IT,Full-Time,2025-01-02,Target Population
EMP-08673,OFC-LON,Consultant,Consulting,Full-Time,2024-05-03,Target Population
EMP-08674,OFC-LON,Project Leader,IT,Full-Time,2025-02-14,Target Population
EMP-08675,OFC-LON,Analyst,HR,Full-Time,2024-12-02,Target Population
EMP-08676,OFC-GUR,Analyst,HR,Full-Time,2022-11-21,Target Population
EMP-08677,OFC-SIN,Project Leader,Consulting,Full-Time,2026-07-11,Target Population
EMP-08678,OFC-BOS,Analyst,Digital Ventures,Full-Time,2022-02-11,Target Population
EMP-08679,OFC-BOS,Analyst,Consulting,Full-Time,2026-09-14,Target Population
EMP-08680,OFC-SIN,Managing Director,Consulting,Full-Time,2023-04-17,Target Population
EMP-08681,OFC-LON,Consultant,HR,Full-Time,2023-12-24,Target Population
EMP-08682,OFC-LON,Principal,Operations,Full-Time,2023-03-18,Target Population
EMP-08683,OFC-LON,Principal,Digital Ventures,Full-Time,2026-01-19,Target Population
EMP-08684,OFC-BOS,Consultant,IT,Full-Time,2025-12-16,Target Population
EMP-08685,OFC-GUR,Analyst,Finance,Full-Time,2024-08-25,Target Population
EMP-08686,OFC-GUR,Analyst,Digital Ventures,Full-Time,2025-09-30,Target Population
EMP-08687,OFC-NYC,Principal,Consulting,Full-Time,2022-11-20,Target Population
EMP-08688,OFC-NYC,Project Leader,HR,Full-Time,2022-07-12,Target Population
EMP-08689,OFC-GUR,Consultant,Operations,Full-Time,2024-06-18,Target Population
EMP-08690,OFC-BOS,Consultant,IT,Full-Time,2026-04-11,Target Population
EMP-08691,OFC-SIN,Analyst,Consulting,Full-Time,2025-06-13,Target Population
EMP-08692,OFC-NYC,Analyst,Operations,Full-Time,2022-12-21,Target Population
EMP-08693,OFC-LON,Consultant,Operations,Full-Time,2023-12-25,Target Population
EMP-08694,OFC-SIN,Consultant,IT,Full-Time,2022-10-05,Target Population
EMP-08695,OFC-GUR,Project Leader,HR,Full-Time,2024-06-06,Target Population
EMP-08696,OFC-NYC,Consultant,HR,Full-Time,2022-02-21,Target Population
EMP-08697,OFC-GUR,Consultant,Finance,Full-Time,2022-11-08,Target Population
EMP-08698,OFC-NYC,Project Leader,Digital Ventures,Full-Time,2026-01-04,Target Population
EMP-08699,OFC-NYC,Project Leader,Consulting,Full-Time,2024-02-27,Target Population
EMP-08700,OFC-SIN,Project Leader,Finance,Full-Time,2024-10-31,Target Population
EMP-08701,OFC-GUR,Consultant,Consulting,Full-Time,2025-06-04,Target Population
EMP-08702,OFC-LON,Partner,IT,Full-Time,2024-03-04,Target Population
EMP-08703,OFC-NYC,Consultant,Operations,Full-Time,2024-01-02,Target Population
EMP-08704,OFC-BOS,Principal,IT,Full-Time,2024-01-04,Target Population
EMP-08705,OFC-BOS,Project Leader,Operations,Full-Time,2026-03-01,Target Population
EMP-08706,OFC-LON,Analyst,HR,Full-Time,2024-06-05,Target Population
EMP-08707,OFC-GUR,Project Leader,HR,Full-Time,2025-06-21,Target Population
EMP-08708,OFC-LON,Project Leader,Digital Ventures,Full-Time,2023-03-03,Target Population
EMP-08709,OFC-GUR,Analyst,HR,Full-Time,2024-06-13,Target Population
EMP-08710,OFC-BOS,Project Leader,Operations,Full-Time,2025-12-11,Target Population
EMP-08711,OFC-NYC,Project Leader,IT,Full-Time,2023-01-19,Target Population
EMP-08712,OFC-BOS,Consultant,HR,Full-Time,2026-06-29,Target Population
EMP-08713,OFC-NYC,Analyst,Digital Ventures,Full-Time,2025-07-05,Target Population
EMP-08714,OFC-BOS,Partner,Finance,Full-Time,2022-03-21,Target Population
EMP-08715,OFC-SIN,Project Leader,IT,Full-Time,2023-05-16,Target Population
EMP-08716,OFC-BOS,Consultant,Finance,Full-Time,2023-01-11,Target Population
EMP-08717,OFC-SIN,Consultant,Finance,Full-Time,2022-03-25,Target Population
EMP-08718,OFC-NYC,Analyst,Digital Ventures,Full-Time,2023-09-21,Target Population
EMP-08719,OFC-SIN,Analyst,Finance,Full-Time,2023-04-29,Target Population
EMP-08720,OFC-LON,Project Leader,Operations,Full-Time,2022-01-26,Target Population
EMP-08721,OFC-SIN,Partner,IT,Full-Time,2025-10-07,Target Population
EMP-08722,OFC-BOS,Consultant,Finance,Full-Time,2023-12-24,Target Population
EMP-08723,OFC-GUR,Analyst,HR,Full-Time,2023-02-27,Target Population
EMP-08724,OFC-SIN,Consultant,IT,Full-Time,2025-09-27,Target Population
EMP-08725,OFC-BOS,Consultant,HR,Full-Time,2025-06-23,Target Population
EMP-08726,OFC-BOS,Principal,IT,Full-Time,2022-10-02,Target Population
EMP-08727,OFC-NYC,Analyst,Consulting,Full-Time,2025-12-22,Target Population
EMP-08728,OFC-SIN,Analyst,Finance,Full-Time,2022-02-10,Target Population
EMP-08729,OFC-LON,Consultant,HR,Full-Time,2025-07-09,Target Population
EMP-08730,OFC-LON,Consultant,Digital Ventures,Full-Time,2024-10-18,Target Population
EMP-08731,OFC-BOS,Analyst,Digital Ventures,Full-Time,2026-07-15,Target Population
EMP-08732,OFC-BOS,Project Leader,IT,Full-Time,2025-11-22,Target Population
EMP-08733,OFC-GUR,Principal,HR,Full-Time,2025-08-29,Target Population
EMP-08734,OFC-BOS,Partner,Digital Ventures,Full-Time,2025-12-16,Target Population
EMP-08735,OFC-LON,Consultant,Operations,Full-Time,2022-09-21,Target Population
EMP-08736,OFC-SIN,Analyst,HR,Full-Time,2023-01-09,Target Population
EMP-08737,OFC-BOS,Principal,Digital Ventures,Full-Time,2022-10-26,Target Population
EMP-08738,OFC-GUR,Analyst,Finance,Full-Time,2024-09-27,Target Population
EMP-08739,OFC-BOS,Consultant,Digital Ventures,Full-Time,2022-07-24,Target Population
EMP-08740,OFC-LON,Principal,Operations,Full-Time,2023-07-01,Target Population
EMP-08741,OFC-BOS,Principal,IT,Full-Time,2024-03-07,Target Population
EMP-08742,OFC-GUR,Analyst,Digital Ventures,Full-Time,2023-04-21,Target Population
EMP-08743,OFC-NYC,Analyst,HR,Full-Time,2023-03-13,Target Population
EMP-08744,OFC-LON,Consultant,Consulting,Full-Time,2026-02-03,Target Population
EMP-08745,OFC-LON,Analyst,Finance,Full-Time,2024-02-01,Target Population
EMP-08746,OFC-BOS,Consultant,Digital Ventures,Full-Time,2026-07-22,Target Population
EMP-08747,OFC-GUR,Principal,IT,Full-Time,2026-09-30,Target Population
EMP-08748,OFC-NYC,Analyst,Consulting,Full-Time,2023-07-28,Target Population
EMP-08749,OFC-GUR,Analyst,Digital Ventures,Full-Time,2026-09-24,Target Population
EMP-08750,OFC-BOS,Analyst,Operations,Full-Time,2021-10-19,Target Population
EMP-08751,OFC-GUR,Project Leader,IT,Full-Time,2026-03-29,Target Population
EMP-08752,OFC-BOS,Project Leader,Digital Ventures,Full-Time,2026-08-15,Target Population
EMP-08753,OFC-NYC,Principal,HR,Full-Time,2023-04-21,Target Population
EMP-08754,OFC-BOS,Principal,Finance,Full-Time,2025-04-22,Target Population
EMP-08755,OFC-GUR,Consultant,Finance,Full-Time,2022-06-02,Target Population
EMP-08756,OFC-NYC,Analyst,Consulting,Full-Time,2023-11-10,Target Population
EMP-08757,OFC-SIN,Analyst,Finance,Full-Time,2026-01-01,Target Population
EMP-08758,OFC-SIN,Project Leader,Finance,Full-Time,2022-07-26,Target Population
EMP-08759,OFC-BOS,Consultant,Consulting,Full-Time,2024-07-24,Target Population
EMP-08760,OFC-LON,Analyst,Finance,Full-Time,2021-12-26,Target Population
EMP-08761,OFC-BOS,Principal,IT,Full-Time,2024-03-08,Target Population
EMP-08762,OFC-NYC,Analyst,Digital Ventures,Full-Time,2022-10-21,Target Population
EMP-08763,OFC-GUR,Analyst,Digital Ventures,Full-Time,2025-02-12,Target Population
EMP-08764,OFC-GUR,Analyst,Operations,Full-Time,2024-12-10,Target Population
EMP-08765,OFC-LON,Analyst,HR,Full-Time,2022-09-01,Target Population
EMP-08766,OFC-NYC,Analyst,Consulting,Full-Time,2024-07-08,Target Population
EMP-08767,OFC-NYC,Analyst,HR,Full-Time,2023-01-27,Target Population
EMP-08768,OFC-BOS,Analyst,Digital Ventures,Full-Time,2022-01-04,Target Population
EMP-08769,OFC-GUR,Principal,Finance,Full-Time,2022-06-15,Target Population
EMP-08770,OFC-LON,Analyst,IT,Full-Time,2025-09-05,Target Population
EMP-08771,OFC-GUR,Principal,Consulting,Full-Time,2025-11-05,Target Population
EMP-08772,OFC-BOS,Analyst,Operations,Full-Time,2025-08-17,Target Population
EMP-08773,OFC-NYC,Consultant,IT,Full-Time,2024-01-21,Target Population
EMP-08774,OFC-NYC,Analyst,IT,Full-Time,2021-10-25,Target Population
EMP-08775,OFC-BOS,Partner,IT,Full-Time,2024-07-26,Target Population
EMP-08776,OFC-NYC,Analyst,HR,Full-Time,2022-02-20,Target Population
EMP-08777,OFC-GUR,Project Leader,Finance,Full-Time,2025-08-14,Target Population
EMP-08778,OFC-SIN,Consultant,HR,Full-Time,2024-07-12,Target Population
EMP-08779,OFC-LON,Consultant,Consulting,Full-Time,2026-08-10,Target Population
EMP-08780,OFC-LON,Consultant,Consulting,Full-Time,2022-11-12,Target Population
EMP-08781,OFC-BOS,Consultant,Consulting,Full-Time,2023-07-25,Target Population
EMP-08782,OFC-SIN,Analyst,Digital Ventures,Full-Time,2022-03-07,Target Population
EMP-08783,OFC-BOS,Principal,Consulting,Full-Time,2024-03-04,Target Population
EMP-08784,OFC-SIN,Consultant,Operations,Full-Time,2024-07-07,Target Population
EMP-08785,OFC-LON,Project Leader,IT,Full-Time,2022-03-28,Target Population
EMP-08786,OFC-NYC,Analyst,Operations,Full-Time,2022-05-14,Target Population
EMP-08787,OFC-SIN,Analyst,Operations,Full-Time,2026-06-02,Target Population
EMP-08788,OFC-BOS,Consultant,Digital Ventures,Full-Time,2025-01-03,Target Population
EMP-08789,OFC-LON,Project Leader,Consulting,Full-Time,2022-07-21,Target Population
EMP-08790,OFC-LON,Partner,Consulting,Full-Time,2025-02-27,Target Population
EMP-08791,OFC-BOS,Project Leader,Digital Ventures,Full-Time,2023-12-08,Target Population
EMP-08792,OFC-NYC,Analyst,Consulting,Full-Time,2023-04-13,Target Population
EMP-08793,OFC-GUR,Project Leader,Operations,Full-Time,2023-10-22,Target Population
EMP-08794,OFC-GUR,Consultant,Consulting,Full-Time,2025-02-27,Target Population
EMP-08795,OFC-BOS,Analyst,HR,Full-Time,2022-07-11,Target Population
EMP-08796,OFC-SIN,Project Leader,HR,Full-Time,2021-12-09,Target Population
EMP-08797,OFC-BOS,Analyst,HR,Full-Time,2023-07-15,Target Population
EMP-08798,OFC-BOS,Principal,Operations,Full-Time,2023-02-25,Target Population
EMP-08799,OFC-NYC,Analyst,Consulting,Full-Time,2025-01-26,Target Population
EMP-08800,OFC-BOS,Project Leader,Consulting,Full-Time,2025-03-10,Target Population
EMP-08801,OFC-BOS,Analyst,Finance,Full-Time,2024-03-10,Target Population
EMP-08802,OFC-SIN,Analyst,HR,Full-Time,2023-01-28,Target Population
EMP-08803,OFC-NYC,Consultant,Operations,Full-Time,2022-10-16,Target Population
EMP-08804,OFC-BOS,Principal,IT,Full-Time,2024-04-21,Target Population
EMP-08805,OFC-BOS,Project Leader,Digital Ventures,Full-Time,2025-12-10,Target Population
EMP-08806,OFC-GUR,Analyst,Digital Ventures,Full-Time,2025-06-11,Target Population
EMP-08807,OFC-SIN,Project Leader,Operations,Full-Time,2024-05-27,Target Population
EMP-08808,OFC-NYC,Consultant,Operations,Full-Time,2022-11-18,Target Population
EMP-08809,OFC-BOS,Consultant,Finance,Full-Time,2024-10-26,Target Population
EMP-08810,OFC-BOS,Consultant,Operations,Full-Time,2022-08-01,Target Population
EMP-08811,OFC-BOS,Consultant,Digital Ventures,Full-Time,2024-11-21,Target Population
EMP-08812,OFC-BOS,Consultant,Digital Ventures,Full-Time,2026-02-15,Target Population
EMP-08813,OFC-NYC,Consultant,HR,Full-Time,2023-06-19,Target Population
EMP-08814,OFC-BOS,Analyst,Operations,Full-Time,2025-12-06,Target Population
EMP-08815,OFC-LON,Analyst,Digital Ventures,Full-Time,2025-07-21,Target Population
EMP-08816,OFC-NYC,Consultant,IT,Full-Time,2025-01-24,Target Population
EMP-08817,OFC-SIN,Consultant,Consulting,Full-Time,2025-10-26,Target Population
EMP-08818,OFC-SIN,Project Leader,IT,Full-Time,2024-01-19,Target Population
EMP-08819,OFC-LON,Project Leader,HR,Full-Time,2026-07-22,Target Population
EMP-08820,OFC-NYC,Partner,IT,Full-Time,2025-05-13,Target Population
EMP-08821,OFC-NYC,Project Leader,HR,Full-Time,2022-07-14,Target Population
EMP-08822,OFC-NYC,Analyst,Finance,Full-Time,2025-05-11,Target Population
EMP-08823,OFC-GUR,Partner,Finance,Full-Time,2024-11-24,Target Population
EMP-08824,OFC-LON,Analyst,Consulting,Full-Time,2023-05-08,Target Population
EMP-08825,OFC-SIN,Analyst,Digital Ventures,Full-Time,2025-06-16,Target Population
EMP-08826,OFC-SIN,Consultant,IT,Full-Time,2025-05-22,Target Population
EMP-08827,OFC-NYC,Analyst,Digital Ventures,Full-Time,2022-07-22,Target Population
EMP-08828,OFC-LON,Project Leader,Finance,Full-Time,2022-02-09,Target Population
EMP-08829,OFC-BOS,Consultant,IT,Full-Time,2026-02-17,Target Population
EMP-08830,OFC-BOS,Analyst,Finance,Full-Time,2024-09-02,Target Population
EMP-08831,OFC-NYC,Analyst,Digital Ventures,Full-Time,2025-09-16,Target Population
EMP-08832,OFC-BOS,Consultant,IT,Full-Time,2023-09-03,Target Population
EMP-08833,OFC-SIN,Consultant,Operations,Full-Time,2023-01-31,Target Population
EMP-08834,OFC-BOS,Principal,Consulting,Full-Time,2025-12-23,Target Population
EMP-08835,OFC-LON,Project Leader,Operations,Full-Time,2026-04-02,Target Population
EMP-08836,OFC-LON,Consultant,Operations,Full-Time,2026-03-25,Target Population
EMP-08837,OFC-GUR,Analyst,HR,Full-Time,2022-06-24,Target Population
EMP-08838,OFC-NYC,Project Leader,Finance,Full-Time,2024-03-28,Target Population
EMP-08839,OFC-SIN,Project Leader,Consulting,Full-Time,2025-09-30,Target Population
EMP-08840,OFC-LON,Analyst,Operations,Full-Time,2025-06-26,Target Population
EMP-08841,OFC-NYC,Project Leader,HR,Full-Time,2022-06-10,Target Population
EMP-08842,OFC-BOS,Project Leader,Finance,Full-Time,2025-10-29,Target Population
EMP-08843,OFC-LON,Project Leader,Finance,Full-Time,2024-04-27,Target Population
EMP-08844,OFC-GUR,Project Leader,Operations,Full-Time,2023-01-11,Target Population
EMP-08845,OFC-LON,Consultant,Finance,Full-Time,2022-11-08,Target Population
EMP-08846,OFC-GUR,Consultant,HR,Full-Time,2024-04-27,Target Population
EMP-08847,OFC-LON,Analyst,Digital Ventures,Full-Time,2023-11-18,Target Population
EMP-08848,OFC-BOS,Analyst,Operations,Full-Time,2026-03-20,Target Population
EMP-08849,OFC-BOS,Analyst,Finance,Full-Time,2025-05-27,Target Population
EMP-08850,OFC-NYC,Partner,HR,Full-Time,2024-04-12,Target Population
EMP-08851,OFC-GUR,Principal,Finance,Full-Time,2026-08-08,Target Population
EMP-08852,OFC-GUR,Analyst,Consulting,Full-Time,2022-03-04,Target Population
EMP-08853,OFC-NYC,Analyst,HR,Full-Time,2026-06-14,Target Population
EMP-08854,OFC-LON,Partner,Digital Ventures,Full-Time,2022-06-01,Target Population
EMP-08855,OFC-NYC,Consultant,Finance,Full-Time,2022-02-24,Target Population
EMP-08856,OFC-NYC,Principal,Finance,Full-Time,2026-02-18,Target Population
EMP-08857,OFC-BOS,Partner,Digital Ventures,Full-Time,2022-09-06,Target Population
EMP-08858,OFC-BOS,Analyst,Digital Ventures,Full-Time,2026-02-09,Target Population
EMP-08859,OFC-BOS,Analyst,IT,Full-Time,2025-05-19,Target Population
EMP-08860,OFC-BOS,Principal,Operations,Full-Time,2025-04-12,Target Population
EMP-08861,OFC-BOS,Project Leader,HR,Full-Time,2022-07-27,Target Population
EMP-08862,OFC-BOS,Analyst,IT,Full-Time,2025-09-19,Target Population
EMP-08863,OFC-LON,Consultant,Digital Ventures,Full-Time,2026-08-08,Target Population
EMP-08864,OFC-NYC,Project Leader,HR,Full-Time,2023-12-03,Target Population
EMP-08865,OFC-SIN,Analyst,HR,Full-Time,2024-10-15,Target Population
EMP-08866,OFC-BOS,Consultant,Digital Ventures,Full-Time,2023-12-07,Target Population
EMP-08867,OFC-NYC,Principal,Finance,Full-Time,2026-09-30,Target Population
EMP-08868,OFC-NYC,Analyst,HR,Full-Time,2022-06-18,Target Population
EMP-08869,OFC-BOS,Analyst,Consulting,Full-Time,2026-01-18,Target Population
EMP-08870,OFC-GUR,Partner,HR,Full-Time,2021-11-26,Target Population
EMP-08871,OFC-BOS,Analyst,Finance,Full-Time,2022-09-25,Target Population
EMP-08872,OFC-SIN,Analyst,Digital Ventures,Full-Time,2025-09-14,Target Population
EMP-08873,OFC-SIN,Project Leader,Finance,Full-Time,2023-04-17,Target Population
EMP-08874,OFC-LON,Consultant,HR,Full-Time,2023-04-26,Target Population
EMP-08875,OFC-LON,Principal,IT,Full-Time,2025-02-08,Target Population
EMP-08876,OFC-GUR,Project Leader,Consulting,Full-Time,2022-02-24,Target Population
EMP-08877,OFC-NYC,Project Leader,Digital Ventures,Full-Time,2022-06-22,Target Population
EMP-08878,OFC-LON,Consultant,HR,Full-Time,2025-04-22,Target Population
EMP-08879,OFC-BOS,Project Leader,HR,Full-Time,2024-04-18,Target Population
EMP-08880,OFC-BOS,Managing Director,Operations,Full-Time,2024-06-08,Target Population
EMP-08881,OFC-LON,Partner,HR,Full-Time,2026-10-05,Target Population
EMP-08882,OFC-LON,Project Leader,Finance,Full-Time,2025-08-20,Target Population
EMP-08883,OFC-SIN,Consultant,Finance,Full-Time,2025-08-04,Target Population
EMP-08884,OFC-BOS,Consultant,HR,Full-Time,2024-01-08,Target Population
EMP-08885,OFC-GUR,Analyst,Digital Ventures,Full-Time,2024-09-01,Target Population
EMP-08886,OFC-BOS,Consultant,Consulting,Full-Time,2023-05-11,Target Population
EMP-08887,OFC-NYC,Project Leader,Operations,Full-Time,2023-07-24,Target Population
EMP-08888,OFC-NYC,Analyst,Digital Ventures,Full-Time,2023-05-05,Target Population
EMP-08889,OFC-NYC,Analyst,Consulting,Full-Time,2022-06-07,Target Population
EMP-08890,OFC-BOS,Analyst,Digital Ventures,Full-Time,2023-12-21,Target Population
EMP-08891,OFC-LON,Analyst,Consulting,Full-Time,2022-09-02,Target Population
EMP-08892,OFC-GUR,Partner,Digital Ventures,Full-Time,2025-06-15,Target Population
EMP-08893,OFC-NYC,Consultant,Consulting,Full-Time,2026-04-24,Target Population
EMP-08894,OFC-LON,Analyst,Finance,Full-Time,2021-12-01,Target Population
EMP-08895,OFC-GUR,Analyst,Digital Ventures,Full-Time,2021-10-25,Target Population
EMP-08896,OFC-GUR,Consultant,HR,Full-Time,2025-02-15,Target Population
EMP-08897,OFC-LON,Partner,Digital Ventures,Full-Time,2022-10-04,Target Population
EMP-08898,OFC-NYC,Analyst,Operations,Full-Time,2021-11-17,Target Population
EMP-08899,OFC-SIN,Project Leader,Digital Ventures,Full-Time,2023-03-24,Target Population
EMP-08900,OFC-LON,Consultant,HR,Full-Time,2025-10-28,Target Population
EMP-08901,OFC-BOS,Analyst,Digital Ventures,Full-Time,2025-09-05,Target Population
EMP-08902,OFC-NYC,Project Leader,Finance,Full-Time,2025-03-18,Target Population
EMP-08903,OFC-GUR,Consultant,Consulting,Full-Time,2025-11-27,Target Population
EMP-08904,OFC-BOS,Analyst,IT,Full-Time,2024-05-04,Target Population
EMP-08905,OFC-SIN,Analyst,HR,Full-Time,2024-10-31,Target Population
EMP-08906,OFC-BOS,Project Leader,Consulting,Full-Time,2025-02-15,Target Population
EMP-08907,OFC-GUR,Consultant,Operations,Full-Time,2024-05-04,Target Population
EMP-08908,OFC-NYC,Analyst,Digital Ventures,Full-Time,2022-07-06,Target Population
EMP-08909,OFC-LON,Analyst,Operations,Full-Time,2022-10-30,Target Population
EMP-08910,OFC-SIN,Analyst,Consulting,Full-Time,2022-11-30,Target Population
EMP-08911,OFC-NYC,Analyst,Digital Ventures,Full-Time,2021-11-19,Target Population
EMP-08912,OFC-LON,Analyst,Finance,Full-Time,2023-05-22,Target Population
EMP-08913,OFC-BOS,Analyst,Digital Ventures,Full-Time,2022-09-19,Target Population
EMP-08914,OFC-BOS,Analyst,Consulting,Full-Time,2021-11-25,Target Population
EMP-08915,OFC-BOS,Project Leader,Digital Ventures,Full-Time,2023-05-14,Target Population
EMP-08916,OFC-GUR,Principal,HR,Full-Time,2021-12-29,Target Population
EMP-08917,OFC-BOS,Partner,Finance,Full-Time,2023-07-19,Target Population
EMP-08918,OFC-BOS,Project Leader,Consulting,Full-Time,2025-11-09,Target Population
EMP-08919,OFC-NYC,Project Leader,Finance,Full-Time,2022-12-31,Target Population
EMP-08920,OFC-LON,Partner,Consulting,Full-Time,2023-10-28,Target Population
EMP-08921,OFC-GUR,Consultant,Finance,Full-Time,2025-06-21,Target Population
EMP-08922,OFC-BOS,Consultant,Operations,Full-Time,2026-05-07,Target Population
EMP-08923,OFC-BOS,Partner,IT,Full-Time,2023-05-23,Target Population
EMP-08924,OFC-SIN,Analyst,Digital Ventures,Full-Time,2022-07-01,Target Population
EMP-08925,OFC-NYC,Principal,Consulting,Full-Time,2024-04-28,Target Population
EMP-08926,OFC-SIN,Partner,HR,Full-Time,2025-09-15,Target Population
EMP-08927,OFC-SIN,Analyst,HR,Full-Time,2023-01-10,Target Population
EMP-08928,OFC-GUR,Analyst,HR,Full-Time,2025-10-18,Target Population
EMP-08929,OFC-BOS,Analyst,IT,Full-Time,2025-05-09,Target Population
EMP-08930,OFC-GUR,Analyst,Operations,Full-Time,2021-12-13,Target Population
EMP-08931,OFC-GUR,Project Leader,IT,Full-Time,2022-10-03,Target Population
EMP-08932,OFC-LON,Consultant,Digital Ventures,Full-Time,2023-03-07,Target Population
EMP-08933,OFC-NYC,Consultant,Digital Ventures,Full-Time,2023-01-23,Target Population
EMP-08934,OFC-NYC,Consultant,Operations,Full-Time,2025-07-21,Target Population
EMP-08935,OFC-BOS,Analyst,IT,Full-Time,2025-11-21,Target Population
EMP-08936,OFC-LON,Analyst,HR,Full-Time,2025-10-10,Target Population
EMP-08937,OFC-LON,Consultant,Operations,Full-Time,2021-12-06,Target Population
EMP-08938,OFC-NYC,Consultant,Digital Ventures,Full-Time,2025-08-03,Target Population
EMP-08939,OFC-LON,Partner,IT,Full-Time,2026-09-29,Target Population
EMP-08940,OFC-NYC,Project Leader,Consulting,Full-Time,2023-10-30,Target Population
EMP-08941,OFC-LON,Consultant,Finance,Full-Time,2023-06-24,Target Population
EMP-08942,OFC-SIN,Analyst,Consulting,Full-Time,2024-04-10,Target Population
EMP-08943,OFC-BOS,Analyst,Digital Ventures,Full-Time,2026-08-11,Target Population
EMP-08944,OFC-NYC,Consultant,Consulting,Full-Time,2025-02-05,Target Population
EMP-08945,OFC-BOS,Consultant,IT,Full-Time,2022-03-14,Target Population
EMP-08946,OFC-LON,Partner,Finance,Full-Time,2024-08-09,Target Population
EMP-08947,OFC-GUR,Consultant,IT,Full-Time,2021-10-31,Target Population
EMP-08948,OFC-SIN,Consultant,Consulting,Full-Time,2022-08-21,Target Population
EMP-08949,OFC-NYC,Consultant,Finance,Full-Time,2025-06-09,Target Population
EMP-08950,OFC-SIN,Analyst,Consulting,Full-Time,2025-04-20,Target Population
EMP-08951,OFC-BOS,Analyst,Operations,Full-Time,2025-12-25,Target Population
EMP-08952,OFC-LON,Partner,Operations,Full-Time,2026-09-08,Target Population
EMP-08953,OFC-BOS,Consultant,IT,Full-Time,2026-06-25,Target Population
EMP-08954,OFC-SIN,Consultant,Digital Ventures,Full-Time,2024-03-28,Target Population
EMP-08955,OFC-LON,Analyst,Finance,Full-Time,2022-01-30,Target Population
EMP-08956,OFC-GUR,Analyst,Finance,Full-Time,2025-11-29,Target Population
EMP-08957,OFC-GUR,Project Leader,Finance,Full-Time,2025-03-01,Target Population
EMP-08958,OFC-BOS,Project Leader,Digital Ventures,Full-Time,2025-11-25,Target Population
EMP-08959,OFC-BOS,Principal,Finance,Full-Time,2026-02-17,Target Population
EMP-08960,OFC-SIN,Analyst,IT,Full-Time,2025-11-30,Target Population
EMP-08961,OFC-NYC,Project Leader,Operations,Full-Time,2023-09-27,Target Population
EMP-08962,OFC-BOS,Analyst,Finance,Full-Time,2022-04-13,Target Population
EMP-08963,OFC-LON,Project Leader,Consulting,Full-Time,2026-04-05,Target Population
EMP-08964,OFC-LON,Project Leader,HR,Full-Time,2021-12-05,Target Population
EMP-08965,OFC-BOS,Partner,Operations,Full-Time,2025-05-10,Target Population
EMP-08966,OFC-NYC,Consultant,IT,Full-Time,2026-09-01,Target Population
EMP-08967,OFC-BOS,Consultant,Finance,Full-Time,2024-06-14,Target Population
EMP-08968,OFC-NYC,Principal,Consulting,Full-Time,2026-06-21,Target Population
EMP-08969,OFC-SIN,Consultant,HR,Full-Time,2022-04-22,Target Population
EMP-08970,OFC-SIN,Analyst,Finance,Full-Time,2024-01-17,Target Population
EMP-08971,OFC-LON,Analyst,IT,Full-Time,2025-04-25,Target Population
EMP-08972,OFC-BOS,Project Leader,Operations,Full-Time,2025-10-16,Target Population
EMP-08973,OFC-SIN,Project Leader,Operations,Full-Time,2022-10-05,Target Population
EMP-08974,OFC-LON,Analyst,Consulting,Full-Time,2025-12-22,Target Population
EMP-08975,OFC-BOS,Consultant,Digital Ventures,Full-Time,2024-09-18,Target Population
EMP-08976,OFC-SIN,Analyst,HR,Full-Time,2025-07-30,Target Population
EMP-08977,OFC-GUR,Consultant,Finance,Full-Time,2025-06-23,Target Population
EMP-08978,OFC-GUR,Project Leader,Operations,Full-Time,2021-12-10,Target Population
EMP-08979,OFC-GUR,Consultant,Digital Ventures,Full-Time,2023-02-20,Target Population
EMP-08980,OFC-BOS,Consultant,Digital Ventures,Full-Time,2024-03-19,Target Population
EMP-08981,OFC-BOS,Consultant,Operations,Full-Time,2023-05-27,Target Population
EMP-08982,OFC-GUR,Consultant,Finance,Full-Time,2025-10-03,Target Population
EMP-08983,OFC-BOS,Project Leader,Operations,Full-Time,2024-09-09,Target Population
EMP-08984,OFC-NYC,Consultant,Consulting,Full-Time,2025-06-29,Target Population
EMP-08985,OFC-GUR,Consultant,Finance,Full-Time,2023-09-28,Target Population
EMP-08986,OFC-GUR,Analyst,IT,Full-Time,2026-01-31,Target Population
EMP-08987,OFC-LON,Consultant,IT,Full-Time,2023-08-20,Target Population
EMP-08988,OFC-GUR,Consultant,HR,Full-Time,2026-10-06,Target Population
EMP-08989,OFC-GUR,Consultant,Consulting,Full-Time,2024-08-25,Target Population
EMP-08990,OFC-GUR,Analyst,IT,Full-Time,2025-10-01,Target Population
EMP-08991,OFC-BOS,Consultant,HR,Full-Time,2022-11-18,Target Population
EMP-08992,OFC-NYC,Analyst,IT,Full-Time,2024-04-05,Target Population
EMP-08993,OFC-NYC,Analyst,Finance,Full-Time,2025-01-31,Target Population
EMP-08994,OFC-BOS,Project Leader,Operations,Full-Time,2025-04-24,Target Population
EMP-08995,OFC-NYC,Principal,Operations,Full-Time,2024-10-30,Target Population
EMP-08996,OFC-BOS,Managing Director,Finance,Full-Time,2025-10-13,Target Population
EMP-08997,OFC-LON,Consultant,Consulting,Full-Time,2023-02-22,Target Population
EMP-08998,OFC-SIN,Analyst,Operations,Full-Time,2023-07-12,Target Population
EMP-08999,OFC-BOS,Consultant,Digital Ventures,Full-Time,2024-03-02,Target Population
EMP-09000,OFC-GUR,Consultant,IT,Full-Time,2022-07-01,Target Population
EMP-09001,OFC-GUR,Principal,Digital Ventures,Full-Time,2025-11-15,Target Population
EMP-09002,OFC-BOS,Consultant,Operations,Full-Time,2022-11-12,Target Population
EMP-09003,OFC-SIN,Analyst,Consulting,Full-Time,2023-03-29,Target Population
EMP-09004,OFC-LON,Principal,Digital Ventures,Full-Time,2023-06-18,Target Population
EMP-09005,OFC-NYC,Project Leader,Digital Ventures,Full-Time,2023-02-04,Target Population
EMP-09006,OFC-GUR,Consultant,Finance,Full-Time,2025-12-14,Target Population
EMP-09007,OFC-NYC,Analyst,HR,Full-Time,2022-08-16,Target Population
EMP-09008,OFC-GUR,Partner,Digital Ventures,Full-Time,2025-04-21,Target Population
EMP-09009,OFC-BOS,Consultant,Operations,Full-Time,2025-12-18,Target Population
EMP-09010,OFC-GUR,Analyst,Consulting,Full-Time,2024-05-07,Target Population
EMP-09011,OFC-NYC,Partner,HR,Full-Time,2023-10-06,Target Population
EMP-09012,OFC-LON,Consultant,Digital Ventures,Full-Time,2023-07-19,Target Population
EMP-09013,OFC-BOS,Partner,Finance,Full-Time,2026-07-03,Target Population
EMP-09014,OFC-GUR,Analyst,Digital Ventures,Full-Time,2022-03-02,Target Population
EMP-09015,OFC-GUR,Principal,Digital Ventures,Full-Time,2021-12-02,Target Population
EMP-09016,OFC-LON,Project Leader,Finance,Full-Time,2024-10-25,Target Population
EMP-09017,OFC-LON,Consultant,Operations,Full-Time,2023-12-26,Target Population
EMP-09018,OFC-LON,Project Leader,Digital Ventures,Full-Time,2024-10-20,Target Population
EMP-09019,OFC-SIN,Analyst,Digital Ventures,Full-Time,2023-02-11,Target Population
EMP-09020,OFC-LON,Analyst,Consulting,Full-Time,2023-04-02,Target Population
EMP-09021,OFC-GUR,Consultant,HR,Full-Time,2026-01-18,Target Population
EMP-09022,OFC-GUR,Principal,Digital Ventures,Full-Time,2022-01-14,Target Population
EMP-09023,OFC-NYC,Analyst,Finance,Full-Time,2022-04-22,Target Population
EMP-09024,OFC-BOS,Consultant,Finance,Full-Time,2024-08-21,Target Population
EMP-09025,OFC-NYC,Analyst,Operations,Full-Time,2025-06-05,Target Population
EMP-09026,OFC-GUR,Project Leader,HR,Full-Time,2022-09-26,Target Population
EMP-09027,OFC-BOS,Analyst,Digital Ventures,Full-Time,2023-09-11,Target Population
EMP-09028,OFC-LON,Analyst,Operations,Full-Time,2022-10-16,Target Population
EMP-09029,OFC-GUR,Project Leader,Finance,Full-Time,2026-07-19,Target Population
EMP-09030,OFC-NYC,Project Leader,Consulting,Full-Time,2023-09-03,Target Population
EMP-09031,OFC-LON,Consultant,Operations,Full-Time,2025-11-26,Target Population
EMP-09032,OFC-BOS,Consultant,Consulting,Full-Time,2023-12-17,Target Population
EMP-09033,OFC-BOS,Analyst,IT,Full-Time,2024-08-29,Target Population
EMP-09034,OFC-GUR,Project Leader,Operations,Full-Time,2024-10-14,Target Population
EMP-09035,OFC-BOS,Principal,Operations,Full-Time,2022-03-01,Target Population
EMP-09036,OFC-NYC,Analyst,HR,Full-Time,2026-07-03,Target Population
EMP-09037,OFC-SIN,Analyst,Digital Ventures,Full-Time,2024-01-16,Target Population
EMP-09038,OFC-NYC,Consultant,Operations,Full-Time,2023-01-19,Target Population
EMP-09039,OFC-SIN,Analyst,Operations,Full-Time,2026-02-24,Target Population
EMP-09040,OFC-SIN,Project Leader,HR,Full-Time,2022-08-26,Target Population
EMP-09041,OFC-NYC,Principal,IT,Full-Time,2022-03-12,Target Population
EMP-09042,OFC-BOS,Project Leader,Consulting,Full-Time,2025-06-28,Target Population
EMP-09043,OFC-GUR,Partner,HR,Full-Time,2025-08-27,Target Population
EMP-09044,OFC-LON,Managing Director,Operations,Full-Time,2022-09-16,Target Population
EMP-09045,OFC-BOS,Principal,Digital Ventures,Full-Time,2022-08-31,Target Population
EMP-09046,OFC-GUR,Principal,Consulting,Full-Time,2022-08-19,Target Population
EMP-09047,OFC-BOS,Consultant,HR,Full-Time,2026-07-20,Target Population
EMP-09048,OFC-SIN,Analyst,Operations,Full-Time,2022-02-14,Target Population
EMP-09049,OFC-BOS,Analyst,Finance,Full-Time,2026-01-30,Target Population
EMP-09050,OFC-BOS,Analyst,Consulting,Full-Time,2022-08-30,Target Population
EMP-09051,OFC-BOS,Analyst,IT,Full-Time,2023-03-09,Target Population
EMP-09052,OFC-SIN,Principal,Digital Ventures,Full-Time,2022-10-08,Target Population
EMP-09053,OFC-GUR,Analyst,IT,Full-Time,2023-07-07,Target Population
EMP-09054,OFC-GUR,Analyst,Finance,Full-Time,2024-11-03,Target Population
EMP-09055,OFC-NYC,Partner,Consulting,Full-Time,2023-02-06,Target Population
EMP-09056,OFC-NYC,Analyst,HR,Full-Time,2024-04-01,Target Population
EMP-09057,OFC-BOS,Analyst,Consulting,Full-Time,2025-07-09,Target Population
EMP-09058,OFC-LON,Consultant,Finance,Full-Time,2026-01-25,Target Population
EMP-09059,OFC-LON,Analyst,IT,Full-Time,2026-01-02,Target Population
EMP-09060,OFC-LON,Consultant,Finance,Full-Time,2022-08-11,Target Population
EMP-09061,OFC-NYC,Consultant,Finance,Full-Time,2023-01-29,Target Population
EMP-09062,OFC-SIN,Consultant,Consulting,Full-Time,2024-11-10,Target Population
EMP-09063,OFC-BOS,Principal,Digital Ventures,Full-Time,2024-08-11,Target Population
EMP-09064,OFC-SIN,Analyst,IT,Full-Time,2022-12-09,Target Population
EMP-09065,OFC-BOS,Consultant,Operations,Full-Time,2022-10-24,Target Population
EMP-09066,OFC-LON,Project Leader,Digital Ventures,Full-Time,2023-06-26,Target Population
EMP-09067,OFC-NYC,Consultant,IT,Full-Time,2025-07-02,Target Population
EMP-09068,OFC-NYC,Managing Director,Consulting,Full-Time,2025-04-20,Target Population
EMP-09069,OFC-LON,Analyst,Finance,Full-Time,2021-10-27,Target Population
EMP-09070,OFC-NYC,Project Leader,HR,Full-Time,2023-11-08,Target Population
EMP-09071,OFC-NYC,Consultant,Consulting,Full-Time,2025-10-17,Target Population
EMP-09072,OFC-GUR,Consultant,IT,Full-Time,2024-09-01,Target Population
EMP-09073,OFC-GUR,Consultant,Consulting,Full-Time,2024-03-15,Target Population
EMP-09074,OFC-GUR,Consultant,Finance,Full-Time,2026-01-23,Target Population
EMP-09075,OFC-BOS,Consultant,Digital Ventures,Full-Time,2023-03-23,Target Population
EMP-09076,OFC-LON,Managing Director,Operations,Full-Time,2022-06-28,Target Population
EMP-09077,OFC-LON,Principal,Finance,Full-Time,2024-01-11,Target Population
EMP-09078,OFC-NYC,Analyst,Finance,Full-Time,2024-12-07,Target Population
EMP-09079,OFC-LON,Project Leader,Finance,Full-Time,2025-04-18,Target Population
EMP-09080,OFC-NYC,Principal,Consulting,Full-Time,2024-10-31,Target Population
EMP-09081,OFC-BOS,Analyst,Digital Ventures,Full-Time,2023-11-08,Target Population
EMP-09082,OFC-BOS,Project Leader,Digital Ventures,Full-Time,2023-01-21,Target Population
EMP-09083,OFC-BOS,Consultant,IT,Full-Time,2026-04-09,Target Population
EMP-09084,OFC-GUR,Analyst,Consulting,Full-Time,2025-05-09,Target Population
EMP-09085,OFC-GUR,Principal,HR,Full-Time,2023-09-15,Target Population
EMP-09086,OFC-SIN,Partner,Operations,Full-Time,2022-12-09,Target Population
EMP-09087,OFC-GUR,Consultant,IT,Full-Time,2025-05-31,Target Population
EMP-09088,OFC-BOS,Managing Director,Operations,Full-Time,2025-04-13,Target Population
EMP-09089,OFC-SIN,Partner,Operations,Full-Time,2025-03-31,Target Population
EMP-09090,OFC-SIN,Consultant,Operations,Full-Time,2025-09-01,Target Population
EMP-09091,OFC-NYC,Partner,Consulting,Full-Time,2026-02-26,Target Population
EMP-09092,OFC-LON,Consultant,Finance,Full-Time,2024-11-03,Target Population
EMP-09093,OFC-SIN,Consultant,Consulting,Full-Time,2022-01-07,Target Population
EMP-09094,OFC-LON,Partner,IT,Full-Time,2025-07-13,Target Population
EMP-09095,OFC-SIN,Analyst,Consulting,Full-Time,2023-01-02,Target Population
EMP-09096,OFC-BOS,Partner,Digital Ventures,Full-Time,2021-11-06,Target Population
EMP-09097,OFC-BOS,Partner,Consulting,Full-Time,2026-03-02,Target Population
EMP-09098,OFC-NYC,Partner,Operations,Full-Time,2022-05-11,Target Population
EMP-09099,OFC-LON,Analyst,Finance,Full-Time,2022-06-27,Target Population
EMP-09100,OFC-GUR,Consultant,Finance,Full-Time,2024-08-23,Target Population
EMP-09101,OFC-SIN,Managing Director,Consulting,Full-Time,2024-06-11,Target Population
EMP-09102,OFC-NYC,Project Leader,Digital Ventures,Full-Time,2025-03-07,Target Population
EMP-09103,OFC-BOS,Principal,IT,Full-Time,2023-03-01,Target Population
EMP-09104,OFC-GUR,Consultant,Finance,Full-Time,2025-06-16,Target Population
EMP-09105,OFC-LON,Principal,HR,Full-Time,2022-04-15,Target Population
EMP-09106,OFC-BOS,Consultant,Finance,Full-Time,2025-02-09,Target Population
EMP-09107,OFC-LON,Partner,Finance,Full-Time,2022-01-30,Target Population
EMP-09108,OFC-GUR,Consultant,IT,Full-Time,2023-01-18,Target Population
EMP-09109,OFC-GUR,Principal,Digital Ventures,Full-Time,2026-08-27,Target Population
EMP-09110,OFC-LON,Consultant,Consulting,Full-Time,2022-04-04,Target Population
EMP-09111,OFC-NYC,Analyst,Digital Ventures,Full-Time,2026-03-09,Target Population
EMP-09112,OFC-SIN,Consultant,Consulting,Full-Time,2024-04-12,Target Population
EMP-09113,OFC-GUR,Analyst,IT,Full-Time,2025-05-01,Target Population
EMP-09114,OFC-NYC,Consultant,IT,Full-Time,2025-03-08,Target Population
EMP-09115,OFC-NYC,Consultant,Operations,Full-Time,2026-06-23,Target Population
EMP-09116,OFC-GUR,Principal,Operations,Full-Time,2024-05-09,Target Population
EMP-09117,OFC-BOS,Analyst,IT,Full-Time,2024-06-07,Target Population
EMP-09118,OFC-BOS,Consultant,HR,Full-Time,2024-09-10,Target Population
EMP-09119,OFC-LON,Consultant,Operations,Full-Time,2021-10-31,Target Population
EMP-09120,OFC-NYC,Analyst,HR,Full-Time,2024-02-23,Target Population
EMP-09121,OFC-LON,Analyst,Operations,Full-Time,2026-04-03,Target Population
EMP-09122,OFC-BOS,Managing Director,Digital Ventures,Full-Time,2023-01-06,Target Population
EMP-09123,OFC-GUR,Project Leader,Operations,Full-Time,2025-03-14,Target Population
EMP-09124,OFC-NYC,Partner,IT,Full-Time,2025-07-24,Target Population
EMP-09125,OFC-BOS,Analyst,Consulting,Full-Time,2023-07-06,Target Population
EMP-09126,OFC-BOS,Consultant,Consulting,Full-Time,2026-05-25,Target Population
EMP-09127,OFC-SIN,Consultant,Digital Ventures,Full-Time,2025-07-11,Target Population
EMP-09128,OFC-SIN,Partner,HR,Full-Time,2024-09-13,Target Population
EMP-09129,OFC-BOS,Consultant,Digital Ventures,Full-Time,2025-03-16,Target Population
EMP-09130,OFC-GUR,Analyst,IT,Full-Time,2023-06-11,Target Population
EMP-09131,OFC-LON,Partner,Consulting,Full-Time,2024-04-30,Target Population
EMP-09132,OFC-SIN,Consultant,IT,Full-Time,2022-06-25,Target Population
EMP-09133,OFC-NYC,Consultant,Digital Ventures,Full-Time,2022-01-29,Target Population
EMP-09134,OFC-GUR,Analyst,IT,Full-Time,2026-05-03,Target Population
EMP-09135,OFC-BOS,Analyst,Finance,Full-Time,2024-08-11,Target Population
EMP-09136,OFC-NYC,Consultant,Consulting,Full-Time,2025-01-30,Target Population
EMP-09137,OFC-SIN,Analyst,IT,Full-Time,2022-11-02,Target Population
EMP-09138,OFC-LON,Analyst,Finance,Full-Time,2026-03-12,Target Population
EMP-09139,OFC-NYC,Consultant,Operations,Full-Time,2026-05-14,Target Population
EMP-09140,OFC-BOS,Analyst,Finance,Full-Time,2024-03-07,Target Population
EMP-09141,OFC-GUR,Project Leader,Consulting,Full-Time,2023-08-02,Target Population
EMP-09142,OFC-LON,Consultant,IT,Full-Time,2022-07-22,Target Population
EMP-09143,OFC-NYC,Project Leader,Finance,Full-Time,2026-02-12,Target Population
EMP-09144,OFC-SIN,Project Leader,Operations,Full-Time,2026-06-17,Target Population
EMP-09145,OFC-BOS,Analyst,IT,Full-Time,2024-06-03,Target Population
EMP-09146,OFC-NYC,Consultant,IT,Full-Time,2026-03-14,Target Population
EMP-09147,OFC-SIN,Analyst,Operations,Full-Time,2024-08-30,Target Population
EMP-09148,OFC-NYC,Consultant,IT,Full-Time,2023-02-16,Target Population
EMP-09149,OFC-NYC,Principal,Consulting,Full-Time,2021-12-18,Target Population
EMP-09150,OFC-LON,Principal,IT,Full-Time,2022-01-01,Target Population
EMP-09151,OFC-GUR,Consultant,Finance,Full-Time,2026-05-11,Target Population
EMP-09152,OFC-BOS,Analyst,Operations,Full-Time,2023-12-19,Target Population
EMP-09153,OFC-SIN,Consultant,Consulting,Full-Time,2023-10-26,Target Population
EMP-09154,OFC-GUR,Partner,HR,Full-Time,2024-05-08,Target Population
EMP-09155,OFC-BOS,Consultant,Finance,Full-Time,2025-05-12,Target Population
EMP-09156,OFC-GUR,Consultant,Consulting,Full-Time,2026-01-23,Target Population
EMP-09157,OFC-NYC,Partner,HR,Full-Time,2022-09-15,Target Population
EMP-09158,OFC-NYC,Partner,Digital Ventures,Full-Time,2022-04-11,Target Population
EMP-09159,OFC-GUR,Managing Director,IT,Full-Time,2024-12-08,Target Population
EMP-09160,OFC-SIN,Principal,Consulting,Full-Time,2023-12-23,Target Population
EMP-09161,OFC-BOS,Analyst,Consulting,Full-Time,2026-01-30,Target Population
EMP-09162,OFC-NYC,Principal,HR,Full-Time,2024-10-12,Target Population
EMP-09163,OFC-LON,Analyst,HR,Full-Time,2022-10-26,Target Population
EMP-09164,OFC-NYC,Project Leader,Finance,Full-Time,2022-03-04,Target Population
EMP-09165,OFC-NYC,Partner,Operations,Full-Time,2022-10-29,Target Population
EMP-09166,OFC-BOS,Consultant,HR,Full-Time,2025-08-01,Target Population
EMP-09167,OFC-GUR,Analyst,IT,Full-Time,2024-04-19,Target Population
EMP-09168,OFC-NYC,Project Leader,Operations,Full-Time,2026-08-20,Target Population
EMP-09169,OFC-BOS,Consultant,Operations,Full-Time,2021-10-23,Target Population
EMP-09170,OFC-GUR,Consultant,Consulting,Full-Time,2025-08-14,Target Population
EMP-09171,OFC-GUR,Analyst,HR,Full-Time,2024-08-25,Target Population
EMP-09172,OFC-LON,Consultant,Consulting,Full-Time,2023-10-10,Target Population
EMP-09173,OFC-NYC,Consultant,Finance,Full-Time,2026-09-17,Target Population
EMP-09174,OFC-LON,Principal,Finance,Full-Time,2026-07-30,Target Population
EMP-09175,OFC-NYC,Partner,Finance,Full-Time,2026-04-20,Target Population
EMP-09176,OFC-BOS,Consultant,HR,Full-Time,2023-10-03,Target Population
EMP-09177,OFC-GUR,Consultant,HR,Full-Time,2024-09-29,Target Population
EMP-09178,OFC-BOS,Analyst,Operations,Full-Time,2024-04-23,Target Population
EMP-09179,OFC-BOS,Consultant,HR,Full-Time,2024-03-09,Target Population
EMP-09180,OFC-BOS,Analyst,Digital Ventures,Full-Time,2026-08-21,Target Population
EMP-09181,OFC-BOS,Project Leader,Digital Ventures,Full-Time,2022-12-15,Target Population
EMP-09182,OFC-BOS,Analyst,Finance,Full-Time,2024-12-23,Target Population
EMP-09183,OFC-SIN,Consultant,HR,Full-Time,2026-03-09,Target Population
EMP-09184,OFC-NYC,Consultant,Finance,Full-Time,2023-11-15,Target Population
EMP-09185,OFC-BOS,Principal,IT,Full-Time,2022-08-29,Target Population
EMP-09186,OFC-BOS,Managing Director,HR,Full-Time,2024-07-21,Target Population
EMP-09187,OFC-SIN,Consultant,Finance,Full-Time,2026-02-27,Target Population
EMP-09188,OFC-LON,Project Leader,Operations,Full-Time,2026-09-20,Target Population
EMP-09189,OFC-NYC,Analyst,Operations,Full-Time,2023-05-28,Target Population
EMP-09190,OFC-SIN,Consultant,HR,Full-Time,2024-11-02,Target Population
EMP-09191,OFC-NYC,Consultant,HR,Full-Time,2025-08-18,Target Population
EMP-09192,OFC-NYC,Consultant,Finance,Full-Time,2022-08-07,Target Population
EMP-09193,OFC-BOS,Analyst,HR,Full-Time,2023-01-05,Target Population
EMP-09194,OFC-NYC,Principal,Operations,Full-Time,2025-05-21,Target Population
EMP-09195,OFC-NYC,Managing Director,Digital Ventures,Full-Time,2025-04-09,Target Population
EMP-09196,OFC-GUR,Project Leader,Digital Ventures,Full-Time,2022-06-18,Target Population
EMP-09197,OFC-NYC,Consultant,Consulting,Full-Time,2022-07-20,Target Population
EMP-09198,OFC-LON,Principal,Operations,Full-Time,2022-04-18,Target Population
EMP-09199,OFC-BOS,Consultant,IT,Full-Time,2025-05-19,Target Population
EMP-09200,OFC-BOS,Analyst,HR,Full-Time,2022-11-15,Target Population
EMP-09201,OFC-NYC,Partner,Consulting,Full-Time,2025-10-25,Target Population
EMP-09202,OFC-SIN,Consultant,HR,Full-Time,2023-08-05,Target Population
EMP-09203,OFC-NYC,Analyst,HR,Full-Time,2025-07-24,Target Population
EMP-09204,OFC-GUR,Consultant,HR,Full-Time,2022-06-06,Target Population
EMP-09205,OFC-NYC,Consultant,Operations,Full-Time,2024-11-27,Target Population
EMP-09206,OFC-BOS,Partner,IT,Full-Time,2026-03-30,Target Population
EMP-09207,OFC-BOS,Partner,Finance,Full-Time,2025-03-11,Target Population
EMP-09208,OFC-NYC,Analyst,IT,Full-Time,2026-07-09,Target Population
EMP-09209,OFC-BOS,Analyst,Finance,Full-Time,2026-03-07,Target Population
EMP-09210,OFC-BOS,Consultant,Finance,Full-Time,2025-02-14,Target Population
EMP-09211,OFC-GUR,Analyst,HR,Full-Time,2024-01-04,Target Population
EMP-09212,OFC-BOS,Principal,Consulting,Full-Time,2026-09-26,Target Population
EMP-09213,OFC-LON,Consultant,HR,Full-Time,2026-01-03,Target Population
EMP-09214,OFC-NYC,Consultant,Consulting,Full-Time,2025-05-14,Target Population
EMP-09215,OFC-LON,Analyst,Operations,Full-Time,2025-07-05,Target Population
EMP-09216,OFC-LON,Principal,Finance,Full-Time,2025-12-05,Target Population
EMP-09217,OFC-NYC,Consultant,IT,Full-Time,2025-04-24,Target Population
EMP-09218,OFC-NYC,Consultant,Operations,Full-Time,2023-02-24,Target Population
EMP-09219,OFC-GUR,Analyst,Consulting,Full-Time,2022-12-29,Target Population
EMP-09220,OFC-SIN,Project Leader,Finance,Full-Time,2026-01-25,Target Population
EMP-09221,OFC-BOS,Partner,IT,Full-Time,2022-11-05,Target Population
EMP-09222,OFC-BOS,Consultant,Digital Ventures,Full-Time,2025-11-21,Target Population
EMP-09223,OFC-SIN,Consultant,Operations,Full-Time,2025-08-29,Target Population
EMP-09224,OFC-NYC,Analyst,Operations,Full-Time,2022-11-12,Target Population
EMP-09225,OFC-LON,Partner,Finance,Full-Time,2026-02-17,Target Population
EMP-09226,OFC-NYC,Principal,IT,Full-Time,2026-04-07,Target Population
EMP-09227,OFC-BOS,Partner,Finance,Full-Time,2022-10-08,Target Population
EMP-09228,OFC-LON,Project Leader,Operations,Full-Time,2023-07-29,Target Population
EMP-09229,OFC-LON,Analyst,HR,Full-Time,2025-08-21,Target Population
EMP-09230,OFC-BOS,Consultant,IT,Full-Time,2025-10-16,Target Population
EMP-09231,OFC-LON,Analyst,Operations,Full-Time,2022-01-16,Target Population
EMP-09232,OFC-GUR,Analyst,Finance,Full-Time,2023-02-06,Target Population
EMP-09233,OFC-LON,Partner,Digital Ventures,Full-Time,2026-07-09,Target Population
EMP-09234,OFC-BOS,Principal,HR,Full-Time,2024-11-27,Target Population
EMP-09235,OFC-LON,Analyst,Digital Ventures,Full-Time,2022-10-10,Target Population
EMP-09236,OFC-GUR,Principal,Digital Ventures,Full-Time,2025-03-29,Target Population
EMP-09237,OFC-GUR,Analyst,IT,Full-Time,2022-09-14,Target Population
EMP-09238,OFC-LON,Analyst,Digital Ventures,Full-Time,2022-10-17,Target Population
EMP-09239,OFC-BOS,Analyst,HR,Full-Time,2024-11-28,Target Population
EMP-09240,OFC-GUR,Analyst,HR,Full-Time,2026-08-18,Target Population
EMP-09241,OFC-GUR,Project Leader,IT,Full-Time,2024-03-24,Target Population
EMP-09242,OFC-BOS,Project Leader,Digital Ventures,Full-Time,2022-02-09,Target Population
EMP-09243,OFC-NYC,Project Leader,Operations,Full-Time,2026-03-19,Target Population
EMP-09244,OFC-NYC,Consultant,HR,Full-Time,2023-01-26,Target Population
EMP-09245,OFC-GUR,Analyst,Digital Ventures,Full-Time,2022-10-07,Target Population
EMP-09246,OFC-BOS,Project Leader,Operations,Full-Time,2024-12-04,Target Population
EMP-09247,OFC-LON,Analyst,Consulting,Full-Time,2024-05-11,Target Population
EMP-09248,OFC-SIN,Project Leader,Operations,Full-Time,2024-12-13,Target Population
EMP-09249,OFC-GUR,Consultant,HR,Full-Time,2024-05-06,Target Population
EMP-09250,OFC-SIN,Project Leader,HR,Full-Time,2024-04-07,Target Population
EMP-09251,OFC-SIN,Analyst,Operations,Full-Time,2025-11-24,Target Population
EMP-09252,OFC-BOS,Analyst,Consulting,Full-Time,2022-01-01,Target Population
EMP-09253,OFC-LON,Project Leader,Digital Ventures,Full-Time,2022-12-24,Target Population
EMP-09254,OFC-NYC,Consultant,Finance,Full-Time,2022-12-22,Target Population
EMP-09255,OFC-SIN,Analyst,HR,Full-Time,2025-05-09,Target Population
EMP-09256,OFC-NYC,Project Leader,Operations,Full-Time,2022-03-07,Target Population
EMP-09257,OFC-SIN,Managing Director,Consulting,Full-Time,2024-05-12,Target Population
EMP-09258,OFC-LON,Analyst,Finance,Full-Time,2024-03-05,Target Population
EMP-09259,OFC-GUR,Consultant,IT,Full-Time,2023-08-07,Target Population
EMP-09260,OFC-BOS,Analyst,Digital Ventures,Full-Time,2023-04-28,Target Population
EMP-09261,OFC-BOS,Consultant,HR,Full-Time,2025-12-03,Target Population
EMP-09262,OFC-GUR,Consultant,IT,Full-Time,2021-10-13,Target Population
EMP-09263,OFC-BOS,Analyst,Finance,Full-Time,2022-10-22,Target Population
EMP-09264,OFC-GUR,Project Leader,IT,Full-Time,2026-06-04,Target Population
EMP-09265,OFC-BOS,Project Leader,Consulting,Full-Time,2024-09-24,Target Population
EMP-09266,OFC-GUR,Project Leader,Finance,Full-Time,2022-05-04,Target Population
EMP-09267,OFC-NYC,Analyst,HR,Full-Time,2022-02-22,Target Population
EMP-09268,OFC-LON,Analyst,Finance,Full-Time,2025-04-26,Target Population
EMP-09269,OFC-GUR,Principal,Consulting,Full-Time,2025-11-09,Target Population
EMP-09270,OFC-NYC,Consultant,HR,Full-Time,2026-08-22,Target Population
EMP-09271,OFC-BOS,Project Leader,Operations,Full-Time,2024-05-26,Target Population
EMP-09272,OFC-BOS,Principal,Digital Ventures,Full-Time,2026-07-30,Target Population
EMP-09273,OFC-LON,Consultant,Operations,Full-Time,2025-08-12,Target Population
EMP-09274,OFC-LON,Project Leader,HR,Full-Time,2024-08-21,Target Population
EMP-09275,OFC-GUR,Consultant,Digital Ventures,Full-Time,2024-12-22,Target Population
EMP-09276,OFC-LON,Consultant,HR,Full-Time,2025-10-22,Target Population
EMP-09277,OFC-NYC,Analyst,HR,Full-Time,2022-11-23,Target Population
EMP-09278,OFC-NYC,Analyst,Operations,Full-Time,2022-12-11,Target Population
EMP-09279,OFC-BOS,Project Leader,Operations,Full-Time,2026-01-22,Target Population
EMP-09280,OFC-NYC,Analyst,Operations,Full-Time,2025-09-08,Target Population
EMP-09281,OFC-SIN,Partner,IT,Full-Time,2025-08-04,Target Population
EMP-09282,OFC-SIN,Managing Director,Operations,Full-Time,2025-08-02,Target Population
EMP-09283,OFC-NYC,Principal,Finance,Full-Time,2023-01-12,Target Population
EMP-09284,OFC-LON,Analyst,Operations,Full-Time,2024-07-13,Target Population
EMP-09285,OFC-GUR,Analyst,Finance,Full-Time,2022-07-11,Target Population
EMP-09286,OFC-NYC,Principal,Digital Ventures,Full-Time,2025-04-01,Target Population
EMP-09287,OFC-BOS,Consultant,Consulting,Full-Time,2025-01-22,Target Population
EMP-09288,OFC-BOS,Consultant,Digital Ventures,Full-Time,2023-09-30,Target Population
EMP-09289,OFC-LON,Analyst,Digital Ventures,Full-Time,2025-02-16,Target Population
EMP-09290,OFC-SIN,Partner,HR,Full-Time,2024-08-25,Target Population
EMP-09291,OFC-GUR,Analyst,IT,Full-Time,2026-05-14,Target Population
EMP-09292,OFC-BOS,Analyst,Operations,Full-Time,2022-02-26,Target Population
EMP-09293,OFC-BOS,Project Leader,Consulting,Full-Time,2025-07-14,Target Population
EMP-09294,OFC-GUR,Analyst,Digital Ventures,Full-Time,2024-02-15,Target Population
EMP-09295,OFC-GUR,Project Leader,Consulting,Full-Time,2022-07-09,Target Population
EMP-09296,OFC-LON,Consultant,Consulting,Full-Time,2023-03-05,Target Population
EMP-09297,OFC-LON,Analyst,Operations,Full-Time,2021-12-23,Target Population
EMP-09298,OFC-BOS,Consultant,Finance,Full-Time,2026-08-19,Target Population
EMP-09299,OFC-GUR,Project Leader,Finance,Full-Time,2024-05-23,Target Population
EMP-09300,OFC-GUR,Project Leader,Operations,Full-Time,2026-07-16,Target Population
EMP-09301,OFC-NYC,Analyst,IT,Full-Time,2022-10-26,Target Population
EMP-09302,OFC-GUR,Analyst,Digital Ventures,Full-Time,2026-07-10,Target Population
EMP-09303,OFC-BOS,Consultant,HR,Full-Time,2022-06-28,Target Population
EMP-09304,OFC-BOS,Analyst,Finance,Full-Time,2023-05-27,Target Population
EMP-09305,OFC-BOS,Consultant,HR,Full-Time,2026-05-17,Target Population
EMP-09306,OFC-BOS,Consultant,HR,Full-Time,2026-09-03,Target Population
EMP-09307,OFC-NYC,Principal,Digital Ventures,Full-Time,2022-03-20,Target Population
EMP-09308,OFC-NYC,Analyst,Finance,Full-Time,2026-08-13,Target Population
EMP-09309,OFC-LON,Consultant,Operations,Full-Time,2026-03-16,Target Population
EMP-09310,OFC-LON,Consultant,Consulting,Full-Time,2023-05-18,Target Population
EMP-09311,OFC-NYC,Principal,Consulting,Full-Time,2025-10-24,Target Population
EMP-09312,OFC-BOS,Analyst,IT,Full-Time,2026-01-15,Target Population
EMP-09313,OFC-LON,Partner,Consulting,Full-Time,2021-12-03,Target Population
EMP-09314,OFC-NYC,Consultant,Digital Ventures,Full-Time,2022-10-15,Target Population
EMP-09315,OFC-NYC,Project Leader,IT,Full-Time,2026-04-16,Target Population
EMP-09316,OFC-SIN,Managing Director,Operations,Full-Time,2023-04-18,Target Population
EMP-09317,OFC-GUR,Analyst,HR,Full-Time,2021-12-04,Target Population
EMP-09318,OFC-SIN,Analyst,Finance,Full-Time,2024-02-08,Target Population
EMP-09319,OFC-LON,Analyst,Operations,Full-Time,2023-07-08,Target Population
EMP-09320,OFC-BOS,Analyst,IT,Full-Time,2023-11-08,Target Population
EMP-09321,OFC-GUR,Consultant,IT,Full-Time,2026-09-11,Target Population
EMP-09322,OFC-BOS,Managing Director,Operations,Full-Time,2025-07-18,Target Population
EMP-09323,OFC-NYC,Analyst,Finance,Full-Time,2022-06-26,Target Population
EMP-09324,OFC-BOS,Analyst,IT,Full-Time,2026-04-21,Target Population
EMP-09325,OFC-GUR,Analyst,IT,Full-Time,2024-06-28,Target Population
EMP-09326,OFC-BOS,Consultant,Finance,Full-Time,2025-03-08,Target Population
EMP-09327,OFC-SIN,Analyst,IT,Full-Time,2022-02-23,Target Population
EMP-09328,OFC-SIN,Project Leader,HR,Full-Time,2025-12-11,Target Population
EMP-09329,OFC-LON,Analyst,HR,Full-Time,2021-12-18,Target Population
EMP-09330,OFC-GUR,Consultant,Digital Ventures,Full-Time,2024-08-28,Target Population
EMP-09331,OFC-LON,Consultant,Digital Ventures,Full-Time,2025-06-25,Target Population
EMP-09332,OFC-GUR,Project Leader,Consulting,Full-Time,2023-04-20,Target Population
EMP-09333,OFC-NYC,Analyst,Operations,Full-Time,2025-04-18,Target Population
EMP-09334,OFC-GUR,Analyst,IT,Full-Time,2021-12-20,Target Population
EMP-09335,OFC-LON,Analyst,Consulting,Full-Time,2026-04-04,Target Population
EMP-09336,OFC-SIN,Principal,IT,Full-Time,2024-06-19,Target Population
EMP-09337,OFC-LON,Analyst,HR,Full-Time,2025-01-05,Target Population
EMP-09338,OFC-LON,Project Leader,HR,Full-Time,2023-12-15,Target Population
EMP-09339,OFC-GUR,Consultant,IT,Full-Time,2022-07-16,Target Population
EMP-09340,OFC-GUR,Analyst,Finance,Full-Time,2022-09-28,Target Population
EMP-09341,OFC-LON,Project Leader,Consulting,Full-Time,2022-08-11,Target Population
EMP-09342,OFC-BOS,Analyst,IT,Full-Time,2026-05-17,Target Population
EMP-09343,OFC-LON,Analyst,HR,Full-Time,2023-03-13,Target Population
EMP-09344,OFC-SIN,Consultant,Operations,Full-Time,2024-03-11,Target Population
EMP-09345,OFC-GUR,Consultant,Consulting,Full-Time,2022-12-28,Target Population
EMP-09346,OFC-GUR,Analyst,Consulting,Full-Time,2023-04-27,Target Population
EMP-09347,OFC-BOS,Project Leader,Operations,Full-Time,2023-12-09,Target Population
EMP-09348,OFC-LON,Consultant,IT,Full-Time,2022-07-12,Target Population
EMP-09349,OFC-LON,Consultant,Finance,Full-Time,2023-01-29,Target Population
EMP-09350,OFC-GUR,Consultant,Digital Ventures,Full-Time,2024-05-17,Target Population
EMP-09351,OFC-BOS,Analyst,IT,Full-Time,2025-03-25,Target Population
EMP-09352,OFC-SIN,Project Leader,IT,Full-Time,2023-03-16,Target Population
EMP-09353,OFC-LON,Consultant,Finance,Full-Time,2022-04-08,Target Population
EMP-09354,OFC-BOS,Partner,Operations,Full-Time,2024-07-13,Target Population
EMP-09355,OFC-NYC,Analyst,IT,Full-Time,2023-04-23,Target Population
EMP-09356,OFC-NYC,Consultant,HR,Full-Time,2021-12-30,Target Population
EMP-09357,OFC-LON,Analyst,Digital Ventures,Full-Time,2022-04-06,Target Population
EMP-09358,OFC-BOS,Consultant,Finance,Full-Time,2024-04-19,Target Population
EMP-09359,OFC-BOS,Analyst,Digital Ventures,Full-Time,2025-01-30,Target Population
EMP-09360,OFC-GUR,Consultant,Digital Ventures,Full-Time,2022-08-09,Target Population
EMP-09361,OFC-BOS,Analyst,Digital Ventures,Full-Time,2024-06-27,Target Population
EMP-09362,OFC-BOS,Partner,Consulting,Full-Time,2022-12-23,Target Population
EMP-09363,OFC-LON,Principal,IT,Full-Time,2025-04-11,Target Population
EMP-09364,OFC-LON,Consultant,Operations,Full-Time,2024-07-10,Target Population
EMP-09365,OFC-GUR,Analyst,HR,Full-Time,2023-12-17,Target Population
EMP-09366,OFC-NYC,Analyst,Operations,Full-Time,2024-12-16,Target Population
EMP-09367,OFC-GUR,Consultant,IT,Full-Time,2022-10-17,Target Population
EMP-09368,OFC-LON,Project Leader,IT,Full-Time,2022-03-17,Target Population
EMP-09369,OFC-BOS,Consultant,Finance,Full-Time,2023-06-28,Target Population
EMP-09370,OFC-BOS,Consultant,Operations,Full-Time,2023-10-21,Target Population
EMP-09371,OFC-NYC,Analyst,Finance,Full-Time,2026-10-01,Target Population
EMP-09372,OFC-NYC,Analyst,HR,Full-Time,2023-10-11,Target Population
EMP-09373,OFC-GUR,Principal,IT,Full-Time,2025-12-16,Target Population
EMP-09374,OFC-LON,Partner,Operations,Full-Time,2026-02-03,Target Population
EMP-09375,OFC-NYC,Analyst,Consulting,Full-Time,2026-01-21,Target Population
EMP-09376,OFC-BOS,Consultant,Consulting,Full-Time,2025-01-15,Target Population
EMP-09377,OFC-BOS,Principal,HR,Full-Time,2022-09-29,Target Population
EMP-09378,OFC-LON,Consultant,Digital Ventures,Full-Time,2024-01-21,Target Population
EMP-09379,OFC-NYC,Project Leader,Finance,Full-Time,2022-04-13,Target Population
EMP-09380,OFC-LON,Analyst,HR,Full-Time,2024-06-22,Target Population
EMP-09381,OFC-BOS,Consultant,Digital Ventures,Full-Time,2025-09-20,Target Population
EMP-09382,OFC-GUR,Consultant,Operations,Full-Time,2026-06-21,Target Population
EMP-09383,OFC-SIN,Analyst,HR,Full-Time,2025-03-24,Target Population
EMP-09384,OFC-NYC,Analyst,Consulting,Full-Time,2022-04-28,Target Population
EMP-09385,OFC-LON,Project Leader,IT,Full-Time,2025-11-19,Target Population
EMP-09386,OFC-SIN,Analyst,HR,Full-Time,2022-01-04,Target Population
EMP-09387,OFC-NYC,Analyst,Finance,Full-Time,2025-03-26,Target Population
EMP-09388,OFC-LON,Analyst,Finance,Full-Time,2023-10-03,Target Population
EMP-09389,OFC-BOS,Analyst,Operations,Full-Time,2021-12-03,Target Population
EMP-09390,OFC-LON,Analyst,IT,Full-Time,2024-01-21,Target Population
EMP-09391,OFC-BOS,Consultant,Digital Ventures,Full-Time,2026-06-24,Target Population
EMP-09392,OFC-SIN,Project Leader,IT,Full-Time,2026-10-02,Target Population
EMP-09393,OFC-GUR,Consultant,Finance,Full-Time,2022-08-18,Target Population
EMP-09394,OFC-GUR,Consultant,Finance,Full-Time,2023-11-11,Target Population
EMP-09395,OFC-GUR,Analyst,Finance,Full-Time,2026-06-26,Target Population
EMP-09396,OFC-LON,Consultant,HR,Full-Time,2022-11-01,Target Population
EMP-09397,OFC-NYC,Analyst,HR,Full-Time,2024-05-10,Target Population
EMP-09398,OFC-SIN,Project Leader,Digital Ventures,Full-Time,2026-08-07,Target Population
EMP-09399,OFC-SIN,Analyst,Operations,Full-Time,2025-03-23,Target Population
EMP-09400,OFC-LON,Analyst,Consulting,Full-Time,2025-07-23,Target Population
EMP-09401,OFC-SIN,Analyst,Finance,Full-Time,2022-06-24,Target Population
EMP-09402,OFC-LON,Analyst,Digital Ventures,Full-Time,2026-01-08,Target Population
EMP-09403,OFC-LON,Consultant,Digital Ventures,Full-Time,2023-07-01,Target Population
EMP-09404,OFC-LON,Analyst,Operations,Full-Time,2022-12-23,Target Population
EMP-09405,OFC-BOS,Consultant,Operations,Full-Time,2024-12-09,Target Population
EMP-09406,OFC-BOS,Analyst,Consulting,Full-Time,2026-05-13,Target Population
EMP-09407,OFC-BOS,Analyst,Digital Ventures,Full-Time,2023-03-13,Target Population
EMP-09408,OFC-LON,Managing Director,Digital Ventures,Full-Time,2023-11-07,Target Population
EMP-09409,OFC-NYC,Analyst,Finance,Full-Time,2026-05-04,Target Population
EMP-09410,OFC-NYC,Project Leader,Operations,Full-Time,2025-05-15,Target Population
EMP-09411,OFC-SIN,Consultant,HR,Full-Time,2026-06-27,Target Population
EMP-09412,OFC-NYC,Analyst,Digital Ventures,Full-Time,2025-08-10,Target Population
EMP-09413,OFC-LON,Partner,HR,Full-Time,2022-02-13,Target Population
EMP-09414,OFC-BOS,Principal,Operations,Full-Time,2021-10-10,Target Population
EMP-09415,OFC-BOS,Project Leader,Operations,Full-Time,2025-09-19,Target Population
EMP-09416,OFC-GUR,Principal,Consulting,Full-Time,2024-03-23,Target Population
EMP-09417,OFC-LON,Project Leader,HR,Full-Time,2023-03-11,Target Population
EMP-09418,OFC-GUR,Project Leader,Operations,Full-Time,2021-10-08,Target Population
EMP-09419,OFC-BOS,Analyst,Digital Ventures,Full-Time,2022-04-11,Target Population
EMP-09420,OFC-LON,Project Leader,Finance,Full-Time,2025-11-13,Target Population
EMP-09421,OFC-NYC,Partner,HR,Full-Time,2024-02-03,Target Population
EMP-09422,OFC-BOS,Partner,Digital Ventures,Full-Time,2023-11-25,Target Population
EMP-09423,OFC-BOS,Consultant,HR,Full-Time,2024-12-31,Target Population
EMP-09424,OFC-BOS,Analyst,Operations,Full-Time,2024-10-02,Target Population
EMP-09425,OFC-NYC,Consultant,Digital Ventures,Full-Time,2023-07-30,Target Population
EMP-09426,OFC-BOS,Analyst,Consulting,Full-Time,2026-09-29,Target Population
EMP-09427,OFC-SIN,Analyst,IT,Full-Time,2026-02-08,Target Population
EMP-09428,OFC-NYC,Analyst,HR,Full-Time,2024-02-28,Target Population
EMP-09429,OFC-BOS,Consultant,Operations,Full-Time,2022-02-25,Target Population
EMP-09430,OFC-BOS,Analyst,Consulting,Full-Time,2023-02-20,Target Population
EMP-09431,OFC-LON,Consultant,Consulting,Full-Time,2026-04-23,Target Population
EMP-09432,OFC-BOS,Analyst,HR,Full-Time,2026-07-22,Target Population
EMP-09433,OFC-SIN,Consultant,Digital Ventures,Full-Time,2022-05-12,Target Population
EMP-09434,OFC-SIN,Analyst,HR,Full-Time,2024-04-28,Target Population
EMP-09435,OFC-BOS,Analyst,Finance,Full-Time,2022-07-12,Target Population
EMP-09436,OFC-LON,Project Leader,HR,Full-Time,2025-02-16,Target Population
EMP-09437,OFC-BOS,Project Leader,Consulting,Full-Time,2022-10-24,Target Population
EMP-09438,OFC-LON,Partner,HR,Full-Time,2022-12-14,Target Population
EMP-09439,OFC-NYC,Partner,Operations,Full-Time,2026-07-01,Target Population
EMP-09440,OFC-NYC,Partner,IT,Full-Time,2024-02-22,Target Population
EMP-09441,OFC-BOS,Consultant,HR,Full-Time,2025-06-10,Target Population
EMP-09442,OFC-GUR,Analyst,IT,Full-Time,2023-07-24,Target Population
EMP-09443,OFC-NYC,Project Leader,Consulting,Full-Time,2026-01-22,Target Population
EMP-09444,OFC-BOS,Project Leader,IT,Full-Time,2024-06-21,Target Population
EMP-09445,OFC-GUR,Analyst,Finance,Full-Time,2024-09-05,Target Population
EMP-09446,OFC-LON,Analyst,IT,Full-Time,2023-12-28,Target Population
EMP-09447,OFC-SIN,Analyst,Digital Ventures,Full-Time,2025-08-13,Target Population
EMP-09448,OFC-BOS,Analyst,IT,Full-Time,2024-02-02,Target Population
EMP-09449,OFC-GUR,Consultant,Operations,Full-Time,2023-11-10,Target Population
EMP-09450,OFC-GUR,Analyst,Consulting,Full-Time,2024-07-02,Target Population
EMP-09451,OFC-BOS,Consultant,IT,Full-Time,2024-09-02,Target Population
EMP-09452,OFC-GUR,Consultant,Operations,Full-Time,2023-07-23,Target Population
EMP-09453,OFC-NYC,Principal,Consulting,Full-Time,2025-09-04,Target Population
EMP-09454,OFC-SIN,Analyst,IT,Full-Time,2024-07-23,Target Population
EMP-09455,OFC-BOS,Project Leader,Operations,Full-Time,2021-11-25,Target Population
EMP-09456,OFC-LON,Consultant,Operations,Full-Time,2022-11-26,Target Population
EMP-09457,OFC-NYC,Analyst,HR,Full-Time,2021-10-13,Target Population
EMP-09458,OFC-SIN,Consultant,HR,Full-Time,2025-10-26,Target Population
EMP-09459,OFC-NYC,Principal,HR,Full-Time,2021-10-20,Target Population
EMP-09460,OFC-SIN,Managing Director,Digital Ventures,Full-Time,2021-11-05,Target Population
EMP-09461,OFC-SIN,Analyst,IT,Full-Time,2023-03-30,Target Population
EMP-09462,OFC-NYC,Analyst,Operations,Full-Time,2025-04-12,Target Population
EMP-09463,OFC-GUR,Consultant,Operations,Full-Time,2026-06-29,Target Population
EMP-09464,OFC-SIN,Consultant,Digital Ventures,Full-Time,2025-12-04,Target Population
EMP-09465,OFC-NYC,Project Leader,IT,Full-Time,2025-02-08,Target Population
EMP-09466,OFC-NYC,Consultant,IT,Full-Time,2026-05-05,Target Population
EMP-09467,OFC-LON,Consultant,Digital Ventures,Full-Time,2022-06-16,Target Population
EMP-09468,OFC-NYC,Analyst,Operations,Full-Time,2022-06-04,Target Population
EMP-09469,OFC-BOS,Analyst,HR,Full-Time,2026-05-07,Target Population
EMP-09470,OFC-BOS,Project Leader,Digital Ventures,Full-Time,2022-01-11,Target Population
EMP-09471,OFC-NYC,Principal,Digital Ventures,Full-Time,2025-07-21,Target Population
EMP-09472,OFC-NYC,Analyst,Finance,Full-Time,2022-10-25,Target Population
EMP-09473,OFC-BOS,Analyst,IT,Full-Time,2024-10-07,Target Population
EMP-09474,OFC-SIN,Project Leader,Digital Ventures,Full-Time,2024-12-19,Target Population
EMP-09475,OFC-GUR,Project Leader,Consulting,Full-Time,2024-10-23,Target Population
EMP-09476,OFC-BOS,Analyst,Digital Ventures,Full-Time,2025-01-20,Target Population
EMP-09477,OFC-GUR,Analyst,Finance,Full-Time,2023-04-10,Target Population
EMP-09478,OFC-GUR,Consultant,Consulting,Full-Time,2021-11-02,Target Population
EMP-09479,OFC-SIN,Principal,HR,Full-Time,2022-10-29,Target Population
EMP-09480,OFC-BOS,Project Leader,HR,Full-Time,2025-09-13,Target Population
EMP-09481,OFC-BOS,Partner,Operations,Full-Time,2024-12-01,Target Population
EMP-09482,OFC-SIN,Analyst,Operations,Full-Time,2023-05-29,Target Population
EMP-09483,OFC-SIN,Analyst,Finance,Full-Time,2025-07-19,Target Population
EMP-09484,OFC-GUR,Managing Director,Consulting,Full-Time,2021-11-05,Target Population
EMP-09485,OFC-GUR,Project Leader,Finance,Full-Time,2023-08-26,Target Population
EMP-09486,OFC-BOS,Consultant,Consulting,Full-Time,2021-12-07,Target Population
EMP-09487,OFC-LON,Principal,IT,Full-Time,2024-02-27,Target Population
EMP-09488,OFC-BOS,Consultant,Operations,Full-Time,2024-10-22,Target Population
EMP-09489,OFC-BOS,Analyst,Operations,Full-Time,2023-05-25,Target Population
EMP-09490,OFC-GUR,Principal,Digital Ventures,Full-Time,2022-07-13,Target Population
EMP-09491,OFC-BOS,Consultant,Operations,Full-Time,2024-05-05,Target Population
EMP-09492,OFC-LON,Consultant,Consulting,Full-Time,2023-08-25,Target Population
EMP-09493,OFC-SIN,Analyst,Consulting,Full-Time,2023-10-04,Target Population
EMP-09494,OFC-BOS,Principal,Operations,Full-Time,2025-12-19,Target Population
EMP-09495,OFC-SIN,Project Leader,Finance,Full-Time,2024-11-07,Target Population
EMP-09496,OFC-SIN,Principal,Digital Ventures,Full-Time,2022-01-29,Target Population
EMP-09497,OFC-LON,Consultant,Consulting,Full-Time,2024-02-26,Target Population
EMP-09498,OFC-BOS,Analyst,Digital Ventures,Full-Time,2025-12-16,Target Population
EMP-09499,OFC-NYC,Partner,Digital Ventures,Full-Time,2023-07-18,Target Population
EMP-09500,OFC-NYC,Analyst,Digital Ventures,Full-Time,2021-10-29,Target Population
EMP-09501,OFC-NYC,Consultant,IT,Full-Time,2023-06-08,Target Population
EMP-09502,OFC-NYC,Consultant,Operations,Full-Time,2025-02-18,Target Population
EMP-09503,OFC-SIN,Principal,Operations,Full-Time,2022-09-16,Target Population
EMP-09504,OFC-BOS,Managing Director,Finance,Full-Time,2024-02-15,Target Population
EMP-09505,OFC-GUR,Principal,Finance,Full-Time,2026-08-10,Target Population
EMP-09506,OFC-BOS,Partner,Operations,Full-Time,2026-01-08,Target Population
EMP-09507,OFC-LON,Analyst,Operations,Full-Time,2025-12-19,Target Population
EMP-09508,OFC-SIN,Consultant,Digital Ventures,Full-Time,2023-03-20,Target Population
EMP-09509,OFC-NYC,Project Leader,Digital Ventures,Full-Time,2026-06-17,Target Population
EMP-09510,OFC-BOS,Principal,Digital Ventures,Full-Time,2023-06-01,Target Population
EMP-09511,OFC-GUR,Analyst,Digital Ventures,Full-Time,2026-07-30,Target Population
EMP-09512,OFC-GUR,Analyst,Finance,Full-Time,2026-07-28,Target Population
EMP-09513,OFC-GUR,Project Leader,HR,Full-Time,2023-04-05,Target Population
EMP-09514,OFC-NYC,Principal,IT,Full-Time,2022-04-28,Target Population
EMP-09515,OFC-NYC,Principal,Operations,Full-Time,2022-11-09,Target Population
EMP-09516,OFC-SIN,Principal,IT,Full-Time,2022-04-27,Target Population
EMP-09517,OFC-SIN,Project Leader,Finance,Full-Time,2022-11-06,Target Population
EMP-09518,OFC-LON,Consultant,Finance,Full-Time,2023-12-22,Target Population
EMP-09519,OFC-GUR,Analyst,Digital Ventures,Full-Time,2026-08-12,Target Population
EMP-09520,OFC-LON,Consultant,IT,Full-Time,2023-09-15,Target Population
EMP-09521,OFC-NYC,Analyst,Digital Ventures,Full-Time,2026-03-20,Target Population
EMP-09522,OFC-BOS,Project Leader,HR,Full-Time,2024-02-06,Target Population
EMP-09523,OFC-NYC,Project Leader,IT,Full-Time,2023-05-26,Target Population
EMP-09524,OFC-LON,Partner,IT,Full-Time,2021-12-17,Target Population
EMP-09525,OFC-BOS,Consultant,HR,Full-Time,2026-04-19,Target Population
EMP-09526,OFC-NYC,Project Leader,Finance,Full-Time,2023-12-01,Target Population
EMP-09527,OFC-GUR,Analyst,Operations,Full-Time,2026-07-13,Target Population
EMP-09528,OFC-GUR,Consultant,Finance,Full-Time,2025-08-17,Target Population
EMP-09529,OFC-LON,Analyst,Digital Ventures,Full-Time,2021-10-13,Target Population
EMP-09530,OFC-SIN,Consultant,Consulting,Full-Time,2025-05-25,Target Population
EMP-09531,OFC-BOS,Partner,Operations,Full-Time,2022-03-17,Target Population
EMP-09532,OFC-LON,Partner,Digital Ventures,Full-Time,2024-07-06,Target Population
EMP-09533,OFC-GUR,Consultant,Digital Ventures,Full-Time,2025-06-11,Target Population
EMP-09534,OFC-LON,Principal,Operations,Full-Time,2025-03-24,Target Population
EMP-09535,OFC-NYC,Consultant,HR,Full-Time,2024-02-05,Target Population
EMP-09536,OFC-BOS,Analyst,Finance,Full-Time,2022-10-20,Target Population
EMP-09537,OFC-SIN,Project Leader,Consulting,Full-Time,2026-03-05,Target Population
EMP-09538,OFC-LON,Consultant,Finance,Full-Time,2025-09-25,Target Population
EMP-09539,OFC-SIN,Consultant,Consulting,Full-Time,2025-12-24,Target Population
EMP-09540,OFC-LON,Consultant,HR,Full-Time,2024-11-03,Target Population
EMP-09541,OFC-GUR,Consultant,IT,Full-Time,2026-03-02,Target Population
EMP-09542,OFC-GUR,Project Leader,Consulting,Full-Time,2022-02-19,Target Population
EMP-09543,OFC-GUR,Analyst,Operations,Full-Time,2023-09-04,Target Population
EMP-09544,OFC-NYC,Project Leader,Digital Ventures,Full-Time,2022-03-01,Target Population
EMP-09545,OFC-LON,Consultant,Consulting,Full-Time,2024-02-17,Target Population
EMP-09546,OFC-GUR,Analyst,Operations,Full-Time,2025-05-04,Target Population
EMP-09547,OFC-NYC,Partner,Operations,Full-Time,2026-04-18,Target Population
EMP-09548,OFC-NYC,Principal,Operations,Full-Time,2025-08-01,Target Population
EMP-09549,OFC-BOS,Principal,HR,Full-Time,2024-06-15,Target Population
EMP-09550,OFC-SIN,Analyst,Finance,Full-Time,2021-10-23,Target Population
EMP-09551,OFC-BOS,Consultant,Operations,Full-Time,2025-02-05,Target Population
EMP-09552,OFC-LON,Consultant,Digital Ventures,Full-Time,2023-06-03,Target Population
EMP-09553,OFC-NYC,Consultant,Digital Ventures,Full-Time,2024-08-11,Target Population
EMP-09554,OFC-NYC,Analyst,HR,Full-Time,2022-06-18,Target Population
EMP-09555,OFC-GUR,Analyst,HR,Full-Time,2026-08-18,Target Population
EMP-09556,OFC-BOS,Consultant,Digital Ventures,Full-Time,2021-12-24,Target Population
EMP-09557,OFC-LON,Consultant,IT,Full-Time,2023-09-08,Target Population
EMP-09558,OFC-GUR,Consultant,HR,Full-Time,2025-05-15,Target Population
EMP-09559,OFC-GUR,Project Leader,IT,Full-Time,2022-05-26,Target Population
EMP-09560,OFC-BOS,Analyst,HR,Full-Time,2023-11-22,Target Population
EMP-09561,OFC-SIN,Analyst,IT,Full-Time,2023-06-10,Target Population
EMP-09562,OFC-GUR,Consultant,HR,Full-Time,2023-03-02,Target Population
EMP-09563,OFC-SIN,Analyst,IT,Full-Time,2024-07-25,Target Population
EMP-09564,OFC-LON,Managing Director,Digital Ventures,Full-Time,2024-05-29,Target Population
EMP-09565,OFC-LON,Analyst,Consulting,Full-Time,2022-04-20,Target Population
EMP-09566,OFC-SIN,Analyst,IT,Full-Time,2022-08-03,Target Population
EMP-09567,OFC-SIN,Consultant,Finance,Full-Time,2022-01-01,Target Population
EMP-09568,OFC-NYC,Consultant,Operations,Full-Time,2025-11-06,Target Population
EMP-09569,OFC-NYC,Consultant,Digital Ventures,Full-Time,2025-06-10,Target Population
EMP-09570,OFC-NYC,Principal,HR,Full-Time,2021-12-20,Target Population
EMP-09571,OFC-NYC,Analyst,Consulting,Full-Time,2024-08-10,Target Population
EMP-09572,OFC-NYC,Project Leader,Operations,Full-Time,2023-11-23,Target Population
EMP-09573,OFC-NYC,Analyst,HR,Full-Time,2023-11-13,Target Population
EMP-09574,OFC-SIN,Consultant,Digital Ventures,Full-Time,2022-09-07,Target Population
EMP-09575,OFC-BOS,Consultant,Operations,Full-Time,2025-10-17,Target Population
EMP-09576,OFC-GUR,Consultant,Consulting,Full-Time,2023-10-17,Target Population
EMP-09577,OFC-BOS,Project Leader,Digital Ventures,Full-Time,2024-08-30,Target Population
EMP-09578,OFC-NYC,Partner,IT,Full-Time,2022-03-25,Target Population
EMP-09579,OFC-BOS,Analyst,Digital Ventures,Full-Time,2024-08-08,Target Population
EMP-09580,OFC-NYC,Analyst,HR,Full-Time,2026-03-09,Target Population
EMP-09581,OFC-GUR,Partner,Finance,Full-Time,2023-10-12,Target Population
EMP-09582,OFC-SIN,Consultant,IT,Full-Time,2022-05-21,Target Population
EMP-09583,OFC-BOS,Partner,Finance,Full-Time,2025-06-30,Target Population
EMP-09584,OFC-LON,Analyst,Digital Ventures,Full-Time,2022-07-31,Target Population
EMP-09585,OFC-LON,Analyst,HR,Full-Time,2025-07-25,Target Population
EMP-09586,OFC-SIN,Consultant,IT,Full-Time,2026-09-09,Target Population
EMP-09587,OFC-GUR,Partner,HR,Full-Time,2022-10-29,Target Population
EMP-09588,OFC-LON,Project Leader,Digital Ventures,Full-Time,2022-06-29,Target Population
EMP-09589,OFC-GUR,Principal,HR,Full-Time,2022-04-13,Target Population
EMP-09590,OFC-GUR,Consultant,IT,Full-Time,2022-01-18,Target Population
EMP-09591,OFC-BOS,Project Leader,IT,Full-Time,2024-12-22,Target Population
EMP-09592,OFC-NYC,Consultant,Operations,Full-Time,2024-06-06,Target Population
EMP-09593,OFC-SIN,Analyst,Finance,Full-Time,2022-04-27,Target Population
EMP-09594,OFC-GUR,Consultant,Consulting,Full-Time,2022-11-07,Target Population
EMP-09595,OFC-LON,Analyst,Digital Ventures,Full-Time,2022-04-17,Target Population
EMP-09596,OFC-LON,Managing Director,Consulting,Full-Time,2025-07-10,Target Population
EMP-09597,OFC-NYC,Analyst,Digital Ventures,Full-Time,2022-03-26,Target Population
EMP-09598,OFC-LON,Project Leader,HR,Full-Time,2024-04-30,Target Population
EMP-09599,OFC-GUR,Principal,Finance,Full-Time,2025-06-09,Target Population
EMP-09600,OFC-NYC,Project Leader,Operations,Full-Time,2022-04-29,Target Population
EMP-09601,OFC-GUR,Analyst,Finance,Full-Time,2022-08-19,Target Population
EMP-09602,OFC-SIN,Analyst,IT,Full-Time,2022-03-29,Target Population
EMP-09603,OFC-BOS,Analyst,Operations,Full-Time,2026-07-10,Target Population
EMP-09604,OFC-LON,Analyst,Operations,Full-Time,2022-03-18,Target Population
EMP-09605,OFC-NYC,Consultant,Finance,Full-Time,2024-04-10,Target Population
EMP-09606,OFC-GUR,Partner,Consulting,Full-Time,2025-01-04,Target Population
EMP-09607,OFC-BOS,Analyst,Consulting,Full-Time,2025-03-07,Target Population
EMP-09608,OFC-LON,Principal,HR,Full-Time,2022-07-31,Target Population
EMP-09609,OFC-SIN,Project Leader,Finance,Full-Time,2025-04-06,Target Population
EMP-09610,OFC-NYC,Project Leader,HR,Full-Time,2023-10-01,Target Population
EMP-09611,OFC-SIN,Analyst,Operations,Full-Time,2021-11-08,Target Population
EMP-09612,OFC-SIN,Analyst,IT,Full-Time,2025-08-15,Target Population
EMP-09613,OFC-BOS,Principal,Digital Ventures,Full-Time,2025-01-11,Target Population
EMP-09614,OFC-BOS,Consultant,Consulting,Full-Time,2025-09-18,Target Population
EMP-09615,OFC-SIN,Analyst,Consulting,Full-Time,2025-05-29,Target Population
EMP-09616,OFC-SIN,Consultant,Digital Ventures,Full-Time,2022-08-17,Target Population
EMP-09617,OFC-BOS,Analyst,IT,Full-Time,2024-08-27,Target Population
EMP-09618,OFC-BOS,Partner,Consulting,Full-Time,2021-12-26,Target Population
EMP-09619,OFC-BOS,Project Leader,Operations,Full-Time,2025-08-17,Target Population
EMP-09620,OFC-SIN,Consultant,HR,Full-Time,2026-03-01,Target Population
EMP-09621,OFC-BOS,Analyst,HR,Full-Time,2024-07-22,Target Population
EMP-09622,OFC-LON,Consultant,Consulting,Full-Time,2026-10-07,Target Population
EMP-09623,OFC-GUR,Consultant,Operations,Full-Time,2023-05-28,Target Population
EMP-09624,OFC-BOS,Partner,Finance,Full-Time,2022-09-07,Target Population
EMP-09625,OFC-LON,Analyst,Operations,Full-Time,2022-08-22,Target Population
EMP-09626,OFC-NYC,Consultant,Operations,Full-Time,2021-11-14,Target Population
EMP-09627,OFC-SIN,Consultant,Operations,Full-Time,2022-05-04,Target Population
EMP-09628,OFC-NYC,Consultant,Consulting,Full-Time,2023-05-31,Target Population
EMP-09629,OFC-GUR,Managing Director,IT,Full-Time,2026-08-22,Target Population
EMP-09630,OFC-GUR,Project Leader,Consulting,Full-Time,2022-11-02,Target Population
EMP-09631,OFC-BOS,Consultant,Operations,Full-Time,2026-02-04,Target Population
EMP-09632,OFC-BOS,Project Leader,Consulting,Full-Time,2023-12-12,Target Population
EMP-09633,OFC-NYC,Consultant,Operations,Full-Time,2024-10-15,Target Population
EMP-09634,OFC-NYC,Analyst,Digital Ventures,Full-Time,2025-05-07,Target Population
EMP-09635,OFC-GUR,Principal,Finance,Full-Time,2025-11-10,Target Population
EMP-09636,OFC-GUR,Analyst,Digital Ventures,Full-Time,2025-07-19,Target Population
EMP-09637,OFC-LON,Consultant,IT,Full-Time,2023-05-07,Target Population
EMP-09638,OFC-LON,Consultant,Finance,Full-Time,2023-11-01,Target Population
EMP-09639,OFC-LON,Principal,Operations,Full-Time,2022-12-08,Target Population
EMP-09640,OFC-GUR,Analyst,Consulting,Full-Time,2022-02-20,Target Population
EMP-09641,OFC-NYC,Consultant,Finance,Full-Time,2022-04-12,Target Population
EMP-09642,OFC-NYC,Partner,Operations,Full-Time,2022-11-07,Target Population
EMP-09643,OFC-NYC,Principal,Operations,Full-Time,2024-06-01,Target Population
EMP-09644,OFC-LON,Analyst,Operations,Full-Time,2026-09-27,Target Population
EMP-09645,OFC-NYC,Partner,HR,Full-Time,2025-06-22,Target Population
EMP-09646,OFC-NYC,Analyst,Operations,Full-Time,2026-02-17,Target Population
EMP-09647,OFC-BOS,Analyst,IT,Full-Time,2024-10-22,Target Population
EMP-09648,OFC-GUR,Analyst,Finance,Full-Time,2024-05-30,Target Population
EMP-09649,OFC-BOS,Partner,IT,Full-Time,2026-09-24,Target Population
EMP-09650,OFC-BOS,Analyst,HR,Full-Time,2026-05-15,Target Population
EMP-09651,OFC-NYC,Consultant,Digital Ventures,Full-Time,2023-01-02,Target Population
EMP-09652,OFC-BOS,Analyst,IT,Full-Time,2023-01-07,Target Population
EMP-09653,OFC-LON,Analyst,Operations,Full-Time,2025-10-04,Target Population
EMP-09654,OFC-NYC,Project Leader,Finance,Full-Time,2024-05-23,Target Population
EMP-09655,OFC-NYC,Project Leader,Consulting,Full-Time,2024-09-06,Target Population
EMP-09656,OFC-LON,Consultant,HR,Full-Time,2024-03-29,Target Population
EMP-09657,OFC-BOS,Consultant,Finance,Full-Time,2024-11-25,Target Population
EMP-09658,OFC-BOS,Consultant,Finance,Full-Time,2021-11-01,Target Population
EMP-09659,OFC-SIN,Analyst,Digital Ventures,Full-Time,2026-03-03,Target Population
EMP-09660,OFC-NYC,Analyst,IT,Full-Time,2026-10-03,Target Population
EMP-09661,OFC-NYC,Consultant,Digital Ventures,Full-Time,2022-12-30,Target Population
EMP-09662,OFC-BOS,Consultant,Consulting,Full-Time,2022-04-03,Target Population
EMP-09663,OFC-LON,Project Leader,Digital Ventures,Full-Time,2023-10-14,Target Population
EMP-09664,OFC-LON,Project Leader,Finance,Full-Time,2026-01-29,Target Population
EMP-09665,OFC-LON,Consultant,HR,Full-Time,2026-07-11,Target Population
EMP-09666,OFC-GUR,Consultant,Consulting,Full-Time,2022-03-25,Target Population
EMP-09667,OFC-BOS,Principal,Operations,Full-Time,2025-05-10,Target Population
EMP-09668,OFC-NYC,Consultant,HR,Full-Time,2024-09-09,Target Population
EMP-09669,OFC-GUR,Consultant,IT,Full-Time,2023-06-06,Target Population
EMP-09670,OFC-SIN,Project Leader,HR,Full-Time,2023-06-21,Target Population
EMP-09671,OFC-BOS,Consultant,IT,Full-Time,2023-06-24,Target Population
EMP-09672,OFC-LON,Consultant,Digital Ventures,Full-Time,2022-05-07,Target Population
EMP-09673,OFC-BOS,Project Leader,Operations,Full-Time,2024-09-02,Target Population
EMP-09674,OFC-BOS,Managing Director,Digital Ventures,Full-Time,2023-05-18,Target Population
EMP-09675,OFC-NYC,Principal,HR,Full-Time,2025-10-24,Target Population
EMP-09676,OFC-BOS,Principal,Digital Ventures,Full-Time,2025-09-28,Target Population
EMP-09677,OFC-GUR,Consultant,Finance,Full-Time,2024-07-31,Target Population
EMP-09678,OFC-LON,Principal,HR,Full-Time,2026-09-08,Target Population
EMP-09679,OFC-BOS,Consultant,Digital Ventures,Full-Time,2026-07-31,Target Population
EMP-09680,OFC-BOS,Consultant,Finance,Full-Time,2024-08-14,Target Population
EMP-09681,OFC-GUR,Project Leader,Consulting,Full-Time,2024-04-24,Target Population
EMP-09682,OFC-BOS,Principal,Consulting,Full-Time,2025-04-29,Target Population
EMP-09683,OFC-LON,Consultant,Finance,Full-Time,2024-07-23,Target Population
EMP-09684,OFC-NYC,Project Leader,Consulting,Full-Time,2023-02-23,Target Population
EMP-09685,OFC-LON,Principal,Digital Ventures,Full-Time,2022-08-28,Target Population
EMP-09686,OFC-NYC,Partner,Digital Ventures,Full-Time,2025-08-18,Target Population
EMP-09687,OFC-BOS,Analyst,Digital Ventures,Full-Time,2022-02-15,Target Population
EMP-09688,OFC-BOS,Consultant,Digital Ventures,Full-Time,2025-12-25,Target Population
EMP-09689,OFC-BOS,Principal,Finance,Full-Time,2023-08-19,Target Population
EMP-09690,OFC-NYC,Consultant,Finance,Full-Time,2021-10-18,Target Population
EMP-09691,OFC-GUR,Managing Director,Digital Ventures,Full-Time,2023-08-30,Target Population
EMP-09692,OFC-NYC,Analyst,Finance,Full-Time,2023-09-22,Target Population
EMP-09693,OFC-BOS,Partner,Operations,Full-Time,2025-09-25,Target Population
EMP-09694,OFC-LON,Consultant,Digital Ventures,Full-Time,2023-07-31,Target Population
EMP-09695,OFC-LON,Project Leader,Finance,Full-Time,2023-10-19,Target Population
EMP-09696,OFC-SIN,Consultant,Operations,Full-Time,2025-11-08,Target Population
EMP-09697,OFC-LON,Consultant,HR,Full-Time,2024-08-01,Target Population
EMP-09698,OFC-LON,Partner,IT,Full-Time,2024-12-17,Target Population
EMP-09699,OFC-LON,Project Leader,Consulting,Full-Time,2023-07-06,Target Population
EMP-09700,OFC-SIN,Project Leader,IT,Full-Time,2025-03-03,Target Population
EMP-09701,OFC-GUR,Analyst,IT,Full-Time,2023-05-02,Target Population
EMP-09702,OFC-NYC,Consultant,IT,Full-Time,2021-10-27,Target Population
EMP-09703,OFC-BOS,Consultant,IT,Full-Time,2024-11-07,Target Population
EMP-09704,OFC-NYC,Project Leader,Finance,Full-Time,2021-11-06,Target Population
EMP-09705,OFC-LON,Consultant,Consulting,Full-Time,2022-05-24,Target Population
EMP-09706,OFC-GUR,Analyst,Digital Ventures,Full-Time,2024-10-22,Target Population
EMP-09707,OFC-LON,Consultant,HR,Full-Time,2022-01-08,Target Population
EMP-09708,OFC-BOS,Consultant,HR,Full-Time,2026-06-26,Target Population
EMP-09709,OFC-GUR,Project Leader,IT,Full-Time,2022-09-29,Target Population
EMP-09710,OFC-GUR,Consultant,IT,Full-Time,2022-12-23,Target Population
EMP-09711,OFC-NYC,Consultant,Operations,Full-Time,2024-03-27,Target Population
EMP-09712,OFC-GUR,Partner,IT,Full-Time,2025-07-06,Target Population
EMP-09713,OFC-NYC,Analyst,Finance,Full-Time,2023-06-02,Target Population
EMP-09714,OFC-SIN,Analyst,Digital Ventures,Full-Time,2026-09-30,Target Population
EMP-09715,OFC-GUR,Consultant,Operations,Full-Time,2024-10-29,Target Population
EMP-09716,OFC-LON,Consultant,Finance,Full-Time,2022-02-20,Target Population
EMP-09717,OFC-GUR,Analyst,HR,Full-Time,2022-01-07,Target Population
EMP-09718,OFC-SIN,Partner,IT,Full-Time,2023-06-17,Target Population
EMP-09719,OFC-LON,Consultant,Digital Ventures,Full-Time,2023-06-13,Target Population
EMP-09720,OFC-NYC,Analyst,Finance,Full-Time,2024-03-07,Target Population
EMP-09721,OFC-GUR,Partner,HR,Full-Time,2023-04-01,Target Population
EMP-09722,OFC-BOS,Project Leader,HR,Full-Time,2023-08-18,Target Population
EMP-09723,OFC-NYC,Managing Director,Digital Ventures,Full-Time,2023-12-30,Target Population
EMP-09724,OFC-SIN,Analyst,HR,Full-Time,2023-04-01,Target Population
EMP-09725,OFC-GUR,Consultant,Digital Ventures,Full-Time,2024-08-27,Target Population
EMP-09726,OFC-NYC,Consultant,Finance,Full-Time,2026-06-25,Target Population
EMP-09727,OFC-BOS,Project Leader,IT,Full-Time,2023-11-10,Target Population
EMP-09728,OFC-NYC,Principal,HR,Full-Time,2023-04-14,Target Population
EMP-09729,OFC-NYC,Consultant,HR,Full-Time,2023-06-07,Target Population
EMP-09730,OFC-BOS,Analyst,HR,Full-Time,2021-12-12,Target Population
EMP-09731,OFC-GUR,Partner,Operations,Full-Time,2023-04-07,Target Population
EMP-09732,OFC-NYC,Analyst,Finance,Full-Time,2023-12-29,Target Population
EMP-09733,OFC-LON,Principal,Operations,Full-Time,2022-08-17,Target Population
EMP-09734,OFC-NYC,Consultant,HR,Full-Time,2021-12-11,Target Population
EMP-09735,OFC-SIN,Analyst,HR,Full-Time,2022-12-07,Target Population
EMP-09736,OFC-NYC,Project Leader,Digital Ventures,Full-Time,2024-12-27,Target Population
EMP-09737,OFC-BOS,Principal,Operations,Full-Time,2022-09-16,Target Population
EMP-09738,OFC-BOS,Consultant,HR,Full-Time,2024-08-23,Target Population
EMP-09739,OFC-LON,Project Leader,Finance,Full-Time,2023-07-22,Target Population
EMP-09740,OFC-LON,Project Leader,Finance,Full-Time,2024-05-11,Target Population
EMP-09741,OFC-NYC,Project Leader,HR,Full-Time,2025-08-24,Target Population
EMP-09742,OFC-NYC,Analyst,Consulting,Full-Time,2023-10-23,Target Population
EMP-09743,OFC-BOS,Consultant,Operations,Full-Time,2024-11-28,Target Population
EMP-09744,OFC-LON,Consultant,HR,Full-Time,2024-12-06,Target Population
EMP-09745,OFC-LON,Principal,HR,Full-Time,2023-03-23,Target Population
EMP-09746,OFC-BOS,Analyst,Operations,Full-Time,2026-04-01,Target Population
EMP-09747,OFC-BOS,Consultant,IT,Full-Time,2025-06-15,Target Population
EMP-09748,OFC-BOS,Partner,IT,Full-Time,2022-04-28,Target Population
EMP-09749,OFC-BOS,Analyst,Consulting,Full-Time,2022-10-10,Target Population
EMP-09750,OFC-LON,Consultant,Consulting,Full-Time,2022-12-29,Target Population
EMP-09751,OFC-BOS,Analyst,Operations,Full-Time,2022-11-17,Target Population
EMP-09752,OFC-NYC,Consultant,IT,Full-Time,2023-05-19,Target Population
EMP-09753,OFC-BOS,Principal,IT,Full-Time,2023-05-25,Target Population
EMP-09754,OFC-SIN,Analyst,Operations,Full-Time,2026-04-18,Target Population
EMP-09755,OFC-SIN,Analyst,Digital Ventures,Full-Time,2024-12-25,Target Population
EMP-09756,OFC-BOS,Principal,Consulting,Full-Time,2024-12-12,Target Population
EMP-09757,OFC-NYC,Partner,Consulting,Full-Time,2024-06-20,Target Population
EMP-09758,OFC-BOS,Analyst,Operations,Full-Time,2025-06-02,Target Population
EMP-09759,OFC-LON,Consultant,Finance,Full-Time,2023-11-05,Target Population
EMP-09760,OFC-BOS,Analyst,HR,Full-Time,2022-02-27,Target Population
EMP-09761,OFC-GUR,Managing Director,Operations,Full-Time,2026-10-05,Target Population
EMP-09762,OFC-LON,Consultant,Operations,Full-Time,2023-05-17,Target Population
EMP-09763,OFC-SIN,Analyst,Operations,Full-Time,2026-04-27,Target Population
EMP-09764,OFC-BOS,Analyst,IT,Full-Time,2024-04-07,Target Population
EMP-09765,OFC-GUR,Analyst,Consulting,Full-Time,2023-01-11,Target Population
EMP-09766,OFC-GUR,Analyst,IT,Full-Time,2024-07-21,Target Population
EMP-09767,OFC-BOS,Analyst,Consulting,Full-Time,2023-11-13,Target Population
EMP-09768,OFC-NYC,Analyst,HR,Full-Time,2022-03-21,Target Population
EMP-09769,OFC-BOS,Analyst,Digital Ventures,Full-Time,2024-02-24,Target Population
EMP-09770,OFC-NYC,Managing Director,IT,Full-Time,2022-11-03,Target Population
EMP-09771,OFC-NYC,Principal,IT,Full-Time,2026-02-02,Target Population
EMP-09772,OFC-LON,Principal,Operations,Full-Time,2026-09-25,Target Population
EMP-09773,OFC-NYC,Consultant,Digital Ventures,Full-Time,2025-12-04,Target Population
EMP-09774,OFC-SIN,Analyst,Consulting,Full-Time,2023-07-19,Target Population
EMP-09775,OFC-BOS,Analyst,HR,Full-Time,2022-06-16,Target Population
EMP-09776,OFC-SIN,Principal,Digital Ventures,Full-Time,2025-10-08,Target Population
EMP-09777,OFC-BOS,Analyst,Consulting,Full-Time,2022-04-26,Target Population
EMP-09778,OFC-GUR,Analyst,Operations,Full-Time,2023-03-11,Target Population
EMP-09779,OFC-NYC,Analyst,IT,Full-Time,2026-02-03,Target Population
EMP-09780,OFC-BOS,Consultant,IT,Full-Time,2025-01-24,Target Population
EMP-09781,OFC-SIN,Managing Director,IT,Full-Time,2026-02-04,Target Population
EMP-09782,OFC-NYC,Partner,Consulting,Full-Time,2024-12-12,Target Population
EMP-09783,OFC-GUR,Analyst,HR,Full-Time,2026-01-03,Target Population
EMP-09784,OFC-LON,Consultant,IT,Full-Time,2026-03-07,Target Population
EMP-09785,OFC-LON,Consultant,IT,Full-Time,2025-09-18,Target Population
EMP-09786,OFC-LON,Principal,IT,Full-Time,2023-04-16,Target Population
EMP-09787,OFC-GUR,Consultant,Consulting,Full-Time,2024-07-02,Target Population
EMP-09788,OFC-BOS,Analyst,Digital Ventures,Full-Time,2024-12-11,Target Population
EMP-09789,OFC-GUR,Principal,Digital Ventures,Full-Time,2026-03-27,Target Population
EMP-09790,OFC-SIN,Consultant,IT,Full-Time,2025-11-16,Target Population
EMP-09791,OFC-BOS,Project Leader,Digital Ventures,Full-Time,2025-12-22,Target Population
EMP-09792,OFC-BOS,Consultant,Operations,Full-Time,2025-10-17,Target Population
EMP-09793,OFC-GUR,Managing Director,IT,Full-Time,2024-01-18,Target Population
EMP-09794,OFC-NYC,Partner,Consulting,Full-Time,2026-09-16,Target Population
EMP-09795,OFC-NYC,Consultant,Finance,Full-Time,2025-03-05,Target Population
EMP-09796,OFC-BOS,Consultant,HR,Full-Time,2026-09-25,Target Population
EMP-09797,OFC-LON,Principal,Operations,Full-Time,2022-01-28,Target Population
EMP-09798,OFC-BOS,Analyst,IT,Full-Time,2023-07-12,Target Population
EMP-09799,OFC-LON,Analyst,Finance,Full-Time,2023-08-20,Target Population
EMP-09800,OFC-GUR,Project Leader,Digital Ventures,Full-Time,2023-06-29,Target Population
EMP-09801,OFC-NYC,Consultant,Operations,Full-Time,2025-08-11,Target Population
EMP-09802,OFC-LON,Consultant,HR,Full-Time,2023-10-05,Target Population
EMP-09803,OFC-SIN,Analyst,Digital Ventures,Full-Time,2025-02-18,Target Population
EMP-09804,OFC-GUR,Project Leader,Operations,Full-Time,2023-08-17,Target Population
EMP-09805,OFC-GUR,Partner,IT,Full-Time,2024-05-14,Target Population
EMP-09806,OFC-NYC,Project Leader,Consulting,Full-Time,2025-05-19,Target Population
EMP-09807,OFC-GUR,Consultant,Consulting,Full-Time,2024-12-21,Target Population
EMP-09808,OFC-BOS,Principal,Operations,Full-Time,2026-08-17,Target Population
EMP-09809,OFC-BOS,Project Leader,Consulting,Full-Time,2023-02-07,Target Population
EMP-09810,OFC-BOS,Consultant,IT,Full-Time,2024-12-12,Target Population
EMP-09811,OFC-NYC,Consultant,HR,Full-Time,2023-12-06,Target Population
EMP-09812,OFC-GUR,Analyst,Consulting,Full-Time,2026-06-13,Target Population
EMP-09813,OFC-NYC,Principal,Consulting,Full-Time,2022-06-27,Target Population
EMP-09814,OFC-GUR,Principal,HR,Full-Time,2022-11-28,Target Population
EMP-09815,OFC-GUR,Analyst,Finance,Full-Time,2022-06-25,Target Population
EMP-09816,OFC-LON,Analyst,HR,Full-Time,2024-04-10,Target Population
EMP-09817,OFC-NYC,Consultant,Operations,Full-Time,2025-07-19,Target Population
EMP-09818,OFC-LON,Consultant,Digital Ventures,Full-Time,2026-03-06,Target Population
EMP-09819,OFC-NYC,Consultant,IT,Full-Time,2024-10-03,Target Population
EMP-09820,OFC-BOS,Principal,Finance,Full-Time,2023-09-22,Target Population
EMP-09821,OFC-SIN,Consultant,Consulting,Full-Time,2026-09-25,Target Population
EMP-09822,OFC-BOS,Consultant,Finance,Full-Time,2022-02-11,Target Population
EMP-09823,OFC-BOS,Consultant,Digital Ventures,Full-Time,2025-09-21,Target Population
EMP-09824,OFC-SIN,Principal,IT,Full-Time,2026-02-14,Target Population
EMP-09825,OFC-NYC,Analyst,Finance,Full-Time,2024-08-17,Target Population
EMP-09826,OFC-GUR,Consultant,HR,Full-Time,2025-05-22,Target Population
EMP-09827,OFC-NYC,Analyst,Consulting,Full-Time,2025-08-08,Target Population
EMP-09828,OFC-NYC,Analyst,Finance,Full-Time,2025-09-28,Target Population
EMP-09829,OFC-NYC,Analyst,Finance,Full-Time,2025-06-11,Target Population
EMP-09830,OFC-NYC,Project Leader,IT,Full-Time,2025-03-30,Target Population
EMP-09831,OFC-NYC,Consultant,HR,Full-Time,2024-11-21,Target Population
EMP-09832,OFC-GUR,Project Leader,Finance,Full-Time,2025-12-30,Target Population
EMP-09833,OFC-LON,Analyst,Finance,Full-Time,2024-06-17,Target Population
EMP-09834,OFC-SIN,Consultant,HR,Full-Time,2024-02-02,Target Population
EMP-09835,OFC-BOS,Analyst,Digital Ventures,Full-Time,2025-01-06,Target Population
EMP-09836,OFC-LON,Partner,Consulting,Full-Time,2021-12-22,Target Population
EMP-09837,OFC-LON,Project Leader,Consulting,Full-Time,2023-04-17,Target Population
EMP-09838,OFC-SIN,Analyst,Consulting,Full-Time,2025-07-10,Target Population
EMP-09839,OFC-BOS,Analyst,Consulting,Full-Time,2023-10-03,Target Population
EMP-09840,OFC-LON,Analyst,Finance,Full-Time,2024-01-10,Target Population
EMP-09841,OFC-SIN,Consultant,HR,Full-Time,2022-05-30,Target Population
EMP-09842,OFC-BOS,Consultant,IT,Full-Time,2024-10-26,Target Population
EMP-09843,OFC-SIN,Consultant,Finance,Full-Time,2022-06-20,Target Population
EMP-09844,OFC-BOS,Project Leader,HR,Full-Time,2024-04-09,Target Population
EMP-09845,OFC-GUR,Project Leader,HR,Full-Time,2026-01-12,Target Population
EMP-09846,OFC-SIN,Analyst,Digital Ventures,Full-Time,2026-02-16,Target Population
EMP-09847,OFC-GUR,Consultant,Digital Ventures,Full-Time,2026-06-01,Target Population
EMP-09848,OFC-NYC,Project Leader,Operations,Full-Time,2022-06-06,Target Population
EMP-09849,OFC-BOS,Project Leader,Digital Ventures,Full-Time,2024-02-12,Target Population
EMP-09850,OFC-SIN,Analyst,IT,Full-Time,2023-09-14,Target Population
EMP-09851,OFC-LON,Project Leader,IT,Full-Time,2022-08-08,Target Population
EMP-09852,OFC-BOS,Principal,IT,Full-Time,2022-10-10,Target Population
EMP-09853,OFC-GUR,Consultant,IT,Full-Time,2022-05-16,Target Population
EMP-09854,OFC-LON,Consultant,Consulting,Full-Time,2024-10-30,Target Population
EMP-09855,OFC-BOS,Analyst,IT,Full-Time,2022-02-02,Target Population
EMP-09856,OFC-BOS,Consultant,Consulting,Full-Time,2026-05-30,Target Population
EMP-09857,OFC-BOS,Consultant,HR,Full-Time,2023-06-21,Target Population
EMP-09858,OFC-LON,Analyst,Operations,Full-Time,2024-08-08,Target Population
EMP-09859,OFC-LON,Analyst,Digital Ventures,Full-Time,2023-06-09,Target Population
EMP-09860,OFC-LON,Consultant,HR,Full-Time,2024-07-25,Target Population
EMP-09861,OFC-GUR,Project Leader,HR,Full-Time,2023-11-22,Target Population
EMP-09862,OFC-SIN,Partner,IT,Full-Time,2024-05-04,Target Population
EMP-09863,OFC-LON,Analyst,IT,Full-Time,2024-02-06,Target Population
EMP-09864,OFC-BOS,Principal,Digital Ventures,Full-Time,2023-05-22,Target Population
EMP-09865,OFC-GUR,Analyst,IT,Full-Time,2022-12-09,Target Population
EMP-09866,OFC-NYC,Principal,IT,Full-Time,2026-05-21,Target Population
EMP-09867,OFC-LON,Consultant,HR,Full-Time,2023-12-27,Target Population
EMP-09868,OFC-LON,Project Leader,Operations,Full-Time,2021-11-02,Target Population
EMP-09869,OFC-NYC,Consultant,Consulting,Full-Time,2024-04-24,Target Population
EMP-09870,OFC-SIN,Analyst,Finance,Full-Time,2024-02-29,Target Population
EMP-09871,OFC-BOS,Analyst,Digital Ventures,Full-Time,2024-09-17,Target Population
EMP-09872,OFC-GUR,Consultant,Operations,Full-Time,2025-03-14,Target Population
EMP-09873,OFC-BOS,Principal,Consulting,Full-Time,2025-03-20,Target Population
EMP-09874,OFC-SIN,Principal,IT,Full-Time,2026-09-12,Target Population
EMP-09875,OFC-BOS,Analyst,IT,Full-Time,2021-11-12,Target Population
EMP-09876,OFC-BOS,Consultant,Finance,Full-Time,2025-10-12,Target Population
EMP-09877,OFC-NYC,Consultant,Consulting,Full-Time,2026-02-15,Target Population
EMP-09878,OFC-NYC,Principal,Consulting,Full-Time,2023-01-13,Target Population
EMP-09879,OFC-BOS,Analyst,Digital Ventures,Full-Time,2025-02-23,Target Population
EMP-09880,OFC-LON,Project Leader,Finance,Full-Time,2023-09-14,Target Population
EMP-09881,OFC-NYC,Consultant,HR,Full-Time,2023-09-12,Target Population
EMP-09882,OFC-BOS,Managing Director,HR,Full-Time,2023-07-21,Target Population
EMP-09883,OFC-NYC,Consultant,Operations,Full-Time,2025-10-20,Target Population
EMP-09884,OFC-GUR,Consultant,Consulting,Full-Time,2023-10-03,Target Population
EMP-09885,OFC-GUR,Analyst,Finance,Full-Time,2026-02-25,Target Population
EMP-09886,OFC-GUR,Project Leader,Digital Ventures,Full-Time,2026-10-04,Target Population
EMP-09887,OFC-GUR,Analyst,IT,Full-Time,2026-06-19,Target Population
EMP-09888,OFC-NYC,Project Leader,Digital Ventures,Full-Time,2025-10-02,Target Population
EMP-09889,OFC-BOS,Principal,Consulting,Full-Time,2025-09-09,Target Population
EMP-09890,OFC-NYC,Analyst,Consulting,Full-Time,2024-08-30,Target Population
EMP-09891,OFC-GUR,Consultant,Consulting,Full-Time,2022-06-30,Target Population
EMP-09892,OFC-SIN,Analyst,HR,Full-Time,2024-06-05,Target Population
EMP-09893,OFC-LON,Consultant,Finance,Full-Time,2023-05-13,Target Population
EMP-09894,OFC-BOS,Analyst,Digital Ventures,Full-Time,2025-05-31,Target Population
EMP-09895,OFC-BOS,Partner,IT,Full-Time,2025-04-26,Target Population
EMP-09896,OFC-NYC,Principal,Finance,Full-Time,2023-07-20,Target Population
EMP-09897,OFC-LON,Consultant,Digital Ventures,Full-Time,2025-06-30,Target Population
EMP-09898,OFC-BOS,Partner,Consulting,Full-Time,2025-08-05,Target Population
EMP-09899,OFC-SIN,Principal,Operations,Full-Time,2026-07-08,Target Population
EMP-09900,OFC-NYC,Consultant,Consulting,Full-Time,2022-01-08,Target Population
EMP-09901,OFC-SIN,Analyst,Digital Ventures,Full-Time,2024-12-14,Target Population
EMP-09902,OFC-GUR,Consultant,Operations,Full-Time,2022-12-12,Target Population
EMP-09903,OFC-GUR,Analyst,IT,Full-Time,2026-09-05,Target Population
EMP-09904,OFC-LON,Analyst,Digital Ventures,Full-Time,2022-11-09,Target Population
EMP-09905,OFC-LON,Managing Director,IT,Full-Time,2024-05-13,Target Population
EMP-09906,OFC-LON,Principal,IT,Full-Time,2021-11-06,Target Population
EMP-09907,OFC-LON,Principal,IT,Full-Time,2026-01-06,Target Population
EMP-09908,OFC-LON,Analyst,HR,Full-Time,2024-10-12,Target Population
EMP-09909,OFC-SIN,Analyst,Digital Ventures,Full-Time,2024-08-27,Target Population
EMP-09910,OFC-GUR,Consultant,Operations,Full-Time,2023-09-07,Target Population
EMP-09911,OFC-GUR,Project Leader,HR,Full-Time,2025-05-01,Target Population
EMP-09912,OFC-SIN,Analyst,Operations,Full-Time,2025-05-21,Target Population
EMP-09913,OFC-BOS,Consultant,Consulting,Full-Time,2025-03-13,Target Population
EMP-09914,OFC-BOS,Analyst,Consulting,Full-Time,2026-05-04,Target Population
EMP-09915,OFC-LON,Analyst,Operations,Full-Time,2024-04-24,Target Population
EMP-09916,OFC-LON,Analyst,Consulting,Full-Time,2024-07-16,Target Population
EMP-09917,OFC-GUR,Principal,Finance,Full-Time,2026-10-04,Target Population
EMP-09918,OFC-NYC,Partner,Finance,Full-Time,2021-12-18,Target Population
EMP-09919,OFC-LON,Analyst,Operations,Full-Time,2026-08-05,Target Population
EMP-09920,OFC-LON,Project Leader,Finance,Full-Time,2022-01-15,Target Population
EMP-09921,OFC-BOS,Analyst,Operations,Full-Time,2022-12-13,Target Population
EMP-09922,OFC-LON,Analyst,Operations,Full-Time,2023-01-27,Target Population
EMP-09923,OFC-GUR,Consultant,Digital Ventures,Full-Time,2024-07-29,Target Population
EMP-09924,OFC-BOS,Consultant,HR,Full-Time,2026-08-07,Target Population
EMP-09925,OFC-LON,Analyst,Digital Ventures,Full-Time,2026-08-24,Target Population
EMP-09926,OFC-LON,Analyst,Digital Ventures,Full-Time,2025-02-02,Target Population
EMP-09927,OFC-BOS,Analyst,Finance,Full-Time,2025-01-03,Target Population
EMP-09928,OFC-BOS,Consultant,Consulting,Full-Time,2023-07-03,Target Population
EMP-09929,OFC-SIN,Project Leader,Consulting,Full-Time,2025-02-01,Target Population
EMP-09930,OFC-NYC,Project Leader,IT,Full-Time,2022-04-22,Target Population
EMP-09931,OFC-BOS,Principal,Digital Ventures,Full-Time,2026-04-24,Target Population
EMP-09932,OFC-BOS,Consultant,Digital Ventures,Full-Time,2025-01-19,Target Population
EMP-09933,OFC-GUR,Partner,HR,Full-Time,2023-05-15,Target Population
EMP-09934,OFC-LON,Analyst,Operations,Full-Time,2025-10-21,Target Population
EMP-09935,OFC-LON,Analyst,Finance,Full-Time,2022-09-09,Target Population
EMP-09936,OFC-BOS,Consultant,IT,Full-Time,2024-07-24,Target Population
EMP-09937,OFC-SIN,Project Leader,Finance,Full-Time,2026-08-11,Target Population
EMP-09938,OFC-NYC,Analyst,Finance,Full-Time,2025-08-09,Target Population
EMP-09939,OFC-NYC,Principal,HR,Full-Time,2024-05-10,Target Population
EMP-09940,OFC-LON,Consultant,Operations,Full-Time,2022-07-23,Target Population
EMP-09941,OFC-NYC,Analyst,Consulting,Full-Time,2023-03-23,Target Population
EMP-09942,OFC-SIN,Consultant,Consulting,Full-Time,2022-08-27,Target Population
EMP-09943,OFC-SIN,Consultant,HR,Full-Time,2026-06-20,Target Population
EMP-09944,OFC-NYC,Project Leader,Consulting,Full-Time,2023-04-11,Target Population
EMP-09945,OFC-SIN,Consultant,Consulting,Full-Time,2022-01-14,Target Population
EMP-09946,OFC-GUR,Principal,Digital Ventures,Full-Time,2025-12-03,Target Population
EMP-09947,OFC-SIN,Project Leader,Digital Ventures,Full-Time,2021-12-29,Target Population
EMP-09948,OFC-BOS,Consultant,Digital Ventures,Full-Time,2023-05-10,Target Population
EMP-09949,OFC-LON,Analyst,HR,Full-Time,2023-06-17,Target Population
EMP-09950,OFC-NYC,Project Leader,Consulting,Full-Time,2022-05-10,Target Population
EMP-09951,OFC-GUR,Managing Director,Finance,Full-Time,2025-01-17,Target Population
EMP-09952,OFC-BOS,Managing Director,Digital Ventures,Full-Time,2024-03-06,Target Population
EMP-09953,OFC-LON,Analyst,HR,Full-Time,2023-07-08,Target Population
EMP-09954,OFC-NYC,Analyst,Finance,Full-Time,2023-10-01,Target Population
EMP-09955,OFC-NYC,Consultant,HR,Full-Time,2024-03-29,Target Population
EMP-09956,OFC-LON,Principal,HR,Full-Time,2026-03-24,Target Population
EMP-09957,OFC-SIN,Consultant,Consulting,Full-Time,2022-05-12,Target Population
EMP-09958,OFC-LON,Consultant,Operations,Full-Time,2025-08-19,Target Population
EMP-09959,OFC-SIN,Consultant,Digital Ventures,Full-Time,2022-04-03,Target Population
EMP-09960,OFC-NYC,Consultant,Operations,Full-Time,2024-11-25,Target Population
EMP-09961,OFC-LON,Project Leader,Finance,Full-Time,2026-03-06,Target Population
EMP-09962,OFC-LON,Consultant,Operations,Full-Time,2021-11-10,Target Population
EMP-09963,OFC-BOS,Consultant,Digital Ventures,Full-Time,2023-03-24,Target Population
EMP-09964,OFC-LON,Project Leader,HR,Full-Time,2024-07-18,Target Population
EMP-09965,OFC-GUR,Analyst,Operations,Full-Time,2025-04-05,Target Population
EMP-09966,OFC-LON,Consultant,Digital Ventures,Full-Time,2025-02-03,Target Population
EMP-09967,OFC-GUR,Analyst,HR,Full-Time,2023-02-06,Target Population
EMP-09968,OFC-LON,Analyst,Operations,Full-Time,2022-09-16,Target Population
EMP-09969,OFC-BOS,Consultant,Digital Ventures,Full-Time,2022-11-12,Target Population
EMP-09970,OFC-BOS,Principal,IT,Full-Time,2026-04-30,Target Population
EMP-09971,OFC-LON,Consultant,Consulting,Full-Time,2025-04-28,Target Population
EMP-09972,OFC-NYC,Consultant,Operations,Full-Time,2025-10-31,Target Population
EMP-09973,OFC-BOS,Principal,Finance,Full-Time,2022-05-08,Target Population
EMP-09974,OFC-NYC,Consultant,Consulting,Full-Time,2025-01-27,Target Population
EMP-09975,OFC-LON,Project Leader,IT,Full-Time,2023-07-10,Target Population
EMP-09976,OFC-NYC,Consultant,Consulting,Full-Time,2022-11-14,Target Population
EMP-09977,OFC-GUR,Principal,HR,Full-Time,2023-07-08,Target Population
EMP-09978,OFC-LON,Analyst,Consulting,Full-Time,2024-05-26,Target Population
EMP-09979,OFC-NYC,Principal,Digital Ventures,Full-Time,2025-06-10,Target Population
EMP-09980,OFC-GUR,Consultant,Operations,Full-Time,2025-10-21,Target Population
EMP-09981,OFC-LON,Analyst,IT,Full-Time,2023-02-12,Target Population
EMP-09982,OFC-LON,Analyst,Finance,Full-Time,2026-08-28,Target Population
EMP-09983,OFC-LON,Project Leader,HR,Full-Time,2024-05-28,Target Population
EMP-09984,OFC-BOS,Analyst,Operations,Full-Time,2026-10-06,Target Population
EMP-09985,OFC-GUR,Partner,Digital Ventures,Full-Time,2023-06-29,Target Population
EMP-09986,OFC-NYC,Analyst,Consulting,Full-Time,2026-01-15,Target Population
EMP-09987,OFC-SIN,Consultant,Finance,Full-Time,2025-09-01,Target Population
EMP-09988,OFC-GUR,Project Leader,Consulting,Full-Time,2024-02-09,Target Population
EMP-09989,OFC-LON,Consultant,Finance,Full-Time,2023-06-25,Target Population
EMP-09990,OFC-NYC,Analyst,Digital Ventures,Full-Time,2021-10-30,Target Population
EMP-09991,OFC-BOS,Analyst,Consulting,Full-Time,2022-12-24,Target Population
EMP-09992,OFC-NYC,Analyst,Digital Ventures,Full-Time,2025-07-22,Target Population
EMP-09993,OFC-LON,Project Leader,HR,Full-Time,2022-04-23,Target Population
EMP-09994,OFC-NYC,Consultant,Consulting,Full-Time,2025-02-28,Target Population
EMP-09995,OFC-LON,Consultant,IT,Full-Time,2023-11-12,Target Population
EMP-09996,OFC-BOS,Consultant,Operations,Full-Time,2026-03-28,Target Population
EMP-09997,OFC-SIN,Principal,IT,Full-Time,2024-07-24,Target Population
EMP-09998,OFC-BOS,Analyst,Digital Ventures,Full-Time,2026-08-10,Target Population
EMP-09999,OFC-SIN,Analyst,HR,Full-Time,2025-12-10,Target Population
EMP-10000,OFC-SIN,Project Leader,Consulting,Full-Time,2025-09-05,Target Population
EMP-10001,OFC-LON,Analyst,IT,Full-Time,2025-09-13,Target Population
EMP-10002,OFC-GUR,Analyst,Finance,Full-Time,2026-08-31,Target Population
EMP-10003,OFC-NYC,Partner,Finance,Full-Time,2022-02-05,Target Population
EMP-10004,OFC-LON,Project Leader,Digital Ventures,Full-Time,2022-07-17,Target Population
EMP-10005,OFC-NYC,Consultant,Operations,Full-Time,2024-03-19,Target Population
EMP-10006,OFC-NYC,Project Leader,Digital Ventures,Full-Time,2025-08-24,Target Population
EMP-10007,OFC-LON,Partner,Operations,Full-Time,2024-09-18,Target Population
EMP-10008,OFC-LON,Consultant,Digital Ventures,Full-Time,2024-04-18,Target Population
EMP-10009,OFC-LON,Analyst,IT,Full-Time,2025-02-03,Target Population
EMP-10010,OFC-NYC,Project Leader,IT,Full-Time,2023-04-04,Target Population
EMP-10011,OFC-NYC,Analyst,Consulting,Full-Time,2025-04-18,Target Population
EMP-10012,OFC-BOS,Consultant,Finance,Full-Time,2023-11-20,Target Population
EMP-10013,OFC-BOS,Analyst,Digital Ventures,Full-Time,2023-04-17,Target Population
EMP-10014,OFC-NYC,Analyst,IT,Full-Time,2025-06-10,Target Population
EMP-10015,OFC-BOS,Analyst,Finance,Full-Time,2025-08-29,Target Population
EMP-10016,OFC-BOS,Analyst,Finance,Full-Time,2025-01-14,Target Population
EMP-10017,OFC-GUR,Consultant,Digital Ventures,Full-Time,2023-04-29,Target Population
EMP-10018,OFC-BOS,Project Leader,Consulting,Full-Time,2026-08-08,Target Population
EMP-10019,OFC-GUR,Consultant,Finance,Full-Time,2022-07-30,Target Population
EMP-10020,OFC-NYC,Partner,Operations,Full-Time,2025-02-10,Target Population
EMP-10021,OFC-SIN,Partner,IT,Full-Time,2022-02-19,Target Population
EMP-10022,OFC-LON,Consultant,HR,Full-Time,2023-10-21,Target Population
EMP-10023,OFC-NYC,Principal,Finance,Full-Time,2023-02-09,Target Population
EMP-10024,OFC-LON,Project Leader,Finance,Full-Time,2024-02-04,Target Population
EMP-10025,OFC-NYC,Consultant,HR,Full-Time,2026-05-04,Target Population
EMP-10026,OFC-LON,Analyst,HR,Full-Time,2024-03-31,Target Population
EMP-10027,OFC-BOS,Analyst,IT,Full-Time,2022-05-02,Target Population
EMP-10028,OFC-SIN,Principal,Digital Ventures,Full-Time,2023-08-12,Target Population
EMP-10029,OFC-NYC,Analyst,IT,Full-Time,2025-12-18,Target Population
EMP-10030,OFC-NYC,Analyst,HR,Full-Time,2025-04-06,Target Population
EMP-10031,OFC-GUR,Analyst,Operations,Full-Time,2026-06-20,Target Population
EMP-10032,OFC-NYC,Consultant,HR,Full-Time,2022-10-18,Target Population
EMP-10033,OFC-GUR,Analyst,Operations,Full-Time,2024-11-25,Target Population
EMP-10034,OFC-LON,Project Leader,Operations,Full-Time,2022-06-01,Target Population
EMP-10035,OFC-GUR,Partner,Digital Ventures,Full-Time,2022-08-29,Target Population
EMP-10036,OFC-BOS,Analyst,Finance,Full-Time,2026-01-21,Target Population
EMP-10037,OFC-GUR,Project Leader,Consulting,Full-Time,2024-07-15,Target Population
EMP-10038,OFC-GUR,Analyst,IT,Full-Time,2025-04-03,Target Population
EMP-10039,OFC-BOS,Principal,IT,Full-Time,2025-08-08,Target Population
EMP-10040,OFC-BOS,Analyst,HR,Full-Time,2023-03-03,Target Population
EMP-10041,OFC-NYC,Consultant,Consulting,Full-Time,2023-12-01,Target Population
EMP-10042,OFC-SIN,Principal,HR,Full-Time,2023-07-13,Target Population
EMP-10043,OFC-NYC,Managing Director,Finance,Full-Time,2026-01-26,Target Population
EMP-10044,OFC-LON,Consultant,Operations,Full-Time,2022-02-22,Target Population
EMP-10045,OFC-BOS,Consultant,Consulting,Full-Time,2025-09-11,Target Population
EMP-10046,OFC-NYC,Analyst,IT,Full-Time,2021-12-29,Target Population
EMP-10047,OFC-LON,Principal,Finance,Full-Time,2022-05-22,Target Population
EMP-10048,OFC-SIN,Consultant,Finance,Full-Time,2025-09-11,Target Population
EMP-10049,OFC-LON,Project Leader,Consulting,Full-Time,2025-01-03,Target Population
EMP-10050,OFC-GUR,Principal,IT,Full-Time,2024-09-08,Target Population
EMP-10051,OFC-LON,Consultant,HR,Full-Time,2025-02-28,Target Population
EMP-10052,OFC-BOS,Analyst,Operations,Full-Time,2023-06-02,Target Population
EMP-10053,OFC-NYC,Consultant,Digital Ventures,Full-Time,2025-02-20,Target Population
EMP-10054,OFC-LON,Consultant,HR,Full-Time,2022-02-01,Target Population
EMP-10055,OFC-SIN,Partner,Consulting,Full-Time,2021-11-09,Target Population
EMP-10056,OFC-SIN,Project Leader,Consulting,Full-Time,2023-11-24,Target Population
EMP-10057,OFC-BOS,Analyst,Operations,Full-Time,2022-09-28,Target Population
EMP-10058,OFC-BOS,Consultant,Digital Ventures,Full-Time,2022-12-05,Target Population
EMP-10059,OFC-BOS,Consultant,HR,Full-Time,2024-07-19,Target Population
EMP-10060,OFC-SIN,Partner,HR,Full-Time,2025-09-18,Target Population
EMP-10061,OFC-SIN,Consultant,Operations,Full-Time,2025-11-21,Target Population
EMP-10062,OFC-GUR,Principal,Digital Ventures,Full-Time,2025-09-09,Target Population
EMP-10063,OFC-NYC,Consultant,Digital Ventures,Full-Time,2022-05-07,Target Population
EMP-10064,OFC-LON,Analyst,Finance,Full-Time,2022-06-20,Target Population
EMP-10065,OFC-LON,Consultant,IT,Full-Time,2026-06-06,Target Population
EMP-10066,OFC-NYC,Consultant,Consulting,Full-Time,2023-10-29,Target Population
EMP-10067,OFC-LON,Consultant,IT,Full-Time,2025-06-27,Target Population
EMP-10068,OFC-BOS,Analyst,Consulting,Full-Time,2022-12-16,Target Population
EMP-10069,OFC-BOS,Partner,HR,Full-Time,2025-10-08,Target Population
EMP-10070,OFC-SIN,Principal,Operations,Full-Time,2024-02-21,Target Population
EMP-10071,OFC-GUR,Analyst,Finance,Full-Time,2023-02-20,Target Population
EMP-10072,OFC-NYC,Project Leader,IT,Full-Time,2023-03-21,Target Population
EMP-10073,OFC-LON,Principal,Operations,Full-Time,2021-12-02,Target Population
EMP-10074,OFC-NYC,Consultant,HR,Full-Time,2022-08-15,Target Population
EMP-10075,OFC-GUR,Analyst,Digital Ventures,Full-Time,2023-04-10,Target Population
EMP-10076,OFC-GUR,Analyst,HR,Full-Time,2024-04-07,Target Population
EMP-10077,OFC-GUR,Project Leader,HR,Full-Time,2022-10-27,Target Population
EMP-10078,OFC-GUR,Consultant,IT,Full-Time,2026-04-25,Target Population
EMP-10079,OFC-BOS,Analyst,Finance,Full-Time,2025-02-02,Target Population
EMP-10080,OFC-NYC,Consultant,HR,Full-Time,2023-03-14,Target Population
EMP-10081,OFC-LON,Analyst,HR,Full-Time,2022-06-05,Target Population
EMP-10082,OFC-NYC,Analyst,Consulting,Full-Time,2021-11-10,Target Population
EMP-10083,OFC-GUR,Project Leader,Consulting,Full-Time,2024-02-02,Target Population
EMP-10084,OFC-NYC,Project Leader,HR,Full-Time,2023-01-26,Target Population
EMP-10085,OFC-BOS,Partner,Consulting,Full-Time,2025-07-07,Target Population
EMP-10086,OFC-NYC,Project Leader,IT,Full-Time,2024-10-23,Target Population
EMP-10087,OFC-SIN,Managing Director,IT,Full-Time,2023-04-12,Target Population
EMP-10088,OFC-BOS,Analyst,Digital Ventures,Full-Time,2023-08-11,Target Population
EMP-10089,OFC-LON,Analyst,Consulting,Full-Time,2022-01-22,Target Population
EMP-10090,OFC-NYC,Project Leader,Operations,Full-Time,2026-04-17,Target Population
EMP-10091,OFC-BOS,Analyst,IT,Full-Time,2023-08-09,Target Population
EMP-10092,OFC-LON,Consultant,IT,Full-Time,2025-07-11,Target Population
EMP-10093,OFC-GUR,Principal,Operations,Full-Time,2022-03-04,Target Population
EMP-10094,OFC-LON,Analyst,Operations,Full-Time,2026-03-19,Target Population
EMP-10095,OFC-SIN,Consultant,Digital Ventures,Full-Time,2022-08-22,Target Population
EMP-10096,OFC-NYC,Project Leader,Finance,Full-Time,2025-02-01,Target Population
EMP-10097,OFC-BOS,Consultant,HR,Full-Time,2024-05-21,Target Population
EMP-10098,OFC-SIN,Consultant,IT,Full-Time,2025-07-17,Target Population
EMP-10099,OFC-NYC,Analyst,Consulting,Full-Time,2022-03-18,Target Population
EMP-10100,OFC-LON,Consultant,Consulting,Full-Time,2021-10-21,Target Population
EMP-10101,OFC-GUR,Analyst,Consulting,Full-Time,2022-03-07,Target Population
EMP-10102,OFC-NYC,Analyst,IT,Full-Time,2024-12-22,Target Population
EMP-10103,OFC-GUR,Partner,Digital Ventures,Full-Time,2023-06-25,Target Population
EMP-10104,OFC-BOS,Consultant,Finance,Full-Time,2023-11-21,Target Population
EMP-10105,OFC-NYC,Analyst,Digital Ventures,Full-Time,2024-12-13,Target Population
EMP-10106,OFC-BOS,Project Leader,Consulting,Full-Time,2023-10-18,Target Population
EMP-10107,OFC-GUR,Project Leader,IT,Full-Time,2023-06-20,Target Population
EMP-10108,OFC-BOS,Consultant,Digital Ventures,Full-Time,2022-07-17,Target Population
EMP-10109,OFC-GUR,Analyst,Consulting,Full-Time,2021-11-25,Target Population
EMP-10110,OFC-SIN,Analyst,IT,Full-Time,2025-05-09,Target Population
EMP-10111,OFC-LON,Analyst,Finance,Full-Time,2022-01-01,Target Population
EMP-10112,OFC-LON,Analyst,HR,Full-Time,2021-11-21,Target Population
EMP-10113,OFC-LON,Consultant,Digital Ventures,Full-Time,2024-08-19,Target Population
EMP-10114,OFC-NYC,Analyst,IT,Full-Time,2023-05-26,Target Population
EMP-10115,OFC-LON,Analyst,IT,Full-Time,2022-04-21,Target Population
EMP-10116,OFC-LON,Analyst,Finance,Full-Time,2023-08-23,Target Population
EMP-10117,OFC-SIN,Project Leader,Digital Ventures,Full-Time,2022-08-03,Target Population
EMP-10118,OFC-SIN,Consultant,HR,Full-Time,2023-03-12,Target Population
EMP-10119,OFC-SIN,Project Leader,Consulting,Full-Time,2023-03-09,Target Population
EMP-10120,OFC-SIN,Project Leader,IT,Full-Time,2022-02-20,Target Population
EMP-10121,OFC-LON,Analyst,HR,Full-Time,2025-04-20,Target Population
EMP-10122,OFC-GUR,Analyst,Finance,Full-Time,2026-02-15,Target Population
EMP-10123,OFC-SIN,Project Leader,Digital Ventures,Full-Time,2022-09-06,Target Population
EMP-10124,OFC-NYC,Analyst,HR,Full-Time,2024-07-19,Target Population
EMP-10125,OFC-SIN,Consultant,Operations,Full-Time,2024-07-05,Target Population
EMP-10126,OFC-NYC,Consultant,Consulting,Full-Time,2026-07-19,Target Population
EMP-10127,OFC-LON,Principal,Digital Ventures,Full-Time,2023-05-18,Target Population
EMP-10128,OFC-GUR,Consultant,Digital Ventures,Full-Time,2023-07-12,Target Population
EMP-10129,OFC-SIN,Project Leader,HR,Full-Time,2026-05-17,Target Population
EMP-10130,OFC-BOS,Project Leader,IT,Full-Time,2025-02-15,Target Population
EMP-10131,OFC-GUR,Managing Director,Digital Ventures,Full-Time,2025-05-28,Target Population
EMP-10132,OFC-LON,Analyst,HR,Full-Time,2022-10-17,Target Population
EMP-10133,OFC-NYC,Analyst,Finance,Full-Time,2023-09-29,Target Population
EMP-10134,OFC-GUR,Project Leader,HR,Full-Time,2023-08-02,Target Population
EMP-10135,OFC-LON,Consultant,Finance,Full-Time,2022-08-31,Target Population
EMP-10136,OFC-GUR,Analyst,IT,Full-Time,2024-10-18,Target Population
EMP-10137,OFC-NYC,Project Leader,HR,Full-Time,2024-07-07,Target Population
EMP-10138,OFC-LON,Principal,HR,Full-Time,2023-03-30,Target Population
EMP-10139,OFC-LON,Project Leader,Consulting,Full-Time,2021-11-22,Target Population
EMP-10140,OFC-NYC,Partner,Finance,Full-Time,2025-03-09,Target Population
EMP-10141,OFC-BOS,Partner,IT,Full-Time,2024-06-15,Target Population
EMP-10142,OFC-SIN,Analyst,Consulting,Full-Time,2021-11-13,Target Population
EMP-10143,OFC-LON,Consultant,HR,Full-Time,2025-01-28,Target Population
EMP-10144,OFC-GUR,Analyst,IT,Full-Time,2023-07-30,Target Population
EMP-10145,OFC-NYC,Analyst,Operations,Full-Time,2025-09-01,Target Population
EMP-10146,OFC-NYC,Analyst,Consulting,Full-Time,2023-08-21,Target Population
EMP-10147,OFC-NYC,Analyst,HR,Full-Time,2022-04-30,Target Population
EMP-10148,OFC-NYC,Partner,HR,Full-Time,2024-02-19,Target Population
EMP-10149,OFC-LON,Analyst,Digital Ventures,Full-Time,2024-11-26,Target Population
EMP-10150,OFC-LON,Analyst,Consulting,Full-Time,2022-02-20,Target Population
EMP-10151,OFC-LON,Consultant,HR,Full-Time,2022-05-04,Target Population
EMP-10152,OFC-BOS,Principal,IT,Full-Time,2023-08-17,Target Population
EMP-10153,OFC-LON,Consultant,Finance,Full-Time,2025-04-06,Target Population
EMP-10154,OFC-BOS,Analyst,HR,Full-Time,2024-04-30,Target Population
EMP-10155,OFC-BOS,Consultant,HR,Full-Time,2026-01-06,Target Population
EMP-10156,OFC-SIN,Project Leader,IT,Full-Time,2022-08-19,Target Population
EMP-10157,OFC-LON,Project Leader,IT,Full-Time,2026-04-29,Target Population
EMP-10158,OFC-GUR,Analyst,Consulting,Full-Time,2026-08-10,Target Population
EMP-10159,OFC-NYC,Project Leader,HR,Full-Time,2023-03-23,Target Population
EMP-10160,OFC-SIN,Consultant,Digital Ventures,Full-Time,2023-11-28,Target Population
EMP-10161,OFC-LON,Consultant,Digital Ventures,Full-Time,2022-07-28,Target Population
EMP-10162,OFC-GUR,Analyst,Consulting,Full-Time,2024-07-10,Target Population
EMP-10163,OFC-NYC,Principal,Finance,Full-Time,2025-01-26,Target Population
EMP-10164,OFC-SIN,Partner,Digital Ventures,Full-Time,2022-11-24,Target Population
EMP-10165,OFC-GUR,Principal,Finance,Full-Time,2024-08-03,Target Population
EMP-10166,OFC-SIN,Project Leader,Finance,Full-Time,2023-04-04,Target Population
EMP-10167,OFC-BOS,Project Leader,Finance,Full-Time,2024-06-20,Target Population
EMP-10168,OFC-NYC,Consultant,Operations,Full-Time,2025-11-12,Target Population
EMP-10169,OFC-NYC,Principal,Consulting,Full-Time,2022-05-04,Target Population
EMP-10170,OFC-NYC,Analyst,Operations,Full-Time,2024-08-13,Target Population
EMP-10171,OFC-SIN,Analyst,HR,Full-Time,2021-11-30,Target Population
EMP-10172,OFC-BOS,Analyst,Operations,Full-Time,2026-09-28,Target Population
EMP-10173,OFC-BOS,Consultant,Finance,Full-Time,2025-08-01,Target Population
EMP-10174,OFC-NYC,Principal,Digital Ventures,Full-Time,2025-01-06,Target Population
EMP-10175,OFC-BOS,Project Leader,Digital Ventures,Full-Time,2026-02-10,Target Population
EMP-10176,OFC-BOS,Consultant,Consulting,Full-Time,2023-09-29,Target Population
EMP-10177,OFC-GUR,Analyst,Operations,Full-Time,2026-01-18,Target Population
EMP-10178,OFC-LON,Analyst,HR,Full-Time,2026-10-06,Target Population
EMP-10179,OFC-BOS,Analyst,Digital Ventures,Full-Time,2021-11-17,Target Population
EMP-10180,OFC-NYC,Analyst,Operations,Full-Time,2023-09-29,Target Population
EMP-10181,OFC-NYC,Analyst,Digital Ventures,Full-Time,2021-12-11,Target Population
EMP-10182,OFC-BOS,Consultant,HR,Full-Time,2022-10-27,Target Population
EMP-10183,OFC-GUR,Analyst,Finance,Full-Time,2024-05-23,Target Population
EMP-10184,OFC-GUR,Analyst,HR,Full-Time,2023-10-11,Target Population
EMP-10185,OFC-GUR,Analyst,IT,Full-Time,2025-05-30,Target Population
EMP-10186,OFC-GUR,Analyst,Operations,Full-Time,2023-11-02,Target Population
EMP-10187,OFC-BOS,Consultant,Finance,Full-Time,2022-06-10,Target Population
EMP-10188,OFC-SIN,Partner,HR,Full-Time,2022-04-11,Target Population
EMP-10189,OFC-GUR,Consultant,Consulting,Full-Time,2022-12-08,Target Population
EMP-10190,OFC-SIN,Partner,IT,Full-Time,2024-12-13,Target Population
EMP-10191,OFC-BOS,Consultant,Operations,Full-Time,2026-01-03,Target Population
EMP-10192,OFC-SIN,Analyst,Operations,Full-Time,2024-04-15,Target Population
EMP-10193,OFC-GUR,Principal,Operations,Full-Time,2023-06-26,Target Population
EMP-10194,OFC-GUR,Consultant,HR,Full-Time,2023-01-21,Target Population
EMP-10195,OFC-BOS,Analyst,IT,Full-Time,2024-12-17,Target Population
EMP-10196,OFC-GUR,Project Leader,Operations,Full-Time,2023-07-04,Target Population
EMP-10197,OFC-SIN,Analyst,Consulting,Full-Time,2022-02-01,Target Population
EMP-10198,OFC-GUR,Project Leader,IT,Full-Time,2023-10-16,Target Population
EMP-10199,OFC-LON,Analyst,IT,Full-Time,2025-07-16,Target Population
EMP-10200,OFC-SIN,Principal,Operations,Full-Time,2024-07-24,Target Population
EMP-10201,OFC-NYC,Analyst,IT,Full-Time,2022-11-28,Target Population
EMP-10202,OFC-LON,Consultant,Finance,Full-Time,2024-02-18,Target Population
EMP-10203,OFC-LON,Analyst,Consulting,Full-Time,2024-06-19,Target Population
EMP-10204,OFC-SIN,Project Leader,Consulting,Full-Time,2022-02-07,Target Population
EMP-10205,OFC-BOS,Project Leader,Operations,Full-Time,2026-03-13,Target Population
EMP-10206,OFC-LON,Project Leader,Finance,Full-Time,2025-04-18,Target Population
EMP-10207,OFC-GUR,Analyst,Digital Ventures,Full-Time,2024-03-21,Target Population
EMP-10208,OFC-GUR,Consultant,Operations,Full-Time,2021-12-19,Target Population
EMP-10209,OFC-LON,Principal,Finance,Full-Time,2023-09-18,Target Population
EMP-10210,OFC-SIN,Consultant,Consulting,Full-Time,2024-08-01,Target Population
EMP-10211,OFC-SIN,Managing Director,Finance,Full-Time,2024-09-05,Target Population
EMP-10212,OFC-BOS,Partner,Finance,Full-Time,2023-10-29,Target Population
EMP-10213,OFC-NYC,Project Leader,HR,Full-Time,2023-07-08,Target Population
EMP-10214,OFC-BOS,Project Leader,IT,Full-Time,2026-05-09,Target Population
EMP-10215,OFC-NYC,Principal,Operations,Full-Time,2022-03-24,Target Population
EMP-10216,OFC-LON,Principal,HR,Full-Time,2023-11-17,Target Population
EMP-10217,OFC-SIN,Consultant,IT,Full-Time,2023-08-29,Target Population
EMP-10218,OFC-GUR,Consultant,Operations,Full-Time,2025-01-04,Target Population
EMP-10219,OFC-BOS,Consultant,Operations,Full-Time,2026-03-15,Target Population
EMP-10220,OFC-BOS,Managing Director,Finance,Full-Time,2024-07-02,Target Population
EMP-10221,OFC-LON,Analyst,Digital Ventures,Full-Time,2023-04-30,Target Population
EMP-10222,OFC-LON,Project Leader,Digital Ventures,Full-Time,2025-07-12,Target Population
EMP-10223,OFC-NYC,Analyst,HR,Full-Time,2021-10-25,Target Population
EMP-10224,OFC-SIN,Consultant,Finance,Full-Time,2022-04-25,Target Population
EMP-10225,OFC-SIN,Analyst,HR,Full-Time,2025-12-12,Target Population
EMP-10226,OFC-NYC,Partner,Digital Ventures,Full-Time,2022-05-12,Target Population
EMP-10227,OFC-SIN,Project Leader,IT,Full-Time,2023-05-27,Target Population
EMP-10228,OFC-NYC,Analyst,IT,Full-Time,2022-03-17,Target Population
EMP-10229,OFC-GUR,Project Leader,Finance,Full-Time,2022-12-20,Target Population
EMP-10230,OFC-LON,Consultant,Consulting,Full-Time,2023-07-03,Target Population
EMP-10231,OFC-BOS,Consultant,Finance,Full-Time,2022-11-01,Target Population
EMP-10232,OFC-SIN,Consultant,HR,Full-Time,2022-07-19,Target Population
EMP-10233,OFC-LON,Analyst,Digital Ventures,Full-Time,2023-03-30,Target Population
EMP-10234,OFC-GUR,Consultant,Digital Ventures,Full-Time,2026-06-08,Target Population
EMP-10235,OFC-NYC,Principal,Consulting,Full-Time,2023-07-03,Target Population
EMP-10236,OFC-BOS,Consultant,Finance,Full-Time,2023-10-11,Target Population
EMP-10237,OFC-BOS,Project Leader,Finance,Full-Time,2026-01-30,Target Population
EMP-10238,OFC-LON,Partner,HR,Full-Time,2022-06-06,Target Population
EMP-10239,OFC-GUR,Analyst,Operations,Full-Time,2025-05-23,Target Population
EMP-10240,OFC-NYC,Partner,Finance,Full-Time,2025-09-27,Target Population
EMP-10241,OFC-GUR,Analyst,IT,Full-Time,2024-05-31,Target Population
EMP-10242,OFC-GUR,Partner,Consulting,Full-Time,2023-03-01,Target Population
EMP-10243,OFC-GUR,Analyst,HR,Full-Time,2023-06-12,Target Population
EMP-10244,OFC-LON,Analyst,Digital Ventures,Full-Time,2023-11-06,Target Population
EMP-10245,OFC-SIN,Principal,Digital Ventures,Full-Time,2025-05-16,Target Population
EMP-10246,OFC-LON,Analyst,Consulting,Full-Time,2023-04-08,Target Population
EMP-10247,OFC-LON,Consultant,Consulting,Full-Time,2023-11-19,Target Population
EMP-10248,OFC-BOS,Principal,Operations,Full-Time,2024-05-05,Target Population
EMP-10249,OFC-NYC,Analyst,Finance,Full-Time,2024-03-11,Target Population
EMP-10250,OFC-BOS,Consultant,IT,Full-Time,2026-09-01,Target Population
EMP-10251,OFC-LON,Consultant,Digital Ventures,Full-Time,2025-07-30,Target Population
EMP-10252,OFC-BOS,Consultant,IT,Full-Time,2023-06-24,Target Population
EMP-10253,OFC-NYC,Partner,Finance,Full-Time,2024-01-29,Target Population
EMP-10254,OFC-GUR,Analyst,Operations,Full-Time,2025-11-09,Target Population
EMP-10255,OFC-NYC,Managing Director,Operations,Full-Time,2022-06-12,Target Population
EMP-10256,OFC-BOS,Managing Director,Finance,Full-Time,2024-10-28,Target Population
EMP-10257,OFC-BOS,Project Leader,Digital Ventures,Full-Time,2025-02-25,Target Population
EMP-10258,OFC-GUR,Consultant,Operations,Full-Time,2024-12-23,Target Population
EMP-10259,OFC-BOS,Analyst,HR,Full-Time,2023-03-12,Target Population
EMP-10260,OFC-LON,Analyst,Digital Ventures,Full-Time,2025-10-08,Target Population
EMP-10261,OFC-LON,Principal,Operations,Full-Time,2025-07-09,Target Population
EMP-10262,OFC-GUR,Project Leader,HR,Full-Time,2025-05-12,Target Population
EMP-10263,OFC-LON,Partner,IT,Full-Time,2026-01-23,Target Population
EMP-10264,OFC-GUR,Consultant,HR,Full-Time,2025-06-14,Target Population
EMP-10265,OFC-BOS,Project Leader,Finance,Full-Time,2023-02-03,Target Population
EMP-10266,OFC-NYC,Consultant,IT,Full-Time,2025-11-12,Target Population
EMP-10267,OFC-NYC,Consultant,Consulting,Full-Time,2021-12-07,Target Population
EMP-10268,OFC-BOS,Consultant,Consulting,Full-Time,2025-01-04,Target Population
EMP-10269,OFC-NYC,Analyst,Digital Ventures,Full-Time,2025-05-26,Target Population
EMP-10270,OFC-NYC,Consultant,Digital Ventures,Full-Time,2022-06-22,Target Population
EMP-10271,OFC-LON,Analyst,Operations,Full-Time,2024-04-26,Target Population
EMP-10272,OFC-GUR,Analyst,Finance,Full-Time,2026-05-03,Target Population
EMP-10273,OFC-NYC,Analyst,Finance,Full-Time,2023-01-24,Target Population
EMP-10274,OFC-GUR,Analyst,HR,Full-Time,2026-06-20,Target Population
EMP-10275,OFC-NYC,Analyst,HR,Full-Time,2023-04-05,Target Population
EMP-10276,OFC-NYC,Analyst,Finance,Full-Time,2023-12-15,Target Population
EMP-10277,OFC-LON,Analyst,Finance,Full-Time,2025-01-01,Target Population
EMP-10278,OFC-BOS,Analyst,Operations,Full-Time,2025-09-16,Target Population
EMP-10279,OFC-BOS,Analyst,Consulting,Full-Time,2024-05-14,Target Population
EMP-10280,OFC-NYC,Consultant,Operations,Full-Time,2025-08-16,Target Population
EMP-10281,OFC-SIN,Analyst,Operations,Full-Time,2024-03-04,Target Population
EMP-10282,OFC-GUR,Consultant,HR,Full-Time,2024-12-15,Target Population
EMP-10283,OFC-BOS,Principal,IT,Full-Time,2026-07-19,Target Population
EMP-10284,OFC-GUR,Consultant,Consulting,Full-Time,2025-11-08,Target Population
EMP-10285,OFC-GUR,Analyst,Consulting,Full-Time,2022-05-18,Target Population
EMP-10286,OFC-LON,Analyst,Operations,Full-Time,2024-08-07,Target Population
EMP-10287,OFC-GUR,Analyst,Digital Ventures,Full-Time,2022-12-05,Target Population
EMP-10288,OFC-NYC,Project Leader,IT,Full-Time,2025-10-03,Target Population
EMP-10289,OFC-BOS,Analyst,Finance,Full-Time,2023-06-07,Target Population
EMP-10290,OFC-LON,Analyst,HR,Full-Time,2023-01-30,Target Population
EMP-10291,OFC-LON,Analyst,Operations,Full-Time,2023-05-19,Target Population
EMP-10292,OFC-LON,Analyst,IT,Full-Time,2021-10-19,Target Population
EMP-10293,OFC-LON,Partner,Digital Ventures,Full-Time,2021-11-15,Target Population
EMP-10294,OFC-SIN,Project Leader,Operations,Full-Time,2026-01-09,Target Population
EMP-10295,OFC-SIN,Analyst,Consulting,Full-Time,2024-12-12,Target Population
EMP-10296,OFC-SIN,Consultant,IT,Full-Time,2025-12-11,Target Population
EMP-10297,OFC-GUR,Consultant,IT,Full-Time,2025-03-16,Target Population
EMP-10298,OFC-SIN,Consultant,HR,Full-Time,2025-04-20,Target Population
EMP-10299,OFC-BOS,Analyst,Consulting,Full-Time,2025-02-14,Target Population
EMP-10300,OFC-NYC,Analyst,IT,Full-Time,2024-12-09,Target Population
EMP-10301,OFC-LON,Analyst,Consulting,Full-Time,2025-01-12,Target Population
EMP-10302,OFC-GUR,Principal,Consulting,Full-Time,2025-12-05,Target Population
EMP-10303,OFC-LON,Analyst,HR,Full-Time,2024-05-20,Target Population
EMP-10304,OFC-GUR,Analyst,Digital Ventures,Full-Time,2022-05-16,Target Population
EMP-10305,OFC-BOS,Project Leader,HR,Full-Time,2025-03-30,Target Population
EMP-10306,OFC-NYC,Analyst,Finance,Full-Time,2022-02-04,Target Population
EMP-10307,OFC-GUR,Analyst,HR,Full-Time,2022-10-28,Target Population
EMP-10308,OFC-BOS,Project Leader,Consulting,Full-Time,2025-01-14,Target Population
EMP-10309,OFC-NYC,Analyst,Operations,Full-Time,2026-07-30,Target Population
EMP-10310,OFC-NYC,Consultant,HR,Full-Time,2023-02-23,Target Population
EMP-10311,OFC-NYC,Consultant,Operations,Full-Time,2023-06-02,Target Population
EMP-10312,OFC-GUR,Project Leader,Operations,Full-Time,2025-06-23,Target Population
EMP-10313,OFC-NYC,Analyst,Digital Ventures,Full-Time,2023-12-09,Target Population
EMP-10314,OFC-LON,Analyst,HR,Full-Time,2024-09-23,Target Population
EMP-10315,OFC-BOS,Partner,Digital Ventures,Full-Time,2026-02-06,Target Population
EMP-10316,OFC-GUR,Consultant,Digital Ventures,Full-Time,2025-12-03,Target Population
EMP-10317,OFC-NYC,Analyst,Digital Ventures,Full-Time,2024-11-23,Target Population
EMP-10318,OFC-LON,Principal,Digital Ventures,Full-Time,2022-04-04,Target Population
EMP-10319,OFC-GUR,Consultant,Consulting,Full-Time,2025-01-16,Target Population
EMP-10320,OFC-BOS,Consultant,Operations,Full-Time,2025-05-16,Target Population
EMP-10321,OFC-SIN,Analyst,Operations,Full-Time,2023-11-12,Target Population
EMP-10322,OFC-LON,Consultant,Operations,Full-Time,2023-10-29,Target Population
EMP-10323,OFC-NYC,Principal,HR,Full-Time,2025-10-30,Target Population
EMP-10324,OFC-BOS,Analyst,IT,Full-Time,2022-01-22,Target Population
EMP-10325,OFC-SIN,Analyst,IT,Full-Time,2024-11-02,Target Population
EMP-10326,OFC-GUR,Analyst,IT,Full-Time,2022-01-02,Target Population
EMP-10327,OFC-BOS,Consultant,IT,Full-Time,2023-01-09,Target Population
EMP-10328,OFC-NYC,Project Leader,Operations,Full-Time,2023-12-27,Target Population
EMP-10329,OFC-GUR,Project Leader,Finance,Full-Time,2025-08-22,Target Population
EMP-10330,OFC-GUR,Principal,HR,Full-Time,2023-01-07,Target Population
EMP-10331,OFC-GUR,Analyst,Digital Ventures,Full-Time,2023-12-06,Target Population
EMP-10332,OFC-NYC,Managing Director,Digital Ventures,Full-Time,2023-11-14,Target Population
EMP-10333,OFC-GUR,Analyst,Consulting,Full-Time,2026-09-07,Target Population
EMP-10334,OFC-NYC,Consultant,IT,Full-Time,2023-02-20,Target Population
EMP-10335,OFC-BOS,Analyst,Digital Ventures,Full-Time,2021-11-14,Target Population
EMP-10336,OFC-LON,Analyst,Digital Ventures,Full-Time,2022-10-04,Target Population
EMP-10337,OFC-SIN,Consultant,HR,Full-Time,2022-07-20,Target Population
EMP-10338,OFC-NYC,Analyst,Consulting,Full-Time,2025-01-13,Target Population
EMP-10339,OFC-LON,Analyst,IT,Full-Time,2025-02-23,Target Population
EMP-10340,OFC-GUR,Consultant,IT,Full-Time,2026-10-02,Target Population
EMP-10341,OFC-LON,Project Leader,Operations,Full-Time,2022-06-13,Target Population
EMP-10342,OFC-GUR,Analyst,Operations,Full-Time,2026-03-06,Target Population
EMP-10343,OFC-GUR,Principal,HR,Full-Time,2023-05-16,Target Population
EMP-10344,OFC-BOS,Analyst,IT,Full-Time,2025-05-13,Target Population
EMP-10345,OFC-SIN,Principal,Finance,Full-Time,2023-03-06,Target Population
EMP-10346,OFC-GUR,Analyst,Operations,Full-Time,2025-05-25,Target Population
EMP-10347,OFC-SIN,Analyst,IT,Full-Time,2023-12-01,Target Population
EMP-10348,OFC-GUR,Consultant,Consulting,Full-Time,2024-05-02,Target Population
EMP-10349,OFC-SIN,Project Leader,Operations,Full-Time,2026-01-09,Target Population
EMP-10350,OFC-BOS,Partner,Operations,Full-Time,2026-04-20,Target Population
EMP-10351,OFC-NYC,Analyst,Consulting,Full-Time,2025-01-08,Target Population
EMP-10352,OFC-SIN,Project Leader,Finance,Full-Time,2026-10-01,Target Population
EMP-10353,OFC-BOS,Project Leader,HR,Full-Time,2024-05-20,Target Population
EMP-10354,OFC-BOS,Consultant,HR,Full-Time,2025-04-07,Target Population
EMP-10355,OFC-GUR,Analyst,HR,Full-Time,2022-07-10,Target Population
EMP-10356,OFC-GUR,Consultant,IT,Full-Time,2022-09-11,Target Population
EMP-10357,OFC-BOS,Analyst,Finance,Full-Time,2026-08-21,Target Population
EMP-10358,OFC-SIN,Analyst,IT,Full-Time,2024-09-10,Target Population
EMP-10359,OFC-GUR,Principal,Digital Ventures,Full-Time,2022-12-24,Target Population
EMP-10360,OFC-LON,Analyst,Finance,Full-Time,2024-01-20,Target Population
EMP-10361,OFC-GUR,Consultant,HR,Full-Time,2023-07-19,Target Population
EMP-10362,OFC-NYC,Analyst,Consulting,Full-Time,2025-02-24,Target Population
EMP-10363,OFC-BOS,Project Leader,Operations,Full-Time,2024-05-21,Target Population
EMP-10364,OFC-NYC,Consultant,IT,Full-Time,2021-10-26,Target Population
EMP-10365,OFC-LON,Consultant,HR,Full-Time,2023-03-14,Target Population
EMP-10366,OFC-LON,Analyst,Digital Ventures,Full-Time,2025-12-12,Target Population
EMP-10367,OFC-GUR,Consultant,Finance,Full-Time,2021-10-11,Target Population
EMP-10368,OFC-GUR,Consultant,IT,Full-Time,2022-08-03,Target Population
EMP-10369,OFC-LON,Analyst,Operations,Full-Time,2022-05-11,Target Population
EMP-10370,OFC-GUR,Analyst,HR,Full-Time,2025-04-27,Target Population
EMP-10371,OFC-BOS,Principal,Finance,Full-Time,2026-03-26,Target Population
EMP-10372,OFC-BOS,Consultant,HR,Full-Time,2025-04-24,Target Population
EMP-10373,OFC-SIN,Consultant,Finance,Full-Time,2024-03-20,Target Population
EMP-10374,OFC-BOS,Analyst,HR,Full-Time,2025-06-06,Target Population
EMP-10375,OFC-BOS,Analyst,IT,Full-Time,2023-03-21,Target Population
EMP-10376,OFC-GUR,Analyst,Finance,Full-Time,2023-04-08,Target Population
EMP-10377,OFC-NYC,Consultant,Digital Ventures,Full-Time,2024-12-14,Target Population
EMP-10378,OFC-SIN,Managing Director,Finance,Full-Time,2023-05-09,Target Population
EMP-10379,OFC-NYC,Principal,IT,Full-Time,2022-11-28,Target Population
EMP-10380,OFC-BOS,Analyst,Digital Ventures,Full-Time,2023-06-14,Target Population
EMP-10381,OFC-NYC,Managing Director,IT,Full-Time,2025-11-26,Target Population
EMP-10382,OFC-LON,Project Leader,IT,Full-Time,2023-04-25,Target Population
EMP-10383,OFC-NYC,Analyst,Operations,Full-Time,2026-01-15,Target Population
EMP-10384,OFC-LON,Principal,Digital Ventures,Full-Time,2022-09-14,Target Population
EMP-10385,OFC-SIN,Partner,IT,Full-Time,2025-08-07,Target Population
EMP-10386,OFC-SIN,Analyst,Consulting,Full-Time,2026-08-03,Target Population
EMP-10387,OFC-NYC,Consultant,Digital Ventures,Full-Time,2023-07-29,Target Population
EMP-10388,OFC-LON,Consultant,Finance,Full-Time,2023-05-06,Target Population
EMP-10389,OFC-LON,Principal,HR,Full-Time,2023-06-23,Target Population
EMP-10390,OFC-SIN,Project Leader,Operations,Full-Time,2022-04-08,Target Population
EMP-10391,OFC-SIN,Analyst,Finance,Full-Time,2023-04-27,Target Population
EMP-10392,OFC-BOS,Analyst,HR,Full-Time,2023-05-26,Target Population
EMP-10393,OFC-GUR,Principal,Operations,Full-Time,2023-12-21,Target Population
EMP-10394,OFC-NYC,Managing Director,Operations,Full-Time,2025-03-30,Target Population
EMP-10395,OFC-BOS,Analyst,HR,Full-Time,2025-07-07,Target Population
EMP-10396,OFC-BOS,Analyst,Digital Ventures,Full-Time,2022-09-11,Target Population
EMP-10397,OFC-LON,Consultant,Operations,Full-Time,2023-03-07,Target Population
EMP-10398,OFC-LON,Managing Director,Operations,Full-Time,2022-06-11,Target Population
EMP-10399,OFC-BOS,Analyst,Digital Ventures,Full-Time,2024-04-04,Target Population
EMP-10400,OFC-GUR,Principal,Consulting,Full-Time,2022-06-30,Target Population
EMP-10401,OFC-NYC,Consultant,Consulting,Full-Time,2024-12-23,Target Population
EMP-10402,OFC-LON,Consultant,IT,Full-Time,2022-10-29,Target Population
EMP-10403,OFC-NYC,Consultant,Operations,Full-Time,2024-02-13,Target Population
EMP-10404,OFC-BOS,Project Leader,Operations,Full-Time,2022-04-24,Target Population
EMP-10405,OFC-NYC,Partner,HR,Full-Time,2024-09-04,Target Population
EMP-10406,OFC-BOS,Project Leader,HR,Full-Time,2022-01-07,Target Population
EMP-10407,OFC-LON,Principal,HR,Full-Time,2026-09-30,Target Population
EMP-10408,OFC-BOS,Consultant,Digital Ventures,Full-Time,2023-10-06,Target Population
EMP-10409,OFC-LON,Consultant,HR,Full-Time,2025-10-30,Target Population
EMP-10410,OFC-BOS,Analyst,Operations,Full-Time,2025-11-22,Target Population
EMP-10411,OFC-GUR,Analyst,IT,Full-Time,2022-08-16,Target Population
EMP-10412,OFC-GUR,Consultant,Digital Ventures,Full-Time,2021-11-05,Target Population
EMP-10413,OFC-BOS,Analyst,Finance,Full-Time,2022-04-14,Target Population
EMP-10414,OFC-LON,Analyst,Operations,Full-Time,2024-01-11,Target Population
EMP-10415,OFC-BOS,Analyst,IT,Full-Time,2021-10-29,Target Population
EMP-10416,OFC-LON,Analyst,Finance,Full-Time,2026-09-20,Target Population
EMP-10417,OFC-NYC,Analyst,Finance,Full-Time,2022-02-14,Target Population
EMP-10418,OFC-LON,Analyst,Digital Ventures,Full-Time,2022-08-03,Target Population
EMP-10419,OFC-LON,Managing Director,Operations,Full-Time,2023-07-24,Target Population
EMP-10420,OFC-SIN,Analyst,HR,Full-Time,2026-03-17,Target Population
EMP-10421,OFC-LON,Analyst,Operations,Full-Time,2021-10-29,Target Population
EMP-10422,OFC-LON,Analyst,HR,Full-Time,2024-12-17,Target Population
EMP-10423,OFC-NYC,Project Leader,Digital Ventures,Full-Time,2026-03-10,Target Population
EMP-10424,OFC-SIN,Consultant,Operations,Full-Time,2024-01-10,Target Population
EMP-10425,OFC-GUR,Analyst,HR,Full-Time,2025-11-24,Target Population
EMP-10426,OFC-NYC,Consultant,Operations,Full-Time,2025-10-16,Target Population
EMP-10427,OFC-GUR,Analyst,Finance,Full-Time,2024-08-19,Target Population
EMP-10428,OFC-NYC,Analyst,Operations,Full-Time,2025-06-02,Target Population
EMP-10429,OFC-GUR,Consultant,Digital Ventures,Full-Time,2024-08-17,Target Population
EMP-10430,OFC-GUR,Project Leader,HR,Full-Time,2024-12-01,Target Population
EMP-10431,OFC-BOS,Principal,Consulting,Full-Time,2024-09-06,Target Population
EMP-10432,OFC-GUR,Project Leader,Digital Ventures,Full-Time,2024-06-12,Target Population
EMP-10433,OFC-NYC,Consultant,Finance,Full-Time,2023-10-21,Target Population
EMP-10434,OFC-NYC,Analyst,HR,Full-Time,2024-11-02,Target Population
EMP-10435,OFC-NYC,Project Leader,Finance,Full-Time,2025-02-26,Target Population
EMP-10436,OFC-GUR,Analyst,IT,Full-Time,2024-12-25,Target Population
EMP-10437,OFC-BOS,Principal,IT,Full-Time,2022-04-02,Target Population
EMP-10438,OFC-BOS,Analyst,Digital Ventures,Full-Time,2024-10-17,Target Population
EMP-10439,OFC-GUR,Analyst,Digital Ventures,Full-Time,2024-07-29,Target Population
EMP-10440,OFC-BOS,Partner,Digital Ventures,Full-Time,2022-08-14,Target Population
EMP-10441,OFC-BOS,Principal,IT,Full-Time,2021-10-16,Target Population
EMP-10442,OFC-BOS,Partner,IT,Full-Time,2025-08-26,Target Population
EMP-10443,OFC-NYC,Analyst,Consulting,Full-Time,2025-03-08,Target Population
EMP-10444,OFC-LON,Analyst,Operations,Full-Time,2022-12-12,Target Population
EMP-10445,OFC-BOS,Consultant,IT,Full-Time,2021-12-25,Target Population
EMP-10446,OFC-SIN,Principal,IT,Full-Time,2022-10-23,Target Population
EMP-10447,OFC-GUR,Principal,Operations,Full-Time,2026-04-12,Target Population
EMP-10448,OFC-NYC,Partner,Consulting,Full-Time,2024-02-22,Target Population
EMP-10449,OFC-NYC,Analyst,Consulting,Full-Time,2023-11-18,Target Population
EMP-10450,OFC-NYC,Consultant,Digital Ventures,Full-Time,2024-11-24,Target Population
EMP-10451,OFC-LON,Project Leader,Operations,Full-Time,2025-08-11,Target Population
EMP-10452,OFC-BOS,Principal,Consulting,Full-Time,2025-10-22,Target Population
EMP-10453,OFC-BOS,Analyst,IT,Full-Time,2026-02-22,Target Population
EMP-10454,OFC-SIN,Consultant,HR,Full-Time,2025-04-12,Target Population
EMP-10455,OFC-NYC,Consultant,Operations,Full-Time,2023-05-13,Target Population
EMP-10456,OFC-NYC,Project Leader,Consulting,Full-Time,2021-10-16,Target Population
EMP-10457,OFC-SIN,Project Leader,Digital Ventures,Full-Time,2024-07-03,Target Population
EMP-10458,OFC-GUR,Partner,Consulting,Full-Time,2021-11-27,Target Population
EMP-10459,OFC-NYC,Principal,IT,Full-Time,2024-10-30,Target Population
EMP-10460,OFC-GUR,Consultant,HR,Full-Time,2022-02-26,Target Population
EMP-10461,OFC-BOS,Analyst,Consulting,Full-Time,2024-07-14,Target Population
EMP-10462,OFC-GUR,Consultant,Operations,Full-Time,2025-07-18,Target Population
EMP-10463,OFC-LON,Principal,HR,Full-Time,2023-10-02,Target Population
EMP-10464,OFC-GUR,Analyst,IT,Full-Time,2025-11-20,Target Population
EMP-10465,OFC-SIN,Project Leader,HR,Full-Time,2025-03-03,Target Population
EMP-10466,OFC-SIN,Project Leader,IT,Full-Time,2022-06-16,Target Population
EMP-10467,OFC-SIN,Principal,Digital Ventures,Full-Time,2024-09-23,Target Population
EMP-10468,OFC-LON,Consultant,Operations,Full-Time,2025-05-28,Target Population
EMP-10469,OFC-NYC,Project Leader,IT,Full-Time,2025-10-25,Target Population
EMP-10470,OFC-LON,Consultant,Finance,Full-Time,2022-08-15,Target Population
EMP-10471,OFC-GUR,Managing Director,Finance,Full-Time,2025-01-14,Target Population
EMP-10472,OFC-SIN,Project Leader,HR,Full-Time,2024-04-07,Target Population
EMP-10473,OFC-BOS,Principal,Operations,Full-Time,2023-06-05,Target Population
EMP-10474,OFC-SIN,Principal,Consulting,Full-Time,2022-12-25,Target Population
EMP-10475,OFC-GUR,Analyst,Digital Ventures,Full-Time,2026-03-10,Target Population
EMP-10476,OFC-SIN,Project Leader,HR,Full-Time,2026-08-18,Target Population
EMP-10477,OFC-SIN,Project Leader,Digital Ventures,Full-Time,2026-01-21,Target Population
EMP-10478,OFC-NYC,Consultant,Digital Ventures,Full-Time,2022-01-13,Target Population
EMP-10479,OFC-BOS,Consultant,HR,Full-Time,2022-11-08,Target Population
EMP-10480,OFC-BOS,Analyst,Operations,Full-Time,2025-12-31,Target Population
EMP-10481,OFC-NYC,Project Leader,Digital Ventures,Full-Time,2022-07-04,Target Population
EMP-10482,OFC-LON,Project Leader,IT,Full-Time,2024-04-30,Target Population
EMP-10483,OFC-GUR,Consultant,Operations,Full-Time,2026-06-07,Target Population
EMP-10484,OFC-SIN,Partner,Digital Ventures,Full-Time,2025-09-26,Target Population
EMP-10485,OFC-LON,Analyst,Consulting,Full-Time,2023-03-13,Target Population
EMP-10486,OFC-BOS,Analyst,Operations,Full-Time,2025-07-24,Target Population
EMP-10487,OFC-BOS,Project Leader,Consulting,Full-Time,2022-10-01,Target Population
EMP-10488,OFC-BOS,Consultant,IT,Full-Time,2025-11-13,Target Population
EMP-10489,OFC-NYC,Consultant,Digital Ventures,Full-Time,2026-05-13,Target Population
EMP-10490,OFC-LON,Partner,Consulting,Full-Time,2023-10-25,Target Population
EMP-10491,OFC-BOS,Consultant,Digital Ventures,Full-Time,2023-11-02,Target Population
EMP-10492,OFC-NYC,Consultant,Finance,Full-Time,2023-07-26,Target Population
EMP-10493,OFC-BOS,Principal,HR,Full-Time,2023-03-20,Target Population
EMP-10494,OFC-LON,Consultant,IT,Full-Time,2022-07-11,Target Population
EMP-10495,OFC-LON,Analyst,Finance,Full-Time,2022-08-30,Target Population
EMP-10496,OFC-LON,Project Leader,Digital Ventures,Full-Time,2025-06-19,Target Population
EMP-10497,OFC-NYC,Principal,HR,Full-Time,2022-01-05,Target Population
EMP-10498,OFC-SIN,Managing Director,HR,Full-Time,2023-02-16,Target Population
EMP-10499,OFC-BOS,Principal,IT,Full-Time,2024-07-17,Target Population
EMP-10500,OFC-LON,Consultant,Digital Ventures,Full-Time,2025-01-10,Target Population
EMP-10501,OFC-GUR,Principal,Consulting,Full-Time,2024-02-25,Target Population
EMP-10502,OFC-LON,Consultant,Finance,Full-Time,2023-08-22,Target Population
EMP-10503,OFC-SIN,Consultant,Finance,Full-Time,2023-12-16,Target Population
EMP-10504,OFC-NYC,Analyst,Operations,Full-Time,2025-10-25,Target Population
EMP-10505,OFC-LON,Project Leader,HR,Full-Time,2022-10-24,Target Population
EMP-10506,OFC-BOS,Partner,Operations,Full-Time,2022-12-02,Target Population
EMP-10507,OFC-LON,Consultant,Digital Ventures,Full-Time,2026-04-24,Target Population
EMP-10508,OFC-NYC,Analyst,Operations,Full-Time,2025-12-13,Target Population
EMP-10509,OFC-BOS,Analyst,IT,Full-Time,2022-07-14,Target Population
EMP-10510,OFC-LON,Consultant,IT,Full-Time,2024-08-05,Target Population
EMP-10511,OFC-LON,Consultant,Finance,Full-Time,2023-09-02,Target Population
EMP-10512,OFC-BOS,Consultant,IT,Full-Time,2026-08-31,Target Population
EMP-10513,OFC-GUR,Managing Director,HR,Full-Time,2022-04-25,Target Population
EMP-10514,OFC-LON,Project Leader,Digital Ventures,Full-Time,2024-09-07,Target Population
EMP-10515,OFC-BOS,Analyst,IT,Full-Time,2024-12-21,Target Population
EMP-10516,OFC-LON,Analyst,Digital Ventures,Full-Time,2025-01-04,Target Population
EMP-10517,OFC-GUR,Partner,Operations,Full-Time,2026-07-18,Target Population
EMP-10518,OFC-LON,Principal,IT,Full-Time,2025-06-25,Target Population
EMP-10519,OFC-NYC,Consultant,Finance,Full-Time,2023-10-02,Target Population
EMP-10520,OFC-NYC,Consultant,IT,Full-Time,2023-09-01,Target Population
EMP-10521,OFC-LON,Consultant,IT,Full-Time,2023-12-20,Target Population
EMP-10522,OFC-SIN,Analyst,Finance,Full-Time,2022-10-01,Target Population
EMP-10523,OFC-GUR,Analyst,Consulting,Full-Time,2024-03-29,Target Population
EMP-10524,OFC-BOS,Managing Director,Finance,Full-Time,2022-07-06,Target Population
EMP-10525,OFC-LON,Consultant,Finance,Full-Time,2022-09-18,Target Population
EMP-10526,OFC-SIN,Consultant,Digital Ventures,Full-Time,2022-07-10,Target Population
EMP-10527,OFC-BOS,Partner,IT,Full-Time,2024-08-29,Target Population
EMP-10528,OFC-SIN,Principal,HR,Full-Time,2023-05-14,Target Population
EMP-10529,OFC-SIN,Analyst,HR,Full-Time,2022-10-02,Target Population
EMP-10530,OFC-BOS,Analyst,IT,Full-Time,2026-08-21,Target Population
EMP-10531,OFC-SIN,Analyst,Operations,Full-Time,2024-11-22,Target Population
EMP-10532,OFC-NYC,Analyst,HR,Full-Time,2022-11-06,Target Population
EMP-10533,OFC-GUR,Analyst,HR,Full-Time,2024-06-06,Target Population
EMP-10534,OFC-NYC,Principal,IT,Full-Time,2024-12-31,Target Population
EMP-10535,OFC-NYC,Principal,IT,Full-Time,2026-09-03,Target Population
EMP-10536,OFC-LON,Analyst,Operations,Full-Time,2021-10-12,Target Population
EMP-10537,OFC-GUR,Principal,Finance,Full-Time,2024-05-29,Target Population
EMP-10538,OFC-BOS,Analyst,HR,Full-Time,2022-04-17,Target Population
EMP-10539,OFC-LON,Principal,HR,Full-Time,2026-04-28,Target Population
EMP-10540,OFC-BOS,Principal,Operations,Full-Time,2023-05-19,Target Population
EMP-10541,OFC-NYC,Analyst,Consulting,Full-Time,2025-01-24,Target Population
EMP-10542,OFC-NYC,Managing Director,Finance,Full-Time,2025-05-15,Target Population
EMP-10543,OFC-LON,Consultant,Operations,Full-Time,2024-06-26,Target Population
EMP-10544,OFC-NYC,Partner,Operations,Full-Time,2024-11-14,Target Population
EMP-10545,OFC-BOS,Analyst,IT,Full-Time,2022-11-03,Target Population
EMP-10546,OFC-BOS,Project Leader,Consulting,Full-Time,2026-03-09,Target Population
EMP-10547,OFC-BOS,Consultant,HR,Full-Time,2023-08-28,Target Population
EMP-10548,OFC-LON,Consultant,Digital Ventures,Full-Time,2022-09-03,Target Population
EMP-10549,OFC-SIN,Principal,Finance,Full-Time,2025-02-16,Target Population
EMP-10550,OFC-BOS,Analyst,HR,Full-Time,2021-11-04,Target Population
EMP-10551,OFC-SIN,Partner,HR,Full-Time,2026-05-06,Target Population
EMP-10552,OFC-GUR,Consultant,Finance,Full-Time,2025-09-07,Target Population
EMP-10553,OFC-LON,Analyst,Operations,Full-Time,2024-06-14,Target Population
EMP-10554,OFC-LON,Consultant,IT,Full-Time,2022-12-30,Target Population
EMP-10555,OFC-GUR,Principal,Finance,Full-Time,2024-04-16,Target Population
EMP-10556,OFC-BOS,Principal,Operations,Full-Time,2023-08-18,Target Population
EMP-10557,OFC-LON,Principal,IT,Full-Time,2026-01-06,Target Population
EMP-10558,OFC-GUR,Project Leader,HR,Full-Time,2025-08-23,Target Population
EMP-10559,OFC-LON,Project Leader,Operations,Full-Time,2023-01-08,Target Population
EMP-10560,OFC-GUR,Consultant,Consulting,Full-Time,2024-03-05,Target Population
EMP-10561,OFC-BOS,Consultant,Finance,Full-Time,2023-01-03,Target Population
EMP-10562,OFC-GUR,Consultant,Digital Ventures,Full-Time,2022-01-21,Target Population
EMP-10563,OFC-LON,Analyst,Finance,Full-Time,2024-06-27,Target Population
EMP-10564,OFC-NYC,Consultant,Finance,Full-Time,2024-05-23,Target Population
EMP-10565,OFC-NYC,Analyst,Consulting,Full-Time,2026-01-14,Target Population
EMP-10566,OFC-LON,Consultant,Finance,Full-Time,2022-10-25,Target Population
EMP-10567,OFC-SIN,Consultant,Digital Ventures,Full-Time,2024-02-03,Target Population
EMP-10568,OFC-LON,Consultant,IT,Full-Time,2026-08-25,Target Population
EMP-10569,OFC-GUR,Project Leader,Finance,Full-Time,2025-10-31,Target Population
EMP-10570,OFC-NYC,Partner,Digital Ventures,Full-Time,2023-08-08,Target Population
EMP-10571,OFC-BOS,Partner,HR,Full-Time,2025-12-22,Target Population
EMP-10572,OFC-BOS,Consultant,Operations,Full-Time,2024-03-30,Target Population
EMP-10573,OFC-BOS,Partner,Finance,Full-Time,2024-12-20,Target Population
EMP-10574,OFC-NYC,Principal,Operations,Full-Time,2022-04-07,Target Population
EMP-10575,OFC-NYC,Consultant,Consulting,Full-Time,2024-08-07,Target Population
EMP-10576,OFC-GUR,Consultant,Consulting,Full-Time,2023-01-24,Target Population
EMP-10577,OFC-GUR,Project Leader,Operations,Full-Time,2023-07-23,Target Population
EMP-10578,OFC-BOS,Partner,Finance,Full-Time,2023-09-06,Target Population
EMP-10579,OFC-BOS,Consultant,Finance,Full-Time,2022-03-19,Target Population
EMP-10580,OFC-NYC,Analyst,Digital Ventures,Full-Time,2023-04-16,Target Population
EMP-10581,OFC-LON,Partner,Operations,Full-Time,2025-11-29,Target Population
EMP-10582,OFC-BOS,Partner,HR,Full-Time,2025-02-05,Target Population
EMP-10583,OFC-BOS,Project Leader,Consulting,Full-Time,2024-04-23,Target Population
EMP-10584,OFC-SIN,Managing Director,HR,Full-Time,2023-02-13,Target Population
EMP-10585,OFC-GUR,Consultant,Operations,Full-Time,2021-12-13,Target Population
EMP-10586,OFC-BOS,Consultant,Finance,Full-Time,2026-06-05,Target Population
EMP-10587,OFC-NYC,Project Leader,Finance,Full-Time,2025-02-06,Target Population
EMP-10588,OFC-NYC,Consultant,Consulting,Full-Time,2024-08-20,Target Population
EMP-10589,OFC-GUR,Project Leader,HR,Full-Time,2025-05-11,Target Population
EMP-10590,OFC-LON,Consultant,IT,Full-Time,2025-10-16,Target Population
EMP-10591,OFC-BOS,Analyst,HR,Full-Time,2024-09-23,Target Population
EMP-10592,OFC-GUR,Analyst,Consulting,Full-Time,2025-02-03,Target Population
EMP-10593,OFC-NYC,Consultant,Digital Ventures,Full-Time,2025-02-02,Target Population
EMP-10594,OFC-NYC,Analyst,IT,Full-Time,2022-05-18,Target Population
EMP-10595,OFC-NYC,Project Leader,Digital Ventures,Full-Time,2026-04-03,Target Population
EMP-10596,OFC-LON,Analyst,IT,Full-Time,2024-03-04,Target Population
EMP-10597,OFC-NYC,Principal,Consulting,Full-Time,2024-03-02,Target Population
EMP-10598,OFC-BOS,Analyst,Consulting,Full-Time,2023-06-05,Target Population
EMP-10599,OFC-NYC,Analyst,IT,Full-Time,2026-06-05,Target Population
EMP-10600,OFC-BOS,Partner,HR,Full-Time,2025-02-11,Target Population
EMP-10601,OFC-GUR,Principal,Digital Ventures,Full-Time,2022-08-05,Target Population
EMP-10602,OFC-BOS,Consultant,Finance,Full-Time,2022-11-17,Target Population
EMP-10603,OFC-BOS,Consultant,Consulting,Full-Time,2024-07-07,Target Population
EMP-10604,OFC-GUR,Analyst,IT,Full-Time,2026-09-14,Target Population
EMP-10605,OFC-GUR,Analyst,Finance,Full-Time,2022-03-24,Target Population
EMP-10606,OFC-GUR,Consultant,Digital Ventures,Full-Time,2024-05-08,Target Population
EMP-10607,OFC-LON,Principal,Consulting,Full-Time,2025-08-28,Target Population
EMP-10608,OFC-BOS,Principal,HR,Full-Time,2023-02-27,Target Population
EMP-10609,OFC-GUR,Project Leader,Operations,Full-Time,2026-09-04,Target Population
EMP-10610,OFC-GUR,Consultant,Digital Ventures,Full-Time,2022-12-08,Target Population
EMP-10611,OFC-BOS,Project Leader,Consulting,Full-Time,2025-07-10,Target Population
EMP-10612,OFC-SIN,Analyst,IT,Full-Time,2025-11-13,Target Population
EMP-10613,OFC-BOS,Consultant,Finance,Full-Time,2024-03-29,Target Population
EMP-10614,OFC-SIN,Analyst,IT,Full-Time,2022-12-30,Target Population
EMP-10615,OFC-SIN,Analyst,Consulting,Full-Time,2023-07-20,Target Population
EMP-10616,OFC-GUR,Consultant,Finance,Full-Time,2023-08-15,Target Population
EMP-10617,OFC-SIN,Analyst,Finance,Full-Time,2023-06-06,Target Population
EMP-10618,OFC-GUR,Consultant,Consulting,Full-Time,2021-11-04,Target Population
EMP-10619,OFC-BOS,Partner,Consulting,Full-Time,2024-11-05,Target Population
EMP-10620,OFC-NYC,Consultant,HR,Full-Time,2026-08-30,Target Population
EMP-10621,OFC-BOS,Analyst,HR,Full-Time,2022-08-19,Target Population
EMP-10622,OFC-NYC,Principal,HR,Full-Time,2023-01-08,Target Population
EMP-10623,OFC-GUR,Analyst,Consulting,Full-Time,2024-12-19,Target Population
EMP-10624,OFC-NYC,Analyst,IT,Full-Time,2025-05-25,Target Population
EMP-10625,OFC-NYC,Consultant,HR,Full-Time,2023-03-13,Target Population
EMP-10626,OFC-LON,Analyst,IT,Full-Time,2022-03-31,Target Population
EMP-10627,OFC-SIN,Partner,Consulting,Full-Time,2022-08-01,Target Population
EMP-10628,OFC-BOS,Consultant,Operations,Full-Time,2024-10-15,Target Population
EMP-10629,OFC-NYC,Analyst,Finance,Full-Time,2025-10-18,Target Population
EMP-10630,OFC-BOS,Principal,IT,Full-Time,2023-04-18,Target Population
EMP-10631,OFC-GUR,Consultant,Consulting,Full-Time,2022-03-19,Target Population
EMP-10632,OFC-BOS,Analyst,Consulting,Full-Time,2022-10-06,Target Population
EMP-10633,OFC-GUR,Partner,Digital Ventures,Full-Time,2026-02-24,Target Population
EMP-10634,OFC-NYC,Consultant,HR,Full-Time,2024-08-23,Target Population
EMP-10635,OFC-BOS,Consultant,Operations,Full-Time,2025-06-15,Target Population
EMP-10636,OFC-SIN,Principal,Digital Ventures,Full-Time,2023-01-11,Target Population
EMP-10637,OFC-BOS,Consultant,Consulting,Full-Time,2025-03-15,Target Population
EMP-10638,OFC-NYC,Principal,IT,Full-Time,2023-11-07,Target Population
EMP-10639,OFC-BOS,Principal,IT,Full-Time,2022-01-20,Target Population
EMP-10640,OFC-LON,Analyst,Finance,Full-Time,2022-10-11,Target Population
EMP-10641,OFC-LON,Analyst,IT,Full-Time,2023-10-25,Target Population
EMP-10642,OFC-NYC,Project Leader,Digital Ventures,Full-Time,2025-02-20,Target Population
EMP-10643,OFC-BOS,Consultant,Finance,Full-Time,2025-12-03,Target Population
EMP-10644,OFC-NYC,Analyst,Digital Ventures,Full-Time,2024-05-04,Target Population
EMP-10645,OFC-GUR,Partner,HR,Full-Time,2023-03-26,Target Population
EMP-10646,OFC-GUR,Analyst,HR,Full-Time,2024-12-16,Target Population
EMP-10647,OFC-LON,Analyst,HR,Full-Time,2022-07-12,Target Population
EMP-10648,OFC-LON,Consultant,Digital Ventures,Full-Time,2025-09-16,Target Population
EMP-10649,OFC-BOS,Analyst,Operations,Full-Time,2025-01-06,Target Population
EMP-10650,OFC-NYC,Principal,Digital Ventures,Full-Time,2024-02-09,Target Population
EMP-10651,OFC-BOS,Project Leader,Operations,Full-Time,2025-07-20,Target Population
EMP-10652,OFC-BOS,Consultant,Digital Ventures,Full-Time,2024-11-21,Target Population
EMP-10653,OFC-BOS,Consultant,Finance,Full-Time,2021-11-12,Target Population
EMP-10654,OFC-LON,Analyst,Consulting,Full-Time,2022-10-14,Target Population
EMP-10655,OFC-LON,Project Leader,Digital Ventures,Full-Time,2022-10-04,Target Population
EMP-10656,OFC-SIN,Principal,Operations,Full-Time,2022-06-20,Target Population
EMP-10657,OFC-BOS,Principal,Operations,Full-Time,2022-10-21,Target Population
EMP-10658,OFC-LON,Analyst,Finance,Full-Time,2025-12-04,Target Population
EMP-10659,OFC-GUR,Project Leader,Finance,Full-Time,2026-02-06,Target Population
EMP-10660,OFC-LON,Analyst,HR,Full-Time,2023-09-05,Target Population
EMP-10661,OFC-NYC,Analyst,IT,Full-Time,2021-12-17,Target Population
EMP-10662,OFC-NYC,Consultant,Operations,Full-Time,2026-10-04,Target Population
EMP-10663,OFC-BOS,Analyst,Finance,Full-Time,2026-08-22,Target Population
EMP-10664,OFC-NYC,Analyst,HR,Full-Time,2026-08-21,Target Population
EMP-10665,OFC-GUR,Partner,Finance,Full-Time,2025-11-04,Target Population
EMP-10666,OFC-BOS,Partner,Finance,Full-Time,2024-02-04,Target Population
EMP-10667,OFC-BOS,Analyst,Finance,Full-Time,2022-07-27,Target Population
EMP-10668,OFC-GUR,Analyst,Consulting,Full-Time,2023-04-22,Target Population
EMP-10669,OFC-GUR,Analyst,Consulting,Full-Time,2025-01-11,Target Population
EMP-10670,OFC-LON,Analyst,Operations,Full-Time,2025-11-19,Target Population
EMP-10671,OFC-GUR,Consultant,IT,Full-Time,2025-06-15,Target Population
EMP-10672,OFC-NYC,Consultant,Operations,Full-Time,2024-04-20,Target Population
EMP-10673,OFC-BOS,Analyst,Operations,Full-Time,2026-08-17,Target Population
EMP-10674,OFC-NYC,Consultant,Operations,Full-Time,2022-10-31,Target Population
EMP-10675,OFC-LON,Project Leader,Digital Ventures,Full-Time,2022-08-11,Target Population
EMP-10676,OFC-SIN,Project Leader,IT,Full-Time,2024-07-13,Target Population
EMP-10677,OFC-BOS,Analyst,IT,Full-Time,2022-04-22,Target Population
EMP-10678,OFC-LON,Analyst,HR,Full-Time,2026-05-03,Target Population
EMP-10679,OFC-NYC,Analyst,Finance,Full-Time,2023-05-04,Target Population
EMP-10680,OFC-LON,Consultant,Digital Ventures,Full-Time,2025-03-19,Target Population
EMP-10681,OFC-BOS,Consultant,Consulting,Full-Time,2021-12-07,Target Population
EMP-10682,OFC-NYC,Analyst,IT,Full-Time,2025-02-11,Target Population
EMP-10683,OFC-GUR,Analyst,Consulting,Full-Time,2026-06-30,Target Population
EMP-10684,OFC-LON,Principal,HR,Full-Time,2026-04-30,Target Population
EMP-10685,OFC-LON,Analyst,Finance,Full-Time,2026-04-10,Target Population
EMP-10686,OFC-NYC,Consultant,Digital Ventures,Full-Time,2025-12-02,Target Population
EMP-10687,OFC-NYC,Consultant,HR,Full-Time,2022-04-23,Target Population
EMP-10688,OFC-NYC,Partner,Digital Ventures,Full-Time,2026-03-07,Target Population
EMP-10689,OFC-GUR,Analyst,HR,Full-Time,2026-09-27,Target Population
EMP-10690,OFC-SIN,Analyst,Consulting,Full-Time,2026-05-08,Target Population
EMP-10691,OFC-NYC,Project Leader,Consulting,Full-Time,2022-10-27,Target Population
EMP-10692,OFC-NYC,Analyst,IT,Full-Time,2023-07-13,Target Population
EMP-10693,OFC-GUR,Managing Director,IT,Full-Time,2022-10-06,Target Population
EMP-10694,OFC-NYC,Consultant,IT,Full-Time,2023-04-21,Target Population
EMP-10695,OFC-LON,Project Leader,Digital Ventures,Full-Time,2023-04-19,Target Population
EMP-10696,OFC-BOS,Analyst,Operations,Full-Time,2021-10-23,Target Population
EMP-10697,OFC-GUR,Analyst,Operations,Full-Time,2026-06-26,Target Population
EMP-10698,OFC-LON,Partner,Consulting,Full-Time,2025-07-27,Target Population
EMP-10699,OFC-GUR,Project Leader,HR,Full-Time,2024-06-09,Target Population
EMP-10700,OFC-GUR,Project Leader,Consulting,Full-Time,2022-10-24,Target Population
EMP-10701,OFC-BOS,Partner,Finance,Full-Time,2022-02-05,Target Population
EMP-10702,OFC-GUR,Analyst,HR,Full-Time,2022-11-11,Target Population
EMP-10703,OFC-GUR,Project Leader,Operations,Full-Time,2026-08-28,Target Population
EMP-10704,OFC-NYC,Project Leader,Consulting,Full-Time,2023-07-09,Target Population
EMP-10705,OFC-BOS,Consultant,Finance,Full-Time,2023-02-19,Target Population
EMP-10706,OFC-BOS,Analyst,HR,Full-Time,2022-07-06,Target Population
EMP-10707,OFC-LON,Analyst,HR,Full-Time,2026-07-20,Target Population
EMP-10708,OFC-NYC,Consultant,Finance,Full-Time,2023-12-13,Target Population
EMP-10709,OFC-LON,Project Leader,IT,Full-Time,2022-01-23,Target Population
EMP-10710,OFC-BOS,Analyst,Operations,Full-Time,2022-06-26,Target Population
EMP-10711,OFC-SIN,Project Leader,HR,Full-Time,2022-10-29,Target Population
EMP-10712,OFC-NYC,Project Leader,Digital Ventures,Full-Time,2026-01-26,Target Population
EMP-10713,OFC-BOS,Analyst,Consulting,Full-Time,2024-04-21,Target Population
EMP-10714,OFC-LON,Principal,Finance,Full-Time,2024-11-09,Target Population
EMP-10715,OFC-LON,Analyst,Finance,Full-Time,2026-05-25,Target Population
EMP-10716,OFC-BOS,Project Leader,Operations,Full-Time,2023-03-24,Target Population
EMP-10717,OFC-NYC,Analyst,Finance,Full-Time,2025-05-13,Target Population
EMP-10718,OFC-BOS,Project Leader,Digital Ventures,Full-Time,2021-10-07,Target Population
EMP-10719,OFC-GUR,Project Leader,Digital Ventures,Full-Time,2023-11-17,Target Population
EMP-10720,OFC-GUR,Consultant,Digital Ventures,Full-Time,2024-04-27,Target Population
EMP-10721,OFC-LON,Consultant,Digital Ventures,Full-Time,2022-02-27,Target Population
EMP-10722,OFC-GUR,Consultant,Finance,Full-Time,2026-03-08,Target Population
EMP-10723,OFC-GUR,Consultant,IT,Full-Time,2024-04-05,Target Population
EMP-10724,OFC-BOS,Analyst,IT,Full-Time,2026-04-23,Target Population
EMP-10725,OFC-SIN,Analyst,Consulting,Full-Time,2025-07-20,Target Population
EMP-10726,OFC-GUR,Project Leader,Consulting,Full-Time,2022-12-15,Target Population
EMP-10727,OFC-BOS,Consultant,IT,Full-Time,2026-09-03,Target Population
EMP-10728,OFC-BOS,Consultant,Operations,Full-Time,2025-12-08,Target Population
EMP-10729,OFC-BOS,Principal,Digital Ventures,Full-Time,2024-06-05,Target Population
EMP-10730,OFC-BOS,Principal,Finance,Full-Time,2026-03-18,Target Population
EMP-10731,OFC-GUR,Principal,IT,Full-Time,2024-10-04,Target Population
EMP-10732,OFC-LON,Consultant,IT,Full-Time,2026-05-06,Target Population
EMP-10733,OFC-GUR,Analyst,IT,Full-Time,2026-02-09,Target Population
EMP-10734,OFC-GUR,Analyst,Operations,Full-Time,2023-07-20,Target Population
EMP-10735,OFC-LON,Analyst,Operations,Full-Time,2022-08-10,Target Population
EMP-10736,OFC-GUR,Analyst,IT,Full-Time,2022-02-22,Target Population
EMP-10737,OFC-BOS,Analyst,HR,Full-Time,2023-10-13,Target Population
EMP-10738,OFC-NYC,Project Leader,Operations,Full-Time,2022-01-29,Target Population
EMP-10739,OFC-LON,Analyst,Digital Ventures,Full-Time,2023-05-14,Target Population
EMP-10740,OFC-BOS,Analyst,Finance,Full-Time,2022-12-21,Target Population
EMP-10741,OFC-BOS,Analyst,IT,Full-Time,2024-04-25,Target Population
EMP-10742,OFC-SIN,Project Leader,IT,Full-Time,2023-08-06,Target Population
EMP-10743,OFC-GUR,Partner,HR,Full-Time,2022-11-27,Target Population
EMP-10744,OFC-NYC,Analyst,Digital Ventures,Full-Time,2026-06-18,Target Population
EMP-10745,OFC-GUR,Consultant,Finance,Full-Time,2023-08-09,Target Population
EMP-10746,OFC-GUR,Project Leader,Digital Ventures,Full-Time,2024-10-26,Target Population
EMP-10747,OFC-NYC,Consultant,Digital Ventures,Full-Time,2024-02-15,Target Population
EMP-10748,OFC-BOS,Consultant,IT,Full-Time,2022-11-10,Target Population
EMP-10749,OFC-SIN,Principal,Digital Ventures,Full-Time,2025-05-10,Target Population
EMP-10750,OFC-NYC,Partner,Finance,Full-Time,2022-05-26,Target Population
EMP-10751,OFC-BOS,Analyst,Operations,Full-Time,2026-06-11,Target Population
EMP-10752,OFC-LON,Analyst,Consulting,Full-Time,2023-12-08,Target Population
EMP-10753,OFC-GUR,Analyst,HR,Full-Time,2023-12-25,Target Population
EMP-10754,OFC-BOS,Analyst,Operations,Full-Time,2025-01-05,Target Population
EMP-10755,OFC-NYC,Project Leader,Finance,Full-Time,2023-02-26,Target Population
EMP-10756,OFC-BOS,Consultant,Digital Ventures,Full-Time,2025-03-02,Target Population
EMP-10757,OFC-SIN,Analyst,Finance,Full-Time,2025-08-23,Target Population
EMP-10758,OFC-BOS,Consultant,Consulting,Full-Time,2022-06-22,Target Population
EMP-10759,OFC-LON,Project Leader,Digital Ventures,Full-Time,2023-12-05,Target Population
EMP-10760,OFC-SIN,Analyst,Finance,Full-Time,2025-05-20,Target Population
EMP-10761,OFC-BOS,Project Leader,HR,Full-Time,2022-12-26,Target Population
EMP-10762,OFC-SIN,Consultant,Digital Ventures,Full-Time,2026-04-28,Target Population
EMP-10763,OFC-SIN,Project Leader,HR,Full-Time,2023-07-02,Target Population
EMP-10764,OFC-SIN,Analyst,IT,Full-Time,2022-05-14,Target Population
EMP-10765,OFC-BOS,Project Leader,HR,Full-Time,2024-01-21,Target Population
EMP-10766,OFC-LON,Consultant,IT,Full-Time,2023-05-28,Target Population
EMP-10767,OFC-GUR,Analyst,Consulting,Full-Time,2024-12-06,Target Population
EMP-10768,OFC-SIN,Analyst,Operations,Full-Time,2026-07-24,Target Population
EMP-10769,OFC-BOS,Project Leader,HR,Full-Time,2026-02-11,Target Population
EMP-10770,OFC-GUR,Analyst,HR,Full-Time,2023-02-28,Target Population
EMP-10771,OFC-NYC,Project Leader,Consulting,Full-Time,2025-05-02,Target Population
EMP-10772,OFC-BOS,Analyst,Finance,Full-Time,2023-01-26,Target Population
EMP-10773,OFC-NYC,Project Leader,Digital Ventures,Full-Time,2024-06-15,Target Population
EMP-10774,OFC-GUR,Managing Director,Finance,Full-Time,2025-06-15,Target Population
EMP-10775,OFC-LON,Project Leader,IT,Full-Time,2024-12-27,Target Population
EMP-10776,OFC-LON,Analyst,Operations,Full-Time,2021-12-26,Target Population
EMP-10777,OFC-SIN,Consultant,Consulting,Full-Time,2023-11-14,Target Population
EMP-10778,OFC-NYC,Analyst,Finance,Full-Time,2022-06-04,Target Population
EMP-10779,OFC-LON,Consultant,IT,Full-Time,2024-01-24,Target Population
EMP-10780,OFC-NYC,Consultant,IT,Full-Time,2022-10-29,Target Population
EMP-10781,OFC-NYC,Project Leader,IT,Full-Time,2026-04-15,Target Population
EMP-10782,OFC-GUR,Principal,Consulting,Full-Time,2022-09-13,Target Population
EMP-10783,OFC-SIN,Project Leader,Operations,Full-Time,2026-06-06,Target Population
EMP-10784,OFC-LON,Analyst,Operations,Full-Time,2025-03-23,Target Population
EMP-10785,OFC-GUR,Principal,HR,Full-Time,2022-04-29,Target Population
EMP-10786,OFC-BOS,Analyst,Digital Ventures,Full-Time,2024-07-26,Target Population
EMP-10787,OFC-BOS,Analyst,HR,Full-Time,2022-07-10,Target Population
EMP-10788,OFC-LON,Consultant,HR,Full-Time,2024-11-07,Target Population
EMP-10789,OFC-BOS,Analyst,Digital Ventures,Full-Time,2024-08-08,Target Population
EMP-10790,OFC-NYC,Consultant,Consulting,Full-Time,2024-02-02,Target Population
EMP-10791,OFC-LON,Principal,HR,Full-Time,2023-01-04,Target Population
EMP-10792,OFC-BOS,Analyst,IT,Full-Time,2023-09-08,Target Population
EMP-10793,OFC-NYC,Consultant,Consulting,Full-Time,2024-02-04,Target Population
EMP-10794,OFC-LON,Project Leader,Consulting,Full-Time,2021-11-06,Target Population
EMP-10795,OFC-LON,Partner,Finance,Full-Time,2022-08-07,Target Population
EMP-10796,OFC-SIN,Consultant,Finance,Full-Time,2024-12-21,Target Population
EMP-10797,OFC-LON,Analyst,IT,Full-Time,2023-08-28,Target Population
EMP-10798,OFC-NYC,Analyst,HR,Full-Time,2024-12-26,Target Population
EMP-10799,OFC-SIN,Partner,Operations,Full-Time,2022-08-29,Target Population
EMP-10800,OFC-GUR,Consultant,Consulting,Full-Time,2022-10-25,Target Population
EMP-10801,OFC-BOS,Consultant,IT,Full-Time,2023-04-05,Target Population
EMP-10802,OFC-BOS,Consultant,Operations,Full-Time,2026-03-30,Target Population
EMP-10803,OFC-GUR,Analyst,Consulting,Full-Time,2024-05-16,Target Population
EMP-10804,OFC-LON,Analyst,HR,Full-Time,2025-12-06,Target Population
EMP-10805,OFC-GUR,Consultant,IT,Full-Time,2022-07-30,Target Population
EMP-10806,OFC-GUR,Analyst,Digital Ventures,Full-Time,2026-04-07,Target Population
EMP-10807,OFC-LON,Project Leader,Operations,Full-Time,2024-09-24,Target Population
EMP-10808,OFC-SIN,Project Leader,HR,Full-Time,2026-08-19,Target Population
EMP-10809,OFC-LON,Consultant,HR,Full-Time,2024-03-01,Target Population
EMP-10810,OFC-BOS,Principal,Consulting,Full-Time,2026-06-16,Target Population
EMP-10811,OFC-GUR,Analyst,Operations,Full-Time,2024-01-27,Target Population
EMP-10812,OFC-NYC,Analyst,Finance,Full-Time,2022-08-10,Target Population
EMP-10813,OFC-GUR,Consultant,IT,Full-Time,2022-03-05,Target Population
EMP-10814,OFC-SIN,Analyst,Finance,Full-Time,2023-03-21,Target Population
EMP-10815,OFC-GUR,Consultant,HR,Full-Time,2024-06-20,Target Population
EMP-10816,OFC-LON,Consultant,Consulting,Full-Time,2025-01-29,Target Population
EMP-10817,OFC-LON,Managing Director,HR,Full-Time,2023-04-21,Target Population
EMP-10818,OFC-NYC,Analyst,Operations,Full-Time,2024-09-13,Target Population
EMP-10819,OFC-NYC,Project Leader,HR,Full-Time,2026-04-15,Target Population
EMP-10820,OFC-LON,Analyst,Consulting,Full-Time,2026-06-16,Target Population
EMP-10821,OFC-GUR,Analyst,HR,Full-Time,2025-03-10,Target Population
EMP-10822,OFC-GUR,Project Leader,Operations,Full-Time,2025-10-27,Target Population
EMP-10823,OFC-BOS,Analyst,Consulting,Full-Time,2022-11-07,Target Population
EMP-10824,OFC-LON,Analyst,Digital Ventures,Full-Time,2023-12-20,Target Population
EMP-10825,OFC-GUR,Analyst,Finance,Full-Time,2021-11-05,Target Population
EMP-10826,OFC-LON,Project Leader,Consulting,Full-Time,2026-02-18,Target Population
EMP-10827,OFC-LON,Analyst,Operations,Full-Time,2023-02-02,Target Population
EMP-10828,OFC-GUR,Consultant,Finance,Full-Time,2022-11-03,Target Population
EMP-10829,OFC-GUR,Consultant,IT,Full-Time,2022-12-24,Target Population
EMP-10830,OFC-NYC,Consultant,HR,Full-Time,2024-12-26,Target Population
EMP-10831,OFC-SIN,Consultant,Operations,Full-Time,2026-08-05,Target Population
EMP-10832,OFC-BOS,Principal,HR,Full-Time,2024-01-15,Target Population
EMP-10833,OFC-SIN,Project Leader,Digital Ventures,Full-Time,2022-03-20,Target Population
EMP-10834,OFC-BOS,Project Leader,Consulting,Full-Time,2024-11-30,Target Population
EMP-10835,OFC-BOS,Consultant,Finance,Full-Time,2023-11-19,Target Population
EMP-10836,OFC-SIN,Analyst,HR,Full-Time,2025-04-28,Target Population
EMP-10837,OFC-BOS,Principal,Digital Ventures,Full-Time,2025-08-29,Target Population
EMP-10838,OFC-GUR,Consultant,Finance,Full-Time,2023-04-28,Target Population
EMP-10839,OFC-GUR,Consultant,Digital Ventures,Full-Time,2025-07-01,Target Population
EMP-10840,OFC-SIN,Analyst,Finance,Full-Time,2024-10-10,Target Population
EMP-10841,OFC-SIN,Analyst,IT,Full-Time,2025-10-02,Target Population
EMP-10842,OFC-NYC,Consultant,HR,Full-Time,2026-01-14,Target Population
EMP-10843,OFC-GUR,Consultant,IT,Full-Time,2024-03-16,Target Population
EMP-10844,OFC-BOS,Consultant,Consulting,Full-Time,2024-02-10,Target Population
EMP-10845,OFC-NYC,Project Leader,IT,Full-Time,2025-05-28,Target Population
EMP-10846,OFC-GUR,Consultant,Operations,Full-Time,2026-03-12,Target Population
EMP-10847,OFC-NYC,Analyst,IT,Full-Time,2023-09-17,Target Population
EMP-10848,OFC-LON,Partner,Operations,Full-Time,2024-05-12,Target Population
EMP-10849,OFC-LON,Consultant,Consulting,Full-Time,2022-07-04,Target Population
EMP-10850,OFC-LON,Analyst,HR,Full-Time,2024-05-13,Target Population
EMP-10851,OFC-SIN,Consultant,Consulting,Full-Time,2025-03-22,Target Population
EMP-10852,OFC-BOS,Partner,Consulting,Full-Time,2024-06-04,Target Population
EMP-10853,OFC-LON,Partner,Operations,Full-Time,2022-07-14,Target Population
EMP-10854,OFC-SIN,Consultant,HR,Full-Time,2022-06-10,Target Population
EMP-10855,OFC-LON,Managing Director,Operations,Full-Time,2022-06-02,Target Population
EMP-10856,OFC-BOS,Analyst,Consulting,Full-Time,2023-10-22,Target Population
EMP-10857,OFC-LON,Analyst,HR,Full-Time,2022-07-24,Target Population
EMP-10858,OFC-NYC,Consultant,HR,Full-Time,2023-03-03,Target Population
EMP-10859,OFC-BOS,Analyst,IT,Full-Time,2026-08-29,Target Population
EMP-10860,OFC-GUR,Project Leader,Finance,Full-Time,2022-04-03,Target Population
EMP-10861,OFC-LON,Project Leader,HR,Full-Time,2022-06-26,Target Population
EMP-10862,OFC-SIN,Analyst,Consulting,Full-Time,2024-03-13,Target Population
EMP-10863,OFC-GUR,Project Leader,IT,Full-Time,2026-06-24,Target Population
EMP-10864,OFC-GUR,Consultant,Digital Ventures,Full-Time,2025-12-16,Target Population
EMP-10865,OFC-BOS,Analyst,HR,Full-Time,2021-11-09,Target Population
EMP-10866,OFC-NYC,Managing Director,HR,Full-Time,2025-05-16,Target Population
EMP-10867,OFC-BOS,Analyst,IT,Full-Time,2026-02-03,Target Population
EMP-10868,OFC-SIN,Analyst,Finance,Full-Time,2022-12-04,Target Population
EMP-10869,OFC-BOS,Managing Director,Operations,Full-Time,2025-11-05,Target Population
EMP-10870,OFC-NYC,Analyst,Digital Ventures,Full-Time,2025-12-31,Target Population
EMP-10871,OFC-LON,Principal,IT,Full-Time,2026-02-23,Target Population
EMP-10872,OFC-NYC,Consultant,Finance,Full-Time,2026-04-18,Target Population
EMP-10873,OFC-BOS,Principal,Consulting,Full-Time,2022-10-29,Target Population
EMP-10874,OFC-LON,Analyst,Finance,Full-Time,2025-03-19,Target Population
EMP-10875,OFC-BOS,Project Leader,Digital Ventures,Full-Time,2021-11-19,Target Population
EMP-10876,OFC-BOS,Project Leader,Digital Ventures,Full-Time,2023-05-20,Target Population
EMP-10877,OFC-NYC,Analyst,HR,Full-Time,2021-10-29,Target Population
EMP-10878,OFC-GUR,Analyst,Consulting,Full-Time,2025-05-19,Target Population
EMP-10879,OFC-LON,Consultant,Operations,Full-Time,2026-04-24,Target Population
EMP-10880,OFC-NYC,Consultant,HR,Full-Time,2024-09-13,Target Population
EMP-10881,OFC-LON,Consultant,Digital Ventures,Full-Time,2023-11-04,Target Population
EMP-10882,OFC-NYC,Analyst,IT,Full-Time,2026-04-04,Target Population
EMP-10883,OFC-SIN,Consultant,IT,Full-Time,2022-02-15,Target Population
EMP-10884,OFC-BOS,Consultant,Digital Ventures,Full-Time,2025-07-31,Target Population
EMP-10885,OFC-GUR,Consultant,IT,Full-Time,2023-03-14,Target Population
EMP-10886,OFC-SIN,Consultant,Finance,Full-Time,2026-03-21,Target Population
EMP-10887,OFC-GUR,Consultant,IT,Full-Time,2023-09-06,Target Population
EMP-10888,OFC-BOS,Project Leader,Digital Ventures,Full-Time,2023-04-03,Target Population
EMP-10889,OFC-NYC,Project Leader,Finance,Full-Time,2022-05-28,Target Population
EMP-10890,OFC-GUR,Consultant,Consulting,Full-Time,2024-11-20,Target Population
EMP-10891,OFC-BOS,Analyst,IT,Full-Time,2022-11-25,Target Population
EMP-10892,OFC-GUR,Consultant,Consulting,Full-Time,2026-02-18,Target Population
EMP-10893,OFC-GUR,Consultant,Finance,Full-Time,2024-10-08,Target Population
EMP-10894,OFC-GUR,Project Leader,Digital Ventures,Full-Time,2022-03-14,Target Population
EMP-10895,OFC-BOS,Consultant,HR,Full-Time,2025-05-12,Target Population
EMP-10896,OFC-GUR,Consultant,Operations,Full-Time,2025-12-24,Target Population
EMP-10897,OFC-GUR,Project Leader,IT,Full-Time,2024-12-27,Target Population
EMP-10898,OFC-GUR,Managing Director,Consulting,Full-Time,2023-03-20,Target Population
EMP-10899,OFC-BOS,Analyst,IT,Full-Time,2024-12-09,Target Population
EMP-10900,OFC-BOS,Analyst,Consulting,Full-Time,2022-09-23,Target Population
EMP-10901,OFC-NYC,Analyst,IT,Full-Time,2024-08-22,Target Population
EMP-10902,OFC-BOS,Analyst,IT,Full-Time,2023-11-21,Target Population
EMP-10903,OFC-LON,Analyst,Consulting,Full-Time,2026-05-08,Target Population
EMP-10904,OFC-SIN,Partner,Operations,Full-Time,2022-10-08,Target Population
EMP-10905,OFC-NYC,Consultant,Operations,Full-Time,2024-03-26,Target Population
EMP-10906,OFC-GUR,Analyst,Digital Ventures,Full-Time,2024-04-23,Target Population
EMP-10907,OFC-BOS,Analyst,Digital Ventures,Full-Time,2025-11-16,Target Population
EMP-10908,OFC-BOS,Consultant,Consulting,Full-Time,2024-04-06,Target Population
EMP-10909,OFC-BOS,Consultant,Digital Ventures,Full-Time,2024-01-07,Target Population
EMP-10910,OFC-NYC,Analyst,Consulting,Full-Time,2023-07-30,Target Population
EMP-10911,OFC-SIN,Analyst,Digital Ventures,Full-Time,2021-10-13,Target Population
EMP-10912,OFC-BOS,Project Leader,IT,Full-Time,2026-08-09,Target Population
EMP-10913,OFC-LON,Consultant,IT,Full-Time,2025-02-10,Target Population
EMP-10914,OFC-LON,Consultant,HR,Full-Time,2023-08-13,Target Population
EMP-10915,OFC-SIN,Partner,Digital Ventures,Full-Time,2024-05-11,Target Population
EMP-10916,OFC-BOS,Project Leader,IT,Full-Time,2026-02-24,Target Population
EMP-10917,OFC-BOS,Analyst,Digital Ventures,Full-Time,2022-01-25,Target Population
EMP-10918,OFC-BOS,Consultant,Finance,Full-Time,2025-09-14,Target Population
EMP-10919,OFC-NYC,Managing Director,HR,Full-Time,2025-12-01,Target Population
EMP-10920,OFC-NYC,Project Leader,Operations,Full-Time,2022-04-03,Target Population
EMP-10921,OFC-SIN,Principal,Consulting,Full-Time,2024-10-16,Target Population
EMP-10922,OFC-LON,Partner,Operations,Full-Time,2021-10-25,Target Population
EMP-10923,OFC-LON,Analyst,Operations,Full-Time,2025-09-06,Target Population
EMP-10924,OFC-LON,Analyst,Consulting,Full-Time,2024-07-23,Target Population
EMP-10925,OFC-BOS,Principal,Digital Ventures,Full-Time,2024-04-20,Target Population
EMP-10926,OFC-NYC,Analyst,Operations,Full-Time,2024-10-10,Target Population
EMP-10927,OFC-SIN,Project Leader,HR,Full-Time,2022-09-04,Target Population
EMP-10928,OFC-GUR,Consultant,Finance,Full-Time,2021-10-23,Target Population
EMP-10929,OFC-SIN,Consultant,Finance,Full-Time,2024-09-27,Target Population
EMP-10930,OFC-GUR,Analyst,Operations,Full-Time,2023-05-08,Target Population
EMP-10931,OFC-BOS,Analyst,IT,Full-Time,2025-03-09,Target Population
EMP-10932,OFC-BOS,Analyst,Finance,Full-Time,2024-10-12,Target Population
EMP-10933,OFC-BOS,Partner,HR,Full-Time,2021-11-03,Target Population
EMP-10934,OFC-NYC,Consultant,IT,Full-Time,2022-08-17,Target Population
EMP-10935,OFC-BOS,Consultant,Digital Ventures,Full-Time,2025-06-06,Target Population
EMP-10936,OFC-LON,Consultant,Digital Ventures,Full-Time,2025-12-13,Target Population
EMP-10937,OFC-GUR,Analyst,HR,Full-Time,2023-06-12,Target Population
EMP-10938,OFC-SIN,Analyst,Digital Ventures,Full-Time,2022-06-27,Target Population
EMP-10939,OFC-GUR,Analyst,Finance,Full-Time,2026-04-07,Target Population
EMP-10940,OFC-SIN,Project Leader,Finance,Full-Time,2026-02-20,Target Population
EMP-10941,OFC-BOS,Partner,IT,Full-Time,2023-01-27,Target Population
EMP-10942,OFC-BOS,Analyst,Operations,Full-Time,2025-04-05,Target Population
EMP-10943,OFC-GUR,Project Leader,Consulting,Full-Time,2022-10-26,Target Population
EMP-10944,OFC-NYC,Project Leader,Digital Ventures,Full-Time,2025-11-29,Target Population
EMP-10945,OFC-NYC,Analyst,Digital Ventures,Full-Time,2021-10-28,Target Population
EMP-10946,OFC-NYC,Consultant,Operations,Full-Time,2023-02-02,Target Population
EMP-10947,OFC-NYC,Consultant,HR,Full-Time,2023-11-23,Target Population
EMP-10948,OFC-LON,Partner,Finance,Full-Time,2023-09-09,Target Population
EMP-10949,OFC-NYC,Analyst,HR,Full-Time,2025-10-08,Target Population
EMP-10950,OFC-LON,Analyst,IT,Full-Time,2025-02-16,Target Population
EMP-10951,OFC-GUR,Consultant,Finance,Full-Time,2024-12-12,Target Population
EMP-10952,OFC-NYC,Analyst,Finance,Full-Time,2024-04-23,Target Population
EMP-10953,OFC-NYC,Analyst,IT,Full-Time,2024-11-12,Target Population
EMP-10954,OFC-BOS,Analyst,HR,Full-Time,2025-05-29,Target Population
EMP-10955,OFC-NYC,Analyst,IT,Full-Time,2023-04-26,Target Population
EMP-10956,OFC-GUR,Analyst,Consulting,Full-Time,2026-04-30,Target Population
EMP-10957,OFC-GUR,Consultant,IT,Full-Time,2024-01-22,Target Population
EMP-10958,OFC-GUR,Analyst,HR,Full-Time,2022-09-09,Target Population
EMP-10959,OFC-BOS,Consultant,Finance,Full-Time,2025-06-30,Target Population
EMP-10960,OFC-LON,Principal,Finance,Full-Time,2025-07-03,Target Population
EMP-10961,OFC-LON,Principal,HR,Full-Time,2023-02-21,Target Population
EMP-10962,OFC-LON,Consultant,Operations,Full-Time,2022-12-15,Target Population
EMP-10963,OFC-LON,Consultant,Digital Ventures,Full-Time,2024-10-10,Target Population
EMP-10964,OFC-LON,Analyst,IT,Full-Time,2025-06-16,Target Population
EMP-10965,OFC-LON,Analyst,Operations,Full-Time,2021-10-25,Target Population
EMP-10966,OFC-GUR,Analyst,Digital Ventures,Full-Time,2024-10-27,Target Population
EMP-10967,OFC-BOS,Partner,Consulting,Full-Time,2023-06-15,Target Population
EMP-10968,OFC-GUR,Partner,Finance,Full-Time,2022-09-15,Target Population
EMP-10969,OFC-BOS,Consultant,IT,Full-Time,2023-05-18,Target Population
EMP-10970,OFC-BOS,Analyst,Consulting,Full-Time,2024-03-10,Target Population
EMP-10971,OFC-SIN,Project Leader,Consulting,Full-Time,2022-02-09,Target Population
EMP-10972,OFC-SIN,Consultant,IT,Full-Time,2022-11-26,Target Population
EMP-10973,OFC-BOS,Consultant,Finance,Full-Time,2025-02-13,Target Population
EMP-10974,OFC-NYC,Principal,HR,Full-Time,2025-05-07,Target Population
EMP-10975,OFC-BOS,Principal,Operations,Full-Time,2024-08-01,Target Population
EMP-10976,OFC-LON,Principal,Digital Ventures,Full-Time,2022-01-13,Target Population
EMP-10977,OFC-GUR,Partner,Digital Ventures,Full-Time,2023-02-17,Target Population
EMP-10978,OFC-SIN,Project Leader,Finance,Full-Time,2023-06-17,Target Population
EMP-10979,OFC-LON,Project Leader,Consulting,Full-Time,2025-11-04,Target Population
EMP-10980,OFC-NYC,Principal,IT,Full-Time,2024-01-10,Target Population
EMP-10981,OFC-LON,Principal,Operations,Full-Time,2022-10-11,Target Population
EMP-10982,OFC-NYC,Project Leader,IT,Full-Time,2025-05-07,Target Population
EMP-10983,OFC-SIN,Analyst,HR,Full-Time,2025-12-04,Target Population
EMP-10984,OFC-SIN,Consultant,Finance,Full-Time,2026-06-12,Target Population
EMP-10985,OFC-LON,Project Leader,HR,Full-Time,2025-12-24,Target Population
EMP-10986,OFC-NYC,Project Leader,Finance,Full-Time,2022-11-06,Target Population
EMP-10987,OFC-NYC,Analyst,Consulting,Full-Time,2024-07-12,Target Population
EMP-10988,OFC-BOS,Consultant,Digital Ventures,Full-Time,2025-03-02,Target Population
EMP-10989,OFC-GUR,Project Leader,HR,Full-Time,2026-01-13,Target Population
EMP-10990,OFC-LON,Analyst,IT,Full-Time,2025-01-27,Target Population
EMP-10991,OFC-NYC,Analyst,HR,Full-Time,2022-11-19,Target Population
EMP-10992,OFC-LON,Analyst,Consulting,Full-Time,2022-09-12,Target Population
EMP-10993,OFC-GUR,Analyst,Digital Ventures,Full-Time,2022-09-07,Target Population
EMP-10994,OFC-BOS,Project Leader,Consulting,Full-Time,2021-12-11,Target Population
EMP-10995,OFC-SIN,Project Leader,Digital Ventures,Full-Time,2022-11-02,Target Population
EMP-10996,OFC-SIN,Project Leader,Consulting,Full-Time,2023-02-02,Target Population
EMP-10997,OFC-SIN,Project Leader,IT,Full-Time,2024-09-10,Target Population
EMP-10998,OFC-NYC,Principal,Finance,Full-Time,2026-01-07,Target Population
EMP-10999,OFC-BOS,Managing Director,IT,Full-Time,2021-11-18,Target Population
