survey_id,employee_id,office_id,survey_date,survey_type,csat_score,sentiment_text
SRV-000001,EMP-07252,OFC-NYC,2026-01-01,POST_RESOLUTION,5,The new AI system is incredibly fast. Saves me a lot of time.
SRV-000002,EMP-05684,OFC-GUR,2026-01-01,POST_RESOLUTION,3,It's okay. Takes some getting used to.
SRV-000003,EMP-02731,OFC-LON,2026-01-01,POST_RESOLUTION,4,Self-service articles were actually helpful for once.
SRV-000004,EMP-05742,OFC-BOS,2026-01-01,POST_RESOLUTION,4,"Very intuitive workflow, much better than the legacy portal."
SRV-000005,EMP-05521,OFC-LON,2026-01-01,POST_RESOLUTION,5,"Very intuitive workflow, much better than the legacy portal."
SRV-000006,EMP-07340,OFC-BOS,2026-01-01,POST_RESOLUTION,3,Standard IT portal. Nothing special.
SRV-000007,EMP-01576,OFC-BOS,2026-01-01,POST_RESOLUTION,4,The new AI system is incredibly fast. Saves me a lot of time.
SRV-000008,EMP-06202,OFC-LON,2026-01-01,POST_RESOLUTION,4,Smooth transition. No complaints.
SRV-000009,EMP-07363,OFC-LON,2026-01-01,POST_RESOLUTION,3,It's okay. Takes some getting used to.
SRV-000010,EMP-01439,OFC-BOS,2026-01-01,POST_RESOLUTION,4,Smooth transition. No complaints.
SRV-000011,EMP-03750,OFC-NYC,2026-01-01,POST_RESOLUTION,4,Great experience. The AI resolved my password issue in seconds.
SRV-000012,EMP-08487,OFC-SIN,2026-01-01,POST_RESOLUTION,3,System is way too slow. Massive latency when loading the dashboard.
SRV-000013,EMP-06272,OFC-NYC,2026-01-01,POST_RESOLUTION,5,The new AI system is incredibly fast. Saves me a lot of time.
SRV-000014,EMP-06653,OFC-NYC,2026-01-01,POST_RESOLUTION,4,The new AI system is incredibly fast. Saves me a lot of time.
SRV-000015,EMP-04999,OFC-BOS,2026-01-01,POST_RESOLUTION,4,"Very intuitive workflow, much better than the legacy portal."
SRV-000016,EMP-07033,OFC-BOS,2026-01-01,POST_RESOLUTION,4,"Very intuitive workflow, much better than the legacy portal."
SRV-000017,EMP-01582,OFC-LON,2026-01-01,POST_RESOLUTION,5,Smooth transition. No complaints.
SRV-000018,EMP-10930,OFC-GUR,2026-01-01,POST_RESOLUTION,5,Smooth transition. No complaints.
SRV-000019,EMP-08051,OFC-LON,2026-01-01,POST_RESOLUTION,5,The new AI system is incredibly fast. Saves me a lot of time.
SRV-000020,EMP-09158,OFC-NYC,2026-01-01,POST_RESOLUTION,5,Smooth transition. No complaints.
SRV-000021,EMP-10896,OFC-GUR,2026-01-01,POST_RESOLUTION,4,"Very intuitive workflow, much better than the legacy portal."
SRV-000022,EMP-03249,OFC-BOS,2026-01-01,POST_RESOLUTION,5,Smooth transition. No complaints.
SRV-000023,EMP-05640,OFC-SIN,2026-01-01,POST_RESOLUTION,1,Stop forcing us to use the AI. It's too slow and I need human help.
SRV-000024,EMP-10485,OFC-LON,2026-01-01,POST_RESOLUTION,4,"Very intuitive workflow, much better than the legacy portal."
SRV-000025,EMP-05947,OFC-GUR,2026-01-01,POST_RESOLUTION,5,Great experience. The AI resolved my password issue in seconds.
SRV-000026,EMP-10920,OFC-NYC,2026-01-01,POST_RESOLUTION,3,"Worked fine, but I prefer emailing a real person."
SRV-000027,EMP-02963,OFC-NYC,2026-01-01,POST_RESOLUTION,3,It's okay. Takes some getting used to.
SRV-000028,EMP-09243,OFC-NYC,2026-01-01,POST_RESOLUTION,4,"Very intuitive workflow, much better than the legacy portal."
SRV-000029,EMP-07590,OFC-LON,2026-01-01,POST_RESOLUTION,4,Great experience. The AI resolved my password issue in seconds.
SRV-000030,EMP-09847,OFC-GUR,2026-01-01,POST_RESOLUTION,5,Self-service articles were actually helpful for once.
SRV-000031,EMP-01321,OFC-GUR,2026-01-01,POST_RESOLUTION,3,"Worked fine, but I prefer emailing a real person."
SRV-000032,EMP-03678,OFC-BOS,2026-01-01,POST_RESOLUTION,3,Standard IT portal. Nothing special.
SRV-000033,EMP-05625,OFC-GUR,2026-01-01,POST_RESOLUTION,3,Standard IT portal. Nothing special.
SRV-000034,EMP-05949,OFC-GUR,2026-01-01,POST_RESOLUTION,3,"Worked fine, but I prefer emailing a real person."
SRV-000035,EMP-09328,OFC-SIN,2026-01-01,POST_RESOLUTION,1,System is way too slow. Massive latency when loading the dashboard.
SRV-000036,EMP-04337,OFC-GUR,2026-01-01,POST_RESOLUTION,4,The new AI system is incredibly fast. Saves me a lot of time.
SRV-000037,EMP-06589,OFC-LON,2026-01-01,POST_RESOLUTION,4,Great experience. The AI resolved my password issue in seconds.
SRV-000038,EMP-01251,OFC-NYC,2026-01-01,POST_RESOLUTION,5,The new AI system is incredibly fast. Saves me a lot of time.
SRV-000039,EMP-04973,OFC-GUR,2026-01-01,POST_RESOLUTION,5,Self-service articles were actually helpful for once.
SRV-000040,EMP-07630,OFC-NYC,2026-01-01,POST_RESOLUTION,4,Self-service articles were actually helpful for once.
SRV-000041,EMP-06547,OFC-BOS,2026-01-01,POST_RESOLUTION,3,"Worked fine, but I prefer emailing a real person."
SRV-000042,EMP-01035,OFC-GUR,2026-01-01,POST_RESOLUTION,3,It's okay. Takes some getting used to.
SRV-000043,EMP-09362,OFC-BOS,2026-01-01,POST_RESOLUTION,5,Great experience. The AI resolved my password issue in seconds.
SRV-000044,EMP-02513,OFC-BOS,2026-01-01,POST_RESOLUTION,4,Smooth transition. No complaints.
SRV-000045,EMP-10317,OFC-NYC,2026-01-01,POST_RESOLUTION,5,The new AI system is incredibly fast. Saves me a lot of time.
SRV-000046,EMP-01039,OFC-NYC,2026-01-01,POST_RESOLUTION,5,Great experience. The AI resolved my password issue in seconds.
SRV-000047,EMP-05819,OFC-BOS,2026-01-01,POST_RESOLUTION,5,The new AI system is incredibly fast. Saves me a lot of time.
SRV-000048,EMP-04465,OFC-GUR,2026-01-01,POST_RESOLUTION,5,Smooth transition. No complaints.
SRV-000049,EMP-02760,OFC-LON,2026-01-01,POST_RESOLUTION,4,Self-service articles were actually helpful for once.
SRV-000050,EMP-03304,OFC-SIN,2026-01-01,POST_RESOLUTION,1,Confusing interface. I just want to submit an email ticket.
SRV-000051,EMP-04723,OFC-BOS,2026-01-01,POST_RESOLUTION,5,Self-service articles were actually helpful for once.
SRV-000052,EMP-09284,OFC-LON,2026-01-01,POST_RESOLUTION,4,Smooth transition. No complaints.
SRV-000053,EMP-05993,OFC-LON,2026-01-01,POST_RESOLUTION,3,Standard IT portal. Nothing special.
SRV-000054,EMP-09127,OFC-SIN,2026-01-01,POST_RESOLUTION,2,System is way too slow. Massive latency when loading the dashboard.
SRV-000055,EMP-04032,OFC-GUR,2026-01-01,POST_RESOLUTION,4,The new AI system is incredibly fast. Saves me a lot of time.
SRV-000056,EMP-08938,OFC-NYC,2026-01-01,POST_RESOLUTION,5,"Very intuitive workflow, much better than the legacy portal."
SRV-000057,EMP-04039,OFC-LON,2026-01-01,POST_RESOLUTION,4,Self-service articles were actually helpful for once.
SRV-000058,EMP-10655,OFC-LON,2026-01-01,POST_RESOLUTION,4,The new AI system is incredibly fast. Saves me a lot of time.
SRV-000059,EMP-03545,OFC-LON,2026-01-01,POST_RESOLUTION,5,"Very intuitive workflow, much better than the legacy portal."
SRV-000060,EMP-03592,OFC-LON,2026-01-01,POST_RESOLUTION,5,The new AI system is incredibly fast. Saves me a lot of time.
SRV-000061,EMP-02188,OFC-NYC,2026-01-01,POST_RESOLUTION,4,Great experience. The AI resolved my password issue in seconds.
SRV-000062,EMP-08966,OFC-NYC,2026-01-01,POST_RESOLUTION,4,Self-service articles were actually helpful for once.
SRV-000063,EMP-07077,OFC-LON,2026-01-01,POST_RESOLUTION,4,Great experience. The AI resolved my password issue in seconds.
SRV-000064,EMP-01107,OFC-GUR,2026-01-01,POST_RESOLUTION,4,Self-service articles were actually helpful for once.
SRV-000065,EMP-02315,OFC-LON,2026-01-01,POST_RESOLUTION,3,Standard IT portal. Nothing special.
SRV-000066,EMP-09187,OFC-SIN,2026-01-01,POST_RESOLUTION,1,Keeps freezing. The latency makes it unusable.
SRV-000067,EMP-03753,OFC-NYC,2026-01-01,POST_RESOLUTION,5,Self-service articles were actually helpful for once.
SRV-000068,EMP-10753,OFC-GUR,2026-01-01,POST_RESOLUTION,4,"Very intuitive workflow, much better than the legacy portal."
SRV-000069,EMP-07231,OFC-SIN,2026-01-01,POST_RESOLUTION,1,Keeps freezing. The latency makes it unusable.
SRV-000070,EMP-03876,OFC-LON,2026-01-01,POST_RESOLUTION,3,It's okay. Takes some getting used to.
SRV-000071,EMP-06323,OFC-SIN,2026-01-01,POST_RESOLUTION,1,Confusing interface. I just want to submit an email ticket.
SRV-000072,EMP-01799,OFC-SIN,2026-01-01,POST_RESOLUTION,2,I don't know how to use this. We need more training on the AI portal.
SRV-000073,EMP-04570,OFC-NYC,2026-01-01,POST_RESOLUTION,4,Smooth transition. No complaints.
SRV-000074,EMP-03894,OFC-BOS,2026-01-01,POST_RESOLUTION,3,Standard IT portal. Nothing special.
SRV-000075,EMP-03927,OFC-SIN,2026-01-01,POST_RESOLUTION,2,I don't know how to use this. We need more training on the AI portal.
SRV-000076,EMP-09178,OFC-BOS,2026-01-01,POST_RESOLUTION,5,Great experience. The AI resolved my password issue in seconds.
SRV-000077,EMP-01971,OFC-SIN,2026-01-01,POST_RESOLUTION,2,Stop forcing us to use the AI. It's too slow and I need human help.
SRV-000078,EMP-07687,OFC-NYC,2026-01-01,POST_RESOLUTION,3,"Worked fine, but I prefer emailing a real person."
SRV-000079,EMP-09575,OFC-BOS,2026-01-01,POST_RESOLUTION,4,Smooth transition. No complaints.
SRV-000080,EMP-03020,OFC-SIN,2026-01-01,POST_RESOLUTION,3,I don't know how to use this. We need more training on the AI portal.
SRV-000081,EMP-10054,OFC-LON,2026-01-01,POST_RESOLUTION,4,Self-service articles were actually helpful for once.
SRV-000082,EMP-01952,OFC-BOS,2026-01-01,POST_RESOLUTION,4,The new AI system is incredibly fast. Saves me a lot of time.
SRV-000083,EMP-06359,OFC-LON,2026-01-01,POST_RESOLUTION,4,"Very intuitive workflow, much better than the legacy portal."
SRV-000084,EMP-04857,OFC-LON,2026-01-01,POST_RESOLUTION,4,The new AI system is incredibly fast. Saves me a lot of time.
SRV-000085,EMP-06861,OFC-LON,2026-01-01,POST_RESOLUTION,5,Self-service articles were actually helpful for once.
SRV-000086,EMP-04145,OFC-NYC,2026-01-01,POST_RESOLUTION,5,Great experience. The AI resolved my password issue in seconds.
SRV-000087,EMP-04305,OFC-NYC,2026-01-01,POST_RESOLUTION,4,Self-service articles were actually helpful for once.
SRV-000088,EMP-04006,OFC-SIN,2026-01-01,POST_RESOLUTION,1,System is way too slow. Massive latency when loading the dashboard.
SRV-000089,EMP-10001,OFC-LON,2026-01-01,POST_RESOLUTION,3,Standard IT portal. Nothing special.
SRV-000090,EMP-08770,OFC-LON,2026-01-01,POST_RESOLUTION,4,Smooth transition. No complaints.
SRV-000091,EMP-08438,OFC-NYC,2026-01-01,POST_RESOLUTION,4,Self-service articles were actually helpful for once.
SRV-000092,EMP-08942,OFC-SIN,2026-01-01,POST_RESOLUTION,1,I don't know how to use this. We need more training on the AI portal.
SRV-000093,EMP-10238,OFC-LON,2026-01-01,POST_RESOLUTION,3,"AI is decent, but didn't fully understand my specific network issue."
SRV-000094,EMP-02056,OFC-GUR,2026-01-01,POST_RESOLUTION,3,"AI is decent, but didn't fully understand my specific network issue."
SRV-000095,EMP-04154,OFC-NYC,2026-01-01,POST_RESOLUTION,5,Great experience. The AI resolved my password issue in seconds.
SRV-000096,EMP-04787,OFC-LON,2026-01-01,POST_RESOLUTION,5,"Very intuitive workflow, much better than the legacy portal."
SRV-000097,EMP-10189,OFC-GUR,2026-01-01,POST_RESOLUTION,5,Self-service articles were actually helpful for once.
SRV-000098,EMP-08825,OFC-SIN,2026-01-01,POST_RESOLUTION,1,I don't know how to use this. We need more training on the AI portal.
SRV-000099,EMP-08539,OFC-NYC,2026-01-01,POST_RESOLUTION,5,"Very intuitive workflow, much better than the legacy portal."
SRV-000100,EMP-08231,OFC-NYC,2026-01-01,POST_RESOLUTION,3,"Worked fine, but I prefer emailing a real person."
SRV-000101,EMP-01764,OFC-BOS,2026-01-01,POST_RESOLUTION,4,Smooth transition. No complaints.
SRV-000102,EMP-06019,OFC-SIN,2026-01-01,POST_RESOLUTION,3,Stop forcing us to use the AI. It's too slow and I need human help.
SRV-000103,EMP-05903,OFC-NYC,2026-01-01,POST_RESOLUTION,4,Smooth transition. No complaints.
SRV-000104,EMP-09093,OFC-SIN,2026-01-01,POST_RESOLUTION,1,Stop forcing us to use the AI. It's too slow and I need human help.
SRV-000105,EMP-07843,OFC-BOS,2026-01-01,POST_RESOLUTION,3,"Worked fine, but I prefer emailing a real person."
SRV-000106,EMP-03165,OFC-SIN,2026-01-01,POST_RESOLUTION,1,I don't know how to use this. We need more training on the AI portal.
SRV-000107,EMP-02862,OFC-BOS,2026-01-01,POST_RESOLUTION,4,"Very intuitive workflow, much better than the legacy portal."
SRV-000108,EMP-08850,OFC-NYC,2026-01-01,POST_RESOLUTION,4,Smooth transition. No complaints.
SRV-000109,EMP-10123,OFC-SIN,2026-01-01,POST_RESOLUTION,2,Stop forcing us to use the AI. It's too slow and I need human help.
SRV-000110,EMP-03340,OFC-GUR,2026-01-01,POST_RESOLUTION,4,The new AI system is incredibly fast. Saves me a lot of time.
SRV-000111,EMP-06527,OFC-BOS,2026-01-01,POST_RESOLUTION,4,The new AI system is incredibly fast. Saves me a lot of time.
SRV-000112,EMP-07743,OFC-SIN,2026-01-01,POST_RESOLUTION,1,System is way too slow. Massive latency when loading the dashboard.
SRV-000113,EMP-05003,OFC-BOS,2026-01-01,POST_RESOLUTION,3,Standard IT portal. Nothing special.
SRV-000114,EMP-02123,OFC-GUR,2026-01-01,POST_RESOLUTION,5,"Very intuitive workflow, much better than the legacy portal."
SRV-000115,EMP-09709,OFC-GUR,2026-01-01,POST_RESOLUTION,3,"AI is decent, but didn't fully understand my specific network issue."
SRV-000116,EMP-05049,OFC-BOS,2026-01-01,POST_RESOLUTION,4,Smooth transition. No complaints.
SRV-000117,EMP-08640,OFC-LON,2026-01-01,POST_RESOLUTION,3,It's okay. Takes some getting used to.
SRV-000118,EMP-01765,OFC-LON,2026-01-01,POST_RESOLUTION,5,Great experience. The AI resolved my password issue in seconds.
SRV-000119,EMP-03344,OFC-SIN,2026-01-01,POST_RESOLUTION,2,Stop forcing us to use the AI. It's too slow and I need human help.
SRV-000120,EMP-05071,OFC-GUR,2026-01-01,POST_RESOLUTION,4,Smooth transition. No complaints.
SRV-000121,EMP-08216,OFC-LON,2026-01-01,POST_RESOLUTION,4,Great experience. The AI resolved my password issue in seconds.
SRV-000122,EMP-05216,OFC-BOS,2026-01-01,POST_RESOLUTION,4,Smooth transition. No complaints.
SRV-000123,EMP-08952,OFC-LON,2026-01-01,POST_RESOLUTION,4,Self-service articles were actually helpful for once.
SRV-000124,EMP-06970,OFC-GUR,2026-01-01,POST_RESOLUTION,3,It's okay. Takes some getting used to.
SRV-000125,EMP-04350,OFC-BOS,2026-01-01,POST_RESOLUTION,5,The new AI system is incredibly fast. Saves me a lot of time.
SRV-000126,EMP-05695,OFC-SIN,2026-01-01,POST_RESOLUTION,1,Confusing interface. I just want to submit an email ticket.
SRV-000127,EMP-04399,OFC-LON,2026-01-01,POST_RESOLUTION,5,Self-service articles were actually helpful for once.
SRV-000128,EMP-05081,OFC-BOS,2026-01-01,POST_RESOLUTION,4,Self-service articles were actually helpful for once.
SRV-000129,EMP-10149,OFC-LON,2026-01-01,POST_RESOLUTION,3,It's okay. Takes some getting used to.
SRV-000130,EMP-02224,OFC-NYC,2026-01-01,POST_RESOLUTION,4,Self-service articles were actually helpful for once.
SRV-000131,EMP-07292,OFC-SIN,2026-01-01,POST_RESOLUTION,2,Stop forcing us to use the AI. It's too slow and I need human help.
SRV-000132,EMP-04122,OFC-BOS,2026-01-01,POST_RESOLUTION,4,"Very intuitive workflow, much better than the legacy portal."
SRV-000133,EMP-01510,OFC-LON,2026-01-01,POST_RESOLUTION,4,Great experience. The AI resolved my password issue in seconds.
SRV-000134,EMP-06794,OFC-LON,2026-01-01,POST_RESOLUTION,4,The new AI system is incredibly fast. Saves me a lot of time.
SRV-000135,EMP-09181,OFC-BOS,2026-01-01,POST_RESOLUTION,4,Self-service articles were actually helpful for once.
SRV-000136,EMP-10417,OFC-NYC,2026-01-01,POST_RESOLUTION,3,Standard IT portal. Nothing special.
SRV-000137,EMP-01096,OFC-LON,2026-01-01,POST_RESOLUTION,4,Smooth transition. No complaints.
SRV-000138,EMP-07681,OFC-BOS,2026-01-01,POST_RESOLUTION,4,The new AI system is incredibly fast. Saves me a lot of time.
SRV-000139,EMP-02512,OFC-SIN,2026-01-01,POST_RESOLUTION,2,Keeps freezing. The latency makes it unusable.
SRV-000140,EMP-09791,OFC-BOS,2026-01-01,POST_RESOLUTION,4,Smooth transition. No complaints.
SRV-000141,EMP-01119,OFC-LON,2026-01-01,POST_RESOLUTION,4,Smooth transition. No complaints.
SRV-000142,EMP-08791,OFC-BOS,2026-01-01,POST_RESOLUTION,5,"Very intuitive workflow, much better than the legacy portal."
SRV-000143,EMP-07517,OFC-GUR,2026-01-01,POST_RESOLUTION,5,"Very intuitive workflow, much better than the legacy portal."
SRV-000144,EMP-01033,OFC-SIN,2026-01-01,POST_RESOLUTION,2,Keeps freezing. The latency makes it unusable.
SRV-000145,EMP-08887,OFC-NYC,2026-01-01,POST_RESOLUTION,4,"Very intuitive workflow, much better than the legacy portal."
SRV-000146,EMP-07830,OFC-SIN,2026-01-01,POST_RESOLUTION,1,Confusing interface. I just want to submit an email ticket.
SRV-000147,EMP-06421,OFC-NYC,2026-01-01,POST_RESOLUTION,5,Smooth transition. No complaints.
SRV-000148,EMP-02068,OFC-NYC,2026-01-01,POST_RESOLUTION,3,It's okay. Takes some getting used to.
SRV-000149,EMP-02347,OFC-NYC,2026-01-01,POST_RESOLUTION,4,Smooth transition. No complaints.
SRV-000150,EMP-05747,OFC-BOS,2026-01-01,POST_RESOLUTION,5,Self-service articles were actually helpful for once.
SRV-000151,EMP-07005,OFC-SIN,2026-01-01,POST_RESOLUTION,1,Stop forcing us to use the AI. It's too slow and I need human help.
SRV-000152,EMP-07039,OFC-SIN,2026-01-01,POST_RESOLUTION,1,System is way too slow. Massive latency when loading the dashboard.
SRV-000153,EMP-04817,OFC-GUR,2026-01-01,POST_RESOLUTION,4,The new AI system is incredibly fast. Saves me a lot of time.
SRV-000154,EMP-09446,OFC-LON,2026-01-01,POST_RESOLUTION,4,Self-service articles were actually helpful for once.
SRV-000155,EMP-06269,OFC-NYC,2026-01-01,POST_RESOLUTION,5,Self-service articles were actually helpful for once.
SRV-000156,EMP-07897,OFC-BOS,2026-01-01,POST_RESOLUTION,5,"Very intuitive workflow, much better than the legacy portal."
SRV-000157,EMP-06309,OFC-SIN,2026-01-01,POST_RESOLUTION,1,System is way too slow. Massive latency when loading the dashboard.
SRV-000158,EMP-01031,OFC-BOS,2026-01-01,POST_RESOLUTION,3,Standard IT portal. Nothing special.
SRV-000159,EMP-06674,OFC-SIN,2026-01-01,POST_RESOLUTION,2,Confusing interface. I just want to submit an email ticket.
SRV-000160,EMP-05386,OFC-SIN,2026-01-01,POST_RESOLUTION,1,System is way too slow. Massive latency when loading the dashboard.
SRV-000161,EMP-01029,OFC-BOS,2026-01-01,POST_RESOLUTION,4,The new AI system is incredibly fast. Saves me a lot of time.
SRV-000162,EMP-05202,OFC-BOS,2026-01-01,POST_RESOLUTION,3,"AI is decent, but didn't fully understand my specific network issue."
SRV-000163,EMP-08507,OFC-NYC,2026-01-01,POST_RESOLUTION,4,The new AI system is incredibly fast. Saves me a lot of time.
SRV-000164,EMP-01735,OFC-SIN,2026-01-01,POST_RESOLUTION,2,Confusing interface. I just want to submit an email ticket.
SRV-000165,EMP-03067,OFC-NYC,2026-01-01,POST_RESOLUTION,4,"Very intuitive workflow, much better than the legacy portal."
SRV-000166,EMP-01106,OFC-NYC,2026-01-01,POST_RESOLUTION,4,"Very intuitive workflow, much better than the legacy portal."
SRV-000167,EMP-10644,OFC-NYC,2026-01-01,POST_RESOLUTION,4,Great experience. The AI resolved my password issue in seconds.
SRV-000168,EMP-09894,OFC-BOS,2026-01-01,POST_RESOLUTION,4,Smooth transition. No complaints.
SRV-000169,EMP-09020,OFC-LON,2026-01-01,POST_RESOLUTION,3,Standard IT portal. Nothing special.
SRV-000170,EMP-03232,OFC-SIN,2026-01-01,POST_RESOLUTION,1,Keeps freezing. The latency makes it unusable.
SRV-000171,EMP-01993,OFC-LON,2026-01-01,POST_RESOLUTION,4,Smooth transition. No complaints.
SRV-000172,EMP-10412,OFC-GUR,2026-01-01,POST_RESOLUTION,4,Smooth transition. No complaints.
SRV-000173,EMP-08058,OFC-SIN,2026-01-01,POST_RESOLUTION,2,Stop forcing us to use the AI. It's too slow and I need human help.
SRV-000174,EMP-07789,OFC-LON,2026-01-01,POST_RESOLUTION,4,"Very intuitive workflow, much better than the legacy portal."
SRV-000175,EMP-01360,OFC-NYC,2026-01-01,POST_RESOLUTION,4,Smooth transition. No complaints.
SRV-000176,EMP-01304,OFC-GUR,2026-01-01,POST_RESOLUTION,5,"Very intuitive workflow, much better than the legacy portal."
SRV-000177,EMP-03627,OFC-GUR,2026-01-01,POST_RESOLUTION,4,Self-service articles were actually helpful for once.
SRV-000178,EMP-09965,OFC-GUR,2026-01-01,POST_RESOLUTION,3,"AI is decent, but didn't fully understand my specific network issue."
SRV-000179,EMP-05513,OFC-LON,2026-01-01,POST_RESOLUTION,3,"Worked fine, but I prefer emailing a real person."
SRV-000180,EMP-06910,OFC-NYC,2026-01-01,POST_RESOLUTION,4,Great experience. The AI resolved my password issue in seconds.
SRV-000181,EMP-09313,OFC-LON,2026-01-01,POST_RESOLUTION,4,Smooth transition. No complaints.
SRV-000182,EMP-04100,OFC-BOS,2026-01-01,POST_RESOLUTION,3,"AI is decent, but didn't fully understand my specific network issue."
SRV-000183,EMP-06703,OFC-NYC,2026-01-01,POST_RESOLUTION,4,The new AI system is incredibly fast. Saves me a lot of time.
SRV-000184,EMP-04898,OFC-LON,2026-01-01,POST_RESOLUTION,3,Standard IT portal. Nothing special.
SRV-000185,EMP-06440,OFC-LON,2026-01-01,POST_RESOLUTION,4,"Very intuitive workflow, much better than the legacy portal."
SRV-000186,EMP-08930,OFC-GUR,2026-01-01,POST_RESOLUTION,4,The new AI system is incredibly fast. Saves me a lot of time.
SRV-000187,EMP-01621,OFC-BOS,2026-01-01,POST_RESOLUTION,5,Self-service articles were actually helpful for once.
SRV-000188,EMP-08235,OFC-LON,2026-01-01,POST_RESOLUTION,3,It's okay. Takes some getting used to.
SRV-000189,EMP-03498,OFC-SIN,2026-01-01,POST_RESOLUTION,3,Confusing interface. I just want to submit an email ticket.
SRV-000190,EMP-01713,OFC-NYC,2026-01-01,POST_RESOLUTION,5,Smooth transition. No complaints.
SRV-000191,EMP-09403,OFC-LON,2026-01-01,POST_RESOLUTION,4,"Very intuitive workflow, much better than the legacy portal."
SRV-000192,EMP-03855,OFC-LON,2026-01-01,POST_RESOLUTION,3,Standard IT portal. Nothing special.
SRV-000193,EMP-05269,OFC-SIN,2026-01-01,POST_RESOLUTION,1,System is way too slow. Massive latency when loading the dashboard.
SRV-000194,EMP-03908,OFC-NYC,2026-01-01,POST_RESOLUTION,5,The new AI system is incredibly fast. Saves me a lot of time.
SRV-000195,EMP-09080,OFC-NYC,2026-01-01,POST_RESOLUTION,5,The new AI system is incredibly fast. Saves me a lot of time.
SRV-000196,EMP-05516,OFC-LON,2026-01-01,POST_RESOLUTION,4,"Very intuitive workflow, much better than the legacy portal."
SRV-000197,EMP-02261,OFC-GUR,2026-01-01,POST_RESOLUTION,5,The new AI system is incredibly fast. Saves me a lot of time.
SRV-000198,EMP-04160,OFC-NYC,2026-01-01,POST_RESOLUTION,3,It's okay. Takes some getting used to.
SRV-000199,EMP-01970,OFC-GUR,2026-01-01,POST_RESOLUTION,3,"Worked fine, but I prefer emailing a real person."
SRV-000200,EMP-04912,OFC-BOS,2026-01-01,POST_RESOLUTION,5,The new AI system is incredibly fast. Saves me a lot of time.
SRV-000201,EMP-06198,OFC-NYC,2026-01-01,POST_RESOLUTION,5,Smooth transition. No complaints.
SRV-000202,EMP-09846,OFC-SIN,2026-01-01,POST_RESOLUTION,1,I don't know how to use this. We need more training on the AI portal.
SRV-000203,EMP-01259,OFC-BOS,2026-01-01,POST_RESOLUTION,5,Self-service articles were actually helpful for once.
SRV-000204,EMP-04790,OFC-BOS,2026-01-01,POST_RESOLUTION,5,Great experience. The AI resolved my password issue in seconds.
SRV-000205,EMP-10202,OFC-LON,2026-01-01,POST_RESOLUTION,5,"Very intuitive workflow, much better than the legacy portal."
SRV-000206,EMP-01487,OFC-NYC,2026-01-01,POST_RESOLUTION,5,Smooth transition. No complaints.
SRV-000207,EMP-08907,OFC-GUR,2026-01-01,POST_RESOLUTION,5,"Very intuitive workflow, much better than the legacy portal."
SRV-000208,EMP-01518,OFC-SIN,2026-01-01,POST_RESOLUTION,1,Confusing interface. I just want to submit an email ticket.
SRV-000209,EMP-09342,OFC-BOS,2026-01-01,POST_RESOLUTION,5,Smooth transition. No complaints.
SRV-000210,EMP-01311,OFC-BOS,2026-01-01,POST_RESOLUTION,3,"AI is decent, but didn't fully understand my specific network issue."
SRV-000211,EMP-04231,OFC-LON,2026-01-01,POST_RESOLUTION,5,"Very intuitive workflow, much better than the legacy portal."
SRV-000212,EMP-08932,OFC-LON,2026-01-01,POST_RESOLUTION,4,Great experience. The AI resolved my password issue in seconds.
SRV-000213,EMP-08457,OFC-NYC,2026-01-01,POST_RESOLUTION,4,Great experience. The AI resolved my password issue in seconds.
SRV-000214,EMP-10783,OFC-SIN,2026-01-01,POST_RESOLUTION,1,I don't know how to use this. We need more training on the AI portal.
SRV-000215,EMP-06183,OFC-SIN,2026-01-01,POST_RESOLUTION,1,System is way too slow. Massive latency when loading the dashboard.
SRV-000216,EMP-09076,OFC-LON,2026-01-01,POST_RESOLUTION,4,The new AI system is incredibly fast. Saves me a lot of time.
SRV-000217,EMP-07501,OFC-BOS,2026-01-01,POST_RESOLUTION,5,Great experience. The AI resolved my password issue in seconds.
SRV-000218,EMP-07790,OFC-GUR,2026-01-01,POST_RESOLUTION,5,Self-service articles were actually helpful for once.
SRV-000219,EMP-08772,OFC-BOS,2026-01-01,POST_RESOLUTION,4,Great experience. The AI resolved my password issue in seconds.
SRV-000220,EMP-03737,OFC-LON,2026-01-01,POST_RESOLUTION,5,Great experience. The AI resolved my password issue in seconds.
SRV-000221,EMP-08841,OFC-NYC,2026-01-01,POST_RESOLUTION,5,Great experience. The AI resolved my password issue in seconds.
SRV-000222,EMP-07261,OFC-SIN,2026-01-01,POST_RESOLUTION,2,System is way too slow. Massive latency when loading the dashboard.
SRV-000223,EMP-09205,OFC-NYC,2026-01-01,POST_RESOLUTION,3,It's okay. Takes some getting used to.
SRV-000224,EMP-02247,OFC-BOS,2026-01-01,POST_RESOLUTION,5,The new AI system is incredibly fast. Saves me a lot of time.
SRV-000225,EMP-10335,OFC-BOS,2026-01-01,POST_RESOLUTION,4,Great experience. The AI resolved my password issue in seconds.
SRV-000226,EMP-05194,OFC-LON,2026-01-01,POST_RESOLUTION,5,Self-service articles were actually helpful for once.
SRV-000227,EMP-09000,OFC-GUR,2026-01-01,POST_RESOLUTION,5,The new AI system is incredibly fast. Saves me a lot of time.
SRV-000228,EMP-08377,OFC-NYC,2026-01-01,POST_RESOLUTION,5,"Very intuitive workflow, much better than the legacy portal."
SRV-000229,EMP-04434,OFC-GUR,2026-01-01,POST_RESOLUTION,4,"Very intuitive workflow, much better than the legacy portal."
SRV-000230,EMP-06381,OFC-LON,2026-01-01,POST_RESOLUTION,4,"Very intuitive workflow, much better than the legacy portal."
SRV-000231,EMP-01958,OFC-BOS,2026-01-01,POST_RESOLUTION,4,Smooth transition. No complaints.
SRV-000232,EMP-01416,OFC-NYC,2026-01-01,POST_RESOLUTION,4,Great experience. The AI resolved my password issue in seconds.
SRV-000233,EMP-06741,OFC-LON,2026-01-01,POST_RESOLUTION,3,Standard IT portal. Nothing special.
SRV-000234,EMP-07727,OFC-BOS,2026-01-01,POST_RESOLUTION,4,Great experience. The AI resolved my password issue in seconds.
SRV-000235,EMP-05381,OFC-BOS,2026-01-01,POST_RESOLUTION,4,"Very intuitive workflow, much better than the legacy portal."
SRV-000236,EMP-06196,OFC-GUR,2026-01-01,POST_RESOLUTION,5,Self-service articles were actually helpful for once.
SRV-000237,EMP-02112,OFC-BOS,2026-01-01,POST_RESOLUTION,3,"AI is decent, but didn't fully understand my specific network issue."
SRV-000238,EMP-03688,OFC-LON,2026-01-01,POST_RESOLUTION,4,"Very intuitive workflow, much better than the legacy portal."
SRV-000239,EMP-07472,OFC-LON,2026-01-01,POST_RESOLUTION,3,It's okay. Takes some getting used to.
SRV-000240,EMP-09819,OFC-NYC,2026-01-01,POST_RESOLUTION,3,"AI is decent, but didn't fully understand my specific network issue."
SRV-000241,EMP-08807,OFC-SIN,2026-01-01,POST_RESOLUTION,1,Confusing interface. I just want to submit an email ticket.
SRV-000242,EMP-04410,OFC-NYC,2026-01-01,POST_RESOLUTION,5,The new AI system is incredibly fast. Saves me a lot of time.
SRV-000243,EMP-01080,OFC-SIN,2026-01-01,POST_RESOLUTION,1,System is way too slow. Massive latency when loading the dashboard.
SRV-000244,EMP-05613,OFC-BOS,2026-01-01,POST_RESOLUTION,5,Smooth transition. No complaints.
SRV-000245,EMP-02373,OFC-LON,2026-01-01,POST_RESOLUTION,4,The new AI system is incredibly fast. Saves me a lot of time.
SRV-000246,EMP-02509,OFC-GUR,2026-01-01,POST_RESOLUTION,5,The new AI system is incredibly fast. Saves me a lot of time.
SRV-000247,EMP-07442,OFC-GUR,2026-01-01,POST_RESOLUTION,5,"Very intuitive workflow, much better than the legacy portal."
SRV-000248,EMP-04070,OFC-GUR,2026-01-01,POST_RESOLUTION,5,"Very intuitive workflow, much better than the legacy portal."
SRV-000249,EMP-04015,OFC-NYC,2026-01-01,POST_RESOLUTION,5,Great experience. The AI resolved my password issue in seconds.
SRV-000250,EMP-05822,OFC-NYC,2026-01-01,POST_RESOLUTION,5,Great experience. The AI resolved my password issue in seconds.
SRV-000251,EMP-08821,OFC-NYC,2026-01-01,POST_RESOLUTION,5,Great experience. The AI resolved my password issue in seconds.
SRV-000252,EMP-01092,OFC-GUR,2026-01-01,POST_RESOLUTION,4,"Very intuitive workflow, much better than the legacy portal."
SRV-000253,EMP-10420,OFC-SIN,2026-01-01,POST_RESOLUTION,1,Stop forcing us to use the AI. It's too slow and I need human help.
SRV-000254,EMP-07599,OFC-LON,2026-01-01,POST_RESOLUTION,4,The new AI system is incredibly fast. Saves me a lot of time.
SRV-000255,EMP-05442,OFC-BOS,2026-01-01,POST_RESOLUTION,4,"Very intuitive workflow, much better than the legacy portal."
SRV-000256,EMP-08601,OFC-BOS,2026-01-01,POST_RESOLUTION,4,Great experience. The AI resolved my password issue in seconds.
SRV-000257,EMP-04834,OFC-LON,2026-01-01,POST_RESOLUTION,4,The new AI system is incredibly fast. Saves me a lot of time.
SRV-000258,EMP-10701,OFC-BOS,2026-01-01,POST_RESOLUTION,5,Great experience. The AI resolved my password issue in seconds.
SRV-000259,EMP-05321,OFC-SIN,2026-01-01,POST_RESOLUTION,3,Keeps freezing. The latency makes it unusable.
SRV-000260,EMP-04393,OFC-NYC,2026-01-01,POST_RESOLUTION,4,Great experience. The AI resolved my password issue in seconds.
SRV-000261,EMP-05751,OFC-NYC,2026-01-01,POST_RESOLUTION,4,Self-service articles were actually helpful for once.
SRV-000262,EMP-08228,OFC-SIN,2026-01-01,POST_RESOLUTION,3,Stop forcing us to use the AI. It's too slow and I need human help.
SRV-000263,EMP-10190,OFC-SIN,2026-01-01,POST_RESOLUTION,1,Confusing interface. I just want to submit an email ticket.
SRV-000264,EMP-03360,OFC-BOS,2026-01-01,POST_RESOLUTION,5,Great experience. The AI resolved my password issue in seconds.
SRV-000265,EMP-02147,OFC-GUR,2026-01-01,POST_RESOLUTION,4,"Very intuitive workflow, much better than the legacy portal."
SRV-000266,EMP-06665,OFC-GUR,2026-01-01,POST_RESOLUTION,4,"Very intuitive workflow, much better than the legacy portal."
SRV-000267,EMP-09074,OFC-GUR,2026-01-01,POST_RESOLUTION,4,Self-service articles were actually helpful for once.
SRV-000268,EMP-05942,OFC-GUR,2026-01-01,POST_RESOLUTION,5,"Very intuitive workflow, much better than the legacy portal."
SRV-000269,EMP-04662,OFC-BOS,2026-01-01,POST_RESOLUTION,4,The new AI system is incredibly fast. Saves me a lot of time.
SRV-000270,EMP-02562,OFC-GUR,2026-01-01,POST_RESOLUTION,3,It's okay. Takes some getting used to.
SRV-000271,EMP-05112,OFC-BOS,2026-01-01,POST_RESOLUTION,4,Self-service articles were actually helpful for once.
SRV-000272,EMP-10049,OFC-LON,2026-01-01,POST_RESOLUTION,4,The new AI system is incredibly fast. Saves me a lot of time.
SRV-000273,EMP-10275,OFC-NYC,2026-01-01,POST_RESOLUTION,5,The new AI system is incredibly fast. Saves me a lot of time.
SRV-000274,EMP-09537,OFC-SIN,2026-01-01,POST_RESOLUTION,2,Confusing interface. I just want to submit an email ticket.
SRV-000275,EMP-01794,OFC-BOS,2026-01-01,POST_RESOLUTION,4,Great experience. The AI resolved my password issue in seconds.
SRV-000276,EMP-06853,OFC-SIN,2026-01-01,POST_RESOLUTION,1,Confusing interface. I just want to submit an email ticket.
SRV-000277,EMP-08618,OFC-SIN,2026-01-01,POST_RESOLUTION,2,Confusing interface. I just want to submit an email ticket.
SRV-000278,EMP-02593,OFC-BOS,2026-01-01,POST_RESOLUTION,5,"Very intuitive workflow, much better than the legacy portal."
SRV-000279,EMP-08417,OFC-BOS,2026-01-01,POST_RESOLUTION,5,The new AI system is incredibly fast. Saves me a lot of time.
SRV-000280,EMP-06266,OFC-NYC,2026-01-01,POST_RESOLUTION,4,Smooth transition. No complaints.
SRV-000281,EMP-08146,OFC-GUR,2026-01-01,POST_RESOLUTION,5,The new AI system is incredibly fast. Saves me a lot of time.
SRV-000282,EMP-01088,OFC-SIN,2026-01-01,POST_RESOLUTION,2,I don't know how to use this. We need more training on the AI portal.
SRV-000283,EMP-09694,OFC-LON,2026-01-01,POST_RESOLUTION,5,The new AI system is incredibly fast. Saves me a lot of time.
SRV-000284,EMP-10731,OFC-GUR,2026-01-01,POST_RESOLUTION,5,Smooth transition. No complaints.
SRV-000285,EMP-10445,OFC-BOS,2026-01-01,POST_RESOLUTION,5,The new AI system is incredibly fast. Saves me a lot of time.
SRV-000286,EMP-07753,OFC-BOS,2026-01-01,POST_RESOLUTION,5,"Very intuitive workflow, much better than the legacy portal."
SRV-000287,EMP-04501,OFC-GUR,2026-01-01,POST_RESOLUTION,4,Great experience. The AI resolved my password issue in seconds.
SRV-000288,EMP-03233,OFC-SIN,2026-01-01,POST_RESOLUTION,3,System is way too slow. Massive latency when loading the dashboard.
SRV-000289,EMP-03802,OFC-SIN,2026-01-01,POST_RESOLUTION,1,Confusing interface. I just want to submit an email ticket.
SRV-000290,EMP-05423,OFC-GUR,2026-01-01,POST_RESOLUTION,4,"Very intuitive workflow, much better than the legacy portal."
SRV-000291,EMP-06662,OFC-GUR,2026-01-01,POST_RESOLUTION,4,Smooth transition. No complaints.
SRV-000292,EMP-08169,OFC-BOS,2026-01-01,POST_RESOLUTION,5,Smooth transition. No complaints.
SRV-000293,EMP-09336,OFC-SIN,2026-01-01,POST_RESOLUTION,1,System is way too slow. Massive latency when loading the dashboard.
SRV-000294,EMP-03147,OFC-NYC,2026-01-01,POST_RESOLUTION,4,Smooth transition. No complaints.
SRV-000295,EMP-08968,OFC-NYC,2026-01-01,POST_RESOLUTION,4,The new AI system is incredibly fast. Saves me a lot of time.
SRV-000296,EMP-07550,OFC-NYC,2026-01-01,POST_RESOLUTION,3,"AI is decent, but didn't fully understand my specific network issue."
SRV-000297,EMP-08642,OFC-NYC,2026-01-01,POST_RESOLUTION,3,"Worked fine, but I prefer emailing a real person."
SRV-000298,EMP-07163,OFC-NYC,2026-01-01,POST_RESOLUTION,5,Self-service articles were actually helpful for once.
SRV-000299,EMP-02494,OFC-LON,2026-01-01,POST_RESOLUTION,5,"Very intuitive workflow, much better than the legacy portal."
SRV-000300,EMP-08695,OFC-GUR,2026-01-01,POST_RESOLUTION,4,Self-service articles were actually helpful for once.
SRV-000301,EMP-09569,OFC-NYC,2026-01-08,POST_RESOLUTION,4,"Very intuitive workflow, much better than the legacy portal."
SRV-000302,EMP-02815,OFC-SIN,2026-01-08,POST_RESOLUTION,1,Keeps freezing. The latency makes it unusable.
SRV-000303,EMP-06666,OFC-GUR,2026-01-08,POST_RESOLUTION,5,Great experience. The AI resolved my password issue in seconds.
SRV-000304,EMP-07889,OFC-LON,2026-01-08,POST_RESOLUTION,4,"Very intuitive workflow, much better than the legacy portal."
SRV-000305,EMP-05045,OFC-NYC,2026-01-08,POST_RESOLUTION,3,"Worked fine, but I prefer emailing a real person."
SRV-000306,EMP-07449,OFC-LON,2026-01-08,POST_RESOLUTION,5,Great experience. The AI resolved my password issue in seconds.
SRV-000307,EMP-03457,OFC-LON,2026-01-08,POST_RESOLUTION,4,Self-service articles were actually helpful for once.
SRV-000308,EMP-08213,OFC-LON,2026-01-08,POST_RESOLUTION,4,The new AI system is incredibly fast. Saves me a lot of time.
SRV-000309,EMP-02356,OFC-SIN,2026-01-08,POST_RESOLUTION,1,System is way too slow. Massive latency when loading the dashboard.
SRV-000310,EMP-05890,OFC-NYC,2026-01-08,POST_RESOLUTION,4,Great experience. The AI resolved my password issue in seconds.
SRV-000311,EMP-08848,OFC-BOS,2026-01-08,POST_RESOLUTION,5,Smooth transition. No complaints.
SRV-000312,EMP-08844,OFC-GUR,2026-01-08,POST_RESOLUTION,4,Smooth transition. No complaints.
SRV-000313,EMP-10310,OFC-NYC,2026-01-08,POST_RESOLUTION,3,It's okay. Takes some getting used to.
SRV-000314,EMP-04054,OFC-GUR,2026-01-08,POST_RESOLUTION,5,The new AI system is incredibly fast. Saves me a lot of time.
SRV-000315,EMP-02402,OFC-BOS,2026-01-08,POST_RESOLUTION,5,Smooth transition. No complaints.
SRV-000316,EMP-08708,OFC-LON,2026-01-08,POST_RESOLUTION,4,"Very intuitive workflow, much better than the legacy portal."
SRV-000317,EMP-09557,OFC-LON,2026-01-08,POST_RESOLUTION,4,Smooth transition. No complaints.
SRV-000318,EMP-05450,OFC-NYC,2026-01-08,POST_RESOLUTION,3,"Worked fine, but I prefer emailing a real person."
SRV-000319,EMP-05837,OFC-NYC,2026-01-08,POST_RESOLUTION,5,"Very intuitive workflow, much better than the legacy portal."
SRV-000320,EMP-02201,OFC-BOS,2026-01-08,POST_RESOLUTION,3,"Worked fine, but I prefer emailing a real person."
SRV-000321,EMP-10333,OFC-GUR,2026-01-08,POST_RESOLUTION,3,It's okay. Takes some getting used to.
SRV-000322,EMP-04463,OFC-LON,2026-01-08,POST_RESOLUTION,4,"Very intuitive workflow, much better than the legacy portal."
SRV-000323,EMP-09682,OFC-BOS,2026-01-08,POST_RESOLUTION,3,"Worked fine, but I prefer emailing a real person."
SRV-000324,EMP-03115,OFC-BOS,2026-01-08,POST_RESOLUTION,3,"Worked fine, but I prefer emailing a real person."
SRV-000325,EMP-04211,OFC-GUR,2026-01-08,POST_RESOLUTION,4,"Very intuitive workflow, much better than the legacy portal."
SRV-000326,EMP-09155,OFC-BOS,2026-01-08,POST_RESOLUTION,3,"AI is decent, but didn't fully understand my specific network issue."
SRV-000327,EMP-05693,OFC-LON,2026-01-08,POST_RESOLUTION,3,"Worked fine, but I prefer emailing a real person."
SRV-000328,EMP-09262,OFC-GUR,2026-01-08,POST_RESOLUTION,3,It's okay. Takes some getting used to.
SRV-000329,EMP-04843,OFC-NYC,2026-01-08,POST_RESOLUTION,4,Smooth transition. No complaints.
SRV-000330,EMP-03703,OFC-BOS,2026-01-08,POST_RESOLUTION,5,Self-service articles were actually helpful for once.
SRV-000331,EMP-03238,OFC-BOS,2026-01-08,POST_RESOLUTION,5,The new AI system is incredibly fast. Saves me a lot of time.
SRV-000332,EMP-05031,OFC-NYC,2026-01-08,POST_RESOLUTION,4,"Very intuitive workflow, much better than the legacy portal."
SRV-000333,EMP-09135,OFC-BOS,2026-01-08,POST_RESOLUTION,4,Self-service articles were actually helpful for once.
SRV-000334,EMP-06222,OFC-BOS,2026-01-08,POST_RESOLUTION,3,It's okay. Takes some getting used to.
SRV-000335,EMP-02578,OFC-LON,2026-01-08,POST_RESOLUTION,3,It's okay. Takes some getting used to.
SRV-000336,EMP-08690,OFC-BOS,2026-01-08,POST_RESOLUTION,4,Smooth transition. No complaints.
SRV-000337,EMP-10794,OFC-LON,2026-01-08,POST_RESOLUTION,4,"Very intuitive workflow, much better than the legacy portal."
SRV-000338,EMP-06352,OFC-NYC,2026-01-08,POST_RESOLUTION,5,Self-service articles were actually helpful for once.
SRV-000339,EMP-03642,OFC-GUR,2026-01-08,POST_RESOLUTION,4,Self-service articles were actually helpful for once.
SRV-000340,EMP-05788,OFC-LON,2026-01-08,POST_RESOLUTION,4,Smooth transition. No complaints.
SRV-000341,EMP-10852,OFC-BOS,2026-01-08,POST_RESOLUTION,3,Standard IT portal. Nothing special.
SRV-000342,EMP-10507,OFC-LON,2026-01-08,POST_RESOLUTION,5,Self-service articles were actually helpful for once.
SRV-000343,EMP-08814,OFC-BOS,2026-01-08,POST_RESOLUTION,4,"Very intuitive workflow, much better than the legacy portal."
SRV-000344,EMP-03229,OFC-NYC,2026-01-08,POST_RESOLUTION,5,Self-service articles were actually helpful for once.
SRV-000345,EMP-07923,OFC-LON,2026-01-08,POST_RESOLUTION,4,Smooth transition. No complaints.
SRV-000346,EMP-07659,OFC-NYC,2026-01-08,POST_RESOLUTION,5,Great experience. The AI resolved my password issue in seconds.
SRV-000347,EMP-08225,OFC-SIN,2026-01-08,POST_RESOLUTION,3,Keeps freezing. The latency makes it unusable.
SRV-000348,EMP-06426,OFC-SIN,2026-01-08,POST_RESOLUTION,3,System is way too slow. Massive latency when loading the dashboard.
SRV-000349,EMP-08029,OFC-BOS,2026-01-08,POST_RESOLUTION,4,The new AI system is incredibly fast. Saves me a lot of time.
SRV-000350,EMP-04677,OFC-NYC,2026-01-08,POST_RESOLUTION,4,Great experience. The AI resolved my password issue in seconds.
SRV-000351,EMP-10771,OFC-NYC,2026-01-08,POST_RESOLUTION,4,Self-service articles were actually helpful for once.
SRV-000352,EMP-05831,OFC-GUR,2026-01-08,POST_RESOLUTION,5,The new AI system is incredibly fast. Saves me a lot of time.
SRV-000353,EMP-02961,OFC-NYC,2026-01-08,POST_RESOLUTION,4,The new AI system is incredibly fast. Saves me a lot of time.
SRV-000354,EMP-05900,OFC-BOS,2026-01-08,POST_RESOLUTION,3,"Worked fine, but I prefer emailing a real person."
SRV-000355,EMP-02819,OFC-NYC,2026-01-08,POST_RESOLUTION,4,"Very intuitive workflow, much better than the legacy portal."
SRV-000356,EMP-03843,OFC-SIN,2026-01-08,POST_RESOLUTION,1,Keeps freezing. The latency makes it unusable.
SRV-000357,EMP-01351,OFC-SIN,2026-01-08,POST_RESOLUTION,2,I don't know how to use this. We need more training on the AI portal.
SRV-000358,EMP-06313,OFC-SIN,2026-01-08,POST_RESOLUTION,2,Stop forcing us to use the AI. It's too slow and I need human help.
SRV-000359,EMP-09097,OFC-BOS,2026-01-08,POST_RESOLUTION,4,Smooth transition. No complaints.
SRV-000360,EMP-10123,OFC-SIN,2026-01-08,POST_RESOLUTION,1,Stop forcing us to use the AI. It's too slow and I need human help.
SRV-000361,EMP-08095,OFC-LON,2026-01-08,POST_RESOLUTION,5,Smooth transition. No complaints.
SRV-000362,EMP-03898,OFC-NYC,2026-01-08,POST_RESOLUTION,5,The new AI system is incredibly fast. Saves me a lot of time.
SRV-000363,EMP-03353,OFC-SIN,2026-01-08,POST_RESOLUTION,3,System is way too slow. Massive latency when loading the dashboard.
SRV-000364,EMP-03265,OFC-LON,2026-01-08,POST_RESOLUTION,4,The new AI system is incredibly fast. Saves me a lot of time.
SRV-000365,EMP-07562,OFC-BOS,2026-01-08,POST_RESOLUTION,5,"Very intuitive workflow, much better than the legacy portal."
SRV-000366,EMP-03034,OFC-LON,2026-01-08,POST_RESOLUTION,4,Smooth transition. No complaints.
SRV-000367,EMP-09857,OFC-BOS,2026-01-08,POST_RESOLUTION,4,The new AI system is incredibly fast. Saves me a lot of time.
SRV-000368,EMP-10380,OFC-BOS,2026-01-08,POST_RESOLUTION,3,"Worked fine, but I prefer emailing a real person."
SRV-000369,EMP-05499,OFC-NYC,2026-01-08,POST_RESOLUTION,4,Smooth transition. No complaints.
SRV-000370,EMP-03689,OFC-NYC,2026-01-08,POST_RESOLUTION,3,Standard IT portal. Nothing special.
SRV-000371,EMP-02084,OFC-SIN,2026-01-08,POST_RESOLUTION,3,Stop forcing us to use the AI. It's too slow and I need human help.
SRV-000372,EMP-01053,OFC-SIN,2026-01-08,POST_RESOLUTION,1,I don't know how to use this. We need more training on the AI portal.
SRV-000373,EMP-02534,OFC-NYC,2026-01-08,POST_RESOLUTION,4,The new AI system is incredibly fast. Saves me a lot of time.
SRV-000374,EMP-05767,OFC-BOS,2026-01-08,POST_RESOLUTION,4,Self-service articles were actually helpful for once.
SRV-000375,EMP-10335,OFC-BOS,2026-01-08,POST_RESOLUTION,4,Self-service articles were actually helpful for once.
SRV-000376,EMP-09391,OFC-BOS,2026-01-08,POST_RESOLUTION,4,The new AI system is incredibly fast. Saves me a lot of time.
SRV-000377,EMP-05586,OFC-NYC,2026-01-08,POST_RESOLUTION,3,"Worked fine, but I prefer emailing a real person."
SRV-000378,EMP-05325,OFC-SIN,2026-01-08,POST_RESOLUTION,2,I don't know how to use this. We need more training on the AI portal.
SRV-000379,EMP-10595,OFC-NYC,2026-01-08,POST_RESOLUTION,4,"Very intuitive workflow, much better than the legacy portal."
SRV-000380,EMP-05225,OFC-GUR,2026-01-08,POST_RESOLUTION,4,The new AI system is incredibly fast. Saves me a lot of time.
SRV-000381,EMP-09622,OFC-LON,2026-01-08,POST_RESOLUTION,5,Self-service articles were actually helpful for once.
SRV-000382,EMP-01606,OFC-BOS,2026-01-08,POST_RESOLUTION,5,Smooth transition. No complaints.
SRV-000383,EMP-03242,OFC-LON,2026-01-08,POST_RESOLUTION,5,Great experience. The AI resolved my password issue in seconds.
SRV-000384,EMP-10675,OFC-LON,2026-01-08,POST_RESOLUTION,4,Smooth transition. No complaints.
SRV-000385,EMP-03140,OFC-GUR,2026-01-08,POST_RESOLUTION,4,"Very intuitive workflow, much better than the legacy portal."
SRV-000386,EMP-10059,OFC-BOS,2026-01-08,POST_RESOLUTION,4,"Very intuitive workflow, much better than the legacy portal."
SRV-000387,EMP-05518,OFC-BOS,2026-01-08,POST_RESOLUTION,5,"Very intuitive workflow, much better than the legacy portal."
SRV-000388,EMP-08984,OFC-NYC,2026-01-08,POST_RESOLUTION,5,"Very intuitive workflow, much better than the legacy portal."
SRV-000389,EMP-04528,OFC-SIN,2026-01-08,POST_RESOLUTION,1,Stop forcing us to use the AI. It's too slow and I need human help.
SRV-000390,EMP-04180,OFC-BOS,2026-01-08,POST_RESOLUTION,4,The new AI system is incredibly fast. Saves me a lot of time.
SRV-000391,EMP-07910,OFC-NYC,2026-01-08,POST_RESOLUTION,5,"Very intuitive workflow, much better than the legacy portal."
SRV-000392,EMP-05028,OFC-GUR,2026-01-08,POST_RESOLUTION,4,Self-service articles were actually helpful for once.
SRV-000393,EMP-06256,OFC-BOS,2026-01-08,POST_RESOLUTION,4,Great experience. The AI resolved my password issue in seconds.
SRV-000394,EMP-04472,OFC-LON,2026-01-08,POST_RESOLUTION,4,"Very intuitive workflow, much better than the legacy portal."
SRV-000395,EMP-04443,OFC-SIN,2026-01-08,POST_RESOLUTION,2,Keeps freezing. The latency makes it unusable.
SRV-000396,EMP-08946,OFC-LON,2026-01-08,POST_RESOLUTION,5,"Very intuitive workflow, much better than the legacy portal."
SRV-000397,EMP-10043,OFC-NYC,2026-01-08,POST_RESOLUTION,4,The new AI system is incredibly fast. Saves me a lot of time.
SRV-000398,EMP-04919,OFC-GUR,2026-01-08,POST_RESOLUTION,4,Great experience. The AI resolved my password issue in seconds.
SRV-000399,EMP-08899,OFC-SIN,2026-01-08,POST_RESOLUTION,1,System is way too slow. Massive latency when loading the dashboard.
SRV-000400,EMP-02228,OFC-SIN,2026-01-08,POST_RESOLUTION,1,Stop forcing us to use the AI. It's too slow and I need human help.
SRV-000401,EMP-03272,OFC-LON,2026-01-08,POST_RESOLUTION,4,"Very intuitive workflow, much better than the legacy portal."
SRV-000402,EMP-06093,OFC-BOS,2026-01-08,POST_RESOLUTION,4,"Very intuitive workflow, much better than the legacy portal."
SRV-000403,EMP-06916,OFC-SIN,2026-01-08,POST_RESOLUTION,1,Stop forcing us to use the AI. It's too slow and I need human help.
SRV-000404,EMP-03728,OFC-BOS,2026-01-08,POST_RESOLUTION,4,Self-service articles were actually helpful for once.
SRV-000405,EMP-09814,OFC-GUR,2026-01-08,POST_RESOLUTION,5,Self-service articles were actually helpful for once.
SRV-000406,EMP-06087,OFC-BOS,2026-01-08,POST_RESOLUTION,4,"Very intuitive workflow, much better than the legacy portal."
SRV-000407,EMP-01940,OFC-NYC,2026-01-08,POST_RESOLUTION,4,"Very intuitive workflow, much better than the legacy portal."
SRV-000408,EMP-02443,OFC-NYC,2026-01-08,POST_RESOLUTION,5,The new AI system is incredibly fast. Saves me a lot of time.
SRV-000409,EMP-03026,OFC-GUR,2026-01-08,POST_RESOLUTION,4,"Very intuitive workflow, much better than the legacy portal."
SRV-000410,EMP-07546,OFC-LON,2026-01-08,POST_RESOLUTION,5,Great experience. The AI resolved my password issue in seconds.
SRV-000411,EMP-01119,OFC-LON,2026-01-08,POST_RESOLUTION,4,Self-service articles were actually helpful for once.
SRV-000412,EMP-01218,OFC-LON,2026-01-08,POST_RESOLUTION,5,Self-service articles were actually helpful for once.
SRV-000413,EMP-07846,OFC-NYC,2026-01-08,POST_RESOLUTION,5,The new AI system is incredibly fast. Saves me a lot of time.
SRV-000414,EMP-07119,OFC-GUR,2026-01-08,POST_RESOLUTION,4,Self-service articles were actually helpful for once.
SRV-000415,EMP-08558,OFC-LON,2026-01-08,POST_RESOLUTION,5,Self-service articles were actually helpful for once.
SRV-000416,EMP-06223,OFC-NYC,2026-01-08,POST_RESOLUTION,5,Smooth transition. No complaints.
SRV-000417,EMP-09828,OFC-NYC,2026-01-08,POST_RESOLUTION,4,Great experience. The AI resolved my password issue in seconds.
SRV-000418,EMP-03434,OFC-SIN,2026-01-08,POST_RESOLUTION,1,Confusing interface. I just want to submit an email ticket.
SRV-000419,EMP-05546,OFC-BOS,2026-01-08,POST_RESOLUTION,4,Self-service articles were actually helpful for once.
SRV-000420,EMP-10179,OFC-BOS,2026-01-08,POST_RESOLUTION,5,The new AI system is incredibly fast. Saves me a lot of time.
SRV-000421,EMP-02762,OFC-BOS,2026-01-08,POST_RESOLUTION,4,The new AI system is incredibly fast. Saves me a lot of time.
SRV-000422,EMP-06072,OFC-LON,2026-01-08,POST_RESOLUTION,3,"Worked fine, but I prefer emailing a real person."
SRV-000423,EMP-10903,OFC-LON,2026-01-08,POST_RESOLUTION,3,Standard IT portal. Nothing special.
SRV-000424,EMP-05896,OFC-BOS,2026-01-08,POST_RESOLUTION,4,Smooth transition. No complaints.
SRV-000425,EMP-10078,OFC-GUR,2026-01-08,POST_RESOLUTION,4,Self-service articles were actually helpful for once.
SRV-000426,EMP-06857,OFC-BOS,2026-01-08,POST_RESOLUTION,4,The new AI system is incredibly fast. Saves me a lot of time.
SRV-000427,EMP-07898,OFC-NYC,2026-01-08,POST_RESOLUTION,5,The new AI system is incredibly fast. Saves me a lot of time.
SRV-000428,EMP-07705,OFC-GUR,2026-01-08,POST_RESOLUTION,4,Smooth transition. No complaints.
SRV-000429,EMP-09379,OFC-NYC,2026-01-08,POST_RESOLUTION,3,"AI is decent, but didn't fully understand my specific network issue."
SRV-000430,EMP-08544,OFC-BOS,2026-01-08,POST_RESOLUTION,3,"Worked fine, but I prefer emailing a real person."
SRV-000431,EMP-09779,OFC-NYC,2026-01-08,POST_RESOLUTION,4,Self-service articles were actually helpful for once.
SRV-000432,EMP-08742,OFC-GUR,2026-01-08,POST_RESOLUTION,4,Great experience. The AI resolved my password issue in seconds.
SRV-000433,EMP-02435,OFC-BOS,2026-01-08,POST_RESOLUTION,4,Smooth transition. No complaints.
SRV-000434,EMP-06581,OFC-NYC,2026-01-08,POST_RESOLUTION,4,Smooth transition. No complaints.
SRV-000435,EMP-07799,OFC-LON,2026-01-08,POST_RESOLUTION,4,The new AI system is incredibly fast. Saves me a lot of time.
SRV-000436,EMP-01034,OFC-SIN,2026-01-08,POST_RESOLUTION,1,Stop forcing us to use the AI. It's too slow and I need human help.
SRV-000437,EMP-04533,OFC-NYC,2026-01-08,POST_RESOLUTION,3,Standard IT portal. Nothing special.
SRV-000438,EMP-08679,OFC-BOS,2026-01-08,POST_RESOLUTION,5,Self-service articles were actually helpful for once.
SRV-000439,EMP-10458,OFC-GUR,2026-01-08,POST_RESOLUTION,4,The new AI system is incredibly fast. Saves me a lot of time.
SRV-000440,EMP-07873,OFC-NYC,2026-01-08,POST_RESOLUTION,5,Great experience. The AI resolved my password issue in seconds.
SRV-000441,EMP-02862,OFC-BOS,2026-01-08,POST_RESOLUTION,5,The new AI system is incredibly fast. Saves me a lot of time.
SRV-000442,EMP-10680,OFC-LON,2026-01-08,POST_RESOLUTION,4,Smooth transition. No complaints.
SRV-000443,EMP-05104,OFC-NYC,2026-01-08,POST_RESOLUTION,5,Smooth transition. No complaints.
SRV-000444,EMP-01385,OFC-GUR,2026-01-08,POST_RESOLUTION,3,Standard IT portal. Nothing special.
SRV-000445,EMP-06537,OFC-SIN,2026-01-08,POST_RESOLUTION,2,Keeps freezing. The latency makes it unusable.
SRV-000446,EMP-10743,OFC-GUR,2026-01-08,POST_RESOLUTION,4,Great experience. The AI resolved my password issue in seconds.
SRV-000447,EMP-09885,OFC-GUR,2026-01-08,POST_RESOLUTION,5,The new AI system is incredibly fast. Saves me a lot of time.
SRV-000448,EMP-05596,OFC-GUR,2026-01-08,POST_RESOLUTION,3,"Worked fine, but I prefer emailing a real person."
SRV-000449,EMP-03408,OFC-SIN,2026-01-08,POST_RESOLUTION,2,Confusing interface. I just want to submit an email ticket.
SRV-000450,EMP-01297,OFC-BOS,2026-01-08,POST_RESOLUTION,3,"Worked fine, but I prefer emailing a real person."
SRV-000451,EMP-08266,OFC-BOS,2026-01-08,POST_RESOLUTION,5,The new AI system is incredibly fast. Saves me a lot of time.
SRV-000452,EMP-10256,OFC-BOS,2026-01-08,POST_RESOLUTION,4,Self-service articles were actually helpful for once.
SRV-000453,EMP-07367,OFC-BOS,2026-01-08,POST_RESOLUTION,4,Smooth transition. No complaints.
SRV-000454,EMP-01495,OFC-NYC,2026-01-08,POST_RESOLUTION,4,Self-service articles were actually helpful for once.
SRV-000455,EMP-09657,OFC-BOS,2026-01-08,POST_RESOLUTION,4,Great experience. The AI resolved my password issue in seconds.
SRV-000456,EMP-08019,OFC-GUR,2026-01-08,POST_RESOLUTION,4,Self-service articles were actually helpful for once.
SRV-000457,EMP-10682,OFC-NYC,2026-01-08,POST_RESOLUTION,5,Great experience. The AI resolved my password issue in seconds.
SRV-000458,EMP-06995,OFC-GUR,2026-01-08,POST_RESOLUTION,3,"Worked fine, but I prefer emailing a real person."
SRV-000459,EMP-03983,OFC-GUR,2026-01-08,POST_RESOLUTION,5,Smooth transition. No complaints.
SRV-000460,EMP-04261,OFC-LON,2026-01-08,POST_RESOLUTION,4,"Very intuitive workflow, much better than the legacy portal."
SRV-000461,EMP-05854,OFC-LON,2026-01-08,POST_RESOLUTION,5,"Very intuitive workflow, much better than the legacy portal."
SRV-000462,EMP-04595,OFC-LON,2026-01-08,POST_RESOLUTION,4,Great experience. The AI resolved my password issue in seconds.
SRV-000463,EMP-10252,OFC-BOS,2026-01-08,POST_RESOLUTION,4,Great experience. The AI resolved my password issue in seconds.
SRV-000464,EMP-04882,OFC-SIN,2026-01-08,POST_RESOLUTION,3,I don't know how to use this. We need more training on the AI portal.
SRV-000465,EMP-10630,OFC-BOS,2026-01-08,POST_RESOLUTION,4,Smooth transition. No complaints.
SRV-000466,EMP-09221,OFC-BOS,2026-01-08,POST_RESOLUTION,4,Smooth transition. No complaints.
SRV-000467,EMP-04329,OFC-GUR,2026-01-08,POST_RESOLUTION,3,"Worked fine, but I prefer emailing a real person."
SRV-000468,EMP-06557,OFC-GUR,2026-01-08,POST_RESOLUTION,3,"AI is decent, but didn't fully understand my specific network issue."
SRV-000469,EMP-04091,OFC-SIN,2026-01-08,POST_RESOLUTION,2,Confusing interface. I just want to submit an email ticket.
SRV-000470,EMP-10343,OFC-GUR,2026-01-08,POST_RESOLUTION,5,The new AI system is incredibly fast. Saves me a lot of time.
SRV-000471,EMP-03988,OFC-GUR,2026-01-08,POST_RESOLUTION,4,Self-service articles were actually helpful for once.
SRV-000472,EMP-05058,OFC-SIN,2026-01-08,POST_RESOLUTION,1,Keeps freezing. The latency makes it unusable.
SRV-000473,EMP-01474,OFC-LON,2026-01-08,POST_RESOLUTION,4,"Very intuitive workflow, much better than the legacy portal."
SRV-000474,EMP-09408,OFC-LON,2026-01-08,POST_RESOLUTION,4,Great experience. The AI resolved my password issue in seconds.
SRV-000475,EMP-08276,OFC-NYC,2026-01-08,POST_RESOLUTION,4,Smooth transition. No complaints.
SRV-000476,EMP-10466,OFC-SIN,2026-01-08,POST_RESOLUTION,3,Confusing interface. I just want to submit an email ticket.
SRV-000477,EMP-04323,OFC-LON,2026-01-08,POST_RESOLUTION,5,Self-service articles were actually helpful for once.
SRV-000478,EMP-07933,OFC-BOS,2026-01-08,POST_RESOLUTION,3,"AI is decent, but didn't fully understand my specific network issue."
SRV-000479,EMP-03997,OFC-NYC,2026-01-08,POST_RESOLUTION,5,Great experience. The AI resolved my password issue in seconds.
SRV-000480,EMP-01960,OFC-BOS,2026-01-08,POST_RESOLUTION,4,Great experience. The AI resolved my password issue in seconds.
SRV-000481,EMP-04165,OFC-LON,2026-01-08,POST_RESOLUTION,5,"Very intuitive workflow, much better than the legacy portal."
SRV-000482,EMP-06320,OFC-NYC,2026-01-08,POST_RESOLUTION,3,"AI is decent, but didn't fully understand my specific network issue."
SRV-000483,EMP-07168,OFC-BOS,2026-01-08,POST_RESOLUTION,4,"Very intuitive workflow, much better than the legacy portal."
SRV-000484,EMP-09390,OFC-LON,2026-01-08,POST_RESOLUTION,4,The new AI system is incredibly fast. Saves me a lot of time.
SRV-000485,EMP-03754,OFC-SIN,2026-01-08,POST_RESOLUTION,1,Keeps freezing. The latency makes it unusable.
SRV-000486,EMP-03325,OFC-SIN,2026-01-08,POST_RESOLUTION,1,Confusing interface. I just want to submit an email ticket.
SRV-000487,EMP-10908,OFC-BOS,2026-01-08,POST_RESOLUTION,3,"Worked fine, but I prefer emailing a real person."
SRV-000488,EMP-09989,OFC-LON,2026-01-08,POST_RESOLUTION,3,It's okay. Takes some getting used to.
SRV-000489,EMP-04565,OFC-GUR,2026-01-08,POST_RESOLUTION,4,"Very intuitive workflow, much better than the legacy portal."
SRV-000490,EMP-10455,OFC-NYC,2026-01-08,POST_RESOLUTION,3,"Worked fine, but I prefer emailing a real person."
SRV-000491,EMP-09280,OFC-NYC,2026-01-08,POST_RESOLUTION,4,"Very intuitive workflow, much better than the legacy portal."
SRV-000492,EMP-06760,OFC-GUR,2026-01-08,POST_RESOLUTION,3,Standard IT portal. Nothing special.
SRV-000493,EMP-03700,OFC-LON,2026-01-08,POST_RESOLUTION,4,"Very intuitive workflow, much better than the legacy portal."
SRV-000494,EMP-03705,OFC-GUR,2026-01-08,POST_RESOLUTION,3,It's okay. Takes some getting used to.
SRV-000495,EMP-10110,OFC-SIN,2026-01-08,POST_RESOLUTION,3,System is way too slow. Massive latency when loading the dashboard.
SRV-000496,EMP-04961,OFC-NYC,2026-01-08,POST_RESOLUTION,5,"Very intuitive workflow, much better than the legacy portal."
SRV-000497,EMP-07537,OFC-SIN,2026-01-08,POST_RESOLUTION,1,Stop forcing us to use the AI. It's too slow and I need human help.
SRV-000498,EMP-08133,OFC-BOS,2026-01-08,POST_RESOLUTION,4,Smooth transition. No complaints.
SRV-000499,EMP-10689,OFC-GUR,2026-01-08,POST_RESOLUTION,3,It's okay. Takes some getting used to.
SRV-000500,EMP-04419,OFC-BOS,2026-01-08,POST_RESOLUTION,5,Great experience. The AI resolved my password issue in seconds.
SRV-000501,EMP-06702,OFC-LON,2026-01-08,POST_RESOLUTION,4,Great experience. The AI resolved my password issue in seconds.
SRV-000502,EMP-09449,OFC-GUR,2026-01-08,POST_RESOLUTION,3,Standard IT portal. Nothing special.
SRV-000503,EMP-10404,OFC-BOS,2026-01-08,POST_RESOLUTION,4,Great experience. The AI resolved my password issue in seconds.
SRV-000504,EMP-02899,OFC-GUR,2026-01-08,POST_RESOLUTION,3,"AI is decent, but didn't fully understand my specific network issue."
SRV-000505,EMP-06495,OFC-NYC,2026-01-08,POST_RESOLUTION,4,Great experience. The AI resolved my password issue in seconds.
SRV-000506,EMP-04923,OFC-NYC,2026-01-08,POST_RESOLUTION,4,"Very intuitive workflow, much better than the legacy portal."
SRV-000507,EMP-03351,OFC-SIN,2026-01-08,POST_RESOLUTION,1,I don't know how to use this. We need more training on the AI portal.
SRV-000508,EMP-06848,OFC-NYC,2026-01-08,POST_RESOLUTION,4,The new AI system is incredibly fast. Saves me a lot of time.
SRV-000509,EMP-10163,OFC-NYC,2026-01-08,POST_RESOLUTION,3,It's okay. Takes some getting used to.
SRV-000510,EMP-04709,OFC-SIN,2026-01-08,POST_RESOLUTION,1,Stop forcing us to use the AI. It's too slow and I need human help.
SRV-000511,EMP-02738,OFC-NYC,2026-01-08,POST_RESOLUTION,3,Standard IT portal. Nothing special.
SRV-000512,EMP-03173,OFC-SIN,2026-01-08,POST_RESOLUTION,3,I don't know how to use this. We need more training on the AI portal.
SRV-000513,EMP-09843,OFC-SIN,2026-01-08,POST_RESOLUTION,1,Confusing interface. I just want to submit an email ticket.
SRV-000514,EMP-10927,OFC-SIN,2026-01-08,POST_RESOLUTION,2,Stop forcing us to use the AI. It's too slow and I need human help.
SRV-000515,EMP-02489,OFC-NYC,2026-01-08,POST_RESOLUTION,4,The new AI system is incredibly fast. Saves me a lot of time.
SRV-000516,EMP-06833,OFC-NYC,2026-01-08,POST_RESOLUTION,4,Smooth transition. No complaints.
SRV-000517,EMP-06090,OFC-BOS,2026-01-08,POST_RESOLUTION,4,"Very intuitive workflow, much better than the legacy portal."
SRV-000518,EMP-03214,OFC-GUR,2026-01-08,POST_RESOLUTION,4,The new AI system is incredibly fast. Saves me a lot of time.
SRV-000519,EMP-05803,OFC-BOS,2026-01-08,POST_RESOLUTION,4,Great experience. The AI resolved my password issue in seconds.
SRV-000520,EMP-07760,OFC-NYC,2026-01-08,POST_RESOLUTION,4,"Very intuitive workflow, much better than the legacy portal."
SRV-000521,EMP-03150,OFC-NYC,2026-01-08,POST_RESOLUTION,4,Great experience. The AI resolved my password issue in seconds.
SRV-000522,EMP-10769,OFC-BOS,2026-01-08,POST_RESOLUTION,4,Smooth transition. No complaints.
SRV-000523,EMP-01859,OFC-BOS,2026-01-08,POST_RESOLUTION,4,Smooth transition. No complaints.
SRV-000524,EMP-03496,OFC-LON,2026-01-08,POST_RESOLUTION,4,Smooth transition. No complaints.
SRV-000525,EMP-03794,OFC-NYC,2026-01-08,POST_RESOLUTION,3,"Worked fine, but I prefer emailing a real person."
SRV-000526,EMP-08619,OFC-NYC,2026-01-08,POST_RESOLUTION,4,Great experience. The AI resolved my password issue in seconds.
SRV-000527,EMP-05188,OFC-GUR,2026-01-08,POST_RESOLUTION,3,"AI is decent, but didn't fully understand my specific network issue."
SRV-000528,EMP-08497,OFC-SIN,2026-01-08,POST_RESOLUTION,1,Confusing interface. I just want to submit an email ticket.
SRV-000529,EMP-06372,OFC-NYC,2026-01-08,POST_RESOLUTION,4,Great experience. The AI resolved my password issue in seconds.
SRV-000530,EMP-07590,OFC-LON,2026-01-08,POST_RESOLUTION,5,"Very intuitive workflow, much better than the legacy portal."
SRV-000531,EMP-06763,OFC-BOS,2026-01-08,POST_RESOLUTION,5,Great experience. The AI resolved my password issue in seconds.
SRV-000532,EMP-06365,OFC-SIN,2026-01-08,POST_RESOLUTION,1,Stop forcing us to use the AI. It's too slow and I need human help.
SRV-000533,EMP-02951,OFC-BOS,2026-01-08,POST_RESOLUTION,4,Self-service articles were actually helpful for once.
SRV-000534,EMP-04769,OFC-BOS,2026-01-08,POST_RESOLUTION,4,"Very intuitive workflow, much better than the legacy portal."
SRV-000535,EMP-02034,OFC-BOS,2026-01-08,POST_RESOLUTION,3,"Worked fine, but I prefer emailing a real person."
SRV-000536,EMP-03891,OFC-GUR,2026-01-08,POST_RESOLUTION,5,Smooth transition. No complaints.
SRV-000537,EMP-10278,OFC-BOS,2026-01-08,POST_RESOLUTION,5,Great experience. The AI resolved my password issue in seconds.
SRV-000538,EMP-10483,OFC-GUR,2026-01-08,POST_RESOLUTION,5,"Very intuitive workflow, much better than the legacy portal."
SRV-000539,EMP-10442,OFC-BOS,2026-01-08,POST_RESOLUTION,3,"Worked fine, but I prefer emailing a real person."
SRV-000540,EMP-02307,OFC-GUR,2026-01-08,POST_RESOLUTION,4,Great experience. The AI resolved my password issue in seconds.
SRV-000541,EMP-03411,OFC-BOS,2026-01-08,POST_RESOLUTION,5,The new AI system is incredibly fast. Saves me a lot of time.
SRV-000542,EMP-04184,OFC-LON,2026-01-08,POST_RESOLUTION,4,Self-service articles were actually helpful for once.
SRV-000543,EMP-05608,OFC-SIN,2026-01-08,POST_RESOLUTION,3,I don't know how to use this. We need more training on the AI portal.
SRV-000544,EMP-09435,OFC-BOS,2026-01-08,POST_RESOLUTION,3,"Worked fine, but I prefer emailing a real person."
SRV-000545,EMP-08393,OFC-LON,2026-01-08,POST_RESOLUTION,4,Self-service articles were actually helpful for once.
SRV-000546,EMP-07340,OFC-BOS,2026-01-08,POST_RESOLUTION,4,Self-service articles were actually helpful for once.
SRV-000547,EMP-01044,OFC-NYC,2026-01-08,POST_RESOLUTION,3,It's okay. Takes some getting used to.
SRV-000548,EMP-10980,OFC-NYC,2026-01-08,POST_RESOLUTION,4,"Very intuitive workflow, much better than the legacy portal."
SRV-000549,EMP-10396,OFC-BOS,2026-01-08,POST_RESOLUTION,4,"Very intuitive workflow, much better than the legacy portal."
SRV-000550,EMP-04519,OFC-BOS,2026-01-08,POST_RESOLUTION,3,Standard IT portal. Nothing special.
SRV-000551,EMP-08779,OFC-LON,2026-01-08,POST_RESOLUTION,4,Great experience. The AI resolved my password issue in seconds.
SRV-000552,EMP-05284,OFC-LON,2026-01-08,POST_RESOLUTION,4,"Very intuitive workflow, much better than the legacy portal."
SRV-000553,EMP-04415,OFC-LON,2026-01-08,POST_RESOLUTION,4,"Very intuitive workflow, much better than the legacy portal."
SRV-000554,EMP-10835,OFC-BOS,2026-01-08,POST_RESOLUTION,5,The new AI system is incredibly fast. Saves me a lot of time.
SRV-000555,EMP-07549,OFC-NYC,2026-01-08,POST_RESOLUTION,4,Great experience. The AI resolved my password issue in seconds.
SRV-000556,EMP-05806,OFC-BOS,2026-01-08,POST_RESOLUTION,4,Great experience. The AI resolved my password issue in seconds.
SRV-000557,EMP-06709,OFC-SIN,2026-01-08,POST_RESOLUTION,3,Keeps freezing. The latency makes it unusable.
SRV-000558,EMP-03781,OFC-GUR,2026-01-08,POST_RESOLUTION,5,Smooth transition. No complaints.
SRV-000559,EMP-04529,OFC-NYC,2026-01-08,POST_RESOLUTION,3,"AI is decent, but didn't fully understand my specific network issue."
SRV-000560,EMP-08503,OFC-BOS,2026-01-08,POST_RESOLUTION,5,Great experience. The AI resolved my password issue in seconds.
SRV-000561,EMP-02692,OFC-NYC,2026-01-08,POST_RESOLUTION,3,It's okay. Takes some getting used to.
SRV-000562,EMP-01093,OFC-LON,2026-01-08,POST_RESOLUTION,3,Standard IT portal. Nothing special.
SRV-000563,EMP-04673,OFC-BOS,2026-01-08,POST_RESOLUTION,4,Great experience. The AI resolved my password issue in seconds.
SRV-000564,EMP-04246,OFC-LON,2026-01-08,POST_RESOLUTION,4,Great experience. The AI resolved my password issue in seconds.
SRV-000565,EMP-06716,OFC-BOS,2026-01-08,POST_RESOLUTION,5,Smooth transition. No complaints.
SRV-000566,EMP-01767,OFC-SIN,2026-01-08,POST_RESOLUTION,2,System is way too slow. Massive latency when loading the dashboard.
SRV-000567,EMP-10414,OFC-LON,2026-01-08,POST_RESOLUTION,5,Smooth transition. No complaints.
SRV-000568,EMP-09286,OFC-NYC,2026-01-08,POST_RESOLUTION,5,Great experience. The AI resolved my password issue in seconds.
SRV-000569,EMP-07154,OFC-BOS,2026-01-08,POST_RESOLUTION,4,Great experience. The AI resolved my password issue in seconds.
SRV-000570,EMP-01936,OFC-BOS,2026-01-08,POST_RESOLUTION,4,The new AI system is incredibly fast. Saves me a lot of time.
SRV-000571,EMP-05810,OFC-BOS,2026-01-08,POST_RESOLUTION,5,Self-service articles were actually helpful for once.
SRV-000572,EMP-06599,OFC-GUR,2026-01-08,POST_RESOLUTION,5,Self-service articles were actually helpful for once.
SRV-000573,EMP-07183,OFC-SIN,2026-01-08,POST_RESOLUTION,2,Stop forcing us to use the AI. It's too slow and I need human help.
SRV-000574,EMP-01077,OFC-BOS,2026-01-08,POST_RESOLUTION,5,Great experience. The AI resolved my password issue in seconds.
SRV-000575,EMP-10424,OFC-SIN,2026-01-08,POST_RESOLUTION,1,Confusing interface. I just want to submit an email ticket.
SRV-000576,EMP-05119,OFC-GUR,2026-01-08,POST_RESOLUTION,5,Smooth transition. No complaints.
SRV-000577,EMP-10990,OFC-LON,2026-01-08,POST_RESOLUTION,5,Smooth transition. No complaints.
SRV-000578,EMP-09054,OFC-GUR,2026-01-08,POST_RESOLUTION,5,"Very intuitive workflow, much better than the legacy portal."
SRV-000579,EMP-03979,OFC-SIN,2026-01-08,POST_RESOLUTION,1,Stop forcing us to use the AI. It's too slow and I need human help.
SRV-000580,EMP-09173,OFC-NYC,2026-01-08,POST_RESOLUTION,4,"Very intuitive workflow, much better than the legacy portal."
SRV-000581,EMP-06297,OFC-LON,2026-01-08,POST_RESOLUTION,4,Self-service articles were actually helpful for once.
SRV-000582,EMP-03503,OFC-SIN,2026-01-08,POST_RESOLUTION,1,Stop forcing us to use the AI. It's too slow and I need human help.
SRV-000583,EMP-01667,OFC-BOS,2026-01-08,POST_RESOLUTION,4,Great experience. The AI resolved my password issue in seconds.
SRV-000584,EMP-03859,OFC-BOS,2026-01-08,POST_RESOLUTION,4,The new AI system is incredibly fast. Saves me a lot of time.
SRV-000585,EMP-10593,OFC-NYC,2026-01-08,POST_RESOLUTION,4,Great experience. The AI resolved my password issue in seconds.
SRV-000586,EMP-09978,OFC-LON,2026-01-08,POST_RESOLUTION,4,Self-service articles were actually helpful for once.
SRV-000587,EMP-10584,OFC-SIN,2026-01-08,POST_RESOLUTION,2,Stop forcing us to use the AI. It's too slow and I need human help.
SRV-000588,EMP-03483,OFC-BOS,2026-01-08,POST_RESOLUTION,4,"Very intuitive workflow, much better than the legacy portal."
SRV-000589,EMP-05966,OFC-SIN,2026-01-08,POST_RESOLUTION,1,Stop forcing us to use the AI. It's too slow and I need human help.
SRV-000590,EMP-09275,OFC-GUR,2026-01-08,POST_RESOLUTION,4,"Very intuitive workflow, much better than the legacy portal."
SRV-000591,EMP-10827,OFC-LON,2026-01-08,POST_RESOLUTION,3,It's okay. Takes some getting used to.
SRV-000592,EMP-06884,OFC-LON,2026-01-08,POST_RESOLUTION,3,"AI is decent, but didn't fully understand my specific network issue."
SRV-000593,EMP-01193,OFC-LON,2026-01-08,POST_RESOLUTION,3,It's okay. Takes some getting used to.
SRV-000594,EMP-04917,OFC-NYC,2026-01-08,POST_RESOLUTION,4,The new AI system is incredibly fast. Saves me a lot of time.
SRV-000595,EMP-06402,OFC-SIN,2026-01-08,POST_RESOLUTION,2,Stop forcing us to use the AI. It's too slow and I need human help.
SRV-000596,EMP-04900,OFC-NYC,2026-01-08,POST_RESOLUTION,3,Standard IT portal. Nothing special.
SRV-000597,EMP-03698,OFC-GUR,2026-01-08,POST_RESOLUTION,3,"AI is decent, but didn't fully understand my specific network issue."
SRV-000598,EMP-02495,OFC-GUR,2026-01-08,POST_RESOLUTION,5,"Very intuitive workflow, much better than the legacy portal."
SRV-000599,EMP-01503,OFC-GUR,2026-01-08,POST_RESOLUTION,4,The new AI system is incredibly fast. Saves me a lot of time.
SRV-000600,EMP-06316,OFC-NYC,2026-01-08,POST_RESOLUTION,5,Self-service articles were actually helpful for once.
SRV-000601,EMP-08547,OFC-NYC,2026-01-15,POST_RESOLUTION,4,Great experience. The AI resolved my password issue in seconds.
SRV-000602,EMP-09858,OFC-LON,2026-01-15,POST_RESOLUTION,5,Self-service articles were actually helpful for once.
SRV-000603,EMP-05742,OFC-BOS,2026-01-15,POST_RESOLUTION,4,"Very intuitive workflow, much better than the legacy portal."
SRV-000604,EMP-09369,OFC-BOS,2026-01-15,POST_RESOLUTION,5,Great experience. The AI resolved my password issue in seconds.
SRV-000605,EMP-08070,OFC-NYC,2026-01-15,POST_RESOLUTION,4,Self-service articles were actually helpful for once.
SRV-000606,EMP-07234,OFC-NYC,2026-01-15,POST_RESOLUTION,5,Self-service articles were actually helpful for once.
SRV-000607,EMP-05316,OFC-GUR,2026-01-15,POST_RESOLUTION,4,Great experience. The AI resolved my password issue in seconds.
SRV-000608,EMP-07915,OFC-BOS,2026-01-15,POST_RESOLUTION,3,"Worked fine, but I prefer emailing a real person."
SRV-000609,EMP-04235,OFC-BOS,2026-01-15,POST_RESOLUTION,4,Great experience. The AI resolved my password issue in seconds.
SRV-000610,EMP-03391,OFC-BOS,2026-01-15,POST_RESOLUTION,4,Self-service articles were actually helpful for once.
SRV-000611,EMP-10103,OFC-GUR,2026-01-15,POST_RESOLUTION,5,The new AI system is incredibly fast. Saves me a lot of time.
SRV-000612,EMP-08891,OFC-LON,2026-01-15,POST_RESOLUTION,3,"AI is decent, but didn't fully understand my specific network issue."
SRV-000613,EMP-05050,OFC-SIN,2026-01-15,POST_RESOLUTION,2,System is way too slow. Massive latency when loading the dashboard.
SRV-000614,EMP-03669,OFC-NYC,2026-01-15,POST_RESOLUTION,5,Smooth transition. No complaints.
SRV-000615,EMP-02010,OFC-BOS,2026-01-15,POST_RESOLUTION,4,The new AI system is incredibly fast. Saves me a lot of time.
SRV-000616,EMP-06370,OFC-NYC,2026-01-15,POST_RESOLUTION,5,Self-service articles were actually helpful for once.
SRV-000617,EMP-04640,OFC-BOS,2026-01-15,POST_RESOLUTION,3,Standard IT portal. Nothing special.
SRV-000618,EMP-09470,OFC-BOS,2026-01-15,POST_RESOLUTION,4,The new AI system is incredibly fast. Saves me a lot of time.
SRV-000619,EMP-02073,OFC-BOS,2026-01-15,POST_RESOLUTION,5,The new AI system is incredibly fast. Saves me a lot of time.
SRV-000620,EMP-08859,OFC-BOS,2026-01-15,POST_RESOLUTION,4,The new AI system is incredibly fast. Saves me a lot of time.
SRV-000621,EMP-10116,OFC-LON,2026-01-15,POST_RESOLUTION,4,"Very intuitive workflow, much better than the legacy portal."
SRV-000622,EMP-09561,OFC-SIN,2026-01-15,POST_RESOLUTION,2,I don't know how to use this. We need more training on the AI portal.
SRV-000623,EMP-07633,OFC-LON,2026-01-15,POST_RESOLUTION,4,The new AI system is incredibly fast. Saves me a lot of time.
SRV-000624,EMP-09356,OFC-NYC,2026-01-15,POST_RESOLUTION,5,Smooth transition. No complaints.
SRV-000625,EMP-05640,OFC-SIN,2026-01-15,POST_RESOLUTION,3,I don't know how to use this. We need more training on the AI portal.
SRV-000626,EMP-06438,OFC-BOS,2026-01-15,POST_RESOLUTION,3,Standard IT portal. Nothing special.
SRV-000627,EMP-10612,OFC-SIN,2026-01-15,POST_RESOLUTION,3,I don't know how to use this. We need more training on the AI portal.
SRV-000628,EMP-05469,OFC-SIN,2026-01-15,POST_RESOLUTION,1,Stop forcing us to use the AI. It's too slow and I need human help.
SRV-000629,EMP-05088,OFC-GUR,2026-01-15,POST_RESOLUTION,4,The new AI system is incredibly fast. Saves me a lot of time.
SRV-000630,EMP-06796,OFC-BOS,2026-01-15,POST_RESOLUTION,5,Smooth transition. No complaints.
SRV-000631,EMP-10679,OFC-NYC,2026-01-15,POST_RESOLUTION,5,"Very intuitive workflow, much better than the legacy portal."
SRV-000632,EMP-10977,OFC-GUR,2026-01-15,POST_RESOLUTION,5,Great experience. The AI resolved my password issue in seconds.
SRV-000633,EMP-08964,OFC-LON,2026-01-15,POST_RESOLUTION,5,Self-service articles were actually helpful for once.
SRV-000634,EMP-04339,OFC-GUR,2026-01-15,POST_RESOLUTION,4,Self-service articles were actually helpful for once.
SRV-000635,EMP-01994,OFC-NYC,2026-01-15,POST_RESOLUTION,4,"Very intuitive workflow, much better than the legacy portal."
SRV-000636,EMP-09170,OFC-GUR,2026-01-15,POST_RESOLUTION,4,Smooth transition. No complaints.
SRV-000637,EMP-06325,OFC-LON,2026-01-15,POST_RESOLUTION,4,Smooth transition. No complaints.
SRV-000638,EMP-01298,OFC-LON,2026-01-15,POST_RESOLUTION,4,The new AI system is incredibly fast. Saves me a lot of time.
SRV-000639,EMP-04843,OFC-NYC,2026-01-15,POST_RESOLUTION,5,"Very intuitive workflow, much better than the legacy portal."
SRV-000640,EMP-07995,OFC-LON,2026-01-15,POST_RESOLUTION,4,Self-service articles were actually helpful for once.
SRV-000641,EMP-09893,OFC-LON,2026-01-15,POST_RESOLUTION,5,The new AI system is incredibly fast. Saves me a lot of time.
SRV-000642,EMP-02699,OFC-LON,2026-01-15,POST_RESOLUTION,5,Smooth transition. No complaints.
SRV-000643,EMP-03600,OFC-LON,2026-01-15,POST_RESOLUTION,3,It's okay. Takes some getting used to.
SRV-000644,EMP-03097,OFC-LON,2026-01-15,POST_RESOLUTION,4,Self-service articles were actually helpful for once.
SRV-000645,EMP-08968,OFC-NYC,2026-01-15,POST_RESOLUTION,4,Smooth transition. No complaints.
SRV-000646,EMP-10715,OFC-LON,2026-01-15,POST_RESOLUTION,4,Great experience. The AI resolved my password issue in seconds.
SRV-000647,EMP-05716,OFC-LON,2026-01-15,POST_RESOLUTION,5,Great experience. The AI resolved my password issue in seconds.
SRV-000648,EMP-09088,OFC-BOS,2026-01-15,POST_RESOLUTION,4,"Very intuitive workflow, much better than the legacy portal."
SRV-000649,EMP-01926,OFC-NYC,2026-01-15,POST_RESOLUTION,5,The new AI system is incredibly fast. Saves me a lot of time.
SRV-000650,EMP-10863,OFC-GUR,2026-01-15,POST_RESOLUTION,5,Smooth transition. No complaints.
SRV-000651,EMP-09647,OFC-BOS,2026-01-15,POST_RESOLUTION,4,"Very intuitive workflow, much better than the legacy portal."
SRV-000652,EMP-03062,OFC-GUR,2026-01-15,POST_RESOLUTION,5,The new AI system is incredibly fast. Saves me a lot of time.
SRV-000653,EMP-05926,OFC-LON,2026-01-15,POST_RESOLUTION,3,"Worked fine, but I prefer emailing a real person."
SRV-000654,EMP-01590,OFC-BOS,2026-01-15,POST_RESOLUTION,3,It's okay. Takes some getting used to.
SRV-000655,EMP-04246,OFC-LON,2026-01-15,POST_RESOLUTION,3,It's okay. Takes some getting used to.
SRV-000656,EMP-05242,OFC-GUR,2026-01-15,POST_RESOLUTION,4,Self-service articles were actually helpful for once.
SRV-000657,EMP-05413,OFC-LON,2026-01-15,POST_RESOLUTION,4,Smooth transition. No complaints.
SRV-000658,EMP-05529,OFC-BOS,2026-01-15,POST_RESOLUTION,5,Great experience. The AI resolved my password issue in seconds.
SRV-000659,EMP-07491,OFC-NYC,2026-01-15,POST_RESOLUTION,4,Self-service articles were actually helpful for once.
SRV-000660,EMP-07965,OFC-BOS,2026-01-15,POST_RESOLUTION,4,The new AI system is incredibly fast. Saves me a lot of time.
SRV-000661,EMP-10185,OFC-GUR,2026-01-15,POST_RESOLUTION,4,Smooth transition. No complaints.
SRV-000662,EMP-02275,OFC-BOS,2026-01-15,POST_RESOLUTION,4,Self-service articles were actually helpful for once.
SRV-000663,EMP-02717,OFC-GUR,2026-01-15,POST_RESOLUTION,4,The new AI system is incredibly fast. Saves me a lot of time.
SRV-000664,EMP-09112,OFC-SIN,2026-01-15,POST_RESOLUTION,2,Stop forcing us to use the AI. It's too slow and I need human help.
SRV-000665,EMP-06167,OFC-BOS,2026-01-15,POST_RESOLUTION,4,Great experience. The AI resolved my password issue in seconds.
SRV-000666,EMP-01901,OFC-BOS,2026-01-15,POST_RESOLUTION,4,The new AI system is incredibly fast. Saves me a lot of time.
SRV-000667,EMP-09904,OFC-LON,2026-01-15,POST_RESOLUTION,4,Great experience. The AI resolved my password issue in seconds.
SRV-000668,EMP-01543,OFC-GUR,2026-01-15,POST_RESOLUTION,5,Self-service articles were actually helpful for once.
SRV-000669,EMP-10864,OFC-GUR,2026-01-15,POST_RESOLUTION,3,"AI is decent, but didn't fully understand my specific network issue."
SRV-000670,EMP-01731,OFC-GUR,2026-01-15,POST_RESOLUTION,5,"Very intuitive workflow, much better than the legacy portal."
SRV-000671,EMP-07566,OFC-GUR,2026-01-15,POST_RESOLUTION,4,Great experience. The AI resolved my password issue in seconds.
SRV-000672,EMP-05213,OFC-BOS,2026-01-15,POST_RESOLUTION,4,"Very intuitive workflow, much better than the legacy portal."
SRV-000673,EMP-02791,OFC-GUR,2026-01-15,POST_RESOLUTION,4,Smooth transition. No complaints.
SRV-000674,EMP-08935,OFC-BOS,2026-01-15,POST_RESOLUTION,4,Self-service articles were actually helpful for once.
SRV-000675,EMP-07256,OFC-LON,2026-01-15,POST_RESOLUTION,4,Smooth transition. No complaints.
SRV-000676,EMP-02885,OFC-LON,2026-01-15,POST_RESOLUTION,5,Smooth transition. No complaints.
SRV-000677,EMP-10010,OFC-NYC,2026-01-15,POST_RESOLUTION,4,Great experience. The AI resolved my password issue in seconds.
SRV-000678,EMP-02550,OFC-SIN,2026-01-15,POST_RESOLUTION,3,Stop forcing us to use the AI. It's too slow and I need human help.
SRV-000679,EMP-02398,OFC-LON,2026-01-15,POST_RESOLUTION,4,Great experience. The AI resolved my password issue in seconds.
SRV-000680,EMP-03437,OFC-NYC,2026-01-15,POST_RESOLUTION,4,Smooth transition. No complaints.
SRV-000681,EMP-01509,OFC-GUR,2026-01-15,POST_RESOLUTION,4,Self-service articles were actually helpful for once.
SRV-000682,EMP-07823,OFC-SIN,2026-01-15,POST_RESOLUTION,1,Keeps freezing. The latency makes it unusable.
SRV-000683,EMP-02203,OFC-NYC,2026-01-15,POST_RESOLUTION,5,"Very intuitive workflow, much better than the legacy portal."
SRV-000684,EMP-10727,OFC-BOS,2026-01-15,POST_RESOLUTION,5,The new AI system is incredibly fast. Saves me a lot of time.
SRV-000685,EMP-09668,OFC-NYC,2026-01-15,POST_RESOLUTION,5,Self-service articles were actually helpful for once.
SRV-000686,EMP-03104,OFC-GUR,2026-01-15,POST_RESOLUTION,4,Great experience. The AI resolved my password issue in seconds.
SRV-000687,EMP-05555,OFC-LON,2026-01-15,POST_RESOLUTION,4,"Very intuitive workflow, much better than the legacy portal."
SRV-000688,EMP-03969,OFC-LON,2026-01-15,POST_RESOLUTION,5,Great experience. The AI resolved my password issue in seconds.
SRV-000689,EMP-01519,OFC-BOS,2026-01-15,POST_RESOLUTION,4,Smooth transition. No complaints.
SRV-000690,EMP-07616,OFC-BOS,2026-01-15,POST_RESOLUTION,5,Smooth transition. No complaints.
SRV-000691,EMP-06413,OFC-BOS,2026-01-15,POST_RESOLUTION,4,Great experience. The AI resolved my password issue in seconds.
SRV-000692,EMP-09985,OFC-GUR,2026-01-15,POST_RESOLUTION,5,Self-service articles were actually helpful for once.
SRV-000693,EMP-02784,OFC-GUR,2026-01-15,POST_RESOLUTION,5,The new AI system is incredibly fast. Saves me a lot of time.
SRV-000694,EMP-06244,OFC-GUR,2026-01-15,POST_RESOLUTION,5,Great experience. The AI resolved my password issue in seconds.
SRV-000695,EMP-01371,OFC-BOS,2026-01-15,POST_RESOLUTION,4,Self-service articles were actually helpful for once.
SRV-000696,EMP-03663,OFC-GUR,2026-01-15,POST_RESOLUTION,4,"Very intuitive workflow, much better than the legacy portal."
SRV-000697,EMP-03390,OFC-NYC,2026-01-15,POST_RESOLUTION,4,Great experience. The AI resolved my password issue in seconds.
SRV-000698,EMP-03696,OFC-GUR,2026-01-15,POST_RESOLUTION,5,"Very intuitive workflow, much better than the legacy portal."
SRV-000699,EMP-10625,OFC-NYC,2026-01-15,POST_RESOLUTION,5,Self-service articles were actually helpful for once.
SRV-000700,EMP-06322,OFC-NYC,2026-01-15,POST_RESOLUTION,3,"Worked fine, but I prefer emailing a real person."
SRV-000701,EMP-08251,OFC-SIN,2026-01-15,POST_RESOLUTION,2,Keeps freezing. The latency makes it unusable.
SRV-000702,EMP-08285,OFC-LON,2026-01-15,POST_RESOLUTION,4,Self-service articles were actually helpful for once.
SRV-000703,EMP-06532,OFC-GUR,2026-01-15,POST_RESOLUTION,5,Smooth transition. No complaints.
SRV-000704,EMP-01117,OFC-BOS,2026-01-15,POST_RESOLUTION,3,"Worked fine, but I prefer emailing a real person."
SRV-000705,EMP-05247,OFC-BOS,2026-01-15,POST_RESOLUTION,4,Smooth transition. No complaints.
SRV-000706,EMP-05565,OFC-SIN,2026-01-15,POST_RESOLUTION,1,System is way too slow. Massive latency when loading the dashboard.
SRV-000707,EMP-07319,OFC-BOS,2026-01-15,POST_RESOLUTION,4,Smooth transition. No complaints.
SRV-000708,EMP-07889,OFC-LON,2026-01-15,POST_RESOLUTION,5,"Very intuitive workflow, much better than the legacy portal."
SRV-000709,EMP-09986,OFC-NYC,2026-01-15,POST_RESOLUTION,4,The new AI system is incredibly fast. Saves me a lot of time.
SRV-000710,EMP-04952,OFC-SIN,2026-01-15,POST_RESOLUTION,1,I don't know how to use this. We need more training on the AI portal.
SRV-000711,EMP-06649,OFC-LON,2026-01-15,POST_RESOLUTION,3,"AI is decent, but didn't fully understand my specific network issue."
SRV-000712,EMP-10367,OFC-GUR,2026-01-15,POST_RESOLUTION,4,Great experience. The AI resolved my password issue in seconds.
SRV-000713,EMP-10243,OFC-GUR,2026-01-15,POST_RESOLUTION,4,Smooth transition. No complaints.
SRV-000714,EMP-04445,OFC-LON,2026-01-15,POST_RESOLUTION,4,"Very intuitive workflow, much better than the legacy portal."
SRV-000715,EMP-10992,OFC-LON,2026-01-15,POST_RESOLUTION,4,Great experience. The AI resolved my password issue in seconds.
SRV-000716,EMP-03564,OFC-NYC,2026-01-15,POST_RESOLUTION,3,"AI is decent, but didn't fully understand my specific network issue."
SRV-000717,EMP-05339,OFC-BOS,2026-01-15,POST_RESOLUTION,5,Great experience. The AI resolved my password issue in seconds.
SRV-000718,EMP-06814,OFC-BOS,2026-01-15,POST_RESOLUTION,5,The new AI system is incredibly fast. Saves me a lot of time.
SRV-000719,EMP-10299,OFC-BOS,2026-01-15,POST_RESOLUTION,5,The new AI system is incredibly fast. Saves me a lot of time.
SRV-000720,EMP-04224,OFC-BOS,2026-01-15,POST_RESOLUTION,5,Self-service articles were actually helpful for once.
SRV-000721,EMP-01282,OFC-NYC,2026-01-15,POST_RESOLUTION,4,"Very intuitive workflow, much better than the legacy portal."
SRV-000722,EMP-05741,OFC-BOS,2026-01-15,POST_RESOLUTION,4,Great experience. The AI resolved my password issue in seconds.
SRV-000723,EMP-10950,OFC-LON,2026-01-15,POST_RESOLUTION,5,"Very intuitive workflow, much better than the legacy portal."
SRV-000724,EMP-05230,OFC-GUR,2026-01-15,POST_RESOLUTION,3,"Worked fine, but I prefer emailing a real person."
SRV-000725,EMP-01061,OFC-NYC,2026-01-15,POST_RESOLUTION,4,Smooth transition. No complaints.
SRV-000726,EMP-05305,OFC-BOS,2026-01-15,POST_RESOLUTION,3,"Worked fine, but I prefer emailing a real person."
SRV-000727,EMP-02638,OFC-SIN,2026-01-15,POST_RESOLUTION,1,Stop forcing us to use the AI. It's too slow and I need human help.
SRV-000728,EMP-05897,OFC-NYC,2026-01-15,POST_RESOLUTION,4,Smooth transition. No complaints.
SRV-000729,EMP-06417,OFC-NYC,2026-01-15,POST_RESOLUTION,4,Smooth transition. No complaints.
SRV-000730,EMP-08085,OFC-BOS,2026-01-15,POST_RESOLUTION,3,"Worked fine, but I prefer emailing a real person."
SRV-000731,EMP-08385,OFC-NYC,2026-01-15,POST_RESOLUTION,5,Great experience. The AI resolved my password issue in seconds.
SRV-000732,EMP-03234,OFC-GUR,2026-01-15,POST_RESOLUTION,3,"Worked fine, but I prefer emailing a real person."
SRV-000733,EMP-10765,OFC-BOS,2026-01-15,POST_RESOLUTION,5,Self-service articles were actually helpful for once.
SRV-000734,EMP-04898,OFC-LON,2026-01-15,POST_RESOLUTION,4,Great experience. The AI resolved my password issue in seconds.
SRV-000735,EMP-02544,OFC-SIN,2026-01-15,POST_RESOLUTION,2,Keeps freezing. The latency makes it unusable.
SRV-000736,EMP-02412,OFC-NYC,2026-01-15,POST_RESOLUTION,4,Self-service articles were actually helpful for once.
SRV-000737,EMP-06640,OFC-LON,2026-01-15,POST_RESOLUTION,3,"Worked fine, but I prefer emailing a real person."
SRV-000738,EMP-05518,OFC-BOS,2026-01-15,POST_RESOLUTION,4,"Very intuitive workflow, much better than the legacy portal."
SRV-000739,EMP-03960,OFC-BOS,2026-01-15,POST_RESOLUTION,4,The new AI system is incredibly fast. Saves me a lot of time.
SRV-000740,EMP-05782,OFC-LON,2026-01-15,POST_RESOLUTION,5,"Very intuitive workflow, much better than the legacy portal."
SRV-000741,EMP-01410,OFC-NYC,2026-01-15,POST_RESOLUTION,5,Self-service articles were actually helpful for once.
SRV-000742,EMP-10217,OFC-SIN,2026-01-15,POST_RESOLUTION,1,System is way too slow. Massive latency when loading the dashboard.
SRV-000743,EMP-09595,OFC-LON,2026-01-15,POST_RESOLUTION,4,Smooth transition. No complaints.
SRV-000744,EMP-03139,OFC-SIN,2026-01-15,POST_RESOLUTION,1,I don't know how to use this. We need more training on the AI portal.
SRV-000745,EMP-04755,OFC-BOS,2026-01-15,POST_RESOLUTION,3,Standard IT portal. Nothing special.
SRV-000746,EMP-01634,OFC-BOS,2026-01-15,POST_RESOLUTION,4,"Very intuitive workflow, much better than the legacy portal."
SRV-000747,EMP-01053,OFC-SIN,2026-01-15,POST_RESOLUTION,3,Stop forcing us to use the AI. It's too slow and I need human help.
SRV-000748,EMP-09548,OFC-NYC,2026-01-15,POST_RESOLUTION,4,Self-service articles were actually helpful for once.
SRV-000749,EMP-03219,OFC-BOS,2026-01-15,POST_RESOLUTION,5,Smooth transition. No complaints.
SRV-000750,EMP-03253,OFC-GUR,2026-01-15,POST_RESOLUTION,4,Smooth transition. No complaints.
SRV-000751,EMP-01336,OFC-SIN,2026-01-15,POST_RESOLUTION,3,Confusing interface. I just want to submit an email ticket.
SRV-000752,EMP-05991,OFC-LON,2026-01-15,POST_RESOLUTION,4,Self-service articles were actually helpful for once.
SRV-000753,EMP-07134,OFC-BOS,2026-01-15,POST_RESOLUTION,5,The new AI system is incredibly fast. Saves me a lot of time.
SRV-000754,EMP-08788,OFC-BOS,2026-01-15,POST_RESOLUTION,5,"Very intuitive workflow, much better than the legacy portal."
SRV-000755,EMP-01083,OFC-BOS,2026-01-15,POST_RESOLUTION,3,"Worked fine, but I prefer emailing a real person."
SRV-000756,EMP-08996,OFC-BOS,2026-01-15,POST_RESOLUTION,4,"Very intuitive workflow, much better than the legacy portal."
SRV-000757,EMP-08260,OFC-NYC,2026-01-15,POST_RESOLUTION,5,Self-service articles were actually helpful for once.
SRV-000758,EMP-02109,OFC-BOS,2026-01-15,POST_RESOLUTION,5,"Very intuitive workflow, much better than the legacy portal."
SRV-000759,EMP-08803,OFC-NYC,2026-01-15,POST_RESOLUTION,4,Self-service articles were actually helpful for once.
SRV-000760,EMP-09686,OFC-NYC,2026-01-15,POST_RESOLUTION,4,The new AI system is incredibly fast. Saves me a lot of time.
SRV-000761,EMP-02234,OFC-GUR,2026-01-15,POST_RESOLUTION,4,Smooth transition. No complaints.
SRV-000762,EMP-09518,OFC-LON,2026-01-15,POST_RESOLUTION,4,"Very intuitive workflow, much better than the legacy portal."
SRV-000763,EMP-08810,OFC-BOS,2026-01-15,POST_RESOLUTION,4,Self-service articles were actually helpful for once.
SRV-000764,EMP-02960,OFC-BOS,2026-01-15,POST_RESOLUTION,4,The new AI system is incredibly fast. Saves me a lot of time.
SRV-000765,EMP-09719,OFC-LON,2026-01-15,POST_RESOLUTION,4,The new AI system is incredibly fast. Saves me a lot of time.
SRV-000766,EMP-01737,OFC-GUR,2026-01-15,POST_RESOLUTION,5,Smooth transition. No complaints.
SRV-000767,EMP-05108,OFC-SIN,2026-01-15,POST_RESOLUTION,3,Keeps freezing. The latency makes it unusable.
SRV-000768,EMP-01098,OFC-BOS,2026-01-15,POST_RESOLUTION,3,Standard IT portal. Nothing special.
SRV-000769,EMP-05601,OFC-GUR,2026-01-15,POST_RESOLUTION,5,Great experience. The AI resolved my password issue in seconds.
SRV-000770,EMP-05141,OFC-BOS,2026-01-15,POST_RESOLUTION,4,The new AI system is incredibly fast. Saves me a lot of time.
SRV-000771,EMP-07180,OFC-LON,2026-01-15,POST_RESOLUTION,4,The new AI system is incredibly fast. Saves me a lot of time.
SRV-000772,EMP-05080,OFC-GUR,2026-01-15,POST_RESOLUTION,5,Smooth transition. No complaints.
SRV-000773,EMP-10731,OFC-GUR,2026-01-15,POST_RESOLUTION,4,Self-service articles were actually helpful for once.
SRV-000774,EMP-05065,OFC-BOS,2026-01-15,POST_RESOLUTION,3,"AI is decent, but didn't fully understand my specific network issue."
SRV-000775,EMP-01345,OFC-LON,2026-01-15,POST_RESOLUTION,3,"AI is decent, but didn't fully understand my specific network issue."
SRV-000776,EMP-08356,OFC-SIN,2026-01-15,POST_RESOLUTION,1,Stop forcing us to use the AI. It's too slow and I need human help.
SRV-000777,EMP-06487,OFC-GUR,2026-01-15,POST_RESOLUTION,5,Self-service articles were actually helpful for once.
SRV-000778,EMP-05883,OFC-BOS,2026-01-15,POST_RESOLUTION,5,"Very intuitive workflow, much better than the legacy portal."
SRV-000779,EMP-08869,OFC-BOS,2026-01-15,POST_RESOLUTION,5,The new AI system is incredibly fast. Saves me a lot of time.
SRV-000780,EMP-04475,OFC-GUR,2026-01-15,POST_RESOLUTION,5,Self-service articles were actually helpful for once.
SRV-000781,EMP-03896,OFC-LON,2026-01-15,POST_RESOLUTION,5,Great experience. The AI resolved my password issue in seconds.
SRV-000782,EMP-06107,OFC-BOS,2026-01-15,POST_RESOLUTION,5,The new AI system is incredibly fast. Saves me a lot of time.
SRV-000783,EMP-02335,OFC-GUR,2026-01-15,POST_RESOLUTION,3,It's okay. Takes some getting used to.
SRV-000784,EMP-09603,OFC-BOS,2026-01-15,POST_RESOLUTION,5,Great experience. The AI resolved my password issue in seconds.
SRV-000785,EMP-05013,OFC-BOS,2026-01-15,POST_RESOLUTION,4,Great experience. The AI resolved my password issue in seconds.
SRV-000786,EMP-08346,OFC-LON,2026-01-15,POST_RESOLUTION,5,The new AI system is incredibly fast. Saves me a lot of time.
SRV-000787,EMP-08009,OFC-BOS,2026-01-15,POST_RESOLUTION,3,It's okay. Takes some getting used to.
SRV-000788,EMP-02327,OFC-GUR,2026-01-15,POST_RESOLUTION,5,"Very intuitive workflow, much better than the legacy portal."
SRV-000789,EMP-05170,OFC-BOS,2026-01-15,POST_RESOLUTION,5,"Very intuitive workflow, much better than the legacy portal."
SRV-000790,EMP-01183,OFC-SIN,2026-01-15,POST_RESOLUTION,3,Confusing interface. I just want to submit an email ticket.
SRV-000791,EMP-05853,OFC-NYC,2026-01-15,POST_RESOLUTION,5,Self-service articles were actually helpful for once.
SRV-000792,EMP-02268,OFC-LON,2026-01-15,POST_RESOLUTION,4,The new AI system is incredibly fast. Saves me a lot of time.
SRV-000793,EMP-07781,OFC-LON,2026-01-15,POST_RESOLUTION,4,"Very intuitive workflow, much better than the legacy portal."
SRV-000794,EMP-03217,OFC-NYC,2026-01-15,POST_RESOLUTION,4,The new AI system is incredibly fast. Saves me a lot of time.
SRV-000795,EMP-05335,OFC-BOS,2026-01-15,POST_RESOLUTION,3,"AI is decent, but didn't fully understand my specific network issue."
SRV-000796,EMP-04155,OFC-LON,2026-01-15,POST_RESOLUTION,4,Smooth transition. No complaints.
SRV-000797,EMP-03340,OFC-GUR,2026-01-15,POST_RESOLUTION,4,Smooth transition. No complaints.
SRV-000798,EMP-06754,OFC-SIN,2026-01-15,POST_RESOLUTION,2,Confusing interface. I just want to submit an email ticket.
SRV-000799,EMP-06614,OFC-NYC,2026-01-15,POST_RESOLUTION,5,"Very intuitive workflow, much better than the legacy portal."
SRV-000800,EMP-01758,OFC-SIN,2026-01-15,POST_RESOLUTION,3,Confusing interface. I just want to submit an email ticket.
SRV-000801,EMP-02449,OFC-GUR,2026-01-15,POST_RESOLUTION,3,"AI is decent, but didn't fully understand my specific network issue."
SRV-000802,EMP-02339,OFC-BOS,2026-01-15,POST_RESOLUTION,3,"AI is decent, but didn't fully understand my specific network issue."
SRV-000803,EMP-01191,OFC-SIN,2026-01-15,POST_RESOLUTION,1,Stop forcing us to use the AI. It's too slow and I need human help.
SRV-000804,EMP-09737,OFC-BOS,2026-01-15,POST_RESOLUTION,4,Self-service articles were actually helpful for once.
SRV-000805,EMP-08063,OFC-GUR,2026-01-15,POST_RESOLUTION,3,"AI is decent, but didn't fully understand my specific network issue."
SRV-000806,EMP-05956,OFC-NYC,2026-01-15,POST_RESOLUTION,4,Self-service articles were actually helpful for once.
SRV-000807,EMP-03361,OFC-NYC,2026-01-15,POST_RESOLUTION,4,Smooth transition. No complaints.
SRV-000808,EMP-04966,OFC-NYC,2026-01-15,POST_RESOLUTION,4,Smooth transition. No complaints.
SRV-000809,EMP-03153,OFC-GUR,2026-01-15,POST_RESOLUTION,4,The new AI system is incredibly fast. Saves me a lot of time.
SRV-000810,EMP-03231,OFC-BOS,2026-01-15,POST_RESOLUTION,4,Smooth transition. No complaints.
SRV-000811,EMP-06127,OFC-BOS,2026-01-15,POST_RESOLUTION,5,The new AI system is incredibly fast. Saves me a lot of time.
SRV-000812,EMP-03298,OFC-BOS,2026-01-15,POST_RESOLUTION,5,"Very intuitive workflow, much better than the legacy portal."
SRV-000813,EMP-08768,OFC-BOS,2026-01-15,POST_RESOLUTION,4,"Very intuitive workflow, much better than the legacy portal."
SRV-000814,EMP-09712,OFC-GUR,2026-01-15,POST_RESOLUTION,3,"Worked fine, but I prefer emailing a real person."
SRV-000815,EMP-02296,OFC-BOS,2026-01-15,POST_RESOLUTION,4,The new AI system is incredibly fast. Saves me a lot of time.
SRV-000816,EMP-04153,OFC-NYC,2026-01-15,POST_RESOLUTION,3,Standard IT portal. Nothing special.
SRV-000817,EMP-10370,OFC-GUR,2026-01-15,POST_RESOLUTION,4,"Very intuitive workflow, much better than the legacy portal."
SRV-000818,EMP-01859,OFC-BOS,2026-01-15,POST_RESOLUTION,3,Standard IT portal. Nothing special.
SRV-000819,EMP-01934,OFC-BOS,2026-01-15,POST_RESOLUTION,4,Smooth transition. No complaints.
SRV-000820,EMP-08918,OFC-BOS,2026-01-15,POST_RESOLUTION,4,The new AI system is incredibly fast. Saves me a lot of time.
SRV-000821,EMP-07701,OFC-GUR,2026-01-15,POST_RESOLUTION,5,"Very intuitive workflow, much better than the legacy portal."
SRV-000822,EMP-05632,OFC-GUR,2026-01-15,POST_RESOLUTION,3,It's okay. Takes some getting used to.
SRV-000823,EMP-01922,OFC-SIN,2026-01-15,POST_RESOLUTION,2,Stop forcing us to use the AI. It's too slow and I need human help.
SRV-000824,EMP-10989,OFC-GUR,2026-01-15,POST_RESOLUTION,3,"AI is decent, but didn't fully understand my specific network issue."
SRV-000825,EMP-05343,OFC-GUR,2026-01-15,POST_RESOLUTION,3,"AI is decent, but didn't fully understand my specific network issue."
SRV-000826,EMP-08766,OFC-NYC,2026-01-15,POST_RESOLUTION,5,Self-service articles were actually helpful for once.
SRV-000827,EMP-01408,OFC-SIN,2026-01-15,POST_RESOLUTION,2,System is way too slow. Massive latency when loading the dashboard.
SRV-000828,EMP-01874,OFC-BOS,2026-01-15,POST_RESOLUTION,3,Standard IT portal. Nothing special.
SRV-000829,EMP-04828,OFC-GUR,2026-01-15,POST_RESOLUTION,4,Self-service articles were actually helpful for once.
SRV-000830,EMP-01369,OFC-BOS,2026-01-15,POST_RESOLUTION,4,Self-service articles were actually helpful for once.
SRV-000831,EMP-08940,OFC-NYC,2026-01-15,POST_RESOLUTION,4,Great experience. The AI resolved my password issue in seconds.
SRV-000832,EMP-02670,OFC-NYC,2026-01-15,POST_RESOLUTION,4,The new AI system is incredibly fast. Saves me a lot of time.
SRV-000833,EMP-02996,OFC-SIN,2026-01-15,POST_RESOLUTION,3,I don't know how to use this. We need more training on the AI portal.
SRV-000834,EMP-08978,OFC-GUR,2026-01-15,POST_RESOLUTION,4,Self-service articles were actually helpful for once.
SRV-000835,EMP-01780,OFC-GUR,2026-01-15,POST_RESOLUTION,4,Smooth transition. No complaints.
SRV-000836,EMP-08716,OFC-BOS,2026-01-15,POST_RESOLUTION,4,"Very intuitive workflow, much better than the legacy portal."
SRV-000837,EMP-08928,OFC-GUR,2026-01-15,POST_RESOLUTION,5,Great experience. The AI resolved my password issue in seconds.
SRV-000838,EMP-05367,OFC-NYC,2026-01-15,POST_RESOLUTION,5,The new AI system is incredibly fast. Saves me a lot of time.
SRV-000839,EMP-07812,OFC-BOS,2026-01-15,POST_RESOLUTION,5,Smooth transition. No complaints.
SRV-000840,EMP-04815,OFC-LON,2026-01-15,POST_RESOLUTION,5,"Very intuitive workflow, much better than the legacy portal."
SRV-000841,EMP-03536,OFC-GUR,2026-01-15,POST_RESOLUTION,5,"Very intuitive workflow, much better than the legacy portal."
SRV-000842,EMP-09348,OFC-LON,2026-01-15,POST_RESOLUTION,4,Self-service articles were actually helpful for once.
SRV-000843,EMP-08015,OFC-SIN,2026-01-15,POST_RESOLUTION,2,I don't know how to use this. We need more training on the AI portal.
SRV-000844,EMP-05347,OFC-LON,2026-01-15,POST_RESOLUTION,5,The new AI system is incredibly fast. Saves me a lot of time.
SRV-000845,EMP-10317,OFC-NYC,2026-01-15,POST_RESOLUTION,3,It's okay. Takes some getting used to.
SRV-000846,EMP-05644,OFC-GUR,2026-01-15,POST_RESOLUTION,4,"Very intuitive workflow, much better than the legacy portal."
SRV-000847,EMP-01515,OFC-BOS,2026-01-15,POST_RESOLUTION,5,Self-service articles were actually helpful for once.
SRV-000848,EMP-06906,OFC-NYC,2026-01-15,POST_RESOLUTION,5,Smooth transition. No complaints.
SRV-000849,EMP-09277,OFC-NYC,2026-01-15,POST_RESOLUTION,5,Smooth transition. No complaints.
SRV-000850,EMP-04681,OFC-BOS,2026-01-15,POST_RESOLUTION,5,Self-service articles were actually helpful for once.
SRV-000851,EMP-04473,OFC-GUR,2026-01-15,POST_RESOLUTION,5,Great experience. The AI resolved my password issue in seconds.
SRV-000852,EMP-04098,OFC-BOS,2026-01-15,POST_RESOLUTION,4,The new AI system is incredibly fast. Saves me a lot of time.
SRV-000853,EMP-07693,OFC-GUR,2026-01-15,POST_RESOLUTION,3,"AI is decent, but didn't fully understand my specific network issue."
SRV-000854,EMP-03878,OFC-LON,2026-01-15,POST_RESOLUTION,3,"Worked fine, but I prefer emailing a real person."
SRV-000855,EMP-07690,OFC-GUR,2026-01-15,POST_RESOLUTION,4,Great experience. The AI resolved my password issue in seconds.
SRV-000856,EMP-07626,OFC-GUR,2026-01-15,POST_RESOLUTION,4,Self-service articles were actually helpful for once.
SRV-000857,EMP-02731,OFC-LON,2026-01-15,POST_RESOLUTION,4,Smooth transition. No complaints.
SRV-000858,EMP-07555,OFC-GUR,2026-01-15,POST_RESOLUTION,4,Smooth transition. No complaints.
SRV-000859,EMP-09014,OFC-GUR,2026-01-15,POST_RESOLUTION,5,Great experience. The AI resolved my password issue in seconds.
SRV-000860,EMP-05330,OFC-NYC,2026-01-15,POST_RESOLUTION,4,Great experience. The AI resolved my password issue in seconds.
SRV-000861,EMP-05943,OFC-NYC,2026-01-15,POST_RESOLUTION,5,The new AI system is incredibly fast. Saves me a lot of time.
SRV-000862,EMP-07923,OFC-LON,2026-01-15,POST_RESOLUTION,5,Smooth transition. No complaints.
SRV-000863,EMP-02533,OFC-NYC,2026-01-15,POST_RESOLUTION,4,The new AI system is incredibly fast. Saves me a lot of time.
SRV-000864,EMP-05764,OFC-LON,2026-01-15,POST_RESOLUTION,4,Great experience. The AI resolved my password issue in seconds.
SRV-000865,EMP-04516,OFC-BOS,2026-01-15,POST_RESOLUTION,5,Self-service articles were actually helpful for once.
SRV-000866,EMP-01566,OFC-NYC,2026-01-15,POST_RESOLUTION,5,Smooth transition. No complaints.
SRV-000867,EMP-07615,OFC-GUR,2026-01-15,POST_RESOLUTION,4,Self-service articles were actually helpful for once.
SRV-000868,EMP-02740,OFC-GUR,2026-01-15,POST_RESOLUTION,3,It's okay. Takes some getting used to.
SRV-000869,EMP-09230,OFC-BOS,2026-01-15,POST_RESOLUTION,4,The new AI system is incredibly fast. Saves me a lot of time.
SRV-000870,EMP-02725,OFC-BOS,2026-01-15,POST_RESOLUTION,3,Standard IT portal. Nothing special.
SRV-000871,EMP-06538,OFC-LON,2026-01-15,POST_RESOLUTION,4,Smooth transition. No complaints.
SRV-000872,EMP-05585,OFC-SIN,2026-01-15,POST_RESOLUTION,1,Confusing interface. I just want to submit an email ticket.
SRV-000873,EMP-04673,OFC-BOS,2026-01-15,POST_RESOLUTION,4,The new AI system is incredibly fast. Saves me a lot of time.
SRV-000874,EMP-08738,OFC-GUR,2026-01-15,POST_RESOLUTION,5,Self-service articles were actually helpful for once.
SRV-000875,EMP-04289,OFC-BOS,2026-01-15,POST_RESOLUTION,4,Smooth transition. No complaints.
SRV-000876,EMP-02051,OFC-LON,2026-01-15,POST_RESOLUTION,5,The new AI system is incredibly fast. Saves me a lot of time.
SRV-000877,EMP-08604,OFC-NYC,2026-01-15,POST_RESOLUTION,5,"Very intuitive workflow, much better than the legacy portal."
SRV-000878,EMP-02257,OFC-LON,2026-01-15,POST_RESOLUTION,5,Great experience. The AI resolved my password issue in seconds.
SRV-000879,EMP-08259,OFC-NYC,2026-01-15,POST_RESOLUTION,4,Smooth transition. No complaints.
SRV-000880,EMP-10488,OFC-BOS,2026-01-15,POST_RESOLUTION,4,Great experience. The AI resolved my password issue in seconds.
SRV-000881,EMP-10418,OFC-LON,2026-01-15,POST_RESOLUTION,5,Self-service articles were actually helpful for once.
SRV-000882,EMP-02410,OFC-BOS,2026-01-15,POST_RESOLUTION,5,"Very intuitive workflow, much better than the legacy portal."
SRV-000883,EMP-07587,OFC-BOS,2026-01-15,POST_RESOLUTION,4,Smooth transition. No complaints.
SRV-000884,EMP-07321,OFC-LON,2026-01-15,POST_RESOLUTION,3,"AI is decent, but didn't fully understand my specific network issue."
SRV-000885,EMP-04968,OFC-LON,2026-01-15,POST_RESOLUTION,5,Great experience. The AI resolved my password issue in seconds.
SRV-000886,EMP-03119,OFC-SIN,2026-01-15,POST_RESOLUTION,1,System is way too slow. Massive latency when loading the dashboard.
SRV-000887,EMP-04048,OFC-NYC,2026-01-15,POST_RESOLUTION,3,"AI is decent, but didn't fully understand my specific network issue."
SRV-000888,EMP-05034,OFC-BOS,2026-01-15,POST_RESOLUTION,5,Self-service articles were actually helpful for once.
SRV-000889,EMP-08279,OFC-LON,2026-01-15,POST_RESOLUTION,4,Great experience. The AI resolved my password issue in seconds.
SRV-000890,EMP-01378,OFC-GUR,2026-01-15,POST_RESOLUTION,4,Self-service articles were actually helpful for once.
SRV-000891,EMP-06890,OFC-GUR,2026-01-15,POST_RESOLUTION,5,Self-service articles were actually helpful for once.
SRV-000892,EMP-07001,OFC-BOS,2026-01-15,POST_RESOLUTION,4,The new AI system is incredibly fast. Saves me a lot of time.
SRV-000893,EMP-07580,OFC-SIN,2026-01-15,POST_RESOLUTION,2,I don't know how to use this. We need more training on the AI portal.
SRV-000894,EMP-06445,OFC-BOS,2026-01-15,POST_RESOLUTION,4,Self-service articles were actually helpful for once.
SRV-000895,EMP-04401,OFC-BOS,2026-01-15,POST_RESOLUTION,4,Great experience. The AI resolved my password issue in seconds.
SRV-000896,EMP-02252,OFC-BOS,2026-01-15,POST_RESOLUTION,5,Great experience. The AI resolved my password issue in seconds.
SRV-000897,EMP-07196,OFC-BOS,2026-01-15,POST_RESOLUTION,4,Self-service articles were actually helpful for once.
SRV-000898,EMP-06821,OFC-NYC,2026-01-15,POST_RESOLUTION,3,"AI is decent, but didn't fully understand my specific network issue."
SRV-000899,EMP-03746,OFC-LON,2026-01-15,POST_RESOLUTION,3,It's okay. Takes some getting used to.
SRV-000900,EMP-03275,OFC-LON,2026-01-15,POST_RESOLUTION,4,Great experience. The AI resolved my password issue in seconds.
SRV-000901,EMP-10527,OFC-BOS,2026-01-22,POST_RESOLUTION,4,The new AI system is incredibly fast. Saves me a lot of time.
SRV-000902,EMP-01729,OFC-BOS,2026-01-22,POST_RESOLUTION,4,Self-service articles were actually helpful for once.
SRV-000903,EMP-05374,OFC-LON,2026-01-22,POST_RESOLUTION,4,Self-service articles were actually helpful for once.
SRV-000904,EMP-04220,OFC-LON,2026-01-22,POST_RESOLUTION,4,Self-service articles were actually helpful for once.
SRV-000905,EMP-05524,OFC-GUR,2026-01-22,POST_RESOLUTION,4,The new AI system is incredibly fast. Saves me a lot of time.
SRV-000906,EMP-04177,OFC-SIN,2026-01-22,POST_RESOLUTION,1,Stop forcing us to use the AI. It's too slow and I need human help.
SRV-000907,EMP-01423,OFC-LON,2026-01-22,POST_RESOLUTION,5,Smooth transition. No complaints.
SRV-000908,EMP-02156,OFC-BOS,2026-01-22,POST_RESOLUTION,5,The new AI system is incredibly fast. Saves me a lot of time.
SRV-000909,EMP-06279,OFC-NYC,2026-01-22,POST_RESOLUTION,5,Smooth transition. No complaints.
SRV-000910,EMP-07782,OFC-LON,2026-01-22,POST_RESOLUTION,4,Great experience. The AI resolved my password issue in seconds.
SRV-000911,EMP-10864,OFC-GUR,2026-01-22,POST_RESOLUTION,4,Great experience. The AI resolved my password issue in seconds.
SRV-000912,EMP-02355,OFC-SIN,2026-01-22,POST_RESOLUTION,1,System is way too slow. Massive latency when loading the dashboard.
SRV-000913,EMP-02747,OFC-NYC,2026-01-22,POST_RESOLUTION,5,"Very intuitive workflow, much better than the legacy portal."
SRV-000914,EMP-08077,OFC-LON,2026-01-22,POST_RESOLUTION,4,Smooth transition. No complaints.
SRV-000915,EMP-07689,OFC-BOS,2026-01-22,POST_RESOLUTION,5,Self-service articles were actually helpful for once.
SRV-000916,EMP-09898,OFC-BOS,2026-01-22,POST_RESOLUTION,4,Smooth transition. No complaints.
SRV-000917,EMP-03940,OFC-NYC,2026-01-22,POST_RESOLUTION,5,Great experience. The AI resolved my password issue in seconds.
SRV-000918,EMP-06854,OFC-NYC,2026-01-22,POST_RESOLUTION,4,Great experience. The AI resolved my password issue in seconds.
SRV-000919,EMP-01454,OFC-BOS,2026-01-22,POST_RESOLUTION,4,The new AI system is incredibly fast. Saves me a lot of time.
SRV-000920,EMP-04851,OFC-BOS,2026-01-22,POST_RESOLUTION,4,"Very intuitive workflow, much better than the legacy portal."
SRV-000921,EMP-02016,OFC-BOS,2026-01-22,POST_RESOLUTION,5,Self-service articles were actually helpful for once.
SRV-000922,EMP-09969,OFC-BOS,2026-01-22,POST_RESOLUTION,5,Smooth transition. No complaints.
SRV-000923,EMP-03502,OFC-LON,2026-01-22,POST_RESOLUTION,5,"Very intuitive workflow, much better than the legacy portal."
SRV-000924,EMP-09128,OFC-SIN,2026-01-22,POST_RESOLUTION,1,Keeps freezing. The latency makes it unusable.
SRV-000925,EMP-05424,OFC-NYC,2026-01-22,POST_RESOLUTION,5,Great experience. The AI resolved my password issue in seconds.
SRV-000926,EMP-10100,OFC-LON,2026-01-22,POST_RESOLUTION,4,Great experience. The AI resolved my password issue in seconds.
SRV-000927,EMP-04267,OFC-LON,2026-01-22,POST_RESOLUTION,4,The new AI system is incredibly fast. Saves me a lot of time.
SRV-000928,EMP-08031,OFC-NYC,2026-01-22,POST_RESOLUTION,3,It's okay. Takes some getting used to.
SRV-000929,EMP-08126,OFC-BOS,2026-01-22,POST_RESOLUTION,3,Standard IT portal. Nothing special.
SRV-000930,EMP-05359,OFC-BOS,2026-01-22,POST_RESOLUTION,3,Standard IT portal. Nothing special.
SRV-000931,EMP-06908,OFC-BOS,2026-01-22,POST_RESOLUTION,5,Self-service articles were actually helpful for once.
SRV-000932,EMP-02245,OFC-LON,2026-01-22,POST_RESOLUTION,4,Smooth transition. No complaints.
SRV-000933,EMP-08719,OFC-SIN,2026-01-22,POST_RESOLUTION,1,System is way too slow. Massive latency when loading the dashboard.
SRV-000934,EMP-04798,OFC-BOS,2026-01-22,POST_RESOLUTION,4,Smooth transition. No complaints.
SRV-000935,EMP-05086,OFC-BOS,2026-01-22,POST_RESOLUTION,4,Great experience. The AI resolved my password issue in seconds.
SRV-000936,EMP-09418,OFC-GUR,2026-01-22,POST_RESOLUTION,3,It's okay. Takes some getting used to.
SRV-000937,EMP-08442,OFC-BOS,2026-01-22,POST_RESOLUTION,3,Standard IT portal. Nothing special.
SRV-000938,EMP-03432,OFC-SIN,2026-01-22,POST_RESOLUTION,1,System is way too slow. Massive latency when loading the dashboard.
SRV-000939,EMP-09810,OFC-BOS,2026-01-22,POST_RESOLUTION,4,Great experience. The AI resolved my password issue in seconds.
SRV-000940,EMP-04944,OFC-BOS,2026-01-22,POST_RESOLUTION,3,It's okay. Takes some getting used to.
SRV-000941,EMP-04277,OFC-LON,2026-01-22,POST_RESOLUTION,4,"Very intuitive workflow, much better than the legacy portal."
SRV-000942,EMP-01384,OFC-GUR,2026-01-22,POST_RESOLUTION,3,"AI is decent, but didn't fully understand my specific network issue."
SRV-000943,EMP-05241,OFC-NYC,2026-01-22,POST_RESOLUTION,3,"Worked fine, but I prefer emailing a real person."
SRV-000944,EMP-03276,OFC-GUR,2026-01-22,POST_RESOLUTION,4,Smooth transition. No complaints.
SRV-000945,EMP-04001,OFC-GUR,2026-01-22,POST_RESOLUTION,3,"Worked fine, but I prefer emailing a real person."
SRV-000946,EMP-10408,OFC-BOS,2026-01-22,POST_RESOLUTION,3,"AI is decent, but didn't fully understand my specific network issue."
SRV-000947,EMP-07441,OFC-BOS,2026-01-22,POST_RESOLUTION,4,Great experience. The AI resolved my password issue in seconds.
SRV-000948,EMP-03823,OFC-BOS,2026-01-22,POST_RESOLUTION,4,Great experience. The AI resolved my password issue in seconds.
SRV-000949,EMP-06231,OFC-NYC,2026-01-22,POST_RESOLUTION,5,"Very intuitive workflow, much better than the legacy portal."
SRV-000950,EMP-07982,OFC-SIN,2026-01-22,POST_RESOLUTION,1,Stop forcing us to use the AI. It's too slow and I need human help.
SRV-000951,EMP-07969,OFC-LON,2026-01-22,POST_RESOLUTION,5,Smooth transition. No complaints.
SRV-000952,EMP-04654,OFC-BOS,2026-01-22,POST_RESOLUTION,5,"Very intuitive workflow, much better than the legacy portal."
SRV-000953,EMP-07502,OFC-LON,2026-01-22,POST_RESOLUTION,5,Great experience. The AI resolved my password issue in seconds.
SRV-000954,EMP-05204,OFC-BOS,2026-01-22,POST_RESOLUTION,4,"Very intuitive workflow, much better than the legacy portal."
SRV-000955,EMP-03563,OFC-BOS,2026-01-22,POST_RESOLUTION,5,Smooth transition. No complaints.
SRV-000956,EMP-01769,OFC-GUR,2026-01-22,POST_RESOLUTION,3,Standard IT portal. Nothing special.
SRV-000957,EMP-01150,OFC-SIN,2026-01-22,POST_RESOLUTION,1,System is way too slow. Massive latency when loading the dashboard.
SRV-000958,EMP-09652,OFC-BOS,2026-01-22,POST_RESOLUTION,3,"Worked fine, but I prefer emailing a real person."
SRV-000959,EMP-07391,OFC-NYC,2026-01-22,POST_RESOLUTION,5,Great experience. The AI resolved my password issue in seconds.
SRV-000960,EMP-02304,OFC-GUR,2026-01-22,POST_RESOLUTION,4,Self-service articles were actually helpful for once.
SRV-000961,EMP-02939,OFC-BOS,2026-01-22,POST_RESOLUTION,5,Smooth transition. No complaints.
SRV-000962,EMP-05364,OFC-BOS,2026-01-22,POST_RESOLUTION,4,Self-service articles were actually helpful for once.
SRV-000963,EMP-08959,OFC-BOS,2026-01-22,POST_RESOLUTION,5,The new AI system is incredibly fast. Saves me a lot of time.
SRV-000964,EMP-04647,OFC-NYC,2026-01-22,POST_RESOLUTION,5,Self-service articles were actually helpful for once.
SRV-000965,EMP-10785,OFC-GUR,2026-01-22,POST_RESOLUTION,5,Self-service articles were actually helpful for once.
SRV-000966,EMP-07933,OFC-BOS,2026-01-22,POST_RESOLUTION,4,Smooth transition. No complaints.
SRV-000967,EMP-02271,OFC-SIN,2026-01-22,POST_RESOLUTION,3,Confusing interface. I just want to submit an email ticket.
SRV-000968,EMP-08229,OFC-NYC,2026-01-22,POST_RESOLUTION,5,Great experience. The AI resolved my password issue in seconds.
SRV-000969,EMP-06715,OFC-NYC,2026-01-22,POST_RESOLUTION,4,"Very intuitive workflow, much better than the legacy portal."
SRV-000970,EMP-07246,OFC-BOS,2026-01-22,POST_RESOLUTION,4,Great experience. The AI resolved my password issue in seconds.
SRV-000971,EMP-06134,OFC-SIN,2026-01-22,POST_RESOLUTION,2,Confusing interface. I just want to submit an email ticket.
SRV-000972,EMP-06801,OFC-BOS,2026-01-22,POST_RESOLUTION,4,Great experience. The AI resolved my password issue in seconds.
SRV-000973,EMP-07023,OFC-BOS,2026-01-22,POST_RESOLUTION,5,Self-service articles were actually helpful for once.
SRV-000974,EMP-07769,OFC-NYC,2026-01-22,POST_RESOLUTION,3,"Worked fine, but I prefer emailing a real person."
SRV-000975,EMP-10209,OFC-LON,2026-01-22,POST_RESOLUTION,4,Smooth transition. No complaints.
SRV-000976,EMP-07106,OFC-LON,2026-01-22,POST_RESOLUTION,3,"AI is decent, but didn't fully understand my specific network issue."
SRV-000977,EMP-08655,OFC-GUR,2026-01-22,POST_RESOLUTION,4,Great experience. The AI resolved my password issue in seconds.
SRV-000978,EMP-01481,OFC-GUR,2026-01-22,POST_RESOLUTION,4,Self-service articles were actually helpful for once.
SRV-000979,EMP-06682,OFC-SIN,2026-01-22,POST_RESOLUTION,3,I don't know how to use this. We need more training on the AI portal.
SRV-000980,EMP-07265,OFC-LON,2026-01-22,POST_RESOLUTION,3,Standard IT portal. Nothing special.
SRV-000981,EMP-06144,OFC-NYC,2026-01-22,POST_RESOLUTION,5,Smooth transition. No complaints.
SRV-000982,EMP-05389,OFC-BOS,2026-01-22,POST_RESOLUTION,5,Great experience. The AI resolved my password issue in seconds.
SRV-000983,EMP-03835,OFC-SIN,2026-01-22,POST_RESOLUTION,1,I don't know how to use this. We need more training on the AI portal.
SRV-000984,EMP-06892,OFC-LON,2026-01-22,POST_RESOLUTION,4,Great experience. The AI resolved my password issue in seconds.
SRV-000985,EMP-10638,OFC-NYC,2026-01-22,POST_RESOLUTION,4,The new AI system is incredibly fast. Saves me a lot of time.
SRV-000986,EMP-05052,OFC-GUR,2026-01-22,POST_RESOLUTION,4,Self-service articles were actually helpful for once.
SRV-000987,EMP-05651,OFC-GUR,2026-01-22,POST_RESOLUTION,3,"AI is decent, but didn't fully understand my specific network issue."
SRV-000988,EMP-10723,OFC-GUR,2026-01-22,POST_RESOLUTION,4,Great experience. The AI resolved my password issue in seconds.
SRV-000989,EMP-03639,OFC-GUR,2026-01-22,POST_RESOLUTION,5,Great experience. The AI resolved my password issue in seconds.
SRV-000990,EMP-07735,OFC-LON,2026-01-22,POST_RESOLUTION,3,Standard IT portal. Nothing special.
SRV-000991,EMP-08754,OFC-BOS,2026-01-22,POST_RESOLUTION,4,Great experience. The AI resolved my password issue in seconds.
SRV-000992,EMP-05658,OFC-BOS,2026-01-22,POST_RESOLUTION,5,The new AI system is incredibly fast. Saves me a lot of time.
SRV-000993,EMP-03282,OFC-LON,2026-01-22,POST_RESOLUTION,5,"Very intuitive workflow, much better than the legacy portal."
SRV-000994,EMP-05441,OFC-GUR,2026-01-22,POST_RESOLUTION,5,Smooth transition. No complaints.
SRV-000995,EMP-01936,OFC-BOS,2026-01-22,POST_RESOLUTION,5,Smooth transition. No complaints.
SRV-000996,EMP-01551,OFC-SIN,2026-01-22,POST_RESOLUTION,1,Keeps freezing. The latency makes it unusable.
SRV-000997,EMP-10423,OFC-NYC,2026-01-22,POST_RESOLUTION,5,The new AI system is incredibly fast. Saves me a lot of time.
SRV-000998,EMP-07040,OFC-LON,2026-01-22,POST_RESOLUTION,5,Great experience. The AI resolved my password issue in seconds.
SRV-000999,EMP-08242,OFC-BOS,2026-01-22,POST_RESOLUTION,4,The new AI system is incredibly fast. Saves me a lot of time.
SRV-001000,EMP-02905,OFC-BOS,2026-01-22,POST_RESOLUTION,4,Smooth transition. No complaints.
SRV-001001,EMP-02130,OFC-GUR,2026-01-22,POST_RESOLUTION,4,Great experience. The AI resolved my password issue in seconds.
SRV-001002,EMP-06696,OFC-NYC,2026-01-22,POST_RESOLUTION,4,The new AI system is incredibly fast. Saves me a lot of time.
SRV-001003,EMP-07714,OFC-SIN,2026-01-22,POST_RESOLUTION,1,I don't know how to use this. We need more training on the AI portal.
SRV-001004,EMP-06270,OFC-BOS,2026-01-22,POST_RESOLUTION,4,Great experience. The AI resolved my password issue in seconds.
SRV-001005,EMP-02666,OFC-BOS,2026-01-22,POST_RESOLUTION,4,"Very intuitive workflow, much better than the legacy portal."
SRV-001006,EMP-09856,OFC-BOS,2026-01-22,POST_RESOLUTION,4,The new AI system is incredibly fast. Saves me a lot of time.
SRV-001007,EMP-06507,OFC-NYC,2026-01-22,POST_RESOLUTION,3,"AI is decent, but didn't fully understand my specific network issue."
SRV-001008,EMP-05752,OFC-GUR,2026-01-22,POST_RESOLUTION,5,Self-service articles were actually helpful for once.
SRV-001009,EMP-03314,OFC-SIN,2026-01-22,POST_RESOLUTION,1,Keeps freezing. The latency makes it unusable.
SRV-001010,EMP-01371,OFC-BOS,2026-01-22,POST_RESOLUTION,3,"AI is decent, but didn't fully understand my specific network issue."
SRV-001011,EMP-09171,OFC-GUR,2026-01-22,POST_RESOLUTION,4,The new AI system is incredibly fast. Saves me a lot of time.
SRV-001012,EMP-07598,OFC-SIN,2026-01-22,POST_RESOLUTION,1,Keeps freezing. The latency makes it unusable.
SRV-001013,EMP-06212,OFC-NYC,2026-01-22,POST_RESOLUTION,3,"AI is decent, but didn't fully understand my specific network issue."
SRV-001014,EMP-04239,OFC-LON,2026-01-22,POST_RESOLUTION,4,Self-service articles were actually helpful for once.
SRV-001015,EMP-10109,OFC-GUR,2026-01-22,POST_RESOLUTION,5,Great experience. The AI resolved my password issue in seconds.
SRV-001016,EMP-10702,OFC-GUR,2026-01-22,POST_RESOLUTION,4,Smooth transition. No complaints.
SRV-001017,EMP-08505,OFC-SIN,2026-01-22,POST_RESOLUTION,1,System is way too slow. Massive latency when loading the dashboard.
SRV-001018,EMP-03324,OFC-GUR,2026-01-22,POST_RESOLUTION,3,It's okay. Takes some getting used to.
SRV-001019,EMP-10906,OFC-GUR,2026-01-22,POST_RESOLUTION,4,"Very intuitive workflow, much better than the legacy portal."
SRV-001020,EMP-09454,OFC-SIN,2026-01-22,POST_RESOLUTION,3,Keeps freezing. The latency makes it unusable.
SRV-001021,EMP-08254,OFC-NYC,2026-01-22,POST_RESOLUTION,4,"Very intuitive workflow, much better than the legacy portal."
SRV-001022,EMP-08045,OFC-NYC,2026-01-22,POST_RESOLUTION,5,The new AI system is incredibly fast. Saves me a lot of time.
SRV-001023,EMP-07842,OFC-BOS,2026-01-22,POST_RESOLUTION,4,Great experience. The AI resolved my password issue in seconds.
SRV-001024,EMP-08306,OFC-GUR,2026-01-22,POST_RESOLUTION,5,The new AI system is incredibly fast. Saves me a lot of time.
SRV-001025,EMP-01287,OFC-LON,2026-01-22,POST_RESOLUTION,5,The new AI system is incredibly fast. Saves me a lot of time.
SRV-001026,EMP-01286,OFC-LON,2026-01-22,POST_RESOLUTION,5,Great experience. The AI resolved my password issue in seconds.
SRV-001027,EMP-06849,OFC-LON,2026-01-22,POST_RESOLUTION,5,"Very intuitive workflow, much better than the legacy portal."
SRV-001028,EMP-04283,OFC-SIN,2026-01-22,POST_RESOLUTION,1,Keeps freezing. The latency makes it unusable.
SRV-001029,EMP-06072,OFC-LON,2026-01-22,POST_RESOLUTION,5,The new AI system is incredibly fast. Saves me a lot of time.
SRV-001030,EMP-10554,OFC-LON,2026-01-22,POST_RESOLUTION,4,The new AI system is incredibly fast. Saves me a lot of time.
SRV-001031,EMP-01826,OFC-NYC,2026-01-22,POST_RESOLUTION,5,Self-service articles were actually helpful for once.
SRV-001032,EMP-07750,OFC-NYC,2026-01-22,POST_RESOLUTION,3,It's okay. Takes some getting used to.
SRV-001033,EMP-08182,OFC-GUR,2026-01-22,POST_RESOLUTION,4,Self-service articles were actually helpful for once.
SRV-001034,EMP-02611,OFC-GUR,2026-01-22,POST_RESOLUTION,5,Self-service articles were actually helpful for once.
SRV-001035,EMP-08392,OFC-GUR,2026-01-22,POST_RESOLUTION,3,"Worked fine, but I prefer emailing a real person."
SRV-001036,EMP-02538,OFC-BOS,2026-01-22,POST_RESOLUTION,4,Great experience. The AI resolved my password issue in seconds.
SRV-001037,EMP-09767,OFC-BOS,2026-01-22,POST_RESOLUTION,5,"Very intuitive workflow, much better than the legacy portal."
SRV-001038,EMP-01943,OFC-GUR,2026-01-22,POST_RESOLUTION,4,"Very intuitive workflow, much better than the legacy portal."
SRV-001039,EMP-03443,OFC-GUR,2026-01-22,POST_RESOLUTION,4,Smooth transition. No complaints.
SRV-001040,EMP-04979,OFC-NYC,2026-01-22,POST_RESOLUTION,4,Great experience. The AI resolved my password issue in seconds.
SRV-001041,EMP-09223,OFC-SIN,2026-01-22,POST_RESOLUTION,2,Confusing interface. I just want to submit an email ticket.
SRV-001042,EMP-07432,OFC-SIN,2026-01-22,POST_RESOLUTION,1,I don't know how to use this. We need more training on the AI portal.
SRV-001043,EMP-04548,OFC-NYC,2026-01-22,POST_RESOLUTION,3,Standard IT portal. Nothing special.
SRV-001044,EMP-02626,OFC-BOS,2026-01-22,POST_RESOLUTION,3,Standard IT portal. Nothing special.
SRV-001045,EMP-05736,OFC-LON,2026-01-22,POST_RESOLUTION,4,The new AI system is incredibly fast. Saves me a lot of time.
SRV-001046,EMP-10363,OFC-BOS,2026-01-22,POST_RESOLUTION,4,Smooth transition. No complaints.
SRV-001047,EMP-09545,OFC-LON,2026-01-22,POST_RESOLUTION,5,Great experience. The AI resolved my password issue in seconds.
SRV-001048,EMP-03681,OFC-GUR,2026-01-22,POST_RESOLUTION,4,Smooth transition. No complaints.
SRV-001049,EMP-03810,OFC-BOS,2026-01-22,POST_RESOLUTION,5,"Very intuitive workflow, much better than the legacy portal."
SRV-001050,EMP-01720,OFC-SIN,2026-01-22,POST_RESOLUTION,1,Stop forcing us to use the AI. It's too slow and I need human help.
SRV-001051,EMP-03121,OFC-LON,2026-01-22,POST_RESOLUTION,4,Smooth transition. No complaints.
SRV-001052,EMP-04792,OFC-LON,2026-01-22,POST_RESOLUTION,4,"Very intuitive workflow, much better than the legacy portal."
SRV-001053,EMP-09061,OFC-NYC,2026-01-22,POST_RESOLUTION,5,"Very intuitive workflow, much better than the legacy portal."
SRV-001054,EMP-10129,OFC-SIN,2026-01-22,POST_RESOLUTION,2,Stop forcing us to use the AI. It's too slow and I need human help.
SRV-001055,EMP-05209,OFC-BOS,2026-01-22,POST_RESOLUTION,5,Self-service articles were actually helpful for once.
SRV-001056,EMP-01744,OFC-BOS,2026-01-22,POST_RESOLUTION,3,"AI is decent, but didn't fully understand my specific network issue."
SRV-001057,EMP-04663,OFC-BOS,2026-01-22,POST_RESOLUTION,5,Self-service articles were actually helpful for once.
SRV-001058,EMP-01032,OFC-BOS,2026-01-22,POST_RESOLUTION,4,The new AI system is incredibly fast. Saves me a lot of time.
SRV-001059,EMP-08388,OFC-NYC,2026-01-22,POST_RESOLUTION,5,Great experience. The AI resolved my password issue in seconds.
SRV-001060,EMP-06164,OFC-BOS,2026-01-22,POST_RESOLUTION,4,Self-service articles were actually helpful for once.
SRV-001061,EMP-10377,OFC-NYC,2026-01-22,POST_RESOLUTION,4,Smooth transition. No complaints.
SRV-001062,EMP-01333,OFC-BOS,2026-01-22,POST_RESOLUTION,3,Standard IT portal. Nothing special.
SRV-001063,EMP-05827,OFC-BOS,2026-01-22,POST_RESOLUTION,4,The new AI system is incredibly fast. Saves me a lot of time.
SRV-001064,EMP-06967,OFC-BOS,2026-01-22,POST_RESOLUTION,4,Great experience. The AI resolved my password issue in seconds.
SRV-001065,EMP-07061,OFC-NYC,2026-01-22,POST_RESOLUTION,3,"Worked fine, but I prefer emailing a real person."
SRV-001066,EMP-09833,OFC-LON,2026-01-22,POST_RESOLUTION,3,"Worked fine, but I prefer emailing a real person."
SRV-001067,EMP-03543,OFC-LON,2026-01-22,POST_RESOLUTION,5,Great experience. The AI resolved my password issue in seconds.
SRV-001068,EMP-01646,OFC-LON,2026-01-22,POST_RESOLUTION,4,Self-service articles were actually helpful for once.
SRV-001069,EMP-08252,OFC-NYC,2026-01-22,POST_RESOLUTION,5,Great experience. The AI resolved my password issue in seconds.
SRV-001070,EMP-03049,OFC-BOS,2026-01-22,POST_RESOLUTION,5,Self-service articles were actually helpful for once.
SRV-001071,EMP-01314,OFC-GUR,2026-01-22,POST_RESOLUTION,5,"Very intuitive workflow, much better than the legacy portal."
SRV-001072,EMP-02615,OFC-GUR,2026-01-22,POST_RESOLUTION,5,Great experience. The AI resolved my password issue in seconds.
SRV-001073,EMP-05630,OFC-BOS,2026-01-22,POST_RESOLUTION,5,Great experience. The AI resolved my password issue in seconds.
SRV-001074,EMP-06734,OFC-GUR,2026-01-22,POST_RESOLUTION,4,The new AI system is incredibly fast. Saves me a lot of time.
SRV-001075,EMP-01066,OFC-BOS,2026-01-22,POST_RESOLUTION,3,Standard IT portal. Nothing special.
SRV-001076,EMP-08101,OFC-BOS,2026-01-22,POST_RESOLUTION,4,Great experience. The AI resolved my password issue in seconds.
SRV-001077,EMP-06718,OFC-BOS,2026-01-22,POST_RESOLUTION,4,Smooth transition. No complaints.
SRV-001078,EMP-01169,OFC-LON,2026-01-22,POST_RESOLUTION,3,"Worked fine, but I prefer emailing a real person."
SRV-001079,EMP-09867,OFC-LON,2026-01-22,POST_RESOLUTION,4,Smooth transition. No complaints.
SRV-001080,EMP-05248,OFC-LON,2026-01-22,POST_RESOLUTION,4,Self-service articles were actually helpful for once.
SRV-001081,EMP-07358,OFC-SIN,2026-01-22,POST_RESOLUTION,3,Keeps freezing. The latency makes it unusable.
SRV-001082,EMP-08089,OFC-BOS,2026-01-22,POST_RESOLUTION,4,The new AI system is incredibly fast. Saves me a lot of time.
SRV-001083,EMP-06660,OFC-BOS,2026-01-22,POST_RESOLUTION,4,Great experience. The AI resolved my password issue in seconds.
SRV-001084,EMP-03490,OFC-NYC,2026-01-22,POST_RESOLUTION,4,Self-service articles were actually helpful for once.
SRV-001085,EMP-03201,OFC-BOS,2026-01-22,POST_RESOLUTION,4,The new AI system is incredibly fast. Saves me a lot of time.
SRV-001086,EMP-08770,OFC-LON,2026-01-22,POST_RESOLUTION,5,Smooth transition. No complaints.
SRV-001087,EMP-08454,OFC-SIN,2026-01-22,POST_RESOLUTION,1,System is way too slow. Massive latency when loading the dashboard.
SRV-001088,EMP-09042,OFC-BOS,2026-01-22,POST_RESOLUTION,4,Smooth transition. No complaints.
SRV-001089,EMP-07841,OFC-BOS,2026-01-22,POST_RESOLUTION,4,Great experience. The AI resolved my password issue in seconds.
SRV-001090,EMP-01568,OFC-SIN,2026-01-22,POST_RESOLUTION,1,Keeps freezing. The latency makes it unusable.
SRV-001091,EMP-02127,OFC-NYC,2026-01-22,POST_RESOLUTION,4,"Very intuitive workflow, much better than the legacy portal."
SRV-001092,EMP-10179,OFC-BOS,2026-01-22,POST_RESOLUTION,4,Smooth transition. No complaints.
SRV-001093,EMP-10058,OFC-BOS,2026-01-22,POST_RESOLUTION,4,Self-service articles were actually helpful for once.
SRV-001094,EMP-08169,OFC-BOS,2026-01-22,POST_RESOLUTION,4,"Very intuitive workflow, much better than the legacy portal."
SRV-001095,EMP-03827,OFC-BOS,2026-01-22,POST_RESOLUTION,5,"Very intuitive workflow, much better than the legacy portal."
SRV-001096,EMP-02792,OFC-LON,2026-01-22,POST_RESOLUTION,4,Smooth transition. No complaints.
SRV-001097,EMP-03426,OFC-BOS,2026-01-22,POST_RESOLUTION,4,Self-service articles were actually helpful for once.
SRV-001098,EMP-09716,OFC-LON,2026-01-22,POST_RESOLUTION,4,"Very intuitive workflow, much better than the legacy portal."
SRV-001099,EMP-08642,OFC-NYC,2026-01-22,POST_RESOLUTION,3,It's okay. Takes some getting used to.
SRV-001100,EMP-01140,OFC-SIN,2026-01-22,POST_RESOLUTION,3,System is way too slow. Massive latency when loading the dashboard.
SRV-001101,EMP-07965,OFC-BOS,2026-01-22,POST_RESOLUTION,4,Self-service articles were actually helpful for once.
SRV-001102,EMP-06011,OFC-GUR,2026-01-22,POST_RESOLUTION,5,Great experience. The AI resolved my password issue in seconds.
SRV-001103,EMP-10631,OFC-GUR,2026-01-22,POST_RESOLUTION,4,The new AI system is incredibly fast. Saves me a lot of time.
SRV-001104,EMP-09298,OFC-BOS,2026-01-22,POST_RESOLUTION,5,Smooth transition. No complaints.
SRV-001105,EMP-08897,OFC-LON,2026-01-22,POST_RESOLUTION,4,Self-service articles were actually helpful for once.
SRV-001106,EMP-10850,OFC-LON,2026-01-22,POST_RESOLUTION,3,Standard IT portal. Nothing special.
SRV-001107,EMP-01585,OFC-BOS,2026-01-22,POST_RESOLUTION,3,It's okay. Takes some getting used to.
SRV-001108,EMP-05585,OFC-SIN,2026-01-22,POST_RESOLUTION,2,Keeps freezing. The latency makes it unusable.
SRV-001109,EMP-01144,OFC-NYC,2026-01-22,POST_RESOLUTION,4,Self-service articles were actually helpful for once.
SRV-001110,EMP-06106,OFC-NYC,2026-01-22,POST_RESOLUTION,4,Great experience. The AI resolved my password issue in seconds.
SRV-001111,EMP-01876,OFC-GUR,2026-01-22,POST_RESOLUTION,5,"Very intuitive workflow, much better than the legacy portal."
SRV-001112,EMP-01734,OFC-NYC,2026-01-22,POST_RESOLUTION,4,"Very intuitive workflow, much better than the legacy portal."
SRV-001113,EMP-04143,OFC-LON,2026-01-22,POST_RESOLUTION,4,"Very intuitive workflow, much better than the legacy portal."
SRV-001114,EMP-10714,OFC-LON,2026-01-22,POST_RESOLUTION,5,Smooth transition. No complaints.
SRV-001115,EMP-02768,OFC-NYC,2026-01-22,POST_RESOLUTION,4,Self-service articles were actually helpful for once.
SRV-001116,EMP-06578,OFC-SIN,2026-01-22,POST_RESOLUTION,3,Confusing interface. I just want to submit an email ticket.
SRV-001117,EMP-03030,OFC-BOS,2026-01-22,POST_RESOLUTION,4,Smooth transition. No complaints.
SRV-001118,EMP-04127,OFC-BOS,2026-01-22,POST_RESOLUTION,4,Self-service articles were actually helpful for once.
SRV-001119,EMP-02559,OFC-SIN,2026-01-22,POST_RESOLUTION,1,I don't know how to use this. We need more training on the AI portal.
SRV-001120,EMP-05764,OFC-LON,2026-01-22,POST_RESOLUTION,5,Self-service articles were actually helpful for once.
SRV-001121,EMP-05849,OFC-BOS,2026-01-22,POST_RESOLUTION,5,Great experience. The AI resolved my password issue in seconds.
SRV-001122,EMP-05811,OFC-SIN,2026-01-22,POST_RESOLUTION,3,Keeps freezing. The latency makes it unusable.
SRV-001123,EMP-09241,OFC-GUR,2026-01-22,POST_RESOLUTION,4,Self-service articles were actually helpful for once.
SRV-001124,EMP-02743,OFC-BOS,2026-01-22,POST_RESOLUTION,5,The new AI system is incredibly fast. Saves me a lot of time.
SRV-001125,EMP-09313,OFC-LON,2026-01-22,POST_RESOLUTION,4,Great experience. The AI resolved my password issue in seconds.
SRV-001126,EMP-09781,OFC-SIN,2026-01-22,POST_RESOLUTION,1,System is way too slow. Massive latency when loading the dashboard.
SRV-001127,EMP-09071,OFC-NYC,2026-01-22,POST_RESOLUTION,5,"Very intuitive workflow, much better than the legacy portal."
SRV-001128,EMP-03491,OFC-BOS,2026-01-22,POST_RESOLUTION,3,Standard IT portal. Nothing special.
SRV-001129,EMP-04407,OFC-SIN,2026-01-22,POST_RESOLUTION,1,Stop forcing us to use the AI. It's too slow and I need human help.
SRV-001130,EMP-03644,OFC-BOS,2026-01-22,POST_RESOLUTION,4,Smooth transition. No complaints.
SRV-001131,EMP-01433,OFC-BOS,2026-01-22,POST_RESOLUTION,5,Self-service articles were actually helpful for once.
SRV-001132,EMP-03362,OFC-NYC,2026-01-22,POST_RESOLUTION,4,The new AI system is incredibly fast. Saves me a lot of time.
SRV-001133,EMP-07731,OFC-BOS,2026-01-22,POST_RESOLUTION,4,Great experience. The AI resolved my password issue in seconds.
SRV-001134,EMP-05168,OFC-NYC,2026-01-22,POST_RESOLUTION,5,The new AI system is incredibly fast. Saves me a lot of time.
SRV-001135,EMP-06074,OFC-SIN,2026-01-22,POST_RESOLUTION,1,Keeps freezing. The latency makes it unusable.
SRV-001136,EMP-10464,OFC-GUR,2026-01-22,POST_RESOLUTION,4,Smooth transition. No complaints.
SRV-001137,EMP-05693,OFC-LON,2026-01-22,POST_RESOLUTION,4,The new AI system is incredibly fast. Saves me a lot of time.
SRV-001138,EMP-10938,OFC-SIN,2026-01-22,POST_RESOLUTION,3,Stop forcing us to use the AI. It's too slow and I need human help.
SRV-001139,EMP-02477,OFC-GUR,2026-01-22,POST_RESOLUTION,3,"Worked fine, but I prefer emailing a real person."
SRV-001140,EMP-08875,OFC-LON,2026-01-22,POST_RESOLUTION,4,Self-service articles were actually helpful for once.
SRV-001141,EMP-08327,OFC-GUR,2026-01-22,POST_RESOLUTION,3,"AI is decent, but didn't fully understand my specific network issue."
SRV-001142,EMP-06567,OFC-GUR,2026-01-22,POST_RESOLUTION,4,Self-service articles were actually helpful for once.
SRV-001143,EMP-06920,OFC-BOS,2026-01-22,POST_RESOLUTION,4,The new AI system is incredibly fast. Saves me a lot of time.
SRV-001144,EMP-01727,OFC-GUR,2026-01-22,POST_RESOLUTION,4,"Very intuitive workflow, much better than the legacy portal."
SRV-001145,EMP-03591,OFC-GUR,2026-01-22,POST_RESOLUTION,4,Great experience. The AI resolved my password issue in seconds.
SRV-001146,EMP-02511,OFC-GUR,2026-01-22,POST_RESOLUTION,5,The new AI system is incredibly fast. Saves me a lot of time.
SRV-001147,EMP-07012,OFC-SIN,2026-01-22,POST_RESOLUTION,2,Confusing interface. I just want to submit an email ticket.
SRV-001148,EMP-01281,OFC-NYC,2026-01-22,POST_RESOLUTION,5,Smooth transition. No complaints.
SRV-001149,EMP-02005,OFC-GUR,2026-01-22,POST_RESOLUTION,4,Self-service articles were actually helpful for once.
SRV-001150,EMP-09975,OFC-LON,2026-01-22,POST_RESOLUTION,3,Standard IT portal. Nothing special.
SRV-001151,EMP-08257,OFC-BOS,2026-01-22,POST_RESOLUTION,4,The new AI system is incredibly fast. Saves me a lot of time.
SRV-001152,EMP-02209,OFC-SIN,2026-01-22,POST_RESOLUTION,3,Stop forcing us to use the AI. It's too slow and I need human help.
SRV-001153,EMP-08428,OFC-GUR,2026-01-22,POST_RESOLUTION,4,Self-service articles were actually helpful for once.
SRV-001154,EMP-10442,OFC-BOS,2026-01-22,POST_RESOLUTION,5,Great experience. The AI resolved my password issue in seconds.
SRV-001155,EMP-10193,OFC-GUR,2026-01-22,POST_RESOLUTION,3,It's okay. Takes some getting used to.
SRV-001156,EMP-06863,OFC-NYC,2026-01-22,POST_RESOLUTION,4,"Very intuitive workflow, much better than the legacy portal."
SRV-001157,EMP-02435,OFC-BOS,2026-01-22,POST_RESOLUTION,4,The new AI system is incredibly fast. Saves me a lot of time.
SRV-001158,EMP-03630,OFC-LON,2026-01-22,POST_RESOLUTION,4,The new AI system is incredibly fast. Saves me a lot of time.
SRV-001159,EMP-02736,OFC-NYC,2026-01-22,POST_RESOLUTION,4,Self-service articles were actually helpful for once.
SRV-001160,EMP-10725,OFC-SIN,2026-01-22,POST_RESOLUTION,1,Stop forcing us to use the AI. It's too slow and I need human help.
SRV-001161,EMP-05982,OFC-GUR,2026-01-22,POST_RESOLUTION,4,The new AI system is incredibly fast. Saves me a lot of time.
SRV-001162,EMP-03833,OFC-NYC,2026-01-22,POST_RESOLUTION,4,The new AI system is incredibly fast. Saves me a lot of time.
SRV-001163,EMP-04825,OFC-BOS,2026-01-22,POST_RESOLUTION,3,Standard IT portal. Nothing special.
SRV-001164,EMP-09030,OFC-NYC,2026-01-22,POST_RESOLUTION,5,Smooth transition. No complaints.
SRV-001165,EMP-09343,OFC-LON,2026-01-22,POST_RESOLUTION,4,"Very intuitive workflow, much better than the legacy portal."
SRV-001166,EMP-06084,OFC-BOS,2026-01-22,POST_RESOLUTION,4,Great experience. The AI resolved my password issue in seconds.
SRV-001167,EMP-06352,OFC-NYC,2026-01-22,POST_RESOLUTION,4,Great experience. The AI resolved my password issue in seconds.
SRV-001168,EMP-10591,OFC-BOS,2026-01-22,POST_RESOLUTION,5,Self-service articles were actually helpful for once.
SRV-001169,EMP-07231,OFC-SIN,2026-01-22,POST_RESOLUTION,2,Confusing interface. I just want to submit an email ticket.
SRV-001170,EMP-01717,OFC-SIN,2026-01-22,POST_RESOLUTION,3,Stop forcing us to use the AI. It's too slow and I need human help.
SRV-001171,EMP-04135,OFC-LON,2026-01-22,POST_RESOLUTION,4,Smooth transition. No complaints.
SRV-001172,EMP-07337,OFC-BOS,2026-01-22,POST_RESOLUTION,4,"Very intuitive workflow, much better than the legacy portal."
SRV-001173,EMP-03986,OFC-BOS,2026-01-22,POST_RESOLUTION,4,Great experience. The AI resolved my password issue in seconds.
SRV-001174,EMP-09711,OFC-NYC,2026-01-22,POST_RESOLUTION,4,The new AI system is incredibly fast. Saves me a lot of time.
SRV-001175,EMP-06239,OFC-NYC,2026-01-22,POST_RESOLUTION,4,Great experience. The AI resolved my password issue in seconds.
SRV-001176,EMP-10154,OFC-BOS,2026-01-22,POST_RESOLUTION,4,Smooth transition. No complaints.
SRV-001177,EMP-09686,OFC-NYC,2026-01-22,POST_RESOLUTION,4,Great experience. The AI resolved my password issue in seconds.
SRV-001178,EMP-06036,OFC-LON,2026-01-22,POST_RESOLUTION,4,Self-service articles were actually helpful for once.
SRV-001179,EMP-04010,OFC-LON,2026-01-22,POST_RESOLUTION,5,The new AI system is incredibly fast. Saves me a lot of time.
SRV-001180,EMP-08556,OFC-BOS,2026-01-22,POST_RESOLUTION,4,Self-service articles were actually helpful for once.
SRV-001181,EMP-04568,OFC-GUR,2026-01-22,POST_RESOLUTION,4,"Very intuitive workflow, much better than the legacy portal."
SRV-001182,EMP-06474,OFC-BOS,2026-01-22,POST_RESOLUTION,5,Great experience. The AI resolved my password issue in seconds.
SRV-001183,EMP-01532,OFC-SIN,2026-01-22,POST_RESOLUTION,1,Stop forcing us to use the AI. It's too slow and I need human help.
SRV-001184,EMP-06176,OFC-SIN,2026-01-22,POST_RESOLUTION,1,I don't know how to use this. We need more training on the AI portal.
SRV-001185,EMP-10895,OFC-BOS,2026-01-22,POST_RESOLUTION,5,Self-service articles were actually helpful for once.
SRV-001186,EMP-09337,OFC-LON,2026-01-22,POST_RESOLUTION,4,The new AI system is incredibly fast. Saves me a lot of time.
SRV-001187,EMP-02687,OFC-LON,2026-01-22,POST_RESOLUTION,5,Self-service articles were actually helpful for once.
SRV-001188,EMP-10141,OFC-BOS,2026-01-22,POST_RESOLUTION,3,"Worked fine, but I prefer emailing a real person."
SRV-001189,EMP-01351,OFC-SIN,2026-01-22,POST_RESOLUTION,1,System is way too slow. Massive latency when loading the dashboard.
SRV-001190,EMP-05882,OFC-GUR,2026-01-22,POST_RESOLUTION,3,"AI is decent, but didn't fully understand my specific network issue."
SRV-001191,EMP-03541,OFC-GUR,2026-01-22,POST_RESOLUTION,4,Self-service articles were actually helpful for once.
SRV-001192,EMP-06120,OFC-NYC,2026-01-22,POST_RESOLUTION,3,Standard IT portal. Nothing special.
SRV-001193,EMP-09695,OFC-LON,2026-01-22,POST_RESOLUTION,3,It's okay. Takes some getting used to.
SRV-001194,EMP-06202,OFC-LON,2026-01-22,POST_RESOLUTION,5,Great experience. The AI resolved my password issue in seconds.
SRV-001195,EMP-03976,OFC-GUR,2026-01-22,POST_RESOLUTION,5,The new AI system is incredibly fast. Saves me a lot of time.
SRV-001196,EMP-10317,OFC-NYC,2026-01-22,POST_RESOLUTION,5,"Very intuitive workflow, much better than the legacy portal."
SRV-001197,EMP-02543,OFC-NYC,2026-01-22,POST_RESOLUTION,5,Smooth transition. No complaints.
SRV-001198,EMP-02533,OFC-NYC,2026-01-22,POST_RESOLUTION,4,The new AI system is incredibly fast. Saves me a lot of time.
SRV-001199,EMP-03224,OFC-BOS,2026-01-22,POST_RESOLUTION,5,The new AI system is incredibly fast. Saves me a lot of time.
SRV-001200,EMP-01770,OFC-BOS,2026-01-22,POST_RESOLUTION,4,Self-service articles were actually helpful for once.
SRV-001201,EMP-09857,OFC-BOS,2026-01-29,POST_RESOLUTION,4,"Very intuitive workflow, much better than the legacy portal."
SRV-001202,EMP-08684,OFC-BOS,2026-01-29,POST_RESOLUTION,4,"Very intuitive workflow, much better than the legacy portal."
SRV-001203,EMP-09439,OFC-NYC,2026-01-29,POST_RESOLUTION,4,Smooth transition. No complaints.
SRV-001204,EMP-06091,OFC-BOS,2026-01-29,POST_RESOLUTION,4,"Very intuitive workflow, much better than the legacy portal."
SRV-001205,EMP-01543,OFC-GUR,2026-01-29,POST_RESOLUTION,5,The new AI system is incredibly fast. Saves me a lot of time.
SRV-001206,EMP-04606,OFC-GUR,2026-01-29,POST_RESOLUTION,4,Smooth transition. No complaints.
SRV-001207,EMP-05940,OFC-NYC,2026-01-29,POST_RESOLUTION,3,Standard IT portal. Nothing special.
SRV-001208,EMP-10631,OFC-GUR,2026-01-29,POST_RESOLUTION,4,Smooth transition. No complaints.
SRV-001209,EMP-04276,OFC-GUR,2026-01-29,POST_RESOLUTION,4,"Very intuitive workflow, much better than the legacy portal."
SRV-001210,EMP-05809,OFC-SIN,2026-01-29,POST_RESOLUTION,2,I don't know how to use this. We need more training on the AI portal.
SRV-001211,EMP-05207,OFC-LON,2026-01-29,POST_RESOLUTION,3,"Worked fine, but I prefer emailing a real person."
SRV-001212,EMP-01438,OFC-GUR,2026-01-29,POST_RESOLUTION,5,"Very intuitive workflow, much better than the legacy portal."
SRV-001213,EMP-02212,OFC-BOS,2026-01-29,POST_RESOLUTION,3,It's okay. Takes some getting used to.
SRV-001214,EMP-03706,OFC-BOS,2026-01-29,POST_RESOLUTION,4,Self-service articles were actually helpful for once.
SRV-001215,EMP-09781,OFC-SIN,2026-01-29,POST_RESOLUTION,1,I don't know how to use this. We need more training on the AI portal.
SRV-001216,EMP-04037,OFC-SIN,2026-01-29,POST_RESOLUTION,3,I don't know how to use this. We need more training on the AI portal.
SRV-001217,EMP-05720,OFC-NYC,2026-01-29,POST_RESOLUTION,5,Smooth transition. No complaints.
SRV-001218,EMP-08336,OFC-BOS,2026-01-29,POST_RESOLUTION,3,"Worked fine, but I prefer emailing a real person."
SRV-001219,EMP-08197,OFC-GUR,2026-01-29,POST_RESOLUTION,4,"Very intuitive workflow, much better than the legacy portal."
SRV-001220,EMP-10807,OFC-LON,2026-01-29,POST_RESOLUTION,4,The new AI system is incredibly fast. Saves me a lot of time.
SRV-001221,EMP-10144,OFC-GUR,2026-01-29,POST_RESOLUTION,5,The new AI system is incredibly fast. Saves me a lot of time.
SRV-001222,EMP-05862,OFC-BOS,2026-01-29,POST_RESOLUTION,4,"Very intuitive workflow, much better than the legacy portal."
SRV-001223,EMP-08997,OFC-LON,2026-01-29,POST_RESOLUTION,4,The new AI system is incredibly fast. Saves me a lot of time.
SRV-001224,EMP-04893,OFC-NYC,2026-01-29,POST_RESOLUTION,5,Self-service articles were actually helpful for once.
SRV-001225,EMP-02938,OFC-LON,2026-01-29,POST_RESOLUTION,4,"Very intuitive workflow, much better than the legacy portal."
SRV-001226,EMP-09192,OFC-NYC,2026-01-29,POST_RESOLUTION,5,Smooth transition. No complaints.
SRV-001227,EMP-09331,OFC-LON,2026-01-29,POST_RESOLUTION,5,Self-service articles were actually helpful for once.
SRV-001228,EMP-04375,OFC-GUR,2026-01-29,POST_RESOLUTION,5,The new AI system is incredibly fast. Saves me a lot of time.
SRV-001229,EMP-06476,OFC-NYC,2026-01-29,POST_RESOLUTION,5,"Very intuitive workflow, much better than the legacy portal."
SRV-001230,EMP-09708,OFC-BOS,2026-01-29,POST_RESOLUTION,4,Self-service articles were actually helpful for once.
SRV-001231,EMP-10151,OFC-LON,2026-01-29,POST_RESOLUTION,4,The new AI system is incredibly fast. Saves me a lot of time.
SRV-001232,EMP-03298,OFC-BOS,2026-01-29,POST_RESOLUTION,4,"Very intuitive workflow, much better than the legacy portal."
SRV-001233,EMP-05600,OFC-BOS,2026-01-29,POST_RESOLUTION,5,Great experience. The AI resolved my password issue in seconds.
SRV-001234,EMP-07752,OFC-NYC,2026-01-29,POST_RESOLUTION,4,Smooth transition. No complaints.
SRV-001235,EMP-05324,OFC-GUR,2026-01-29,POST_RESOLUTION,4,The new AI system is incredibly fast. Saves me a lot of time.
SRV-001236,EMP-08911,OFC-NYC,2026-01-29,POST_RESOLUTION,5,The new AI system is incredibly fast. Saves me a lot of time.
SRV-001237,EMP-08136,OFC-SIN,2026-01-29,POST_RESOLUTION,2,Stop forcing us to use the AI. It's too slow and I need human help.
SRV-001238,EMP-05258,OFC-NYC,2026-01-29,POST_RESOLUTION,4,Great experience. The AI resolved my password issue in seconds.
SRV-001239,EMP-05515,OFC-NYC,2026-01-29,POST_RESOLUTION,3,"Worked fine, but I prefer emailing a real person."
SRV-001240,EMP-03338,OFC-BOS,2026-01-29,POST_RESOLUTION,3,It's okay. Takes some getting used to.
SRV-001241,EMP-01892,OFC-GUR,2026-01-29,POST_RESOLUTION,4,Great experience. The AI resolved my password issue in seconds.
SRV-001242,EMP-02975,OFC-SIN,2026-01-29,POST_RESOLUTION,1,Confusing interface. I just want to submit an email ticket.
SRV-001243,EMP-07136,OFC-NYC,2026-01-29,POST_RESOLUTION,3,Standard IT portal. Nothing special.
SRV-001244,EMP-04259,OFC-SIN,2026-01-29,POST_RESOLUTION,1,Confusing interface. I just want to submit an email ticket.
SRV-001245,EMP-01681,OFC-NYC,2026-01-29,POST_RESOLUTION,3,It's okay. Takes some getting used to.
SRV-001246,EMP-05697,OFC-LON,2026-01-29,POST_RESOLUTION,4,Smooth transition. No complaints.
SRV-001247,EMP-01997,OFC-BOS,2026-01-29,POST_RESOLUTION,5,Self-service articles were actually helpful for once.
SRV-001248,EMP-08592,OFC-GUR,2026-01-29,POST_RESOLUTION,4,Great experience. The AI resolved my password issue in seconds.
SRV-001249,EMP-05118,OFC-BOS,2026-01-29,POST_RESOLUTION,4,The new AI system is incredibly fast. Saves me a lot of time.
SRV-001250,EMP-05265,OFC-NYC,2026-01-29,POST_RESOLUTION,3,It's okay. Takes some getting used to.
SRV-001251,EMP-07185,OFC-GUR,2026-01-29,POST_RESOLUTION,5,Great experience. The AI resolved my password issue in seconds.
SRV-001252,EMP-03001,OFC-BOS,2026-01-29,POST_RESOLUTION,5,Great experience. The AI resolved my password issue in seconds.
SRV-001253,EMP-08451,OFC-NYC,2026-01-29,POST_RESOLUTION,4,Great experience. The AI resolved my password issue in seconds.
SRV-001254,EMP-03671,OFC-NYC,2026-01-29,POST_RESOLUTION,5,The new AI system is incredibly fast. Saves me a lot of time.
SRV-001255,EMP-05285,OFC-LON,2026-01-29,POST_RESOLUTION,4,Great experience. The AI resolved my password issue in seconds.
SRV-001256,EMP-04810,OFC-GUR,2026-01-29,POST_RESOLUTION,3,"AI is decent, but didn't fully understand my specific network issue."
SRV-001257,EMP-03830,OFC-LON,2026-01-29,POST_RESOLUTION,3,It's okay. Takes some getting used to.
SRV-001258,EMP-03885,OFC-SIN,2026-01-29,POST_RESOLUTION,1,System is way too slow. Massive latency when loading the dashboard.
SRV-001259,EMP-05955,OFC-GUR,2026-01-29,POST_RESOLUTION,4,Self-service articles were actually helpful for once.
SRV-001260,EMP-02441,OFC-BOS,2026-01-29,POST_RESOLUTION,4,Smooth transition. No complaints.
SRV-001261,EMP-08399,OFC-BOS,2026-01-29,POST_RESOLUTION,4,"Very intuitive workflow, much better than the legacy portal."
SRV-001262,EMP-09709,OFC-GUR,2026-01-29,POST_RESOLUTION,4,The new AI system is incredibly fast. Saves me a lot of time.
SRV-001263,EMP-02267,OFC-LON,2026-01-29,POST_RESOLUTION,4,"Very intuitive workflow, much better than the legacy portal."
SRV-001264,EMP-08790,OFC-LON,2026-01-29,POST_RESOLUTION,4,Self-service articles were actually helpful for once.
SRV-001265,EMP-08231,OFC-NYC,2026-01-29,POST_RESOLUTION,3,"Worked fine, but I prefer emailing a real person."
SRV-001266,EMP-09284,OFC-LON,2026-01-29,POST_RESOLUTION,5,Great experience. The AI resolved my password issue in seconds.
SRV-001267,EMP-09624,OFC-BOS,2026-01-29,POST_RESOLUTION,5,Smooth transition. No complaints.
SRV-001268,EMP-02220,OFC-SIN,2026-01-29,POST_RESOLUTION,2,Confusing interface. I just want to submit an email ticket.
SRV-001269,EMP-05575,OFC-NYC,2026-01-29,POST_RESOLUTION,3,"Worked fine, but I prefer emailing a real person."
SRV-001270,EMP-02227,OFC-NYC,2026-01-29,POST_RESOLUTION,4,Great experience. The AI resolved my password issue in seconds.
SRV-001271,EMP-10645,OFC-GUR,2026-01-29,POST_RESOLUTION,5,Smooth transition. No complaints.
SRV-001272,EMP-05328,OFC-BOS,2026-01-29,POST_RESOLUTION,4,Smooth transition. No complaints.
SRV-001273,EMP-09546,OFC-GUR,2026-01-29,POST_RESOLUTION,3,"AI is decent, but didn't fully understand my specific network issue."
SRV-001274,EMP-09102,OFC-NYC,2026-01-29,POST_RESOLUTION,4,The new AI system is incredibly fast. Saves me a lot of time.
SRV-001275,EMP-02539,OFC-LON,2026-01-29,POST_RESOLUTION,4,The new AI system is incredibly fast. Saves me a lot of time.
SRV-001276,EMP-03310,OFC-LON,2026-01-29,POST_RESOLUTION,5,Smooth transition. No complaints.
SRV-001277,EMP-10667,OFC-BOS,2026-01-29,POST_RESOLUTION,4,"Very intuitive workflow, much better than the legacy portal."
SRV-001278,EMP-06818,OFC-SIN,2026-01-29,POST_RESOLUTION,3,Stop forcing us to use the AI. It's too slow and I need human help.
SRV-001279,EMP-04088,OFC-LON,2026-01-29,POST_RESOLUTION,5,Great experience. The AI resolved my password issue in seconds.
SRV-001280,EMP-01926,OFC-NYC,2026-01-29,POST_RESOLUTION,5,"Very intuitive workflow, much better than the legacy portal."
SRV-001281,EMP-05698,OFC-BOS,2026-01-29,POST_RESOLUTION,5,Great experience. The AI resolved my password issue in seconds.
SRV-001282,EMP-09564,OFC-LON,2026-01-29,POST_RESOLUTION,4,Self-service articles were actually helpful for once.
SRV-001283,EMP-06387,OFC-SIN,2026-01-29,POST_RESOLUTION,1,Stop forcing us to use the AI. It's too slow and I need human help.
SRV-001284,EMP-04158,OFC-GUR,2026-01-29,POST_RESOLUTION,4,Great experience. The AI resolved my password issue in seconds.
SRV-001285,EMP-07930,OFC-NYC,2026-01-29,POST_RESOLUTION,4,Great experience. The AI resolved my password issue in seconds.
SRV-001286,EMP-09292,OFC-BOS,2026-01-29,POST_RESOLUTION,4,The new AI system is incredibly fast. Saves me a lot of time.
SRV-001287,EMP-09327,OFC-SIN,2026-01-29,POST_RESOLUTION,1,Keeps freezing. The latency makes it unusable.
SRV-001288,EMP-05680,OFC-NYC,2026-01-29,POST_RESOLUTION,3,"AI is decent, but didn't fully understand my specific network issue."
SRV-001289,EMP-06369,OFC-BOS,2026-01-29,POST_RESOLUTION,3,"Worked fine, but I prefer emailing a real person."
SRV-001290,EMP-04947,OFC-LON,2026-01-29,POST_RESOLUTION,3,"Worked fine, but I prefer emailing a real person."
SRV-001291,EMP-06251,OFC-SIN,2026-01-29,POST_RESOLUTION,3,Keeps freezing. The latency makes it unusable.
SRV-001292,EMP-10299,OFC-BOS,2026-01-29,POST_RESOLUTION,5,"Very intuitive workflow, much better than the legacy portal."
SRV-001293,EMP-05620,OFC-SIN,2026-01-29,POST_RESOLUTION,2,Stop forcing us to use the AI. It's too slow and I need human help.
SRV-001294,EMP-04237,OFC-SIN,2026-01-29,POST_RESOLUTION,1,System is way too slow. Massive latency when loading the dashboard.
SRV-001295,EMP-09846,OFC-SIN,2026-01-29,POST_RESOLUTION,1,System is way too slow. Massive latency when loading the dashboard.
SRV-001296,EMP-06652,OFC-BOS,2026-01-29,POST_RESOLUTION,3,It's okay. Takes some getting used to.
SRV-001297,EMP-01671,OFC-SIN,2026-01-29,POST_RESOLUTION,1,System is way too slow. Massive latency when loading the dashboard.
SRV-001298,EMP-07435,OFC-LON,2026-01-29,POST_RESOLUTION,4,Great experience. The AI resolved my password issue in seconds.
SRV-001299,EMP-01735,OFC-SIN,2026-01-29,POST_RESOLUTION,3,System is way too slow. Massive latency when loading the dashboard.
SRV-001300,EMP-04826,OFC-LON,2026-01-29,POST_RESOLUTION,4,Self-service articles were actually helpful for once.
SRV-001301,EMP-04030,OFC-BOS,2026-01-29,POST_RESOLUTION,3,Standard IT portal. Nothing special.
SRV-001302,EMP-04811,OFC-LON,2026-01-29,POST_RESOLUTION,5,Smooth transition. No complaints.
SRV-001303,EMP-06614,OFC-NYC,2026-01-29,POST_RESOLUTION,5,The new AI system is incredibly fast. Saves me a lot of time.
SRV-001304,EMP-07690,OFC-GUR,2026-01-29,POST_RESOLUTION,5,Smooth transition. No complaints.
SRV-001305,EMP-04964,OFC-BOS,2026-01-29,POST_RESOLUTION,4,Smooth transition. No complaints.
SRV-001306,EMP-01285,OFC-BOS,2026-01-29,POST_RESOLUTION,5,Smooth transition. No complaints.
SRV-001307,EMP-06661,OFC-BOS,2026-01-29,POST_RESOLUTION,4,Self-service articles were actually helpful for once.
SRV-001308,EMP-06647,OFC-GUR,2026-01-29,POST_RESOLUTION,4,The new AI system is incredibly fast. Saves me a lot of time.
SRV-001309,EMP-09753,OFC-BOS,2026-01-29,POST_RESOLUTION,4,Great experience. The AI resolved my password issue in seconds.
SRV-001310,EMP-08024,OFC-LON,2026-01-29,POST_RESOLUTION,4,Self-service articles were actually helpful for once.
SRV-001311,EMP-06702,OFC-LON,2026-01-29,POST_RESOLUTION,5,Great experience. The AI resolved my password issue in seconds.
SRV-001312,EMP-10326,OFC-GUR,2026-01-29,POST_RESOLUTION,5,The new AI system is incredibly fast. Saves me a lot of time.
SRV-001313,EMP-06527,OFC-BOS,2026-01-29,POST_RESOLUTION,4,Self-service articles were actually helpful for once.
SRV-001314,EMP-06185,OFC-SIN,2026-01-29,POST_RESOLUTION,1,Confusing interface. I just want to submit an email ticket.
SRV-001315,EMP-09978,OFC-LON,2026-01-29,POST_RESOLUTION,4,Self-service articles were actually helpful for once.
SRV-001316,EMP-02286,OFC-BOS,2026-01-29,POST_RESOLUTION,3,"Worked fine, but I prefer emailing a real person."
SRV-001317,EMP-01585,OFC-BOS,2026-01-29,POST_RESOLUTION,4,The new AI system is incredibly fast. Saves me a lot of time.
SRV-001318,EMP-03456,OFC-NYC,2026-01-29,POST_RESOLUTION,4,Smooth transition. No complaints.
SRV-001319,EMP-10109,OFC-GUR,2026-01-29,POST_RESOLUTION,3,Standard IT portal. Nothing special.
SRV-001320,EMP-03734,OFC-SIN,2026-01-29,POST_RESOLUTION,2,I don't know how to use this. We need more training on the AI portal.
SRV-001321,EMP-02574,OFC-BOS,2026-01-29,POST_RESOLUTION,3,"AI is decent, but didn't fully understand my specific network issue."
SRV-001322,EMP-08810,OFC-BOS,2026-01-29,POST_RESOLUTION,5,"Very intuitive workflow, much better than the legacy portal."
SRV-001323,EMP-10652,OFC-BOS,2026-01-29,POST_RESOLUTION,3,It's okay. Takes some getting used to.
SRV-001324,EMP-09308,OFC-NYC,2026-01-29,POST_RESOLUTION,4,Self-service articles were actually helpful for once.
SRV-001325,EMP-06986,OFC-LON,2026-01-29,POST_RESOLUTION,5,Smooth transition. No complaints.
SRV-001326,EMP-07775,OFC-NYC,2026-01-29,POST_RESOLUTION,4,Self-service articles were actually helpful for once.
SRV-001327,EMP-02479,OFC-NYC,2026-01-29,POST_RESOLUTION,5,The new AI system is incredibly fast. Saves me a lot of time.
SRV-001328,EMP-05751,OFC-NYC,2026-01-29,POST_RESOLUTION,5,Self-service articles were actually helpful for once.
SRV-001329,EMP-04653,OFC-BOS,2026-01-29,POST_RESOLUTION,4,Smooth transition. No complaints.
SRV-001330,EMP-04751,OFC-SIN,2026-01-29,POST_RESOLUTION,1,I don't know how to use this. We need more training on the AI portal.
SRV-001331,EMP-07678,OFC-LON,2026-01-29,POST_RESOLUTION,5,Great experience. The AI resolved my password issue in seconds.
SRV-001332,EMP-07485,OFC-LON,2026-01-29,POST_RESOLUTION,4,Smooth transition. No complaints.
SRV-001333,EMP-05941,OFC-NYC,2026-01-29,POST_RESOLUTION,4,Smooth transition. No complaints.
SRV-001334,EMP-03282,OFC-LON,2026-01-29,POST_RESOLUTION,5,Smooth transition. No complaints.
SRV-001335,EMP-09609,OFC-SIN,2026-01-29,POST_RESOLUTION,1,Confusing interface. I just want to submit an email ticket.
SRV-001336,EMP-04780,OFC-NYC,2026-01-29,POST_RESOLUTION,4,The new AI system is incredibly fast. Saves me a lot of time.
SRV-001337,EMP-07004,OFC-BOS,2026-01-29,POST_RESOLUTION,4,Smooth transition. No complaints.
SRV-001338,EMP-03356,OFC-SIN,2026-01-29,POST_RESOLUTION,1,Keeps freezing. The latency makes it unusable.
SRV-001339,EMP-10954,OFC-BOS,2026-01-29,POST_RESOLUTION,4,The new AI system is incredibly fast. Saves me a lot of time.
SRV-001340,EMP-01288,OFC-NYC,2026-01-29,POST_RESOLUTION,4,"Very intuitive workflow, much better than the legacy portal."
SRV-001341,EMP-09595,OFC-LON,2026-01-29,POST_RESOLUTION,4,Self-service articles were actually helpful for once.
SRV-001342,EMP-04175,OFC-BOS,2026-01-29,POST_RESOLUTION,4,Self-service articles were actually helpful for once.
SRV-001343,EMP-01001,OFC-SIN,2026-01-29,POST_RESOLUTION,3,Keeps freezing. The latency makes it unusable.
SRV-001344,EMP-09948,OFC-BOS,2026-01-29,POST_RESOLUTION,4,Self-service articles were actually helpful for once.
SRV-001345,EMP-01880,OFC-BOS,2026-01-29,POST_RESOLUTION,5,The new AI system is incredibly fast. Saves me a lot of time.
SRV-001346,EMP-06884,OFC-LON,2026-01-29,POST_RESOLUTION,4,"Very intuitive workflow, much better than the legacy portal."
SRV-001347,EMP-02378,OFC-NYC,2026-01-29,POST_RESOLUTION,5,"Very intuitive workflow, much better than the legacy portal."
SRV-001348,EMP-01347,OFC-BOS,2026-01-29,POST_RESOLUTION,3,"AI is decent, but didn't fully understand my specific network issue."
SRV-001349,EMP-01338,OFC-LON,2026-01-29,POST_RESOLUTION,4,The new AI system is incredibly fast. Saves me a lot of time.
SRV-001350,EMP-05877,OFC-GUR,2026-01-29,POST_RESOLUTION,5,"Very intuitive workflow, much better than the legacy portal."
SRV-001351,EMP-01769,OFC-GUR,2026-01-29,POST_RESOLUTION,4,The new AI system is incredibly fast. Saves me a lot of time.
SRV-001352,EMP-09791,OFC-BOS,2026-01-29,POST_RESOLUTION,5,The new AI system is incredibly fast. Saves me a lot of time.
SRV-001353,EMP-06954,OFC-BOS,2026-01-29,POST_RESOLUTION,4,Smooth transition. No complaints.
SRV-001354,EMP-10934,OFC-NYC,2026-01-29,POST_RESOLUTION,5,"Very intuitive workflow, much better than the legacy portal."
SRV-001355,EMP-10396,OFC-BOS,2026-01-29,POST_RESOLUTION,4,Great experience. The AI resolved my password issue in seconds.
SRV-001356,EMP-09289,OFC-LON,2026-01-29,POST_RESOLUTION,4,Great experience. The AI resolved my password issue in seconds.
SRV-001357,EMP-04574,OFC-SIN,2026-01-29,POST_RESOLUTION,1,Stop forcing us to use the AI. It's too slow and I need human help.
SRV-001358,EMP-06795,OFC-GUR,2026-01-29,POST_RESOLUTION,4,Self-service articles were actually helpful for once.
SRV-001359,EMP-10780,OFC-NYC,2026-01-29,POST_RESOLUTION,4,"Very intuitive workflow, much better than the legacy portal."
SRV-001360,EMP-04176,OFC-GUR,2026-01-29,POST_RESOLUTION,4,Self-service articles were actually helpful for once.
SRV-001361,EMP-03388,OFC-GUR,2026-01-29,POST_RESOLUTION,5,Self-service articles were actually helpful for once.
SRV-001362,EMP-07321,OFC-LON,2026-01-29,POST_RESOLUTION,4,Self-service articles were actually helpful for once.
SRV-001363,EMP-02110,OFC-GUR,2026-01-29,POST_RESOLUTION,5,Smooth transition. No complaints.
SRV-001364,EMP-08270,OFC-NYC,2026-01-29,POST_RESOLUTION,5,Smooth transition. No complaints.
SRV-001365,EMP-08623,OFC-GUR,2026-01-29,POST_RESOLUTION,4,The new AI system is incredibly fast. Saves me a lot of time.
SRV-001366,EMP-08202,OFC-LON,2026-01-29,POST_RESOLUTION,4,The new AI system is incredibly fast. Saves me a lot of time.
SRV-001367,EMP-06982,OFC-SIN,2026-01-29,POST_RESOLUTION,1,I don't know how to use this. We need more training on the AI portal.
SRV-001368,EMP-01884,OFC-GUR,2026-01-29,POST_RESOLUTION,4,"Very intuitive workflow, much better than the legacy portal."
SRV-001369,EMP-01426,OFC-NYC,2026-01-29,POST_RESOLUTION,5,Smooth transition. No complaints.
SRV-001370,EMP-01212,OFC-GUR,2026-01-29,POST_RESOLUTION,4,The new AI system is incredibly fast. Saves me a lot of time.
SRV-001371,EMP-09928,OFC-BOS,2026-01-29,POST_RESOLUTION,3,It's okay. Takes some getting used to.
SRV-001372,EMP-01576,OFC-BOS,2026-01-29,POST_RESOLUTION,3,"Worked fine, but I prefer emailing a real person."
SRV-001373,EMP-05872,OFC-BOS,2026-01-29,POST_RESOLUTION,4,Great experience. The AI resolved my password issue in seconds.
SRV-001374,EMP-04644,OFC-GUR,2026-01-29,POST_RESOLUTION,4,Great experience. The AI resolved my password issue in seconds.
SRV-001375,EMP-09065,OFC-BOS,2026-01-29,POST_RESOLUTION,3,"AI is decent, but didn't fully understand my specific network issue."
SRV-001376,EMP-06525,OFC-BOS,2026-01-29,POST_RESOLUTION,5,Smooth transition. No complaints.
SRV-001377,EMP-02112,OFC-BOS,2026-01-29,POST_RESOLUTION,4,Great experience. The AI resolved my password issue in seconds.
SRV-001378,EMP-03549,OFC-BOS,2026-01-29,POST_RESOLUTION,3,"AI is decent, but didn't fully understand my specific network issue."
SRV-001379,EMP-01672,OFC-BOS,2026-01-29,POST_RESOLUTION,5,Self-service articles were actually helpful for once.
SRV-001380,EMP-10193,OFC-GUR,2026-01-29,POST_RESOLUTION,4,"Very intuitive workflow, much better than the legacy portal."
SRV-001381,EMP-02520,OFC-BOS,2026-01-29,POST_RESOLUTION,3,It's okay. Takes some getting used to.
SRV-001382,EMP-09042,OFC-BOS,2026-01-29,POST_RESOLUTION,3,"Worked fine, but I prefer emailing a real person."
SRV-001383,EMP-02588,OFC-NYC,2026-01-29,POST_RESOLUTION,3,"AI is decent, but didn't fully understand my specific network issue."
SRV-001384,EMP-01888,OFC-BOS,2026-01-29,POST_RESOLUTION,4,The new AI system is incredibly fast. Saves me a lot of time.
SRV-001385,EMP-02739,OFC-NYC,2026-01-29,POST_RESOLUTION,3,"Worked fine, but I prefer emailing a real person."
SRV-001386,EMP-04660,OFC-LON,2026-01-29,POST_RESOLUTION,4,Smooth transition. No complaints.
SRV-001387,EMP-04554,OFC-BOS,2026-01-29,POST_RESOLUTION,4,Great experience. The AI resolved my password issue in seconds.
SRV-001388,EMP-07337,OFC-BOS,2026-01-29,POST_RESOLUTION,3,"Worked fine, but I prefer emailing a real person."
SRV-001389,EMP-08823,OFC-GUR,2026-01-29,POST_RESOLUTION,4,The new AI system is incredibly fast. Saves me a lot of time.
SRV-001390,EMP-09806,OFC-NYC,2026-01-29,POST_RESOLUTION,5,"Very intuitive workflow, much better than the legacy portal."
SRV-001391,EMP-04377,OFC-BOS,2026-01-29,POST_RESOLUTION,5,Great experience. The AI resolved my password issue in seconds.
SRV-001392,EMP-10973,OFC-BOS,2026-01-29,POST_RESOLUTION,5,Smooth transition. No complaints.
SRV-001393,EMP-03336,OFC-LON,2026-01-29,POST_RESOLUTION,4,The new AI system is incredibly fast. Saves me a lot of time.
SRV-001394,EMP-07423,OFC-NYC,2026-01-29,POST_RESOLUTION,4,The new AI system is incredibly fast. Saves me a lot of time.
SRV-001395,EMP-06373,OFC-GUR,2026-01-29,POST_RESOLUTION,4,"Very intuitive workflow, much better than the legacy portal."
SRV-001396,EMP-09659,OFC-SIN,2026-01-29,POST_RESOLUTION,2,Keeps freezing. The latency makes it unusable.
SRV-001397,EMP-04353,OFC-LON,2026-01-29,POST_RESOLUTION,4,"Very intuitive workflow, much better than the legacy portal."
SRV-001398,EMP-10622,OFC-NYC,2026-01-29,POST_RESOLUTION,5,"Very intuitive workflow, much better than the legacy portal."
SRV-001399,EMP-08891,OFC-LON,2026-01-29,POST_RESOLUTION,5,Self-service articles were actually helpful for once.
SRV-001400,EMP-06955,OFC-LON,2026-01-29,POST_RESOLUTION,4,Self-service articles were actually helpful for once.
SRV-001401,EMP-02364,OFC-GUR,2026-01-29,POST_RESOLUTION,4,Self-service articles were actually helpful for once.
SRV-001402,EMP-09862,OFC-SIN,2026-01-29,POST_RESOLUTION,1,System is way too slow. Massive latency when loading the dashboard.
SRV-001403,EMP-04292,OFC-NYC,2026-01-29,POST_RESOLUTION,3,It's okay. Takes some getting used to.
SRV-001404,EMP-01858,OFC-LON,2026-01-29,POST_RESOLUTION,4,Great experience. The AI resolved my password issue in seconds.
SRV-001405,EMP-09756,OFC-BOS,2026-01-29,POST_RESOLUTION,4,Great experience. The AI resolved my password issue in seconds.
SRV-001406,EMP-08282,OFC-BOS,2026-01-29,POST_RESOLUTION,3,Standard IT portal. Nothing special.
SRV-001407,EMP-09950,OFC-NYC,2026-01-29,POST_RESOLUTION,4,"Very intuitive workflow, much better than the legacy portal."
SRV-001408,EMP-08858,OFC-BOS,2026-01-29,POST_RESOLUTION,5,Great experience. The AI resolved my password issue in seconds.
SRV-001409,EMP-01832,OFC-BOS,2026-01-29,POST_RESOLUTION,5,Smooth transition. No complaints.
SRV-001410,EMP-01451,OFC-LON,2026-01-29,POST_RESOLUTION,5,"Very intuitive workflow, much better than the legacy portal."
SRV-001411,EMP-02798,OFC-BOS,2026-01-29,POST_RESOLUTION,3,"Worked fine, but I prefer emailing a real person."
SRV-001412,EMP-07869,OFC-SIN,2026-01-29,POST_RESOLUTION,1,System is way too slow. Massive latency when loading the dashboard.
SRV-001413,EMP-02281,OFC-GUR,2026-01-29,POST_RESOLUTION,4,Great experience. The AI resolved my password issue in seconds.
SRV-001414,EMP-05269,OFC-SIN,2026-01-29,POST_RESOLUTION,1,System is way too slow. Massive latency when loading the dashboard.
SRV-001415,EMP-10279,OFC-BOS,2026-01-29,POST_RESOLUTION,4,Great experience. The AI resolved my password issue in seconds.
SRV-001416,EMP-04332,OFC-BOS,2026-01-29,POST_RESOLUTION,3,It's okay. Takes some getting used to.
SRV-001417,EMP-01429,OFC-BOS,2026-01-29,POST_RESOLUTION,4,Great experience. The AI resolved my password issue in seconds.
SRV-001418,EMP-07225,OFC-LON,2026-01-29,POST_RESOLUTION,4,The new AI system is incredibly fast. Saves me a lot of time.
SRV-001419,EMP-02076,OFC-NYC,2026-01-29,POST_RESOLUTION,4,Self-service articles were actually helpful for once.
SRV-001420,EMP-06774,OFC-BOS,2026-01-29,POST_RESOLUTION,5,Smooth transition. No complaints.
SRV-001421,EMP-01274,OFC-LON,2026-01-29,POST_RESOLUTION,5,Great experience. The AI resolved my password issue in seconds.
SRV-001422,EMP-02504,OFC-NYC,2026-01-29,POST_RESOLUTION,5,Smooth transition. No complaints.
SRV-001423,EMP-01345,OFC-LON,2026-01-29,POST_RESOLUTION,4,Great experience. The AI resolved my password issue in seconds.
SRV-001424,EMP-04376,OFC-GUR,2026-01-29,POST_RESOLUTION,5,Great experience. The AI resolved my password issue in seconds.
SRV-001425,EMP-10316,OFC-GUR,2026-01-29,POST_RESOLUTION,4,Self-service articles were actually helpful for once.
SRV-001426,EMP-08064,OFC-BOS,2026-01-29,POST_RESOLUTION,4,The new AI system is incredibly fast. Saves me a lot of time.
SRV-001427,EMP-09116,OFC-GUR,2026-01-29,POST_RESOLUTION,5,Great experience. The AI resolved my password issue in seconds.
SRV-001428,EMP-05078,OFC-GUR,2026-01-29,POST_RESOLUTION,3,It's okay. Takes some getting used to.
SRV-001429,EMP-02679,OFC-GUR,2026-01-29,POST_RESOLUTION,5,Self-service articles were actually helpful for once.
SRV-001430,EMP-01272,OFC-SIN,2026-01-29,POST_RESOLUTION,2,I don't know how to use this. We need more training on the AI portal.
SRV-001431,EMP-08458,OFC-BOS,2026-01-29,POST_RESOLUTION,4,Smooth transition. No complaints.
SRV-001432,EMP-01476,OFC-BOS,2026-01-29,POST_RESOLUTION,4,Great experience. The AI resolved my password issue in seconds.
SRV-001433,EMP-08268,OFC-LON,2026-01-29,POST_RESOLUTION,5,Self-service articles were actually helpful for once.
SRV-001434,EMP-07483,OFC-BOS,2026-01-29,POST_RESOLUTION,4,The new AI system is incredibly fast. Saves me a lot of time.
SRV-001435,EMP-07877,OFC-BOS,2026-01-29,POST_RESOLUTION,5,Great experience. The AI resolved my password issue in seconds.
SRV-001436,EMP-07828,OFC-GUR,2026-01-29,POST_RESOLUTION,4,The new AI system is incredibly fast. Saves me a lot of time.
SRV-001437,EMP-04864,OFC-BOS,2026-01-29,POST_RESOLUTION,3,Standard IT portal. Nothing special.
SRV-001438,EMP-02229,OFC-NYC,2026-01-29,POST_RESOLUTION,5,Great experience. The AI resolved my password issue in seconds.
SRV-001439,EMP-09714,OFC-SIN,2026-01-29,POST_RESOLUTION,1,Confusing interface. I just want to submit an email ticket.
SRV-001440,EMP-06044,OFC-LON,2026-01-29,POST_RESOLUTION,4,Great experience. The AI resolved my password issue in seconds.
SRV-001441,EMP-08391,OFC-BOS,2026-01-29,POST_RESOLUTION,4,Smooth transition. No complaints.
SRV-001442,EMP-01976,OFC-LON,2026-01-29,POST_RESOLUTION,3,It's okay. Takes some getting used to.
SRV-001443,EMP-02452,OFC-SIN,2026-01-29,POST_RESOLUTION,1,Stop forcing us to use the AI. It's too slow and I need human help.
SRV-001444,EMP-10742,OFC-SIN,2026-01-29,POST_RESOLUTION,1,Keeps freezing. The latency makes it unusable.
SRV-001445,EMP-08433,OFC-BOS,2026-01-29,POST_RESOLUTION,5,Self-service articles were actually helpful for once.
SRV-001446,EMP-02822,OFC-LON,2026-01-29,POST_RESOLUTION,4,"Very intuitive workflow, much better than the legacy portal."
SRV-001447,EMP-01896,OFC-NYC,2026-01-29,POST_RESOLUTION,5,Self-service articles were actually helpful for once.
SRV-001448,EMP-08482,OFC-NYC,2026-01-29,POST_RESOLUTION,4,"Very intuitive workflow, much better than the legacy portal."
SRV-001449,EMP-03277,OFC-LON,2026-01-29,POST_RESOLUTION,4,The new AI system is incredibly fast. Saves me a lot of time.
SRV-001450,EMP-03588,OFC-BOS,2026-01-29,POST_RESOLUTION,4,Smooth transition. No complaints.
SRV-001451,EMP-04085,OFC-GUR,2026-01-29,POST_RESOLUTION,3,It's okay. Takes some getting used to.
SRV-001452,EMP-10283,OFC-BOS,2026-01-29,POST_RESOLUTION,3,Standard IT portal. Nothing special.
SRV-001453,EMP-09936,OFC-BOS,2026-01-29,POST_RESOLUTION,4,Self-service articles were actually helpful for once.
SRV-001454,EMP-05679,OFC-LON,2026-01-29,POST_RESOLUTION,3,"Worked fine, but I prefer emailing a real person."
SRV-001455,EMP-05614,OFC-BOS,2026-01-29,POST_RESOLUTION,3,Standard IT portal. Nothing special.
SRV-001456,EMP-09185,OFC-BOS,2026-01-29,POST_RESOLUTION,4,"Very intuitive workflow, much better than the legacy portal."
SRV-001457,EMP-08860,OFC-BOS,2026-01-29,POST_RESOLUTION,5,The new AI system is incredibly fast. Saves me a lot of time.
SRV-001458,EMP-06417,OFC-NYC,2026-01-29,POST_RESOLUTION,5,"Very intuitive workflow, much better than the legacy portal."
SRV-001459,EMP-02802,OFC-NYC,2026-01-29,POST_RESOLUTION,5,Self-service articles were actually helpful for once.
SRV-001460,EMP-04655,OFC-BOS,2026-01-29,POST_RESOLUTION,3,Standard IT portal. Nothing special.
SRV-001461,EMP-02247,OFC-BOS,2026-01-29,POST_RESOLUTION,5,"Very intuitive workflow, much better than the legacy portal."
SRV-001462,EMP-03855,OFC-LON,2026-01-29,POST_RESOLUTION,5,Smooth transition. No complaints.
SRV-001463,EMP-02199,OFC-BOS,2026-01-29,POST_RESOLUTION,3,Standard IT portal. Nothing special.
SRV-001464,EMP-07220,OFC-GUR,2026-01-29,POST_RESOLUTION,5,The new AI system is incredibly fast. Saves me a lot of time.
SRV-001465,EMP-01147,OFC-LON,2026-01-29,POST_RESOLUTION,4,"Very intuitive workflow, much better than the legacy portal."
SRV-001466,EMP-02105,OFC-BOS,2026-01-29,POST_RESOLUTION,3,"AI is decent, but didn't fully understand my specific network issue."
SRV-001467,EMP-08093,OFC-BOS,2026-01-29,POST_RESOLUTION,3,"AI is decent, but didn't fully understand my specific network issue."
SRV-001468,EMP-02363,OFC-LON,2026-01-29,POST_RESOLUTION,4,Smooth transition. No complaints.
SRV-001469,EMP-09316,OFC-SIN,2026-01-29,POST_RESOLUTION,2,Confusing interface. I just want to submit an email ticket.
SRV-001470,EMP-03840,OFC-NYC,2026-01-29,POST_RESOLUTION,5,Great experience. The AI resolved my password issue in seconds.
SRV-001471,EMP-08021,OFC-GUR,2026-01-29,POST_RESOLUTION,4,Smooth transition. No complaints.
SRV-001472,EMP-06272,OFC-NYC,2026-01-29,POST_RESOLUTION,4,Smooth transition. No complaints.
SRV-001473,EMP-10432,OFC-GUR,2026-01-29,POST_RESOLUTION,4,Self-service articles were actually helpful for once.
SRV-001474,EMP-06878,OFC-NYC,2026-01-29,POST_RESOLUTION,4,Self-service articles were actually helpful for once.
SRV-001475,EMP-02980,OFC-BOS,2026-01-29,POST_RESOLUTION,5,"Very intuitive workflow, much better than the legacy portal."
SRV-001476,EMP-07318,OFC-LON,2026-01-29,POST_RESOLUTION,4,Great experience. The AI resolved my password issue in seconds.
SRV-001477,EMP-06241,OFC-NYC,2026-01-29,POST_RESOLUTION,4,The new AI system is incredibly fast. Saves me a lot of time.
SRV-001478,EMP-08620,OFC-SIN,2026-01-29,POST_RESOLUTION,2,Stop forcing us to use the AI. It's too slow and I need human help.
SRV-001479,EMP-08256,OFC-BOS,2026-01-29,POST_RESOLUTION,3,"AI is decent, but didn't fully understand my specific network issue."
SRV-001480,EMP-06819,OFC-LON,2026-01-29,POST_RESOLUTION,5,Self-service articles were actually helpful for once.
SRV-001481,EMP-02036,OFC-NYC,2026-01-29,POST_RESOLUTION,4,Self-service articles were actually helpful for once.
SRV-001482,EMP-05299,OFC-LON,2026-01-29,POST_RESOLUTION,4,Smooth transition. No complaints.
SRV-001483,EMP-06928,OFC-LON,2026-01-29,POST_RESOLUTION,5,The new AI system is incredibly fast. Saves me a lot of time.
SRV-001484,EMP-03210,OFC-GUR,2026-01-29,POST_RESOLUTION,4,Self-service articles were actually helpful for once.
SRV-001485,EMP-06970,OFC-GUR,2026-01-29,POST_RESOLUTION,4,Smooth transition. No complaints.
SRV-001486,EMP-03905,OFC-BOS,2026-01-29,POST_RESOLUTION,5,The new AI system is incredibly fast. Saves me a lot of time.
SRV-001487,EMP-10814,OFC-SIN,2026-01-29,POST_RESOLUTION,1,Keeps freezing. The latency makes it unusable.
SRV-001488,EMP-10422,OFC-LON,2026-01-29,POST_RESOLUTION,4,Great experience. The AI resolved my password issue in seconds.
SRV-001489,EMP-10946,OFC-NYC,2026-01-29,POST_RESOLUTION,5,Great experience. The AI resolved my password issue in seconds.
SRV-001490,EMP-02848,OFC-SIN,2026-01-29,POST_RESOLUTION,1,System is way too slow. Massive latency when loading the dashboard.
SRV-001491,EMP-08263,OFC-BOS,2026-01-29,POST_RESOLUTION,4,The new AI system is incredibly fast. Saves me a lot of time.
SRV-001492,EMP-08686,OFC-GUR,2026-01-29,POST_RESOLUTION,3,"Worked fine, but I prefer emailing a real person."
SRV-001493,EMP-02636,OFC-NYC,2026-01-29,POST_RESOLUTION,4,Self-service articles were actually helpful for once.
SRV-001494,EMP-06528,OFC-NYC,2026-01-29,POST_RESOLUTION,5,The new AI system is incredibly fast. Saves me a lot of time.
SRV-001495,EMP-06208,OFC-SIN,2026-01-29,POST_RESOLUTION,2,System is way too slow. Massive latency when loading the dashboard.
SRV-001496,EMP-07326,OFC-SIN,2026-01-29,POST_RESOLUTION,1,Confusing interface. I just want to submit an email ticket.
SRV-001497,EMP-04192,OFC-SIN,2026-01-29,POST_RESOLUTION,3,Confusing interface. I just want to submit an email ticket.
SRV-001498,EMP-07363,OFC-LON,2026-01-29,POST_RESOLUTION,5,Smooth transition. No complaints.
SRV-001499,EMP-04838,OFC-SIN,2026-01-29,POST_RESOLUTION,1,Stop forcing us to use the AI. It's too slow and I need human help.
SRV-001500,EMP-01268,OFC-NYC,2026-01-29,POST_RESOLUTION,4,Great experience. The AI resolved my password issue in seconds.
SRV-001501,EMP-06469,OFC-NYC,2026-02-05,POST_RESOLUTION,4,Smooth transition. No complaints.
SRV-001502,EMP-06536,OFC-BOS,2026-02-05,POST_RESOLUTION,4,Smooth transition. No complaints.
SRV-001503,EMP-07611,OFC-GUR,2026-02-05,POST_RESOLUTION,4,The new AI system is incredibly fast. Saves me a lot of time.
SRV-001504,EMP-08317,OFC-GUR,2026-02-05,POST_RESOLUTION,5,Great experience. The AI resolved my password issue in seconds.
SRV-001505,EMP-01618,OFC-GUR,2026-02-05,POST_RESOLUTION,4,Smooth transition. No complaints.
SRV-001506,EMP-08265,OFC-BOS,2026-02-05,POST_RESOLUTION,3,Standard IT portal. Nothing special.
SRV-001507,EMP-08564,OFC-LON,2026-02-05,POST_RESOLUTION,3,"Worked fine, but I prefer emailing a real person."
SRV-001508,EMP-09084,OFC-GUR,2026-02-05,POST_RESOLUTION,4,Smooth transition. No complaints.
SRV-001509,EMP-07930,OFC-NYC,2026-02-05,POST_RESOLUTION,5,Great experience. The AI resolved my password issue in seconds.
SRV-001510,EMP-05094,OFC-NYC,2026-02-05,POST_RESOLUTION,5,Smooth transition. No complaints.
SRV-001511,EMP-09829,OFC-NYC,2026-02-05,POST_RESOLUTION,4,"Very intuitive workflow, much better than the legacy portal."
SRV-001512,EMP-02808,OFC-BOS,2026-02-05,POST_RESOLUTION,3,It's okay. Takes some getting used to.
SRV-001513,EMP-04235,OFC-BOS,2026-02-05,POST_RESOLUTION,4,Great experience. The AI resolved my password issue in seconds.
SRV-001514,EMP-06145,OFC-SIN,2026-02-05,POST_RESOLUTION,1,System is way too slow. Massive latency when loading the dashboard.
SRV-001515,EMP-03009,OFC-LON,2026-02-05,POST_RESOLUTION,5,Self-service articles were actually helpful for once.
SRV-001516,EMP-06685,OFC-GUR,2026-02-05,POST_RESOLUTION,5,The new AI system is incredibly fast. Saves me a lot of time.
SRV-001517,EMP-03837,OFC-BOS,2026-02-05,POST_RESOLUTION,5,Smooth transition. No complaints.
SRV-001518,EMP-04324,OFC-GUR,2026-02-05,POST_RESOLUTION,5,"Very intuitive workflow, much better than the legacy portal."
SRV-001519,EMP-04730,OFC-BOS,2026-02-05,POST_RESOLUTION,4,The new AI system is incredibly fast. Saves me a lot of time.
SRV-001520,EMP-07173,OFC-GUR,2026-02-05,POST_RESOLUTION,3,Standard IT portal. Nothing special.
SRV-001521,EMP-06769,OFC-SIN,2026-02-05,POST_RESOLUTION,1,Stop forcing us to use the AI. It's too slow and I need human help.
SRV-001522,EMP-06314,OFC-LON,2026-02-05,POST_RESOLUTION,4,Great experience. The AI resolved my password issue in seconds.
SRV-001523,EMP-04997,OFC-NYC,2026-02-05,POST_RESOLUTION,4,Smooth transition. No complaints.
SRV-001524,EMP-06460,OFC-GUR,2026-02-05,POST_RESOLUTION,4,Smooth transition. No complaints.
SRV-001525,EMP-01251,OFC-NYC,2026-02-05,POST_RESOLUTION,3,Standard IT portal. Nothing special.
SRV-001526,EMP-06394,OFC-GUR,2026-02-05,POST_RESOLUTION,4,Self-service articles were actually helpful for once.
SRV-001527,EMP-02510,OFC-GUR,2026-02-05,POST_RESOLUTION,4,Self-service articles were actually helpful for once.
SRV-001528,EMP-08752,OFC-BOS,2026-02-05,POST_RESOLUTION,5,Self-service articles were actually helpful for once.
SRV-001529,EMP-09144,OFC-SIN,2026-02-05,POST_RESOLUTION,2,Stop forcing us to use the AI. It's too slow and I need human help.
SRV-001530,EMP-04618,OFC-GUR,2026-02-05,POST_RESOLUTION,4,Great experience. The AI resolved my password issue in seconds.
SRV-001531,EMP-05860,OFC-LON,2026-02-05,POST_RESOLUTION,3,"Worked fine, but I prefer emailing a real person."
SRV-001532,EMP-04382,OFC-BOS,2026-02-05,POST_RESOLUTION,5,Smooth transition. No complaints.
SRV-001533,EMP-08030,OFC-GUR,2026-02-05,POST_RESOLUTION,4,The new AI system is incredibly fast. Saves me a lot of time.
SRV-001534,EMP-06401,OFC-SIN,2026-02-05,POST_RESOLUTION,2,Keeps freezing. The latency makes it unusable.
SRV-001535,EMP-03994,OFC-BOS,2026-02-05,POST_RESOLUTION,3,It's okay. Takes some getting used to.
SRV-001536,EMP-01646,OFC-LON,2026-02-05,POST_RESOLUTION,5,Self-service articles were actually helpful for once.
SRV-001537,EMP-09049,OFC-BOS,2026-02-05,POST_RESOLUTION,5,The new AI system is incredibly fast. Saves me a lot of time.
SRV-001538,EMP-06022,OFC-SIN,2026-02-05,POST_RESOLUTION,3,Confusing interface. I just want to submit an email ticket.
SRV-001539,EMP-07440,OFC-NYC,2026-02-05,POST_RESOLUTION,4,Great experience. The AI resolved my password issue in seconds.
SRV-001540,EMP-08199,OFC-SIN,2026-02-05,POST_RESOLUTION,1,Keeps freezing. The latency makes it unusable.
SRV-001541,EMP-02241,OFC-GUR,2026-02-05,POST_RESOLUTION,3,"Worked fine, but I prefer emailing a real person."
SRV-001542,EMP-07525,OFC-SIN,2026-02-05,POST_RESOLUTION,1,Confusing interface. I just want to submit an email ticket.
SRV-001543,EMP-08922,OFC-BOS,2026-02-05,POST_RESOLUTION,4,"Very intuitive workflow, much better than the legacy portal."
SRV-001544,EMP-02238,OFC-SIN,2026-02-05,POST_RESOLUTION,1,Keeps freezing. The latency makes it unusable.
SRV-001545,EMP-02676,OFC-BOS,2026-02-05,POST_RESOLUTION,3,It's okay. Takes some getting used to.
SRV-001546,EMP-04559,OFC-LON,2026-02-05,POST_RESOLUTION,5,Smooth transition. No complaints.
SRV-001547,EMP-02987,OFC-LON,2026-02-05,POST_RESOLUTION,4,"Very intuitive workflow, much better than the legacy portal."
SRV-001548,EMP-03698,OFC-GUR,2026-02-05,POST_RESOLUTION,5,Self-service articles were actually helpful for once.
SRV-001549,EMP-10330,OFC-GUR,2026-02-05,POST_RESOLUTION,4,Self-service articles were actually helpful for once.
SRV-001550,EMP-10264,OFC-GUR,2026-02-05,POST_RESOLUTION,3,"AI is decent, but didn't fully understand my specific network issue."
SRV-001551,EMP-01228,OFC-SIN,2026-02-05,POST_RESOLUTION,1,I don't know how to use this. We need more training on the AI portal.
SRV-001552,EMP-04840,OFC-LON,2026-02-05,POST_RESOLUTION,5,Smooth transition. No complaints.
SRV-001553,EMP-04313,OFC-BOS,2026-02-05,POST_RESOLUTION,4,The new AI system is incredibly fast. Saves me a lot of time.
SRV-001554,EMP-10800,OFC-GUR,2026-02-05,POST_RESOLUTION,4,Self-service articles were actually helpful for once.
SRV-001555,EMP-03633,OFC-BOS,2026-02-05,POST_RESOLUTION,3,"AI is decent, but didn't fully understand my specific network issue."
SRV-001556,EMP-01752,OFC-LON,2026-02-05,POST_RESOLUTION,4,Self-service articles were actually helpful for once.
SRV-001557,EMP-07616,OFC-BOS,2026-02-05,POST_RESOLUTION,4,"Very intuitive workflow, much better than the legacy portal."
SRV-001558,EMP-09274,OFC-LON,2026-02-05,POST_RESOLUTION,4,Smooth transition. No complaints.
SRV-001559,EMP-03975,OFC-BOS,2026-02-05,POST_RESOLUTION,4,The new AI system is incredibly fast. Saves me a lot of time.
SRV-001560,EMP-01492,OFC-NYC,2026-02-05,POST_RESOLUTION,5,Great experience. The AI resolved my password issue in seconds.
SRV-001561,EMP-05395,OFC-GUR,2026-02-05,POST_RESOLUTION,4,Smooth transition. No complaints.
SRV-001562,EMP-03132,OFC-LON,2026-02-05,POST_RESOLUTION,4,Self-service articles were actually helpful for once.
SRV-001563,EMP-06951,OFC-BOS,2026-02-05,POST_RESOLUTION,4,The new AI system is incredibly fast. Saves me a lot of time.
SRV-001564,EMP-03422,OFC-GUR,2026-02-05,POST_RESOLUTION,5,Self-service articles were actually helpful for once.
SRV-001565,EMP-09241,OFC-GUR,2026-02-05,POST_RESOLUTION,5,Self-service articles were actually helpful for once.
SRV-001566,EMP-05353,OFC-SIN,2026-02-05,POST_RESOLUTION,2,I don't know how to use this. We need more training on the AI portal.
SRV-001567,EMP-08188,OFC-LON,2026-02-05,POST_RESOLUTION,3,Standard IT portal. Nothing special.
SRV-001568,EMP-09203,OFC-NYC,2026-02-05,POST_RESOLUTION,4,Self-service articles were actually helpful for once.
SRV-001569,EMP-03788,OFC-SIN,2026-02-05,POST_RESOLUTION,3,Stop forcing us to use the AI. It's too slow and I need human help.
SRV-001570,EMP-03269,OFC-LON,2026-02-05,POST_RESOLUTION,5,"Very intuitive workflow, much better than the legacy portal."
SRV-001571,EMP-09005,OFC-NYC,2026-02-05,POST_RESOLUTION,5,"Very intuitive workflow, much better than the legacy portal."
SRV-001572,EMP-04013,OFC-NYC,2026-02-05,POST_RESOLUTION,4,"Very intuitive workflow, much better than the legacy portal."
SRV-001573,EMP-09021,OFC-GUR,2026-02-05,POST_RESOLUTION,4,"Very intuitive workflow, much better than the legacy portal."
SRV-001574,EMP-04174,OFC-BOS,2026-02-05,POST_RESOLUTION,4,The new AI system is incredibly fast. Saves me a lot of time.
SRV-001575,EMP-08184,OFC-BOS,2026-02-05,POST_RESOLUTION,4,Self-service articles were actually helpful for once.
SRV-001576,EMP-02258,OFC-BOS,2026-02-05,POST_RESOLUTION,3,It's okay. Takes some getting used to.
SRV-001577,EMP-04198,OFC-BOS,2026-02-05,POST_RESOLUTION,4,Smooth transition. No complaints.
SRV-001578,EMP-09380,OFC-LON,2026-02-05,POST_RESOLUTION,3,It's okay. Takes some getting used to.
SRV-001579,EMP-06993,OFC-LON,2026-02-05,POST_RESOLUTION,5,Self-service articles were actually helpful for once.
SRV-001580,EMP-10166,OFC-SIN,2026-02-05,POST_RESOLUTION,2,Confusing interface. I just want to submit an email ticket.
SRV-001581,EMP-02291,OFC-BOS,2026-02-05,POST_RESOLUTION,4,"Very intuitive workflow, much better than the legacy portal."
SRV-001582,EMP-05807,OFC-SIN,2026-02-05,POST_RESOLUTION,2,Confusing interface. I just want to submit an email ticket.
SRV-001583,EMP-04978,OFC-BOS,2026-02-05,POST_RESOLUTION,4,Great experience. The AI resolved my password issue in seconds.
SRV-001584,EMP-09933,OFC-GUR,2026-02-05,POST_RESOLUTION,4,"Very intuitive workflow, much better than the legacy portal."
SRV-001585,EMP-01478,OFC-SIN,2026-02-05,POST_RESOLUTION,1,I don't know how to use this. We need more training on the AI portal.
SRV-001586,EMP-10777,OFC-SIN,2026-02-05,POST_RESOLUTION,3,I don't know how to use this. We need more training on the AI portal.
SRV-001587,EMP-05154,OFC-NYC,2026-02-05,POST_RESOLUTION,4,Smooth transition. No complaints.
SRV-001588,EMP-09046,OFC-GUR,2026-02-05,POST_RESOLUTION,4,"Very intuitive workflow, much better than the legacy portal."
SRV-001589,EMP-06409,OFC-LON,2026-02-05,POST_RESOLUTION,4,Great experience. The AI resolved my password issue in seconds.
SRV-001590,EMP-09731,OFC-GUR,2026-02-05,POST_RESOLUTION,3,It's okay. Takes some getting used to.
SRV-001591,EMP-04909,OFC-NYC,2026-02-05,POST_RESOLUTION,5,Great experience. The AI resolved my password issue in seconds.
SRV-001592,EMP-08600,OFC-GUR,2026-02-05,POST_RESOLUTION,5,Self-service articles were actually helpful for once.
SRV-001593,EMP-08795,OFC-BOS,2026-02-05,POST_RESOLUTION,5,"Very intuitive workflow, much better than the legacy portal."
SRV-001594,EMP-07268,OFC-NYC,2026-02-05,POST_RESOLUTION,5,Great experience. The AI resolved my password issue in seconds.
SRV-001595,EMP-01366,OFC-SIN,2026-02-05,POST_RESOLUTION,1,Confusing interface. I just want to submit an email ticket.
SRV-001596,EMP-06754,OFC-SIN,2026-02-05,POST_RESOLUTION,1,Keeps freezing. The latency makes it unusable.
SRV-001597,EMP-01697,OFC-LON,2026-02-05,POST_RESOLUTION,5,Great experience. The AI resolved my password issue in seconds.
SRV-001598,EMP-04616,OFC-LON,2026-02-05,POST_RESOLUTION,3,Standard IT portal. Nothing special.
SRV-001599,EMP-09020,OFC-LON,2026-02-05,POST_RESOLUTION,3,Standard IT portal. Nothing special.
SRV-001600,EMP-06734,OFC-GUR,2026-02-05,POST_RESOLUTION,5,Self-service articles were actually helpful for once.
SRV-001601,EMP-10189,OFC-GUR,2026-02-05,POST_RESOLUTION,4,Great experience. The AI resolved my password issue in seconds.
SRV-001602,EMP-08298,OFC-NYC,2026-02-05,POST_RESOLUTION,4,"Very intuitive workflow, much better than the legacy portal."
SRV-001603,EMP-01579,OFC-NYC,2026-02-05,POST_RESOLUTION,4,Self-service articles were actually helpful for once.
SRV-001604,EMP-02518,OFC-BOS,2026-02-05,POST_RESOLUTION,5,Smooth transition. No complaints.
SRV-001605,EMP-07245,OFC-LON,2026-02-05,POST_RESOLUTION,5,Great experience. The AI resolved my password issue in seconds.
SRV-001606,EMP-04812,OFC-BOS,2026-02-05,POST_RESOLUTION,4,Great experience. The AI resolved my password issue in seconds.
SRV-001607,EMP-10551,OFC-SIN,2026-02-05,POST_RESOLUTION,3,Keeps freezing. The latency makes it unusable.
SRV-001608,EMP-08843,OFC-LON,2026-02-05,POST_RESOLUTION,4,Great experience. The AI resolved my password issue in seconds.
SRV-001609,EMP-06018,OFC-LON,2026-02-05,POST_RESOLUTION,3,"AI is decent, but didn't fully understand my specific network issue."
SRV-001610,EMP-01305,OFC-SIN,2026-02-05,POST_RESOLUTION,1,I don't know how to use this. We need more training on the AI portal.
SRV-001611,EMP-09610,OFC-NYC,2026-02-05,POST_RESOLUTION,3,Standard IT portal. Nothing special.
SRV-001612,EMP-10937,OFC-GUR,2026-02-05,POST_RESOLUTION,3,Standard IT portal. Nothing special.
SRV-001613,EMP-10398,OFC-LON,2026-02-05,POST_RESOLUTION,4,Self-service articles were actually helpful for once.
SRV-001614,EMP-03409,OFC-LON,2026-02-05,POST_RESOLUTION,4,The new AI system is incredibly fast. Saves me a lot of time.
SRV-001615,EMP-10235,OFC-NYC,2026-02-05,POST_RESOLUTION,4,Great experience. The AI resolved my password issue in seconds.
SRV-001616,EMP-05167,OFC-BOS,2026-02-05,POST_RESOLUTION,3,"Worked fine, but I prefer emailing a real person."
SRV-001617,EMP-04178,OFC-GUR,2026-02-05,POST_RESOLUTION,4,Smooth transition. No complaints.
SRV-001618,EMP-02559,OFC-SIN,2026-02-05,POST_RESOLUTION,1,System is way too slow. Massive latency when loading the dashboard.
SRV-001619,EMP-05639,OFC-GUR,2026-02-05,POST_RESOLUTION,4,Smooth transition. No complaints.
SRV-001620,EMP-02730,OFC-NYC,2026-02-05,POST_RESOLUTION,3,It's okay. Takes some getting used to.
SRV-001621,EMP-04846,OFC-SIN,2026-02-05,POST_RESOLUTION,1,Keeps freezing. The latency makes it unusable.
SRV-001622,EMP-09332,OFC-GUR,2026-02-05,POST_RESOLUTION,4,The new AI system is incredibly fast. Saves me a lot of time.
SRV-001623,EMP-09012,OFC-LON,2026-02-05,POST_RESOLUTION,3,Standard IT portal. Nothing special.
SRV-001624,EMP-03335,OFC-NYC,2026-02-05,POST_RESOLUTION,4,Self-service articles were actually helpful for once.
SRV-001625,EMP-06334,OFC-SIN,2026-02-05,POST_RESOLUTION,2,Stop forcing us to use the AI. It's too slow and I need human help.
SRV-001626,EMP-09918,OFC-NYC,2026-02-05,POST_RESOLUTION,3,Standard IT portal. Nothing special.
SRV-001627,EMP-04409,OFC-BOS,2026-02-05,POST_RESOLUTION,3,"AI is decent, but didn't fully understand my specific network issue."
SRV-001628,EMP-08780,OFC-LON,2026-02-05,POST_RESOLUTION,4,The new AI system is incredibly fast. Saves me a lot of time.
SRV-001629,EMP-04550,OFC-GUR,2026-02-05,POST_RESOLUTION,5,"Very intuitive workflow, much better than the legacy portal."
SRV-001630,EMP-07399,OFC-SIN,2026-02-05,POST_RESOLUTION,3,Stop forcing us to use the AI. It's too slow and I need human help.
SRV-001631,EMP-01869,OFC-SIN,2026-02-05,POST_RESOLUTION,1,Keeps freezing. The latency makes it unusable.
SRV-001632,EMP-02678,OFC-BOS,2026-02-05,POST_RESOLUTION,3,It's okay. Takes some getting used to.
SRV-001633,EMP-05930,OFC-NYC,2026-02-05,POST_RESOLUTION,4,Great experience. The AI resolved my password issue in seconds.
SRV-001634,EMP-02786,OFC-LON,2026-02-05,POST_RESOLUTION,4,The new AI system is incredibly fast. Saves me a lot of time.
SRV-001635,EMP-02335,OFC-GUR,2026-02-05,POST_RESOLUTION,4,Great experience. The AI resolved my password issue in seconds.
SRV-001636,EMP-09270,OFC-NYC,2026-02-05,POST_RESOLUTION,5,Smooth transition. No complaints.
SRV-001637,EMP-03590,OFC-GUR,2026-02-05,POST_RESOLUTION,5,Self-service articles were actually helpful for once.
SRV-001638,EMP-05033,OFC-SIN,2026-02-05,POST_RESOLUTION,2,I don't know how to use this. We need more training on the AI portal.
SRV-001639,EMP-06788,OFC-SIN,2026-02-05,POST_RESOLUTION,1,Stop forcing us to use the AI. It's too slow and I need human help.
SRV-001640,EMP-09557,OFC-LON,2026-02-05,POST_RESOLUTION,4,The new AI system is incredibly fast. Saves me a lot of time.
SRV-001641,EMP-07546,OFC-LON,2026-02-05,POST_RESOLUTION,4,Self-service articles were actually helpful for once.
SRV-001642,EMP-04983,OFC-BOS,2026-02-05,POST_RESOLUTION,5,"Very intuitive workflow, much better than the legacy portal."
SRV-001643,EMP-02798,OFC-BOS,2026-02-05,POST_RESOLUTION,4,The new AI system is incredibly fast. Saves me a lot of time.
SRV-001644,EMP-01820,OFC-GUR,2026-02-05,POST_RESOLUTION,4,Self-service articles were actually helpful for once.
SRV-001645,EMP-08718,OFC-NYC,2026-02-05,POST_RESOLUTION,4,The new AI system is incredibly fast. Saves me a lot of time.
SRV-001646,EMP-01155,OFC-BOS,2026-02-05,POST_RESOLUTION,4,Self-service articles were actually helpful for once.
SRV-001647,EMP-06173,OFC-BOS,2026-02-05,POST_RESOLUTION,4,"Very intuitive workflow, much better than the legacy portal."
SRV-001648,EMP-08172,OFC-NYC,2026-02-05,POST_RESOLUTION,5,"Very intuitive workflow, much better than the legacy portal."
SRV-001649,EMP-05165,OFC-NYC,2026-02-05,POST_RESOLUTION,4,The new AI system is incredibly fast. Saves me a lot of time.
SRV-001650,EMP-06057,OFC-NYC,2026-02-05,POST_RESOLUTION,4,Self-service articles were actually helpful for once.
SRV-001651,EMP-06929,OFC-SIN,2026-02-05,POST_RESOLUTION,3,Stop forcing us to use the AI. It's too slow and I need human help.
SRV-001652,EMP-04097,OFC-BOS,2026-02-05,POST_RESOLUTION,5,"Very intuitive workflow, much better than the legacy portal."
SRV-001653,EMP-05898,OFC-BOS,2026-02-05,POST_RESOLUTION,4,Great experience. The AI resolved my password issue in seconds.
SRV-001654,EMP-05520,OFC-SIN,2026-02-05,POST_RESOLUTION,2,Stop forcing us to use the AI. It's too slow and I need human help.
SRV-001655,EMP-01391,OFC-NYC,2026-02-05,POST_RESOLUTION,4,Smooth transition. No complaints.
SRV-001656,EMP-01419,OFC-GUR,2026-02-05,POST_RESOLUTION,3,It's okay. Takes some getting used to.
SRV-001657,EMP-08606,OFC-BOS,2026-02-05,POST_RESOLUTION,4,The new AI system is incredibly fast. Saves me a lot of time.
SRV-001658,EMP-09554,OFC-NYC,2026-02-05,POST_RESOLUTION,5,The new AI system is incredibly fast. Saves me a lot of time.
SRV-001659,EMP-06884,OFC-LON,2026-02-05,POST_RESOLUTION,4,Self-service articles were actually helpful for once.
SRV-001660,EMP-02310,OFC-BOS,2026-02-05,POST_RESOLUTION,4,"Very intuitive workflow, much better than the legacy portal."
SRV-001661,EMP-01196,OFC-GUR,2026-02-05,POST_RESOLUTION,3,Standard IT portal. Nothing special.
SRV-001662,EMP-05114,OFC-LON,2026-02-05,POST_RESOLUTION,4,Smooth transition. No complaints.
SRV-001663,EMP-02210,OFC-NYC,2026-02-05,POST_RESOLUTION,5,Smooth transition. No complaints.
SRV-001664,EMP-05179,OFC-NYC,2026-02-05,POST_RESOLUTION,4,Smooth transition. No complaints.
SRV-001665,EMP-04365,OFC-LON,2026-02-05,POST_RESOLUTION,4,Great experience. The AI resolved my password issue in seconds.
SRV-001666,EMP-07464,OFC-GUR,2026-02-05,POST_RESOLUTION,3,It's okay. Takes some getting used to.
SRV-001667,EMP-10297,OFC-GUR,2026-02-05,POST_RESOLUTION,3,"Worked fine, but I prefer emailing a real person."
SRV-001668,EMP-07096,OFC-BOS,2026-02-05,POST_RESOLUTION,4,"Very intuitive workflow, much better than the legacy portal."
SRV-001669,EMP-08167,OFC-LON,2026-02-05,POST_RESOLUTION,4,Self-service articles were actually helpful for once.
SRV-001670,EMP-07441,OFC-BOS,2026-02-05,POST_RESOLUTION,4,The new AI system is incredibly fast. Saves me a lot of time.
SRV-001671,EMP-07481,OFC-LON,2026-02-05,POST_RESOLUTION,4,The new AI system is incredibly fast. Saves me a lot of time.
SRV-001672,EMP-06279,OFC-NYC,2026-02-05,POST_RESOLUTION,4,"Very intuitive workflow, much better than the legacy portal."
SRV-001673,EMP-04989,OFC-SIN,2026-02-05,POST_RESOLUTION,1,Stop forcing us to use the AI. It's too slow and I need human help.
SRV-001674,EMP-09460,OFC-SIN,2026-02-05,POST_RESOLUTION,3,Confusing interface. I just want to submit an email ticket.
SRV-001675,EMP-02257,OFC-LON,2026-02-05,POST_RESOLUTION,4,Great experience. The AI resolved my password issue in seconds.
SRV-001676,EMP-09607,OFC-BOS,2026-02-05,POST_RESOLUTION,3,It's okay. Takes some getting used to.
SRV-001677,EMP-01088,OFC-SIN,2026-02-05,POST_RESOLUTION,1,System is way too slow. Massive latency when loading the dashboard.
SRV-001678,EMP-07113,OFC-LON,2026-02-05,POST_RESOLUTION,4,Great experience. The AI resolved my password issue in seconds.
SRV-001679,EMP-01572,OFC-NYC,2026-02-05,POST_RESOLUTION,4,Smooth transition. No complaints.
SRV-001680,EMP-07186,OFC-GUR,2026-02-05,POST_RESOLUTION,5,Smooth transition. No complaints.
SRV-001681,EMP-04919,OFC-GUR,2026-02-05,POST_RESOLUTION,4,The new AI system is incredibly fast. Saves me a lot of time.
SRV-001682,EMP-03910,OFC-BOS,2026-02-05,POST_RESOLUTION,5,Smooth transition. No complaints.
SRV-001683,EMP-07289,OFC-LON,2026-02-05,POST_RESOLUTION,5,Smooth transition. No complaints.
SRV-001684,EMP-05737,OFC-NYC,2026-02-05,POST_RESOLUTION,5,"Very intuitive workflow, much better than the legacy portal."
SRV-001685,EMP-02873,OFC-GUR,2026-02-05,POST_RESOLUTION,4,"Very intuitive workflow, much better than the legacy portal."
SRV-001686,EMP-06567,OFC-GUR,2026-02-05,POST_RESOLUTION,3,"Worked fine, but I prefer emailing a real person."
SRV-001687,EMP-09267,OFC-NYC,2026-02-05,POST_RESOLUTION,4,Great experience. The AI resolved my password issue in seconds.
SRV-001688,EMP-01633,OFC-LON,2026-02-05,POST_RESOLUTION,4,The new AI system is incredibly fast. Saves me a lot of time.
SRV-001689,EMP-06831,OFC-LON,2026-02-05,POST_RESOLUTION,5,Smooth transition. No complaints.
SRV-001690,EMP-02599,OFC-SIN,2026-02-05,POST_RESOLUTION,1,Keeps freezing. The latency makes it unusable.
SRV-001691,EMP-07874,OFC-SIN,2026-02-05,POST_RESOLUTION,2,I don't know how to use this. We need more training on the AI portal.
SRV-001692,EMP-09735,OFC-SIN,2026-02-05,POST_RESOLUTION,3,Confusing interface. I just want to submit an email ticket.
SRV-001693,EMP-06428,OFC-GUR,2026-02-05,POST_RESOLUTION,4,Great experience. The AI resolved my password issue in seconds.
SRV-001694,EMP-08826,OFC-SIN,2026-02-05,POST_RESOLUTION,3,I don't know how to use this. We need more training on the AI portal.
SRV-001695,EMP-07185,OFC-GUR,2026-02-05,POST_RESOLUTION,3,It's okay. Takes some getting used to.
SRV-001696,EMP-06715,OFC-NYC,2026-02-05,POST_RESOLUTION,4,Smooth transition. No complaints.
SRV-001697,EMP-02764,OFC-BOS,2026-02-05,POST_RESOLUTION,5,Self-service articles were actually helpful for once.
SRV-001698,EMP-08550,OFC-SIN,2026-02-05,POST_RESOLUTION,1,System is way too slow. Massive latency when loading the dashboard.
SRV-001699,EMP-02355,OFC-SIN,2026-02-05,POST_RESOLUTION,1,Confusing interface. I just want to submit an email ticket.
SRV-001700,EMP-05336,OFC-LON,2026-02-05,POST_RESOLUTION,3,It's okay. Takes some getting used to.
SRV-001701,EMP-05825,OFC-BOS,2026-02-05,POST_RESOLUTION,4,Great experience. The AI resolved my password issue in seconds.
SRV-001702,EMP-07202,OFC-SIN,2026-02-05,POST_RESOLUTION,1,Stop forcing us to use the AI. It's too slow and I need human help.
SRV-001703,EMP-06423,OFC-NYC,2026-02-05,POST_RESOLUTION,4,The new AI system is incredibly fast. Saves me a lot of time.
SRV-001704,EMP-04707,OFC-NYC,2026-02-05,POST_RESOLUTION,4,Great experience. The AI resolved my password issue in seconds.
SRV-001705,EMP-09001,OFC-GUR,2026-02-05,POST_RESOLUTION,3,"Worked fine, but I prefer emailing a real person."
SRV-001706,EMP-04153,OFC-NYC,2026-02-05,POST_RESOLUTION,5,Self-service articles were actually helpful for once.
SRV-001707,EMP-05416,OFC-NYC,2026-02-05,POST_RESOLUTION,4,The new AI system is incredibly fast. Saves me a lot of time.
SRV-001708,EMP-09942,OFC-SIN,2026-02-05,POST_RESOLUTION,1,Keeps freezing. The latency makes it unusable.
SRV-001709,EMP-02228,OFC-SIN,2026-02-05,POST_RESOLUTION,2,System is way too slow. Massive latency when loading the dashboard.
SRV-001710,EMP-04503,OFC-BOS,2026-02-05,POST_RESOLUTION,5,Self-service articles were actually helpful for once.
SRV-001711,EMP-01438,OFC-GUR,2026-02-05,POST_RESOLUTION,3,Standard IT portal. Nothing special.
SRV-001712,EMP-04702,OFC-NYC,2026-02-05,POST_RESOLUTION,5,The new AI system is incredibly fast. Saves me a lot of time.
SRV-001713,EMP-08243,OFC-LON,2026-02-05,POST_RESOLUTION,4,Smooth transition. No complaints.
SRV-001714,EMP-03328,OFC-LON,2026-02-05,POST_RESOLUTION,5,Self-service articles were actually helpful for once.
SRV-001715,EMP-06863,OFC-NYC,2026-02-05,POST_RESOLUTION,5,"Very intuitive workflow, much better than the legacy portal."
SRV-001716,EMP-06252,OFC-GUR,2026-02-05,POST_RESOLUTION,5,The new AI system is incredibly fast. Saves me a lot of time.
SRV-001717,EMP-08337,OFC-NYC,2026-02-05,POST_RESOLUTION,3,"Worked fine, but I prefer emailing a real person."
SRV-001718,EMP-06767,OFC-BOS,2026-02-05,POST_RESOLUTION,4,Smooth transition. No complaints.
SRV-001719,EMP-04507,OFC-LON,2026-02-05,POST_RESOLUTION,4,Self-service articles were actually helpful for once.
SRV-001720,EMP-02945,OFC-LON,2026-02-05,POST_RESOLUTION,3,Standard IT portal. Nothing special.
SRV-001721,EMP-09236,OFC-GUR,2026-02-05,POST_RESOLUTION,4,Great experience. The AI resolved my password issue in seconds.
SRV-001722,EMP-07181,OFC-BOS,2026-02-05,POST_RESOLUTION,4,Great experience. The AI resolved my password issue in seconds.
SRV-001723,EMP-10926,OFC-NYC,2026-02-05,POST_RESOLUTION,4,"Very intuitive workflow, much better than the legacy portal."
SRV-001724,EMP-06904,OFC-BOS,2026-02-05,POST_RESOLUTION,3,Standard IT portal. Nothing special.
SRV-001725,EMP-01253,OFC-NYC,2026-02-05,POST_RESOLUTION,4,The new AI system is incredibly fast. Saves me a lot of time.
SRV-001726,EMP-01273,OFC-SIN,2026-02-05,POST_RESOLUTION,2,Stop forcing us to use the AI. It's too slow and I need human help.
SRV-001727,EMP-10309,OFC-NYC,2026-02-05,POST_RESOLUTION,4,The new AI system is incredibly fast. Saves me a lot of time.
SRV-001728,EMP-04502,OFC-SIN,2026-02-05,POST_RESOLUTION,1,Keeps freezing. The latency makes it unusable.
SRV-001729,EMP-02982,OFC-LON,2026-02-05,POST_RESOLUTION,3,Standard IT portal. Nothing special.
SRV-001730,EMP-03540,OFC-GUR,2026-02-05,POST_RESOLUTION,5,The new AI system is incredibly fast. Saves me a lot of time.
SRV-001731,EMP-08446,OFC-LON,2026-02-05,POST_RESOLUTION,5,"Very intuitive workflow, much better than the legacy portal."
SRV-001732,EMP-04629,OFC-LON,2026-02-05,POST_RESOLUTION,4,The new AI system is incredibly fast. Saves me a lot of time.
SRV-001733,EMP-01700,OFC-LON,2026-02-05,POST_RESOLUTION,3,"Worked fine, but I prefer emailing a real person."
SRV-001734,EMP-01576,OFC-BOS,2026-02-05,POST_RESOLUTION,5,Self-service articles were actually helpful for once.
SRV-001735,EMP-09493,OFC-SIN,2026-02-05,POST_RESOLUTION,3,Confusing interface. I just want to submit an email ticket.
SRV-001736,EMP-08644,OFC-BOS,2026-02-05,POST_RESOLUTION,3,"AI is decent, but didn't fully understand my specific network issue."
SRV-001737,EMP-07913,OFC-BOS,2026-02-05,POST_RESOLUTION,4,Smooth transition. No complaints.
SRV-001738,EMP-10077,OFC-GUR,2026-02-05,POST_RESOLUTION,4,Great experience. The AI resolved my password issue in seconds.
SRV-001739,EMP-07677,OFC-NYC,2026-02-05,POST_RESOLUTION,3,"Worked fine, but I prefer emailing a real person."
SRV-001740,EMP-03338,OFC-BOS,2026-02-05,POST_RESOLUTION,5,The new AI system is incredibly fast. Saves me a lot of time.
SRV-001741,EMP-07051,OFC-SIN,2026-02-05,POST_RESOLUTION,1,I don't know how to use this. We need more training on the AI portal.
SRV-001742,EMP-06671,OFC-NYC,2026-02-05,POST_RESOLUTION,5,Self-service articles were actually helpful for once.
SRV-001743,EMP-05539,OFC-BOS,2026-02-05,POST_RESOLUTION,4,Self-service articles were actually helpful for once.
SRV-001744,EMP-08533,OFC-LON,2026-02-05,POST_RESOLUTION,4,The new AI system is incredibly fast. Saves me a lot of time.
SRV-001745,EMP-09230,OFC-BOS,2026-02-05,POST_RESOLUTION,3,"Worked fine, but I prefer emailing a real person."
SRV-001746,EMP-07114,OFC-NYC,2026-02-05,POST_RESOLUTION,4,Self-service articles were actually helpful for once.
SRV-001747,EMP-10650,OFC-NYC,2026-02-05,POST_RESOLUTION,3,It's okay. Takes some getting used to.
SRV-001748,EMP-02539,OFC-LON,2026-02-05,POST_RESOLUTION,4,Self-service articles were actually helpful for once.
SRV-001749,EMP-06518,OFC-BOS,2026-02-05,POST_RESOLUTION,4,Great experience. The AI resolved my password issue in seconds.
SRV-001750,EMP-02866,OFC-BOS,2026-02-05,POST_RESOLUTION,3,"AI is decent, but didn't fully understand my specific network issue."
SRV-001751,EMP-10174,OFC-NYC,2026-02-05,POST_RESOLUTION,3,"AI is decent, but didn't fully understand my specific network issue."
SRV-001752,EMP-04359,OFC-GUR,2026-02-05,POST_RESOLUTION,5,Great experience. The AI resolved my password issue in seconds.
SRV-001753,EMP-05560,OFC-GUR,2026-02-05,POST_RESOLUTION,4,Self-service articles were actually helpful for once.
SRV-001754,EMP-02874,OFC-GUR,2026-02-05,POST_RESOLUTION,3,Standard IT portal. Nothing special.
SRV-001755,EMP-02103,OFC-SIN,2026-02-05,POST_RESOLUTION,1,Stop forcing us to use the AI. It's too slow and I need human help.
SRV-001756,EMP-03988,OFC-GUR,2026-02-05,POST_RESOLUTION,4,Great experience. The AI resolved my password issue in seconds.
SRV-001757,EMP-02879,OFC-LON,2026-02-05,POST_RESOLUTION,5,Self-service articles were actually helpful for once.
SRV-001758,EMP-10932,OFC-BOS,2026-02-05,POST_RESOLUTION,3,"Worked fine, but I prefer emailing a real person."
SRV-001759,EMP-10555,OFC-GUR,2026-02-05,POST_RESOLUTION,4,The new AI system is incredibly fast. Saves me a lot of time.
SRV-001760,EMP-10771,OFC-NYC,2026-02-05,POST_RESOLUTION,4,Great experience. The AI resolved my password issue in seconds.
SRV-001761,EMP-04164,OFC-BOS,2026-02-05,POST_RESOLUTION,3,It's okay. Takes some getting used to.
SRV-001762,EMP-02422,OFC-BOS,2026-02-05,POST_RESOLUTION,4,Great experience. The AI resolved my password issue in seconds.
SRV-001763,EMP-02838,OFC-SIN,2026-02-05,POST_RESOLUTION,2,Confusing interface. I just want to submit an email ticket.
SRV-001764,EMP-07448,OFC-BOS,2026-02-05,POST_RESOLUTION,4,"Very intuitive workflow, much better than the legacy portal."
SRV-001765,EMP-03880,OFC-NYC,2026-02-05,POST_RESOLUTION,3,"Worked fine, but I prefer emailing a real person."
SRV-001766,EMP-06903,OFC-NYC,2026-02-05,POST_RESOLUTION,4,Self-service articles were actually helpful for once.
SRV-001767,EMP-10768,OFC-SIN,2026-02-05,POST_RESOLUTION,1,System is way too slow. Massive latency when loading the dashboard.
SRV-001768,EMP-07156,OFC-GUR,2026-02-05,POST_RESOLUTION,5,The new AI system is incredibly fast. Saves me a lot of time.
SRV-001769,EMP-04772,OFC-NYC,2026-02-05,POST_RESOLUTION,5,Self-service articles were actually helpful for once.
SRV-001770,EMP-06602,OFC-BOS,2026-02-05,POST_RESOLUTION,4,Self-service articles were actually helpful for once.
SRV-001771,EMP-03771,OFC-NYC,2026-02-05,POST_RESOLUTION,4,Self-service articles were actually helpful for once.
SRV-001772,EMP-10558,OFC-GUR,2026-02-05,POST_RESOLUTION,4,Great experience. The AI resolved my password issue in seconds.
SRV-001773,EMP-03035,OFC-NYC,2026-02-05,POST_RESOLUTION,5,Smooth transition. No complaints.
SRV-001774,EMP-09419,OFC-BOS,2026-02-05,POST_RESOLUTION,4,Great experience. The AI resolved my password issue in seconds.
SRV-001775,EMP-07162,OFC-BOS,2026-02-05,POST_RESOLUTION,4,"Very intuitive workflow, much better than the legacy portal."
SRV-001776,EMP-07728,OFC-SIN,2026-02-05,POST_RESOLUTION,3,Stop forcing us to use the AI. It's too slow and I need human help.
SRV-001777,EMP-08258,OFC-GUR,2026-02-05,POST_RESOLUTION,5,Self-service articles were actually helpful for once.
SRV-001778,EMP-09971,OFC-LON,2026-02-05,POST_RESOLUTION,4,Great experience. The AI resolved my password issue in seconds.
SRV-001779,EMP-02607,OFC-GUR,2026-02-05,POST_RESOLUTION,5,The new AI system is incredibly fast. Saves me a lot of time.
SRV-001780,EMP-03904,OFC-LON,2026-02-05,POST_RESOLUTION,4,Self-service articles were actually helpful for once.
SRV-001781,EMP-01856,OFC-BOS,2026-02-05,POST_RESOLUTION,4,Smooth transition. No complaints.
SRV-001782,EMP-09316,OFC-SIN,2026-02-05,POST_RESOLUTION,3,Stop forcing us to use the AI. It's too slow and I need human help.
SRV-001783,EMP-04521,OFC-LON,2026-02-05,POST_RESOLUTION,4,Self-service articles were actually helpful for once.
SRV-001784,EMP-06189,OFC-NYC,2026-02-05,POST_RESOLUTION,5,The new AI system is incredibly fast. Saves me a lot of time.
SRV-001785,EMP-10995,OFC-SIN,2026-02-05,POST_RESOLUTION,2,System is way too slow. Massive latency when loading the dashboard.
SRV-001786,EMP-06669,OFC-GUR,2026-02-05,POST_RESOLUTION,5,Great experience. The AI resolved my password issue in seconds.
SRV-001787,EMP-04054,OFC-GUR,2026-02-05,POST_RESOLUTION,5,Self-service articles were actually helpful for once.
SRV-001788,EMP-02384,OFC-GUR,2026-02-05,POST_RESOLUTION,3,Standard IT portal. Nothing special.
SRV-001789,EMP-09191,OFC-NYC,2026-02-05,POST_RESOLUTION,3,It's okay. Takes some getting used to.
SRV-001790,EMP-06296,OFC-LON,2026-02-05,POST_RESOLUTION,4,"Very intuitive workflow, much better than the legacy portal."
SRV-001791,EMP-03566,OFC-BOS,2026-02-05,POST_RESOLUTION,5,Smooth transition. No complaints.
SRV-001792,EMP-06970,OFC-GUR,2026-02-05,POST_RESOLUTION,4,Great experience. The AI resolved my password issue in seconds.
SRV-001793,EMP-04152,OFC-GUR,2026-02-05,POST_RESOLUTION,5,The new AI system is incredibly fast. Saves me a lot of time.
SRV-001794,EMP-04271,OFC-BOS,2026-02-05,POST_RESOLUTION,5,"Very intuitive workflow, much better than the legacy portal."
SRV-001795,EMP-07359,OFC-GUR,2026-02-05,POST_RESOLUTION,4,The new AI system is incredibly fast. Saves me a lot of time.
SRV-001796,EMP-07431,OFC-SIN,2026-02-05,POST_RESOLUTION,2,I don't know how to use this. We need more training on the AI portal.
SRV-001797,EMP-10325,OFC-SIN,2026-02-05,POST_RESOLUTION,1,Keeps freezing. The latency makes it unusable.
SRV-001798,EMP-08781,OFC-BOS,2026-02-05,POST_RESOLUTION,4,Self-service articles were actually helpful for once.
SRV-001799,EMP-03724,OFC-NYC,2026-02-05,POST_RESOLUTION,5,Great experience. The AI resolved my password issue in seconds.
SRV-001800,EMP-05844,OFC-BOS,2026-02-05,POST_RESOLUTION,4,Smooth transition. No complaints.
SRV-001801,EMP-02472,OFC-SIN,2026-02-12,POST_RESOLUTION,1,System is way too slow. Massive latency when loading the dashboard.
SRV-001802,EMP-10219,OFC-BOS,2026-02-12,POST_RESOLUTION,4,Smooth transition. No complaints.
SRV-001803,EMP-01679,OFC-SIN,2026-02-12,POST_RESOLUTION,1,I don't know how to use this. We need more training on the AI portal.
SRV-001804,EMP-08252,OFC-NYC,2026-02-12,POST_RESOLUTION,4,Great experience. The AI resolved my password issue in seconds.
SRV-001805,EMP-06026,OFC-NYC,2026-02-12,POST_RESOLUTION,4,Self-service articles were actually helpful for once.
SRV-001806,EMP-09926,OFC-LON,2026-02-12,POST_RESOLUTION,4,Self-service articles were actually helpful for once.
SRV-001807,EMP-08034,OFC-NYC,2026-02-12,POST_RESOLUTION,5,Great experience. The AI resolved my password issue in seconds.
SRV-001808,EMP-01633,OFC-LON,2026-02-12,POST_RESOLUTION,3,It's okay. Takes some getting used to.
SRV-001809,EMP-09234,OFC-BOS,2026-02-12,POST_RESOLUTION,4,Smooth transition. No complaints.
SRV-001810,EMP-05478,OFC-LON,2026-02-12,POST_RESOLUTION,4,"Very intuitive workflow, much better than the legacy portal."
SRV-001811,EMP-02195,OFC-SIN,2026-02-12,POST_RESOLUTION,2,Confusing interface. I just want to submit an email ticket.
SRV-001812,EMP-10729,OFC-BOS,2026-02-12,POST_RESOLUTION,4,Self-service articles were actually helpful for once.
SRV-001813,EMP-02681,OFC-SIN,2026-02-12,POST_RESOLUTION,2,Stop forcing us to use the AI. It's too slow and I need human help.
SRV-001814,EMP-02601,OFC-NYC,2026-02-12,POST_RESOLUTION,4,Self-service articles were actually helpful for once.
SRV-001815,EMP-01695,OFC-LON,2026-02-12,POST_RESOLUTION,5,Self-service articles were actually helpful for once.
SRV-001816,EMP-02864,OFC-SIN,2026-02-12,POST_RESOLUTION,3,I don't know how to use this. We need more training on the AI portal.
SRV-001817,EMP-10974,OFC-NYC,2026-02-12,POST_RESOLUTION,5,The new AI system is incredibly fast. Saves me a lot of time.
SRV-001818,EMP-05257,OFC-LON,2026-02-12,POST_RESOLUTION,4,The new AI system is incredibly fast. Saves me a lot of time.
SRV-001819,EMP-07801,OFC-BOS,2026-02-12,POST_RESOLUTION,5,"Very intuitive workflow, much better than the legacy portal."
SRV-001820,EMP-01793,OFC-LON,2026-02-12,POST_RESOLUTION,3,"AI is decent, but didn't fully understand my specific network issue."
SRV-001821,EMP-03436,OFC-NYC,2026-02-12,POST_RESOLUTION,3,"AI is decent, but didn't fully understand my specific network issue."
SRV-001822,EMP-05449,OFC-GUR,2026-02-12,POST_RESOLUTION,4,Smooth transition. No complaints.
SRV-001823,EMP-05188,OFC-GUR,2026-02-12,POST_RESOLUTION,5,The new AI system is incredibly fast. Saves me a lot of time.
SRV-001824,EMP-01475,OFC-SIN,2026-02-12,POST_RESOLUTION,2,Keeps freezing. The latency makes it unusable.
SRV-001825,EMP-02839,OFC-BOS,2026-02-12,POST_RESOLUTION,4,Self-service articles were actually helpful for once.
SRV-001826,EMP-03883,OFC-BOS,2026-02-12,POST_RESOLUTION,4,Great experience. The AI resolved my password issue in seconds.
SRV-001827,EMP-07634,OFC-LON,2026-02-12,POST_RESOLUTION,3,Standard IT portal. Nothing special.
SRV-001828,EMP-01784,OFC-BOS,2026-02-12,POST_RESOLUTION,4,Smooth transition. No complaints.
SRV-001829,EMP-02341,OFC-LON,2026-02-12,POST_RESOLUTION,4,Self-service articles were actually helpful for once.
SRV-001830,EMP-05392,OFC-LON,2026-02-12,POST_RESOLUTION,3,"AI is decent, but didn't fully understand my specific network issue."
SRV-001831,EMP-10878,OFC-GUR,2026-02-12,POST_RESOLUTION,4,"Very intuitive workflow, much better than the legacy portal."
SRV-001832,EMP-06863,OFC-NYC,2026-02-12,POST_RESOLUTION,5,The new AI system is incredibly fast. Saves me a lot of time.
SRV-001833,EMP-02060,OFC-SIN,2026-02-12,POST_RESOLUTION,2,I don't know how to use this. We need more training on the AI portal.
SRV-001834,EMP-09964,OFC-LON,2026-02-12,POST_RESOLUTION,3,It's okay. Takes some getting used to.
SRV-001835,EMP-05684,OFC-GUR,2026-02-12,POST_RESOLUTION,4,Great experience. The AI resolved my password issue in seconds.
SRV-001836,EMP-01573,OFC-LON,2026-02-12,POST_RESOLUTION,5,"Very intuitive workflow, much better than the legacy portal."
SRV-001837,EMP-09242,OFC-BOS,2026-02-12,POST_RESOLUTION,5,Great experience. The AI resolved my password issue in seconds.
SRV-001838,EMP-07486,OFC-SIN,2026-02-12,POST_RESOLUTION,3,System is way too slow. Massive latency when loading the dashboard.
SRV-001839,EMP-05624,OFC-SIN,2026-02-12,POST_RESOLUTION,1,Keeps freezing. The latency makes it unusable.
SRV-001840,EMP-06500,OFC-LON,2026-02-12,POST_RESOLUTION,4,Self-service articles were actually helpful for once.
SRV-001841,EMP-06387,OFC-SIN,2026-02-12,POST_RESOLUTION,1,System is way too slow. Massive latency when loading the dashboard.
SRV-001842,EMP-02372,OFC-SIN,2026-02-12,POST_RESOLUTION,1,Confusing interface. I just want to submit an email ticket.
SRV-001843,EMP-03994,OFC-BOS,2026-02-12,POST_RESOLUTION,4,Smooth transition. No complaints.
SRV-001844,EMP-02977,OFC-NYC,2026-02-12,POST_RESOLUTION,3,"Worked fine, but I prefer emailing a real person."
SRV-001845,EMP-04317,OFC-BOS,2026-02-12,POST_RESOLUTION,5,Self-service articles were actually helpful for once.
SRV-001846,EMP-02783,OFC-LON,2026-02-12,POST_RESOLUTION,5,"Very intuitive workflow, much better than the legacy portal."
SRV-001847,EMP-01595,OFC-LON,2026-02-12,POST_RESOLUTION,4,"Very intuitive workflow, much better than the legacy portal."
SRV-001848,EMP-01030,OFC-LON,2026-02-12,POST_RESOLUTION,4,Self-service articles were actually helpful for once.
SRV-001849,EMP-10991,OFC-NYC,2026-02-12,POST_RESOLUTION,4,Smooth transition. No complaints.
SRV-001850,EMP-03963,OFC-SIN,2026-02-12,POST_RESOLUTION,2,I don't know how to use this. We need more training on the AI portal.
SRV-001851,EMP-01618,OFC-GUR,2026-02-12,POST_RESOLUTION,5,The new AI system is incredibly fast. Saves me a lot of time.
SRV-001852,EMP-02841,OFC-NYC,2026-02-12,POST_RESOLUTION,4,"Very intuitive workflow, much better than the legacy portal."
SRV-001853,EMP-04014,OFC-LON,2026-02-12,POST_RESOLUTION,4,"Very intuitive workflow, much better than the legacy portal."
SRV-001854,EMP-03359,OFC-BOS,2026-02-12,POST_RESOLUTION,3,Standard IT portal. Nothing special.
SRV-001855,EMP-08961,OFC-NYC,2026-02-12,POST_RESOLUTION,4,Great experience. The AI resolved my password issue in seconds.
SRV-001856,EMP-07155,OFC-BOS,2026-02-12,POST_RESOLUTION,4,The new AI system is incredibly fast. Saves me a lot of time.
SRV-001857,EMP-02065,OFC-GUR,2026-02-12,POST_RESOLUTION,3,"Worked fine, but I prefer emailing a real person."
SRV-001858,EMP-06356,OFC-BOS,2026-02-12,POST_RESOLUTION,3,"Worked fine, but I prefer emailing a real person."
SRV-001859,EMP-03329,OFC-BOS,2026-02-12,POST_RESOLUTION,3,"AI is decent, but didn't fully understand my specific network issue."
SRV-001860,EMP-02740,OFC-GUR,2026-02-12,POST_RESOLUTION,4,Smooth transition. No complaints.
SRV-001861,EMP-07266,OFC-SIN,2026-02-12,POST_RESOLUTION,2,I don't know how to use this. We need more training on the AI portal.
SRV-001862,EMP-07167,OFC-SIN,2026-02-12,POST_RESOLUTION,3,Confusing interface. I just want to submit an email ticket.
SRV-001863,EMP-05027,OFC-BOS,2026-02-12,POST_RESOLUTION,4,The new AI system is incredibly fast. Saves me a lot of time.
SRV-001864,EMP-10537,OFC-GUR,2026-02-12,POST_RESOLUTION,3,It's okay. Takes some getting used to.
SRV-001865,EMP-09122,OFC-BOS,2026-02-12,POST_RESOLUTION,4,Self-service articles were actually helpful for once.
SRV-001866,EMP-06102,OFC-LON,2026-02-12,POST_RESOLUTION,3,"AI is decent, but didn't fully understand my specific network issue."
SRV-001867,EMP-05221,OFC-LON,2026-02-12,POST_RESOLUTION,3,"AI is decent, but didn't fully understand my specific network issue."
SRV-001868,EMP-06198,OFC-NYC,2026-02-12,POST_RESOLUTION,4,Smooth transition. No complaints.
SRV-001869,EMP-08729,OFC-LON,2026-02-12,POST_RESOLUTION,5,Great experience. The AI resolved my password issue in seconds.
SRV-001870,EMP-10021,OFC-SIN,2026-02-12,POST_RESOLUTION,3,Stop forcing us to use the AI. It's too slow and I need human help.
SRV-001871,EMP-10593,OFC-NYC,2026-02-12,POST_RESOLUTION,3,It's okay. Takes some getting used to.
SRV-001872,EMP-03529,OFC-SIN,2026-02-12,POST_RESOLUTION,1,I don't know how to use this. We need more training on the AI portal.
SRV-001873,EMP-01114,OFC-LON,2026-02-12,POST_RESOLUTION,4,Self-service articles were actually helpful for once.
SRV-001874,EMP-06262,OFC-LON,2026-02-12,POST_RESOLUTION,4,The new AI system is incredibly fast. Saves me a lot of time.
SRV-001875,EMP-07548,OFC-BOS,2026-02-12,POST_RESOLUTION,5,Great experience. The AI resolved my password issue in seconds.
SRV-001876,EMP-08660,OFC-BOS,2026-02-12,POST_RESOLUTION,4,Great experience. The AI resolved my password issue in seconds.
SRV-001877,EMP-10485,OFC-LON,2026-02-12,POST_RESOLUTION,3,"Worked fine, but I prefer emailing a real person."
SRV-001878,EMP-10600,OFC-BOS,2026-02-12,POST_RESOLUTION,4,"Very intuitive workflow, much better than the legacy portal."
SRV-001879,EMP-01652,OFC-LON,2026-02-12,POST_RESOLUTION,5,Smooth transition. No complaints.
SRV-001880,EMP-03338,OFC-BOS,2026-02-12,POST_RESOLUTION,4,Smooth transition. No complaints.
SRV-001881,EMP-08450,OFC-LON,2026-02-12,POST_RESOLUTION,5,"Very intuitive workflow, much better than the legacy portal."
SRV-001882,EMP-09129,OFC-BOS,2026-02-12,POST_RESOLUTION,4,"Very intuitive workflow, much better than the legacy portal."
SRV-001883,EMP-02562,OFC-GUR,2026-02-12,POST_RESOLUTION,4,Great experience. The AI resolved my password issue in seconds.
SRV-001884,EMP-03776,OFC-BOS,2026-02-12,POST_RESOLUTION,3,It's okay. Takes some getting used to.
SRV-001885,EMP-06080,OFC-BOS,2026-02-12,POST_RESOLUTION,5,The new AI system is incredibly fast. Saves me a lot of time.
SRV-001886,EMP-09375,OFC-NYC,2026-02-12,POST_RESOLUTION,5,Smooth transition. No complaints.
SRV-001887,EMP-08892,OFC-GUR,2026-02-12,POST_RESOLUTION,3,Standard IT portal. Nothing special.
SRV-001888,EMP-07790,OFC-GUR,2026-02-12,POST_RESOLUTION,3,"Worked fine, but I prefer emailing a real person."
SRV-001889,EMP-09496,OFC-SIN,2026-02-12,POST_RESOLUTION,1,I don't know how to use this. We need more training on the AI portal.
SRV-001890,EMP-10846,OFC-GUR,2026-02-12,POST_RESOLUTION,4,"Very intuitive workflow, much better than the legacy portal."
SRV-001891,EMP-05602,OFC-SIN,2026-02-12,POST_RESOLUTION,2,Keeps freezing. The latency makes it unusable.
SRV-001892,EMP-09609,OFC-SIN,2026-02-12,POST_RESOLUTION,2,I don't know how to use this. We need more training on the AI portal.
SRV-001893,EMP-05085,OFC-BOS,2026-02-12,POST_RESOLUTION,5,Self-service articles were actually helpful for once.
SRV-001894,EMP-08808,OFC-NYC,2026-02-12,POST_RESOLUTION,4,Smooth transition. No complaints.
SRV-001895,EMP-07900,OFC-BOS,2026-02-12,POST_RESOLUTION,4,Self-service articles were actually helpful for once.
SRV-001896,EMP-08648,OFC-NYC,2026-02-12,POST_RESOLUTION,3,It's okay. Takes some getting used to.
SRV-001897,EMP-05225,OFC-GUR,2026-02-12,POST_RESOLUTION,3,"Worked fine, but I prefer emailing a real person."
SRV-001898,EMP-03534,OFC-GUR,2026-02-12,POST_RESOLUTION,4,"Very intuitive workflow, much better than the legacy portal."
SRV-001899,EMP-07576,OFC-SIN,2026-02-12,POST_RESOLUTION,2,Confusing interface. I just want to submit an email ticket.
SRV-001900,EMP-01487,OFC-NYC,2026-02-12,POST_RESOLUTION,5,Self-service articles were actually helpful for once.
SRV-001901,EMP-08737,OFC-BOS,2026-02-12,POST_RESOLUTION,5,"Very intuitive workflow, much better than the legacy portal."
SRV-001902,EMP-10745,OFC-GUR,2026-02-12,POST_RESOLUTION,4,Self-service articles were actually helpful for once.
SRV-001903,EMP-08335,OFC-BOS,2026-02-12,POST_RESOLUTION,4,Smooth transition. No complaints.
SRV-001904,EMP-03053,OFC-SIN,2026-02-12,POST_RESOLUTION,1,Confusing interface. I just want to submit an email ticket.
SRV-001905,EMP-08603,OFC-SIN,2026-02-12,POST_RESOLUTION,1,System is way too slow. Massive latency when loading the dashboard.
SRV-001906,EMP-10962,OFC-LON,2026-02-12,POST_RESOLUTION,4,Smooth transition. No complaints.
SRV-001907,EMP-05338,OFC-NYC,2026-02-12,POST_RESOLUTION,3,Standard IT portal. Nothing special.
SRV-001908,EMP-05357,OFC-LON,2026-02-12,POST_RESOLUTION,3,Standard IT portal. Nothing special.
SRV-001909,EMP-02845,OFC-BOS,2026-02-12,POST_RESOLUTION,4,"Very intuitive workflow, much better than the legacy portal."
SRV-001910,EMP-01544,OFC-LON,2026-02-12,POST_RESOLUTION,3,"Worked fine, but I prefer emailing a real person."
SRV-001911,EMP-06496,OFC-LON,2026-02-12,POST_RESOLUTION,4,Smooth transition. No complaints.
SRV-001912,EMP-10607,OFC-LON,2026-02-12,POST_RESOLUTION,4,The new AI system is incredibly fast. Saves me a lot of time.
SRV-001913,EMP-02191,OFC-LON,2026-02-12,POST_RESOLUTION,5,The new AI system is incredibly fast. Saves me a lot of time.
SRV-001914,EMP-06686,OFC-LON,2026-02-12,POST_RESOLUTION,3,It's okay. Takes some getting used to.
SRV-001915,EMP-08701,OFC-GUR,2026-02-12,POST_RESOLUTION,3,It's okay. Takes some getting used to.
SRV-001916,EMP-02701,OFC-NYC,2026-02-12,POST_RESOLUTION,5,Smooth transition. No complaints.
SRV-001917,EMP-10947,OFC-NYC,2026-02-12,POST_RESOLUTION,4,Self-service articles were actually helpful for once.
SRV-001918,EMP-09456,OFC-LON,2026-02-12,POST_RESOLUTION,5,"Very intuitive workflow, much better than the legacy portal."
SRV-001919,EMP-04725,OFC-SIN,2026-02-12,POST_RESOLUTION,1,Confusing interface. I just want to submit an email ticket.
SRV-001920,EMP-01553,OFC-LON,2026-02-12,POST_RESOLUTION,4,Great experience. The AI resolved my password issue in seconds.
SRV-001921,EMP-03722,OFC-GUR,2026-02-12,POST_RESOLUTION,3,It's okay. Takes some getting used to.
SRV-001922,EMP-09412,OFC-NYC,2026-02-12,POST_RESOLUTION,4,Great experience. The AI resolved my password issue in seconds.
SRV-001923,EMP-04352,OFC-SIN,2026-02-12,POST_RESOLUTION,3,Confusing interface. I just want to submit an email ticket.
SRV-001924,EMP-04022,OFC-GUR,2026-02-12,POST_RESOLUTION,4,Self-service articles were actually helpful for once.
SRV-001925,EMP-04031,OFC-NYC,2026-02-12,POST_RESOLUTION,4,Self-service articles were actually helpful for once.
SRV-001926,EMP-02751,OFC-BOS,2026-02-12,POST_RESOLUTION,4,Great experience. The AI resolved my password issue in seconds.
SRV-001927,EMP-08497,OFC-SIN,2026-02-12,POST_RESOLUTION,3,I don't know how to use this. We need more training on the AI portal.
SRV-001928,EMP-03496,OFC-LON,2026-02-12,POST_RESOLUTION,4,Great experience. The AI resolved my password issue in seconds.
SRV-001929,EMP-06480,OFC-GUR,2026-02-12,POST_RESOLUTION,3,"Worked fine, but I prefer emailing a real person."
SRV-001930,EMP-09319,OFC-LON,2026-02-12,POST_RESOLUTION,3,"AI is decent, but didn't fully understand my specific network issue."
SRV-001931,EMP-09652,OFC-BOS,2026-02-12,POST_RESOLUTION,3,It's okay. Takes some getting used to.
SRV-001932,EMP-08206,OFC-NYC,2026-02-12,POST_RESOLUTION,3,It's okay. Takes some getting used to.
SRV-001933,EMP-08067,OFC-LON,2026-02-12,POST_RESOLUTION,5,"Very intuitive workflow, much better than the legacy portal."
SRV-001934,EMP-09047,OFC-BOS,2026-02-12,POST_RESOLUTION,4,Great experience. The AI resolved my password issue in seconds.
SRV-001935,EMP-10852,OFC-BOS,2026-02-12,POST_RESOLUTION,4,Great experience. The AI resolved my password issue in seconds.
SRV-001936,EMP-09586,OFC-SIN,2026-02-12,POST_RESOLUTION,1,Stop forcing us to use the AI. It's too slow and I need human help.
SRV-001937,EMP-08538,OFC-NYC,2026-02-12,POST_RESOLUTION,4,Great experience. The AI resolved my password issue in seconds.
SRV-001938,EMP-03189,OFC-GUR,2026-02-12,POST_RESOLUTION,4,"Very intuitive workflow, much better than the legacy portal."
SRV-001939,EMP-09409,OFC-NYC,2026-02-12,POST_RESOLUTION,3,"Worked fine, but I prefer emailing a real person."
SRV-001940,EMP-07569,OFC-NYC,2026-02-12,POST_RESOLUTION,3,Standard IT portal. Nothing special.
SRV-001941,EMP-08207,OFC-NYC,2026-02-12,POST_RESOLUTION,4,Self-service articles were actually helpful for once.
SRV-001942,EMP-07613,OFC-BOS,2026-02-12,POST_RESOLUTION,4,Self-service articles were actually helpful for once.
SRV-001943,EMP-09808,OFC-BOS,2026-02-12,POST_RESOLUTION,5,Self-service articles were actually helpful for once.
SRV-001944,EMP-07796,OFC-SIN,2026-02-12,POST_RESOLUTION,1,Stop forcing us to use the AI. It's too slow and I need human help.
SRV-001945,EMP-09413,OFC-LON,2026-02-12,POST_RESOLUTION,4,"Very intuitive workflow, much better than the legacy portal."
SRV-001946,EMP-04626,OFC-BOS,2026-02-12,POST_RESOLUTION,5,Self-service articles were actually helpful for once.
SRV-001947,EMP-08665,OFC-NYC,2026-02-12,POST_RESOLUTION,4,Smooth transition. No complaints.
SRV-001948,EMP-05484,OFC-BOS,2026-02-12,POST_RESOLUTION,4,Smooth transition. No complaints.
SRV-001949,EMP-03036,OFC-BOS,2026-02-12,POST_RESOLUTION,4,The new AI system is incredibly fast. Saves me a lot of time.
SRV-001950,EMP-07234,OFC-NYC,2026-02-12,POST_RESOLUTION,5,Self-service articles were actually helpful for once.
SRV-001951,EMP-10207,OFC-GUR,2026-02-12,POST_RESOLUTION,4,"Very intuitive workflow, much better than the legacy portal."
SRV-001952,EMP-06792,OFC-SIN,2026-02-12,POST_RESOLUTION,2,Stop forcing us to use the AI. It's too slow and I need human help.
SRV-001953,EMP-02696,OFC-BOS,2026-02-12,POST_RESOLUTION,4,The new AI system is incredibly fast. Saves me a lot of time.
SRV-001954,EMP-02899,OFC-GUR,2026-02-12,POST_RESOLUTION,4,Self-service articles were actually helpful for once.
SRV-001955,EMP-10233,OFC-LON,2026-02-12,POST_RESOLUTION,5,Great experience. The AI resolved my password issue in seconds.
SRV-001956,EMP-09797,OFC-LON,2026-02-12,POST_RESOLUTION,4,"Very intuitive workflow, much better than the legacy portal."
SRV-001957,EMP-06124,OFC-SIN,2026-02-12,POST_RESOLUTION,1,I don't know how to use this. We need more training on the AI portal.
SRV-001958,EMP-03408,OFC-SIN,2026-02-12,POST_RESOLUTION,2,System is way too slow. Massive latency when loading the dashboard.
SRV-001959,EMP-07558,OFC-GUR,2026-02-12,POST_RESOLUTION,5,The new AI system is incredibly fast. Saves me a lot of time.
SRV-001960,EMP-04182,OFC-NYC,2026-02-12,POST_RESOLUTION,4,Self-service articles were actually helpful for once.
SRV-001961,EMP-07965,OFC-BOS,2026-02-12,POST_RESOLUTION,4,Great experience. The AI resolved my password issue in seconds.
SRV-001962,EMP-04728,OFC-BOS,2026-02-12,POST_RESOLUTION,5,Smooth transition. No complaints.
SRV-001963,EMP-06030,OFC-NYC,2026-02-12,POST_RESOLUTION,4,Great experience. The AI resolved my password issue in seconds.
SRV-001964,EMP-08920,OFC-LON,2026-02-12,POST_RESOLUTION,5,"Very intuitive workflow, much better than the legacy portal."
SRV-001965,EMP-06805,OFC-BOS,2026-02-12,POST_RESOLUTION,3,Standard IT portal. Nothing special.
SRV-001966,EMP-05036,OFC-SIN,2026-02-12,POST_RESOLUTION,3,Keeps freezing. The latency makes it unusable.
SRV-001967,EMP-05213,OFC-BOS,2026-02-12,POST_RESOLUTION,3,"Worked fine, but I prefer emailing a real person."
SRV-001968,EMP-03450,OFC-NYC,2026-02-12,POST_RESOLUTION,5,"Very intuitive workflow, much better than the legacy portal."
SRV-001969,EMP-03122,OFC-SIN,2026-02-12,POST_RESOLUTION,2,I don't know how to use this. We need more training on the AI portal.
SRV-001970,EMP-04750,OFC-SIN,2026-02-12,POST_RESOLUTION,2,Stop forcing us to use the AI. It's too slow and I need human help.
SRV-001971,EMP-08277,OFC-BOS,2026-02-12,POST_RESOLUTION,5,Smooth transition. No complaints.
SRV-001972,EMP-01372,OFC-BOS,2026-02-12,POST_RESOLUTION,4,Great experience. The AI resolved my password issue in seconds.
SRV-001973,EMP-06748,OFC-SIN,2026-02-12,POST_RESOLUTION,1,Stop forcing us to use the AI. It's too slow and I need human help.
SRV-001974,EMP-01728,OFC-BOS,2026-02-12,POST_RESOLUTION,4,Self-service articles were actually helpful for once.
SRV-001975,EMP-05070,OFC-NYC,2026-02-12,POST_RESOLUTION,4,Great experience. The AI resolved my password issue in seconds.
SRV-001976,EMP-06590,OFC-NYC,2026-02-12,POST_RESOLUTION,4,The new AI system is incredibly fast. Saves me a lot of time.
SRV-001977,EMP-01254,OFC-BOS,2026-02-12,POST_RESOLUTION,3,It's okay. Takes some getting used to.
SRV-001978,EMP-01092,OFC-GUR,2026-02-12,POST_RESOLUTION,4,Great experience. The AI resolved my password issue in seconds.
SRV-001979,EMP-05493,OFC-GUR,2026-02-12,POST_RESOLUTION,4,Smooth transition. No complaints.
SRV-001980,EMP-04879,OFC-BOS,2026-02-12,POST_RESOLUTION,5,Great experience. The AI resolved my password issue in seconds.
SRV-001981,EMP-01454,OFC-BOS,2026-02-12,POST_RESOLUTION,5,"Very intuitive workflow, much better than the legacy portal."
SRV-001982,EMP-08902,OFC-NYC,2026-02-12,POST_RESOLUTION,3,Standard IT portal. Nothing special.
SRV-001983,EMP-06808,OFC-LON,2026-02-12,POST_RESOLUTION,5,Smooth transition. No complaints.
SRV-001984,EMP-01598,OFC-BOS,2026-02-12,POST_RESOLUTION,5,Self-service articles were actually helpful for once.
SRV-001985,EMP-07592,OFC-NYC,2026-02-12,POST_RESOLUTION,3,It's okay. Takes some getting used to.
SRV-001986,EMP-10902,OFC-BOS,2026-02-12,POST_RESOLUTION,4,The new AI system is incredibly fast. Saves me a lot of time.
SRV-001987,EMP-05540,OFC-BOS,2026-02-12,POST_RESOLUTION,4,Self-service articles were actually helpful for once.
SRV-001988,EMP-09595,OFC-LON,2026-02-12,POST_RESOLUTION,4,Great experience. The AI resolved my password issue in seconds.
SRV-001989,EMP-07476,OFC-LON,2026-02-12,POST_RESOLUTION,4,Smooth transition. No complaints.
SRV-001990,EMP-03038,OFC-BOS,2026-02-12,POST_RESOLUTION,4,Great experience. The AI resolved my password issue in seconds.
SRV-001991,EMP-08964,OFC-LON,2026-02-12,POST_RESOLUTION,4,Self-service articles were actually helpful for once.
SRV-001992,EMP-01996,OFC-SIN,2026-02-12,POST_RESOLUTION,1,Confusing interface. I just want to submit an email ticket.
SRV-001993,EMP-03613,OFC-GUR,2026-02-12,POST_RESOLUTION,4,The new AI system is incredibly fast. Saves me a lot of time.
SRV-001994,EMP-10118,OFC-SIN,2026-02-12,POST_RESOLUTION,2,System is way too slow. Massive latency when loading the dashboard.
SRV-001995,EMP-06920,OFC-BOS,2026-02-12,POST_RESOLUTION,4,Great experience. The AI resolved my password issue in seconds.
SRV-001996,EMP-07173,OFC-GUR,2026-02-12,POST_RESOLUTION,5,"Very intuitive workflow, much better than the legacy portal."
SRV-001997,EMP-08914,OFC-BOS,2026-02-12,POST_RESOLUTION,4,Self-service articles were actually helpful for once.
SRV-001998,EMP-06798,OFC-SIN,2026-02-12,POST_RESOLUTION,1,Keeps freezing. The latency makes it unusable.
SRV-001999,EMP-07522,OFC-GUR,2026-02-12,POST_RESOLUTION,5,Great experience. The AI resolved my password issue in seconds.
SRV-002000,EMP-06743,OFC-SIN,2026-02-12,POST_RESOLUTION,1,Keeps freezing. The latency makes it unusable.
SRV-002001,EMP-03834,OFC-NYC,2026-02-12,POST_RESOLUTION,3,It's okay. Takes some getting used to.
SRV-002002,EMP-05394,OFC-SIN,2026-02-12,POST_RESOLUTION,3,Stop forcing us to use the AI. It's too slow and I need human help.
SRV-002003,EMP-07966,OFC-GUR,2026-02-12,POST_RESOLUTION,4,The new AI system is incredibly fast. Saves me a lot of time.
SRV-002004,EMP-01805,OFC-GUR,2026-02-12,POST_RESOLUTION,3,Standard IT portal. Nothing special.
SRV-002005,EMP-02672,OFC-SIN,2026-02-12,POST_RESOLUTION,1,Keeps freezing. The latency makes it unusable.
SRV-002006,EMP-10032,OFC-NYC,2026-02-12,POST_RESOLUTION,5,Smooth transition. No complaints.
SRV-002007,EMP-04096,OFC-SIN,2026-02-12,POST_RESOLUTION,2,Keeps freezing. The latency makes it unusable.
SRV-002008,EMP-06879,OFC-LON,2026-02-12,POST_RESOLUTION,3,It's okay. Takes some getting used to.
SRV-002009,EMP-02705,OFC-BOS,2026-02-12,POST_RESOLUTION,5,Great experience. The AI resolved my password issue in seconds.
SRV-002010,EMP-07205,OFC-SIN,2026-02-12,POST_RESOLUTION,1,Confusing interface. I just want to submit an email ticket.
SRV-002011,EMP-02104,OFC-SIN,2026-02-12,POST_RESOLUTION,3,Stop forcing us to use the AI. It's too slow and I need human help.
SRV-002012,EMP-04417,OFC-GUR,2026-02-12,POST_RESOLUTION,4,Smooth transition. No complaints.
SRV-002013,EMP-10236,OFC-BOS,2026-02-12,POST_RESOLUTION,4,Self-service articles were actually helpful for once.
SRV-002014,EMP-07630,OFC-NYC,2026-02-12,POST_RESOLUTION,3,It's okay. Takes some getting used to.
SRV-002015,EMP-04135,OFC-LON,2026-02-12,POST_RESOLUTION,4,"Very intuitive workflow, much better than the legacy portal."
SRV-002016,EMP-09839,OFC-BOS,2026-02-12,POST_RESOLUTION,3,It's okay. Takes some getting used to.
SRV-002017,EMP-05110,OFC-LON,2026-02-12,POST_RESOLUTION,4,Great experience. The AI resolved my password issue in seconds.
SRV-002018,EMP-09067,OFC-NYC,2026-02-12,POST_RESOLUTION,4,Self-service articles were actually helpful for once.
SRV-002019,EMP-06437,OFC-GUR,2026-02-12,POST_RESOLUTION,4,Self-service articles were actually helpful for once.
SRV-002020,EMP-01594,OFC-SIN,2026-02-12,POST_RESOLUTION,3,Confusing interface. I just want to submit an email ticket.
SRV-002021,EMP-09112,OFC-SIN,2026-02-12,POST_RESOLUTION,1,Keeps freezing. The latency makes it unusable.
SRV-002022,EMP-09016,OFC-LON,2026-02-12,POST_RESOLUTION,4,"Very intuitive workflow, much better than the legacy portal."
SRV-002023,EMP-01840,OFC-BOS,2026-02-12,POST_RESOLUTION,4,"Very intuitive workflow, much better than the legacy portal."
SRV-002024,EMP-03116,OFC-NYC,2026-02-12,POST_RESOLUTION,4,Smooth transition. No complaints.
SRV-002025,EMP-08158,OFC-NYC,2026-02-12,POST_RESOLUTION,5,Smooth transition. No complaints.
SRV-002026,EMP-05835,OFC-BOS,2026-02-12,POST_RESOLUTION,5,Great experience. The AI resolved my password issue in seconds.
SRV-002027,EMP-01494,OFC-LON,2026-02-12,POST_RESOLUTION,5,Smooth transition. No complaints.
SRV-002028,EMP-03009,OFC-LON,2026-02-12,POST_RESOLUTION,5,The new AI system is incredibly fast. Saves me a lot of time.
SRV-002029,EMP-06013,OFC-LON,2026-02-12,POST_RESOLUTION,5,The new AI system is incredibly fast. Saves me a lot of time.
SRV-002030,EMP-01295,OFC-LON,2026-02-12,POST_RESOLUTION,4,The new AI system is incredibly fast. Saves me a lot of time.
SRV-002031,EMP-09675,OFC-NYC,2026-02-12,POST_RESOLUTION,4,"Very intuitive workflow, much better than the legacy portal."
SRV-002032,EMP-08195,OFC-LON,2026-02-12,POST_RESOLUTION,4,Self-service articles were actually helpful for once.
SRV-002033,EMP-01537,OFC-BOS,2026-02-12,POST_RESOLUTION,4,Great experience. The AI resolved my password issue in seconds.
SRV-002034,EMP-05734,OFC-NYC,2026-02-12,POST_RESOLUTION,4,Smooth transition. No complaints.
SRV-002035,EMP-06164,OFC-BOS,2026-02-12,POST_RESOLUTION,4,Great experience. The AI resolved my password issue in seconds.
SRV-002036,EMP-08542,OFC-LON,2026-02-12,POST_RESOLUTION,4,"Very intuitive workflow, much better than the legacy portal."
SRV-002037,EMP-10915,OFC-SIN,2026-02-12,POST_RESOLUTION,2,Confusing interface. I just want to submit an email ticket.
SRV-002038,EMP-03272,OFC-LON,2026-02-12,POST_RESOLUTION,4,Smooth transition. No complaints.
SRV-002039,EMP-10529,OFC-SIN,2026-02-12,POST_RESOLUTION,2,I don't know how to use this. We need more training on the AI portal.
SRV-002040,EMP-05629,OFC-LON,2026-02-12,POST_RESOLUTION,5,Self-service articles were actually helpful for once.
SRV-002041,EMP-09294,OFC-GUR,2026-02-12,POST_RESOLUTION,4,Smooth transition. No complaints.
SRV-002042,EMP-04304,OFC-BOS,2026-02-12,POST_RESOLUTION,4,Self-service articles were actually helpful for once.
SRV-002043,EMP-01948,OFC-SIN,2026-02-12,POST_RESOLUTION,1,I don't know how to use this. We need more training on the AI portal.
SRV-002044,EMP-09411,OFC-SIN,2026-02-12,POST_RESOLUTION,3,Stop forcing us to use the AI. It's too slow and I need human help.
SRV-002045,EMP-01484,OFC-LON,2026-02-12,POST_RESOLUTION,5,Smooth transition. No complaints.
SRV-002046,EMP-09546,OFC-GUR,2026-02-12,POST_RESOLUTION,5,Self-service articles were actually helpful for once.
SRV-002047,EMP-04346,OFC-NYC,2026-02-12,POST_RESOLUTION,4,Smooth transition. No complaints.
SRV-002048,EMP-07673,OFC-BOS,2026-02-12,POST_RESOLUTION,4,Self-service articles were actually helpful for once.
SRV-002049,EMP-10366,OFC-LON,2026-02-12,POST_RESOLUTION,5,Smooth transition. No complaints.
SRV-002050,EMP-08378,OFC-LON,2026-02-12,POST_RESOLUTION,4,Smooth transition. No complaints.
SRV-002051,EMP-08309,OFC-BOS,2026-02-12,POST_RESOLUTION,3,"AI is decent, but didn't fully understand my specific network issue."
SRV-002052,EMP-08955,OFC-LON,2026-02-12,POST_RESOLUTION,4,Smooth transition. No complaints.
SRV-002053,EMP-04290,OFC-BOS,2026-02-12,POST_RESOLUTION,5,Self-service articles were actually helpful for once.
SRV-002054,EMP-01169,OFC-LON,2026-02-12,POST_RESOLUTION,4,Great experience. The AI resolved my password issue in seconds.
SRV-002055,EMP-04500,OFC-NYC,2026-02-12,POST_RESOLUTION,5,The new AI system is incredibly fast. Saves me a lot of time.
SRV-002056,EMP-10370,OFC-GUR,2026-02-12,POST_RESOLUTION,3,"Worked fine, but I prefer emailing a real person."
SRV-002057,EMP-02126,OFC-BOS,2026-02-12,POST_RESOLUTION,5,Self-service articles were actually helpful for once.
SRV-002058,EMP-04809,OFC-BOS,2026-02-12,POST_RESOLUTION,3,It's okay. Takes some getting used to.
SRV-002059,EMP-09209,OFC-BOS,2026-02-12,POST_RESOLUTION,3,"AI is decent, but didn't fully understand my specific network issue."
SRV-002060,EMP-02251,OFC-LON,2026-02-12,POST_RESOLUTION,4,Smooth transition. No complaints.
SRV-002061,EMP-01127,OFC-SIN,2026-02-12,POST_RESOLUTION,1,Keeps freezing. The latency makes it unusable.
SRV-002062,EMP-04644,OFC-GUR,2026-02-12,POST_RESOLUTION,4,The new AI system is incredibly fast. Saves me a lot of time.
SRV-002063,EMP-07656,OFC-NYC,2026-02-12,POST_RESOLUTION,5,Smooth transition. No complaints.
SRV-002064,EMP-07831,OFC-BOS,2026-02-12,POST_RESOLUTION,3,"AI is decent, but didn't fully understand my specific network issue."
SRV-002065,EMP-07473,OFC-SIN,2026-02-12,POST_RESOLUTION,1,Keeps freezing. The latency makes it unusable.
SRV-002066,EMP-06022,OFC-SIN,2026-02-12,POST_RESOLUTION,2,Confusing interface. I just want to submit an email ticket.
SRV-002067,EMP-02768,OFC-NYC,2026-02-12,POST_RESOLUTION,5,Smooth transition. No complaints.
SRV-002068,EMP-06691,OFC-BOS,2026-02-12,POST_RESOLUTION,5,"Very intuitive workflow, much better than the legacy portal."
SRV-002069,EMP-03692,OFC-BOS,2026-02-12,POST_RESOLUTION,4,The new AI system is incredibly fast. Saves me a lot of time.
SRV-002070,EMP-08785,OFC-LON,2026-02-12,POST_RESOLUTION,5,Smooth transition. No complaints.
SRV-002071,EMP-07349,OFC-GUR,2026-02-12,POST_RESOLUTION,4,Great experience. The AI resolved my password issue in seconds.
SRV-002072,EMP-04798,OFC-BOS,2026-02-12,POST_RESOLUTION,3,Standard IT portal. Nothing special.
SRV-002073,EMP-03689,OFC-NYC,2026-02-12,POST_RESOLUTION,4,Smooth transition. No complaints.
SRV-002074,EMP-06372,OFC-NYC,2026-02-12,POST_RESOLUTION,5,Smooth transition. No complaints.
SRV-002075,EMP-04678,OFC-GUR,2026-02-12,POST_RESOLUTION,4,Great experience. The AI resolved my password issue in seconds.
SRV-002076,EMP-07121,OFC-BOS,2026-02-12,POST_RESOLUTION,4,"Very intuitive workflow, much better than the legacy portal."
SRV-002077,EMP-10292,OFC-LON,2026-02-12,POST_RESOLUTION,4,"Very intuitive workflow, much better than the legacy portal."
SRV-002078,EMP-09720,OFC-NYC,2026-02-12,POST_RESOLUTION,4,The new AI system is incredibly fast. Saves me a lot of time.
SRV-002079,EMP-04882,OFC-SIN,2026-02-12,POST_RESOLUTION,3,Confusing interface. I just want to submit an email ticket.
SRV-002080,EMP-10225,OFC-SIN,2026-02-12,POST_RESOLUTION,1,System is way too slow. Massive latency when loading the dashboard.
SRV-002081,EMP-07664,OFC-SIN,2026-02-12,POST_RESOLUTION,1,I don't know how to use this. We need more training on the AI portal.
SRV-002082,EMP-10147,OFC-NYC,2026-02-12,POST_RESOLUTION,5,The new AI system is incredibly fast. Saves me a lot of time.
SRV-002083,EMP-03941,OFC-LON,2026-02-12,POST_RESOLUTION,4,Great experience. The AI resolved my password issue in seconds.
SRV-002084,EMP-04554,OFC-BOS,2026-02-12,POST_RESOLUTION,5,Self-service articles were actually helpful for once.
SRV-002085,EMP-06458,OFC-SIN,2026-02-12,POST_RESOLUTION,3,Stop forcing us to use the AI. It's too slow and I need human help.
SRV-002086,EMP-10314,OFC-LON,2026-02-12,POST_RESOLUTION,4,"Very intuitive workflow, much better than the legacy portal."
SRV-002087,EMP-08196,OFC-BOS,2026-02-12,POST_RESOLUTION,4,Great experience. The AI resolved my password issue in seconds.
SRV-002088,EMP-01357,OFC-LON,2026-02-12,POST_RESOLUTION,4,"Very intuitive workflow, much better than the legacy portal."
SRV-002089,EMP-05032,OFC-BOS,2026-02-12,POST_RESOLUTION,4,Great experience. The AI resolved my password issue in seconds.
SRV-002090,EMP-02077,OFC-GUR,2026-02-12,POST_RESOLUTION,5,Smooth transition. No complaints.
SRV-002091,EMP-05009,OFC-BOS,2026-02-12,POST_RESOLUTION,4,Smooth transition. No complaints.
SRV-002092,EMP-07353,OFC-LON,2026-02-12,POST_RESOLUTION,5,Great experience. The AI resolved my password issue in seconds.
SRV-002093,EMP-10624,OFC-NYC,2026-02-12,POST_RESOLUTION,5,The new AI system is incredibly fast. Saves me a lot of time.
SRV-002094,EMP-01831,OFC-LON,2026-02-12,POST_RESOLUTION,4,"Very intuitive workflow, much better than the legacy portal."
SRV-002095,EMP-07817,OFC-SIN,2026-02-12,POST_RESOLUTION,2,Confusing interface. I just want to submit an email ticket.
SRV-002096,EMP-02491,OFC-NYC,2026-02-12,POST_RESOLUTION,5,"Very intuitive workflow, much better than the legacy portal."
SRV-002097,EMP-04163,OFC-LON,2026-02-12,POST_RESOLUTION,5,Smooth transition. No complaints.
SRV-002098,EMP-09376,OFC-BOS,2026-02-12,POST_RESOLUTION,4,Self-service articles were actually helpful for once.
SRV-002099,EMP-04868,OFC-GUR,2026-02-12,POST_RESOLUTION,4,Great experience. The AI resolved my password issue in seconds.
SRV-002100,EMP-04775,OFC-SIN,2026-02-12,POST_RESOLUTION,1,Confusing interface. I just want to submit an email ticket.
SRV-002101,EMP-02339,OFC-BOS,2026-02-19,POST_RESOLUTION,4,Great experience. The AI resolved my password issue in seconds.
SRV-002102,EMP-10295,OFC-SIN,2026-02-19,POST_RESOLUTION,1,Keeps freezing. The latency makes it unusable.
SRV-002103,EMP-07069,OFC-BOS,2026-02-19,POST_RESOLUTION,4,"Very intuitive workflow, much better than the legacy portal."
SRV-002104,EMP-03662,OFC-BOS,2026-02-19,POST_RESOLUTION,4,Great experience. The AI resolved my password issue in seconds.
SRV-002105,EMP-07961,OFC-NYC,2026-02-19,POST_RESOLUTION,4,Smooth transition. No complaints.
SRV-002106,EMP-10346,OFC-GUR,2026-02-19,POST_RESOLUTION,5,Self-service articles were actually helpful for once.
SRV-002107,EMP-10008,OFC-LON,2026-02-19,POST_RESOLUTION,4,Smooth transition. No complaints.
SRV-002108,EMP-08040,OFC-GUR,2026-02-19,POST_RESOLUTION,4,Self-service articles were actually helpful for once.
SRV-002109,EMP-01044,OFC-NYC,2026-02-19,POST_RESOLUTION,5,Self-service articles were actually helpful for once.
SRV-002110,EMP-01419,OFC-GUR,2026-02-19,POST_RESOLUTION,3,"AI is decent, but didn't fully understand my specific network issue."
SRV-002111,EMP-07878,OFC-GUR,2026-02-19,POST_RESOLUTION,5,"Very intuitive workflow, much better than the legacy portal."
SRV-002112,EMP-05936,OFC-SIN,2026-02-19,POST_RESOLUTION,1,I don't know how to use this. We need more training on the AI portal.
SRV-002113,EMP-05764,OFC-LON,2026-02-19,POST_RESOLUTION,4,Self-service articles were actually helpful for once.
SRV-002114,EMP-06327,OFC-BOS,2026-02-19,POST_RESOLUTION,4,Smooth transition. No complaints.
SRV-002115,EMP-07315,OFC-SIN,2026-02-19,POST_RESOLUTION,2,Keeps freezing. The latency makes it unusable.
SRV-002116,EMP-07677,OFC-NYC,2026-02-19,POST_RESOLUTION,4,"Very intuitive workflow, much better than the legacy portal."
SRV-002117,EMP-04999,OFC-BOS,2026-02-19,POST_RESOLUTION,3,"Worked fine, but I prefer emailing a real person."
SRV-002118,EMP-05745,OFC-BOS,2026-02-19,POST_RESOLUTION,4,Self-service articles were actually helpful for once.
SRV-002119,EMP-10449,OFC-NYC,2026-02-19,POST_RESOLUTION,4,"Very intuitive workflow, much better than the legacy portal."
SRV-002120,EMP-09304,OFC-BOS,2026-02-19,POST_RESOLUTION,5,Great experience. The AI resolved my password issue in seconds.
SRV-002121,EMP-05706,OFC-GUR,2026-02-19,POST_RESOLUTION,4,Self-service articles were actually helpful for once.
SRV-002122,EMP-07509,OFC-GUR,2026-02-19,POST_RESOLUTION,4,Great experience. The AI resolved my password issue in seconds.
SRV-002123,EMP-02238,OFC-SIN,2026-02-19,POST_RESOLUTION,2,Keeps freezing. The latency makes it unusable.
SRV-002124,EMP-05998,OFC-GUR,2026-02-19,POST_RESOLUTION,4,Smooth transition. No complaints.
SRV-002125,EMP-01817,OFC-NYC,2026-02-19,POST_RESOLUTION,3,"Worked fine, but I prefer emailing a real person."
SRV-002126,EMP-01375,OFC-NYC,2026-02-19,POST_RESOLUTION,4,Self-service articles were actually helpful for once.
SRV-002127,EMP-01519,OFC-BOS,2026-02-19,POST_RESOLUTION,4,The new AI system is incredibly fast. Saves me a lot of time.
SRV-002128,EMP-05306,OFC-LON,2026-02-19,POST_RESOLUTION,4,Smooth transition. No complaints.
SRV-002129,EMP-01954,OFC-NYC,2026-02-19,POST_RESOLUTION,4,Smooth transition. No complaints.
SRV-002130,EMP-03027,OFC-SIN,2026-02-19,POST_RESOLUTION,2,Stop forcing us to use the AI. It's too slow and I need human help.
SRV-002131,EMP-04028,OFC-GUR,2026-02-19,POST_RESOLUTION,5,Great experience. The AI resolved my password issue in seconds.
SRV-002132,EMP-05842,OFC-NYC,2026-02-19,POST_RESOLUTION,4,Self-service articles were actually helpful for once.
SRV-002133,EMP-07396,OFC-LON,2026-02-19,POST_RESOLUTION,4,"Very intuitive workflow, much better than the legacy portal."
SRV-002134,EMP-06992,OFC-LON,2026-02-19,POST_RESOLUTION,3,"Worked fine, but I prefer emailing a real person."
SRV-002135,EMP-04263,OFC-BOS,2026-02-19,POST_RESOLUTION,4,The new AI system is incredibly fast. Saves me a lot of time.
SRV-002136,EMP-01686,OFC-LON,2026-02-19,POST_RESOLUTION,3,"Worked fine, but I prefer emailing a real person."
SRV-002137,EMP-03179,OFC-LON,2026-02-19,POST_RESOLUTION,3,It's okay. Takes some getting used to.
SRV-002138,EMP-07150,OFC-LON,2026-02-19,POST_RESOLUTION,3,"Worked fine, but I prefer emailing a real person."
SRV-002139,EMP-05635,OFC-SIN,2026-02-19,POST_RESOLUTION,2,Stop forcing us to use the AI. It's too slow and I need human help.
SRV-002140,EMP-02712,OFC-GUR,2026-02-19,POST_RESOLUTION,4,Self-service articles were actually helpful for once.
SRV-002141,EMP-10327,OFC-BOS,2026-02-19,POST_RESOLUTION,5,Great experience. The AI resolved my password issue in seconds.
SRV-002142,EMP-06083,OFC-BOS,2026-02-19,POST_RESOLUTION,4,"Very intuitive workflow, much better than the legacy portal."
SRV-002143,EMP-04206,OFC-SIN,2026-02-19,POST_RESOLUTION,1,I don't know how to use this. We need more training on the AI portal.
SRV-002144,EMP-09736,OFC-NYC,2026-02-19,POST_RESOLUTION,3,"Worked fine, but I prefer emailing a real person."
SRV-002145,EMP-03404,OFC-GUR,2026-02-19,POST_RESOLUTION,5,Smooth transition. No complaints.
SRV-002146,EMP-09400,OFC-LON,2026-02-19,POST_RESOLUTION,3,"Worked fine, but I prefer emailing a real person."
SRV-002147,EMP-09668,OFC-NYC,2026-02-19,POST_RESOLUTION,4,"Very intuitive workflow, much better than the legacy portal."
SRV-002148,EMP-02275,OFC-BOS,2026-02-19,POST_RESOLUTION,3,It's okay. Takes some getting used to.
SRV-002149,EMP-05864,OFC-NYC,2026-02-19,POST_RESOLUTION,5,Smooth transition. No complaints.
SRV-002150,EMP-02199,OFC-BOS,2026-02-19,POST_RESOLUTION,4,Smooth transition. No complaints.
SRV-002151,EMP-06134,OFC-SIN,2026-02-19,POST_RESOLUTION,2,I don't know how to use this. We need more training on the AI portal.
SRV-002152,EMP-03950,OFC-GUR,2026-02-19,POST_RESOLUTION,3,Standard IT portal. Nothing special.
SRV-002153,EMP-02217,OFC-GUR,2026-02-19,POST_RESOLUTION,4,The new AI system is incredibly fast. Saves me a lot of time.
SRV-002154,EMP-01301,OFC-LON,2026-02-19,POST_RESOLUTION,4,Smooth transition. No complaints.
SRV-002155,EMP-06710,OFC-BOS,2026-02-19,POST_RESOLUTION,3,Standard IT portal. Nothing special.
SRV-002156,EMP-06962,OFC-NYC,2026-02-19,POST_RESOLUTION,4,"Very intuitive workflow, much better than the legacy portal."
SRV-002157,EMP-04632,OFC-LON,2026-02-19,POST_RESOLUTION,3,It's okay. Takes some getting used to.
SRV-002158,EMP-03322,OFC-LON,2026-02-19,POST_RESOLUTION,4,The new AI system is incredibly fast. Saves me a lot of time.
SRV-002159,EMP-03955,OFC-GUR,2026-02-19,POST_RESOLUTION,4,Great experience. The AI resolved my password issue in seconds.
SRV-002160,EMP-03525,OFC-NYC,2026-02-19,POST_RESOLUTION,4,Self-service articles were actually helpful for once.
SRV-002161,EMP-04318,OFC-GUR,2026-02-19,POST_RESOLUTION,3,"AI is decent, but didn't fully understand my specific network issue."
SRV-002162,EMP-08091,OFC-SIN,2026-02-19,POST_RESOLUTION,1,System is way too slow. Massive latency when loading the dashboard.
SRV-002163,EMP-08936,OFC-LON,2026-02-19,POST_RESOLUTION,3,Standard IT portal. Nothing special.
SRV-002164,EMP-10906,OFC-GUR,2026-02-19,POST_RESOLUTION,5,The new AI system is incredibly fast. Saves me a lot of time.
SRV-002165,EMP-09064,OFC-SIN,2026-02-19,POST_RESOLUTION,1,Confusing interface. I just want to submit an email ticket.
SRV-002166,EMP-03812,OFC-GUR,2026-02-19,POST_RESOLUTION,3,Standard IT portal. Nothing special.
SRV-002167,EMP-04235,OFC-BOS,2026-02-19,POST_RESOLUTION,4,Great experience. The AI resolved my password issue in seconds.
SRV-002168,EMP-09215,OFC-LON,2026-02-19,POST_RESOLUTION,5,Great experience. The AI resolved my password issue in seconds.
SRV-002169,EMP-01536,OFC-GUR,2026-02-19,POST_RESOLUTION,5,Great experience. The AI resolved my password issue in seconds.
SRV-002170,EMP-08981,OFC-BOS,2026-02-19,POST_RESOLUTION,3,Standard IT portal. Nothing special.
SRV-002171,EMP-03874,OFC-GUR,2026-02-19,POST_RESOLUTION,4,Self-service articles were actually helpful for once.
SRV-002172,EMP-05391,OFC-LON,2026-02-19,POST_RESOLUTION,4,Self-service articles were actually helpful for once.
SRV-002173,EMP-06241,OFC-NYC,2026-02-19,POST_RESOLUTION,3,"Worked fine, but I prefer emailing a real person."
SRV-002174,EMP-07039,OFC-SIN,2026-02-19,POST_RESOLUTION,2,System is way too slow. Massive latency when loading the dashboard.
SRV-002175,EMP-02748,OFC-GUR,2026-02-19,POST_RESOLUTION,4,The new AI system is incredibly fast. Saves me a lot of time.
SRV-002176,EMP-05326,OFC-BOS,2026-02-19,POST_RESOLUTION,4,Smooth transition. No complaints.
SRV-002177,EMP-08386,OFC-BOS,2026-02-19,POST_RESOLUTION,5,"Very intuitive workflow, much better than the legacy portal."
SRV-002178,EMP-07010,OFC-GUR,2026-02-19,POST_RESOLUTION,4,Smooth transition. No complaints.
SRV-002179,EMP-08571,OFC-LON,2026-02-19,POST_RESOLUTION,4,The new AI system is incredibly fast. Saves me a lot of time.
SRV-002180,EMP-04681,OFC-BOS,2026-02-19,POST_RESOLUTION,4,"Very intuitive workflow, much better than the legacy portal."
SRV-002181,EMP-01972,OFC-GUR,2026-02-19,POST_RESOLUTION,4,Great experience. The AI resolved my password issue in seconds.
SRV-002182,EMP-06913,OFC-NYC,2026-02-19,POST_RESOLUTION,4,"Very intuitive workflow, much better than the legacy portal."
SRV-002183,EMP-04154,OFC-NYC,2026-02-19,POST_RESOLUTION,5,The new AI system is incredibly fast. Saves me a lot of time.
SRV-002184,EMP-06014,OFC-BOS,2026-02-19,POST_RESOLUTION,5,Great experience. The AI resolved my password issue in seconds.
SRV-002185,EMP-08751,OFC-GUR,2026-02-19,POST_RESOLUTION,4,Great experience. The AI resolved my password issue in seconds.
SRV-002186,EMP-01582,OFC-LON,2026-02-19,POST_RESOLUTION,4,"Very intuitive workflow, much better than the legacy portal."
SRV-002187,EMP-10846,OFC-GUR,2026-02-19,POST_RESOLUTION,4,Self-service articles were actually helpful for once.
SRV-002188,EMP-06832,OFC-GUR,2026-02-19,POST_RESOLUTION,5,The new AI system is incredibly fast. Saves me a lot of time.
SRV-002189,EMP-06863,OFC-NYC,2026-02-19,POST_RESOLUTION,4,The new AI system is incredibly fast. Saves me a lot of time.
SRV-002190,EMP-08831,OFC-NYC,2026-02-19,POST_RESOLUTION,4,Self-service articles were actually helpful for once.
SRV-002191,EMP-09867,OFC-LON,2026-02-19,POST_RESOLUTION,4,Smooth transition. No complaints.
SRV-002192,EMP-01306,OFC-LON,2026-02-19,POST_RESOLUTION,4,Smooth transition. No complaints.
SRV-002193,EMP-03967,OFC-LON,2026-02-19,POST_RESOLUTION,3,It's okay. Takes some getting used to.
SRV-002194,EMP-03278,OFC-LON,2026-02-19,POST_RESOLUTION,4,Self-service articles were actually helpful for once.
SRV-002195,EMP-05913,OFC-BOS,2026-02-19,POST_RESOLUTION,4,Self-service articles were actually helpful for once.
SRV-002196,EMP-06058,OFC-LON,2026-02-19,POST_RESOLUTION,3,"AI is decent, but didn't fully understand my specific network issue."
SRV-002197,EMP-06656,OFC-GUR,2026-02-19,POST_RESOLUTION,4,Smooth transition. No complaints.
SRV-002198,EMP-05304,OFC-GUR,2026-02-19,POST_RESOLUTION,4,Smooth transition. No complaints.
SRV-002199,EMP-05259,OFC-NYC,2026-02-19,POST_RESOLUTION,5,Great experience. The AI resolved my password issue in seconds.
SRV-002200,EMP-04177,OFC-SIN,2026-02-19,POST_RESOLUTION,1,I don't know how to use this. We need more training on the AI portal.
SRV-002201,EMP-10269,OFC-NYC,2026-02-19,POST_RESOLUTION,3,"AI is decent, but didn't fully understand my specific network issue."
SRV-002202,EMP-09254,OFC-NYC,2026-02-19,POST_RESOLUTION,3,"Worked fine, but I prefer emailing a real person."
SRV-002203,EMP-04234,OFC-NYC,2026-02-19,POST_RESOLUTION,5,"Very intuitive workflow, much better than the legacy portal."
SRV-002204,EMP-10015,OFC-BOS,2026-02-19,POST_RESOLUTION,5,The new AI system is incredibly fast. Saves me a lot of time.
SRV-002205,EMP-07277,OFC-NYC,2026-02-19,POST_RESOLUTION,4,Self-service articles were actually helpful for once.
SRV-002206,EMP-01255,OFC-LON,2026-02-19,POST_RESOLUTION,3,Standard IT portal. Nothing special.
SRV-002207,EMP-09244,OFC-NYC,2026-02-19,POST_RESOLUTION,4,Great experience. The AI resolved my password issue in seconds.
SRV-002208,EMP-08511,OFC-SIN,2026-02-19,POST_RESOLUTION,2,Keeps freezing. The latency makes it unusable.
SRV-002209,EMP-05929,OFC-SIN,2026-02-19,POST_RESOLUTION,3,I don't know how to use this. We need more training on the AI portal.
SRV-002210,EMP-06384,OFC-LON,2026-02-19,POST_RESOLUTION,4,The new AI system is incredibly fast. Saves me a lot of time.
SRV-002211,EMP-07676,OFC-LON,2026-02-19,POST_RESOLUTION,5,Self-service articles were actually helpful for once.
SRV-002212,EMP-10205,OFC-BOS,2026-02-19,POST_RESOLUTION,3,"Worked fine, but I prefer emailing a real person."
SRV-002213,EMP-08341,OFC-NYC,2026-02-19,POST_RESOLUTION,4,Smooth transition. No complaints.
SRV-002214,EMP-08547,OFC-NYC,2026-02-19,POST_RESOLUTION,5,"Very intuitive workflow, much better than the legacy portal."
SRV-002215,EMP-02143,OFC-LON,2026-02-19,POST_RESOLUTION,4,"Very intuitive workflow, much better than the legacy portal."
SRV-002216,EMP-09110,OFC-LON,2026-02-19,POST_RESOLUTION,5,Smooth transition. No complaints.
SRV-002217,EMP-07800,OFC-BOS,2026-02-19,POST_RESOLUTION,5,Great experience. The AI resolved my password issue in seconds.
SRV-002218,EMP-08749,OFC-GUR,2026-02-19,POST_RESOLUTION,4,Great experience. The AI resolved my password issue in seconds.
SRV-002219,EMP-04848,OFC-GUR,2026-02-19,POST_RESOLUTION,4,Smooth transition. No complaints.
SRV-002220,EMP-04886,OFC-SIN,2026-02-19,POST_RESOLUTION,2,Keeps freezing. The latency makes it unusable.
SRV-002221,EMP-03396,OFC-BOS,2026-02-19,POST_RESOLUTION,4,The new AI system is incredibly fast. Saves me a lot of time.
SRV-002222,EMP-03734,OFC-SIN,2026-02-19,POST_RESOLUTION,2,Stop forcing us to use the AI. It's too slow and I need human help.
SRV-002223,EMP-04633,OFC-NYC,2026-02-19,POST_RESOLUTION,4,The new AI system is incredibly fast. Saves me a lot of time.
SRV-002224,EMP-03002,OFC-SIN,2026-02-19,POST_RESOLUTION,3,I don't know how to use this. We need more training on the AI portal.
SRV-002225,EMP-03634,OFC-GUR,2026-02-19,POST_RESOLUTION,5,"Very intuitive workflow, much better than the legacy portal."
SRV-002226,EMP-09199,OFC-BOS,2026-02-19,POST_RESOLUTION,5,Great experience. The AI resolved my password issue in seconds.
SRV-002227,EMP-07495,OFC-BOS,2026-02-19,POST_RESOLUTION,5,Self-service articles were actually helpful for once.
SRV-002228,EMP-01737,OFC-GUR,2026-02-19,POST_RESOLUTION,4,"Very intuitive workflow, much better than the legacy portal."
SRV-002229,EMP-06438,OFC-BOS,2026-02-19,POST_RESOLUTION,4,The new AI system is incredibly fast. Saves me a lot of time.
SRV-002230,EMP-03068,OFC-BOS,2026-02-19,POST_RESOLUTION,5,Self-service articles were actually helpful for once.
SRV-002231,EMP-02263,OFC-LON,2026-02-19,POST_RESOLUTION,4,Great experience. The AI resolved my password issue in seconds.
SRV-002232,EMP-10338,OFC-NYC,2026-02-19,POST_RESOLUTION,5,"Very intuitive workflow, much better than the legacy portal."
SRV-002233,EMP-03752,OFC-NYC,2026-02-19,POST_RESOLUTION,4,Great experience. The AI resolved my password issue in seconds.
SRV-002234,EMP-04675,OFC-NYC,2026-02-19,POST_RESOLUTION,4,Self-service articles were actually helpful for once.
SRV-002235,EMP-05941,OFC-NYC,2026-02-19,POST_RESOLUTION,4,Self-service articles were actually helpful for once.
SRV-002236,EMP-07736,OFC-SIN,2026-02-19,POST_RESOLUTION,2,Keeps freezing. The latency makes it unusable.
SRV-002237,EMP-02899,OFC-GUR,2026-02-19,POST_RESOLUTION,4,Smooth transition. No complaints.
SRV-002238,EMP-06914,OFC-LON,2026-02-19,POST_RESOLUTION,4,Smooth transition. No complaints.
SRV-002239,EMP-08094,OFC-NYC,2026-02-19,POST_RESOLUTION,4,The new AI system is incredibly fast. Saves me a lot of time.
SRV-002240,EMP-06862,OFC-BOS,2026-02-19,POST_RESOLUTION,4,Self-service articles were actually helpful for once.
SRV-002241,EMP-09464,OFC-SIN,2026-02-19,POST_RESOLUTION,1,Keeps freezing. The latency makes it unusable.
SRV-002242,EMP-03657,OFC-SIN,2026-02-19,POST_RESOLUTION,1,I don't know how to use this. We need more training on the AI portal.
SRV-002243,EMP-03245,OFC-LON,2026-02-19,POST_RESOLUTION,5,The new AI system is incredibly fast. Saves me a lot of time.
SRV-002244,EMP-02198,OFC-GUR,2026-02-19,POST_RESOLUTION,5,The new AI system is incredibly fast. Saves me a lot of time.
SRV-002245,EMP-04684,OFC-GUR,2026-02-19,POST_RESOLUTION,4,Great experience. The AI resolved my password issue in seconds.
SRV-002246,EMP-07716,OFC-BOS,2026-02-19,POST_RESOLUTION,3,"Worked fine, but I prefer emailing a real person."
SRV-002247,EMP-09203,OFC-NYC,2026-02-19,POST_RESOLUTION,4,"Very intuitive workflow, much better than the legacy portal."
SRV-002248,EMP-04700,OFC-LON,2026-02-19,POST_RESOLUTION,4,Great experience. The AI resolved my password issue in seconds.
SRV-002249,EMP-03495,OFC-LON,2026-02-19,POST_RESOLUTION,4,Smooth transition. No complaints.
SRV-002250,EMP-08438,OFC-NYC,2026-02-19,POST_RESOLUTION,4,Self-service articles were actually helpful for once.
SRV-002251,EMP-07335,OFC-GUR,2026-02-19,POST_RESOLUTION,4,The new AI system is incredibly fast. Saves me a lot of time.
SRV-002252,EMP-01436,OFC-BOS,2026-02-19,POST_RESOLUTION,4,Self-service articles were actually helpful for once.
SRV-002253,EMP-08763,OFC-GUR,2026-02-19,POST_RESOLUTION,4,Self-service articles were actually helpful for once.
SRV-002254,EMP-05647,OFC-NYC,2026-02-19,POST_RESOLUTION,4,Smooth transition. No complaints.
SRV-002255,EMP-08031,OFC-NYC,2026-02-19,POST_RESOLUTION,5,"Very intuitive workflow, much better than the legacy portal."
SRV-002256,EMP-05020,OFC-NYC,2026-02-19,POST_RESOLUTION,5,"Very intuitive workflow, much better than the legacy portal."
SRV-002257,EMP-02044,OFC-SIN,2026-02-19,POST_RESOLUTION,1,I don't know how to use this. We need more training on the AI portal.
SRV-002258,EMP-07127,OFC-NYC,2026-02-19,POST_RESOLUTION,4,Great experience. The AI resolved my password issue in seconds.
SRV-002259,EMP-02269,OFC-NYC,2026-02-19,POST_RESOLUTION,4,"Very intuitive workflow, much better than the legacy portal."
SRV-002260,EMP-05439,OFC-BOS,2026-02-19,POST_RESOLUTION,3,"AI is decent, but didn't fully understand my specific network issue."
SRV-002261,EMP-07170,OFC-BOS,2026-02-19,POST_RESOLUTION,4,Smooth transition. No complaints.
SRV-002262,EMP-01159,OFC-GUR,2026-02-19,POST_RESOLUTION,4,Self-service articles were actually helpful for once.
SRV-002263,EMP-05449,OFC-GUR,2026-02-19,POST_RESOLUTION,4,Great experience. The AI resolved my password issue in seconds.
SRV-002264,EMP-03996,OFC-BOS,2026-02-19,POST_RESOLUTION,4,Smooth transition. No complaints.
SRV-002265,EMP-08076,OFC-LON,2026-02-19,POST_RESOLUTION,4,Great experience. The AI resolved my password issue in seconds.
SRV-002266,EMP-07363,OFC-LON,2026-02-19,POST_RESOLUTION,5,Smooth transition. No complaints.
SRV-002267,EMP-04075,OFC-SIN,2026-02-19,POST_RESOLUTION,2,I don't know how to use this. We need more training on the AI portal.
SRV-002268,EMP-04166,OFC-SIN,2026-02-19,POST_RESOLUTION,3,I don't know how to use this. We need more training on the AI portal.
SRV-002269,EMP-05366,OFC-BOS,2026-02-19,POST_RESOLUTION,4,Smooth transition. No complaints.
SRV-002270,EMP-04059,OFC-SIN,2026-02-19,POST_RESOLUTION,2,System is way too slow. Massive latency when loading the dashboard.
SRV-002271,EMP-04054,OFC-GUR,2026-02-19,POST_RESOLUTION,4,Smooth transition. No complaints.
SRV-002272,EMP-08860,OFC-BOS,2026-02-19,POST_RESOLUTION,4,Great experience. The AI resolved my password issue in seconds.
SRV-002273,EMP-05450,OFC-NYC,2026-02-19,POST_RESOLUTION,5,Smooth transition. No complaints.
SRV-002274,EMP-09896,OFC-NYC,2026-02-19,POST_RESOLUTION,3,"Worked fine, but I prefer emailing a real person."
SRV-002275,EMP-01438,OFC-GUR,2026-02-19,POST_RESOLUTION,4,The new AI system is incredibly fast. Saves me a lot of time.
SRV-002276,EMP-03054,OFC-GUR,2026-02-19,POST_RESOLUTION,3,It's okay. Takes some getting used to.
SRV-002277,EMP-06336,OFC-NYC,2026-02-19,POST_RESOLUTION,5,The new AI system is incredibly fast. Saves me a lot of time.
SRV-002278,EMP-05380,OFC-BOS,2026-02-19,POST_RESOLUTION,4,Smooth transition. No complaints.
SRV-002279,EMP-03801,OFC-SIN,2026-02-19,POST_RESOLUTION,3,Confusing interface. I just want to submit an email ticket.
SRV-002280,EMP-05493,OFC-GUR,2026-02-19,POST_RESOLUTION,3,Standard IT portal. Nothing special.
SRV-002281,EMP-10228,OFC-NYC,2026-02-19,POST_RESOLUTION,5,Smooth transition. No complaints.
SRV-002282,EMP-06973,OFC-SIN,2026-02-19,POST_RESOLUTION,1,Confusing interface. I just want to submit an email ticket.
SRV-002283,EMP-09982,OFC-LON,2026-02-19,POST_RESOLUTION,4,"Very intuitive workflow, much better than the legacy portal."
SRV-002284,EMP-02691,OFC-LON,2026-02-19,POST_RESOLUTION,3,Standard IT portal. Nothing special.
SRV-002285,EMP-10370,OFC-GUR,2026-02-19,POST_RESOLUTION,3,"Worked fine, but I prefer emailing a real person."
SRV-002286,EMP-10690,OFC-SIN,2026-02-19,POST_RESOLUTION,1,Confusing interface. I just want to submit an email ticket.
SRV-002287,EMP-07381,OFC-LON,2026-02-19,POST_RESOLUTION,4,Great experience. The AI resolved my password issue in seconds.
SRV-002288,EMP-02795,OFC-BOS,2026-02-19,POST_RESOLUTION,5,The new AI system is incredibly fast. Saves me a lot of time.
SRV-002289,EMP-06081,OFC-BOS,2026-02-19,POST_RESOLUTION,5,"Very intuitive workflow, much better than the legacy portal."
SRV-002290,EMP-09725,OFC-GUR,2026-02-19,POST_RESOLUTION,4,Smooth transition. No complaints.
SRV-002291,EMP-01912,OFC-LON,2026-02-19,POST_RESOLUTION,3,"AI is decent, but didn't fully understand my specific network issue."
SRV-002292,EMP-01767,OFC-SIN,2026-02-19,POST_RESOLUTION,1,System is way too slow. Massive latency when loading the dashboard.
SRV-002293,EMP-05694,OFC-NYC,2026-02-19,POST_RESOLUTION,4,Smooth transition. No complaints.
SRV-002294,EMP-06032,OFC-LON,2026-02-19,POST_RESOLUTION,5,Great experience. The AI resolved my password issue in seconds.
SRV-002295,EMP-03729,OFC-LON,2026-02-19,POST_RESOLUTION,4,The new AI system is incredibly fast. Saves me a lot of time.
SRV-002296,EMP-02136,OFC-SIN,2026-02-19,POST_RESOLUTION,2,Stop forcing us to use the AI. It's too slow and I need human help.
SRV-002297,EMP-09974,OFC-NYC,2026-02-19,POST_RESOLUTION,3,Standard IT portal. Nothing special.
SRV-002298,EMP-02389,OFC-LON,2026-02-19,POST_RESOLUTION,4,Smooth transition. No complaints.
SRV-002299,EMP-10728,OFC-BOS,2026-02-19,POST_RESOLUTION,4,Great experience. The AI resolved my password issue in seconds.
SRV-002300,EMP-06299,OFC-BOS,2026-02-19,POST_RESOLUTION,4,Great experience. The AI resolved my password issue in seconds.
SRV-002301,EMP-01587,OFC-BOS,2026-02-19,POST_RESOLUTION,3,It's okay. Takes some getting used to.
SRV-002302,EMP-02031,OFC-LON,2026-02-19,POST_RESOLUTION,3,"AI is decent, but didn't fully understand my specific network issue."
SRV-002303,EMP-01251,OFC-NYC,2026-02-19,POST_RESOLUTION,5,Self-service articles were actually helpful for once.
SRV-002304,EMP-08229,OFC-NYC,2026-02-19,POST_RESOLUTION,4,The new AI system is incredibly fast. Saves me a lot of time.
SRV-002305,EMP-08638,OFC-BOS,2026-02-19,POST_RESOLUTION,5,Great experience. The AI resolved my password issue in seconds.
SRV-002306,EMP-09674,OFC-BOS,2026-02-19,POST_RESOLUTION,4,Self-service articles were actually helpful for once.
SRV-002307,EMP-10085,OFC-BOS,2026-02-19,POST_RESOLUTION,4,The new AI system is incredibly fast. Saves me a lot of time.
SRV-002308,EMP-05885,OFC-SIN,2026-02-19,POST_RESOLUTION,1,I don't know how to use this. We need more training on the AI portal.
SRV-002309,EMP-08256,OFC-BOS,2026-02-19,POST_RESOLUTION,4,Smooth transition. No complaints.
SRV-002310,EMP-08072,OFC-LON,2026-02-19,POST_RESOLUTION,4,The new AI system is incredibly fast. Saves me a lot of time.
SRV-002311,EMP-09571,OFC-NYC,2026-02-19,POST_RESOLUTION,4,The new AI system is incredibly fast. Saves me a lot of time.
SRV-002312,EMP-10067,OFC-LON,2026-02-19,POST_RESOLUTION,4,Great experience. The AI resolved my password issue in seconds.
SRV-002313,EMP-03300,OFC-GUR,2026-02-19,POST_RESOLUTION,4,Self-service articles were actually helpful for once.
SRV-002314,EMP-09114,OFC-NYC,2026-02-19,POST_RESOLUTION,4,The new AI system is incredibly fast. Saves me a lot of time.
SRV-002315,EMP-03148,OFC-LON,2026-02-19,POST_RESOLUTION,4,Smooth transition. No complaints.
SRV-002316,EMP-05544,OFC-NYC,2026-02-19,POST_RESOLUTION,4,The new AI system is incredibly fast. Saves me a lot of time.
SRV-002317,EMP-02013,OFC-BOS,2026-02-19,POST_RESOLUTION,5,The new AI system is incredibly fast. Saves me a lot of time.
SRV-002318,EMP-06671,OFC-NYC,2026-02-19,POST_RESOLUTION,5,Great experience. The AI resolved my password issue in seconds.
SRV-002319,EMP-10948,OFC-LON,2026-02-19,POST_RESOLUTION,5,The new AI system is incredibly fast. Saves me a lot of time.
SRV-002320,EMP-05394,OFC-SIN,2026-02-19,POST_RESOLUTION,2,Keeps freezing. The latency makes it unusable.
SRV-002321,EMP-06959,OFC-GUR,2026-02-19,POST_RESOLUTION,4,Great experience. The AI resolved my password issue in seconds.
SRV-002322,EMP-09732,OFC-NYC,2026-02-19,POST_RESOLUTION,5,"Very intuitive workflow, much better than the legacy portal."
SRV-002323,EMP-03098,OFC-GUR,2026-02-19,POST_RESOLUTION,4,"Very intuitive workflow, much better than the legacy portal."
SRV-002324,EMP-10701,OFC-BOS,2026-02-19,POST_RESOLUTION,4,Great experience. The AI resolved my password issue in seconds.
SRV-002325,EMP-10700,OFC-GUR,2026-02-19,POST_RESOLUTION,3,"Worked fine, but I prefer emailing a real person."
SRV-002326,EMP-07427,OFC-GUR,2026-02-19,POST_RESOLUTION,4,Great experience. The AI resolved my password issue in seconds.
SRV-002327,EMP-01569,OFC-NYC,2026-02-19,POST_RESOLUTION,5,Great experience. The AI resolved my password issue in seconds.
SRV-002328,EMP-01798,OFC-GUR,2026-02-19,POST_RESOLUTION,4,Great experience. The AI resolved my password issue in seconds.
SRV-002329,EMP-02027,OFC-GUR,2026-02-19,POST_RESOLUTION,4,Great experience. The AI resolved my password issue in seconds.
SRV-002330,EMP-05134,OFC-LON,2026-02-19,POST_RESOLUTION,5,The new AI system is incredibly fast. Saves me a lot of time.
SRV-002331,EMP-09743,OFC-BOS,2026-02-19,POST_RESOLUTION,3,Standard IT portal. Nothing special.
SRV-002332,EMP-01136,OFC-LON,2026-02-19,POST_RESOLUTION,4,Self-service articles were actually helpful for once.
SRV-002333,EMP-10470,OFC-LON,2026-02-19,POST_RESOLUTION,5,The new AI system is incredibly fast. Saves me a lot of time.
SRV-002334,EMP-02989,OFC-GUR,2026-02-19,POST_RESOLUTION,4,"Very intuitive workflow, much better than the legacy portal."
SRV-002335,EMP-09117,OFC-BOS,2026-02-19,POST_RESOLUTION,4,Smooth transition. No complaints.
SRV-002336,EMP-10593,OFC-NYC,2026-02-19,POST_RESOLUTION,4,Great experience. The AI resolved my password issue in seconds.
SRV-002337,EMP-03269,OFC-LON,2026-02-19,POST_RESOLUTION,4,Smooth transition. No complaints.
SRV-002338,EMP-06731,OFC-NYC,2026-02-19,POST_RESOLUTION,3,Standard IT portal. Nothing special.
SRV-002339,EMP-08867,OFC-NYC,2026-02-19,POST_RESOLUTION,4,"Very intuitive workflow, much better than the legacy portal."
SRV-002340,EMP-06813,OFC-NYC,2026-02-19,POST_RESOLUTION,4,The new AI system is incredibly fast. Saves me a lot of time.
SRV-002341,EMP-03709,OFC-NYC,2026-02-19,POST_RESOLUTION,4,The new AI system is incredibly fast. Saves me a lot of time.
SRV-002342,EMP-08427,OFC-NYC,2026-02-19,POST_RESOLUTION,4,Self-service articles were actually helpful for once.
SRV-002343,EMP-04816,OFC-NYC,2026-02-19,POST_RESOLUTION,4,Great experience. The AI resolved my password issue in seconds.
SRV-002344,EMP-02474,OFC-NYC,2026-02-19,POST_RESOLUTION,3,"AI is decent, but didn't fully understand my specific network issue."
SRV-002345,EMP-09401,OFC-SIN,2026-02-19,POST_RESOLUTION,1,Confusing interface. I just want to submit an email ticket.
SRV-002346,EMP-03523,OFC-NYC,2026-02-19,POST_RESOLUTION,4,Great experience. The AI resolved my password issue in seconds.
SRV-002347,EMP-06622,OFC-GUR,2026-02-19,POST_RESOLUTION,4,"Very intuitive workflow, much better than the legacy portal."
SRV-002348,EMP-02620,OFC-LON,2026-02-19,POST_RESOLUTION,4,"Very intuitive workflow, much better than the legacy portal."
SRV-002349,EMP-02966,OFC-BOS,2026-02-19,POST_RESOLUTION,4,Great experience. The AI resolved my password issue in seconds.
SRV-002350,EMP-07184,OFC-BOS,2026-02-19,POST_RESOLUTION,4,Self-service articles were actually helpful for once.
SRV-002351,EMP-04523,OFC-BOS,2026-02-19,POST_RESOLUTION,3,Standard IT portal. Nothing special.
SRV-002352,EMP-10349,OFC-SIN,2026-02-19,POST_RESOLUTION,3,Keeps freezing. The latency makes it unusable.
SRV-002353,EMP-04091,OFC-SIN,2026-02-19,POST_RESOLUTION,1,I don't know how to use this. We need more training on the AI portal.
SRV-002354,EMP-09065,OFC-BOS,2026-02-19,POST_RESOLUTION,5,The new AI system is incredibly fast. Saves me a lot of time.
SRV-002355,EMP-09286,OFC-NYC,2026-02-19,POST_RESOLUTION,5,The new AI system is incredibly fast. Saves me a lot of time.
SRV-002356,EMP-10362,OFC-NYC,2026-02-19,POST_RESOLUTION,4,Great experience. The AI resolved my password issue in seconds.
SRV-002357,EMP-01840,OFC-BOS,2026-02-19,POST_RESOLUTION,4,Smooth transition. No complaints.
SRV-002358,EMP-02640,OFC-LON,2026-02-19,POST_RESOLUTION,5,The new AI system is incredibly fast. Saves me a lot of time.
SRV-002359,EMP-10539,OFC-LON,2026-02-19,POST_RESOLUTION,5,"Very intuitive workflow, much better than the legacy portal."
SRV-002360,EMP-09352,OFC-SIN,2026-02-19,POST_RESOLUTION,2,I don't know how to use this. We need more training on the AI portal.
SRV-002361,EMP-10729,OFC-BOS,2026-02-19,POST_RESOLUTION,3,It's okay. Takes some getting used to.
SRV-002362,EMP-04767,OFC-NYC,2026-02-19,POST_RESOLUTION,3,It's okay. Takes some getting used to.
SRV-002363,EMP-01957,OFC-BOS,2026-02-19,POST_RESOLUTION,3,It's okay. Takes some getting used to.
SRV-002364,EMP-02842,OFC-NYC,2026-02-19,POST_RESOLUTION,3,"AI is decent, but didn't fully understand my specific network issue."
SRV-002365,EMP-10808,OFC-SIN,2026-02-19,POST_RESOLUTION,1,Confusing interface. I just want to submit an email ticket.
SRV-002366,EMP-06775,OFC-NYC,2026-02-19,POST_RESOLUTION,4,The new AI system is incredibly fast. Saves me a lot of time.
SRV-002367,EMP-09149,OFC-NYC,2026-02-19,POST_RESOLUTION,4,"Very intuitive workflow, much better than the legacy portal."
SRV-002368,EMP-01164,OFC-BOS,2026-02-19,POST_RESOLUTION,5,The new AI system is incredibly fast. Saves me a lot of time.
SRV-002369,EMP-08304,OFC-BOS,2026-02-19,POST_RESOLUTION,4,Great experience. The AI resolved my password issue in seconds.
SRV-002370,EMP-03945,OFC-BOS,2026-02-19,POST_RESOLUTION,3,"AI is decent, but didn't fully understand my specific network issue."
SRV-002371,EMP-05046,OFC-NYC,2026-02-19,POST_RESOLUTION,4,"Very intuitive workflow, much better than the legacy portal."
SRV-002372,EMP-10824,OFC-LON,2026-02-19,POST_RESOLUTION,4,Smooth transition. No complaints.
SRV-002373,EMP-07935,OFC-LON,2026-02-19,POST_RESOLUTION,4,"Very intuitive workflow, much better than the legacy portal."
SRV-002374,EMP-06222,OFC-BOS,2026-02-19,POST_RESOLUTION,4,The new AI system is incredibly fast. Saves me a lot of time.
SRV-002375,EMP-06234,OFC-LON,2026-02-19,POST_RESOLUTION,5,"Very intuitive workflow, much better than the legacy portal."
SRV-002376,EMP-10838,OFC-GUR,2026-02-19,POST_RESOLUTION,4,Smooth transition. No complaints.
SRV-002377,EMP-03861,OFC-NYC,2026-02-19,POST_RESOLUTION,4,Self-service articles were actually helpful for once.
SRV-002378,EMP-08758,OFC-SIN,2026-02-19,POST_RESOLUTION,1,I don't know how to use this. We need more training on the AI portal.
SRV-002379,EMP-01603,OFC-BOS,2026-02-19,POST_RESOLUTION,5,Smooth transition. No complaints.
SRV-002380,EMP-06695,OFC-NYC,2026-02-19,POST_RESOLUTION,4,Self-service articles were actually helpful for once.
SRV-002381,EMP-03484,OFC-LON,2026-02-19,POST_RESOLUTION,3,"Worked fine, but I prefer emailing a real person."
SRV-002382,EMP-08490,OFC-BOS,2026-02-19,POST_RESOLUTION,5,"Very intuitive workflow, much better than the legacy portal."
SRV-002383,EMP-04726,OFC-BOS,2026-02-19,POST_RESOLUTION,4,Self-service articles were actually helpful for once.
SRV-002384,EMP-03191,OFC-SIN,2026-02-19,POST_RESOLUTION,1,I don't know how to use this. We need more training on the AI portal.
SRV-002385,EMP-08422,OFC-NYC,2026-02-19,POST_RESOLUTION,5,Smooth transition. No complaints.
SRV-002386,EMP-04962,OFC-BOS,2026-02-19,POST_RESOLUTION,4,"Very intuitive workflow, much better than the legacy portal."
SRV-002387,EMP-02468,OFC-SIN,2026-02-19,POST_RESOLUTION,2,Stop forcing us to use the AI. It's too slow and I need human help.
SRV-002388,EMP-04497,OFC-SIN,2026-02-19,POST_RESOLUTION,2,Keeps freezing. The latency makes it unusable.
SRV-002389,EMP-10676,OFC-SIN,2026-02-19,POST_RESOLUTION,1,Keeps freezing. The latency makes it unusable.
SRV-002390,EMP-06194,OFC-BOS,2026-02-19,POST_RESOLUTION,4,The new AI system is incredibly fast. Saves me a lot of time.
SRV-002391,EMP-02511,OFC-GUR,2026-02-19,POST_RESOLUTION,4,Smooth transition. No complaints.
SRV-002392,EMP-04005,OFC-GUR,2026-02-19,POST_RESOLUTION,4,Smooth transition. No complaints.
SRV-002393,EMP-09092,OFC-LON,2026-02-19,POST_RESOLUTION,3,Standard IT portal. Nothing special.
SRV-002394,EMP-03178,OFC-GUR,2026-02-19,POST_RESOLUTION,4,Great experience. The AI resolved my password issue in seconds.
SRV-002395,EMP-09263,OFC-BOS,2026-02-19,POST_RESOLUTION,5,Smooth transition. No complaints.
SRV-002396,EMP-02393,OFC-LON,2026-02-19,POST_RESOLUTION,5,Great experience. The AI resolved my password issue in seconds.
SRV-002397,EMP-10557,OFC-LON,2026-02-19,POST_RESOLUTION,4,The new AI system is incredibly fast. Saves me a lot of time.
SRV-002398,EMP-07099,OFC-SIN,2026-02-19,POST_RESOLUTION,1,Keeps freezing. The latency makes it unusable.
SRV-002399,EMP-09423,OFC-BOS,2026-02-19,POST_RESOLUTION,4,Great experience. The AI resolved my password issue in seconds.
SRV-002400,EMP-09536,OFC-BOS,2026-02-19,POST_RESOLUTION,3,"Worked fine, but I prefer emailing a real person."
SRV-002401,EMP-01056,OFC-BOS,2026-02-26,POST_RESOLUTION,5,Great experience. The AI resolved my password issue in seconds.
SRV-002402,EMP-03911,OFC-BOS,2026-02-26,POST_RESOLUTION,5,Great experience. The AI resolved my password issue in seconds.
SRV-002403,EMP-02509,OFC-GUR,2026-02-26,POST_RESOLUTION,3,Standard IT portal. Nothing special.
SRV-002404,EMP-03522,OFC-NYC,2026-02-26,POST_RESOLUTION,4,Self-service articles were actually helpful for once.
SRV-002405,EMP-10624,OFC-NYC,2026-02-26,POST_RESOLUTION,3,"AI is decent, but didn't fully understand my specific network issue."
SRV-002406,EMP-06866,OFC-GUR,2026-02-26,POST_RESOLUTION,4,"Very intuitive workflow, much better than the legacy portal."
SRV-002407,EMP-05862,OFC-BOS,2026-02-26,POST_RESOLUTION,4,Smooth transition. No complaints.
SRV-002408,EMP-05987,OFC-LON,2026-02-26,POST_RESOLUTION,4,Great experience. The AI resolved my password issue in seconds.
SRV-002409,EMP-02038,OFC-BOS,2026-02-26,POST_RESOLUTION,4,"Very intuitive workflow, much better than the legacy portal."
SRV-002410,EMP-07245,OFC-LON,2026-02-26,POST_RESOLUTION,4,"Very intuitive workflow, much better than the legacy portal."
SRV-002411,EMP-06374,OFC-LON,2026-02-26,POST_RESOLUTION,3,"Worked fine, but I prefer emailing a real person."
SRV-002412,EMP-05133,OFC-LON,2026-02-26,POST_RESOLUTION,3,Standard IT portal. Nothing special.
SRV-002413,EMP-03513,OFC-LON,2026-02-26,POST_RESOLUTION,3,"AI is decent, but didn't fully understand my specific network issue."
SRV-002414,EMP-01117,OFC-BOS,2026-02-26,POST_RESOLUTION,4,The new AI system is incredibly fast. Saves me a lot of time.
SRV-002415,EMP-08721,OFC-SIN,2026-02-26,POST_RESOLUTION,1,Confusing interface. I just want to submit an email ticket.
SRV-002416,EMP-05706,OFC-GUR,2026-02-26,POST_RESOLUTION,3,"AI is decent, but didn't fully understand my specific network issue."
SRV-002417,EMP-10815,OFC-GUR,2026-02-26,POST_RESOLUTION,5,Great experience. The AI resolved my password issue in seconds.
SRV-002418,EMP-02147,OFC-GUR,2026-02-26,POST_RESOLUTION,4,Smooth transition. No complaints.
SRV-002419,EMP-05387,OFC-BOS,2026-02-26,POST_RESOLUTION,4,Smooth transition. No complaints.
SRV-002420,EMP-05812,OFC-BOS,2026-02-26,POST_RESOLUTION,5,"Very intuitive workflow, much better than the legacy portal."
SRV-002421,EMP-05544,OFC-NYC,2026-02-26,POST_RESOLUTION,5,Great experience. The AI resolved my password issue in seconds.
SRV-002422,EMP-07903,OFC-LON,2026-02-26,POST_RESOLUTION,4,"Very intuitive workflow, much better than the legacy portal."
SRV-002423,EMP-03751,OFC-GUR,2026-02-26,POST_RESOLUTION,4,Self-service articles were actually helpful for once.
SRV-002424,EMP-05801,OFC-BOS,2026-02-26,POST_RESOLUTION,5,"Very intuitive workflow, much better than the legacy portal."
SRV-002425,EMP-03177,OFC-LON,2026-02-26,POST_RESOLUTION,3,"Worked fine, but I prefer emailing a real person."
SRV-002426,EMP-10790,OFC-NYC,2026-02-26,POST_RESOLUTION,3,It's okay. Takes some getting used to.
SRV-002427,EMP-01666,OFC-BOS,2026-02-26,POST_RESOLUTION,4,Great experience. The AI resolved my password issue in seconds.
SRV-002428,EMP-10304,OFC-GUR,2026-02-26,POST_RESOLUTION,4,Self-service articles were actually helpful for once.
SRV-002429,EMP-10219,OFC-BOS,2026-02-26,POST_RESOLUTION,3,It's okay. Takes some getting used to.
SRV-002430,EMP-01868,OFC-SIN,2026-02-26,POST_RESOLUTION,1,Confusing interface. I just want to submit an email ticket.
SRV-002431,EMP-02599,OFC-SIN,2026-02-26,POST_RESOLUTION,1,I don't know how to use this. We need more training on the AI portal.
SRV-002432,EMP-04121,OFC-BOS,2026-02-26,POST_RESOLUTION,5,The new AI system is incredibly fast. Saves me a lot of time.
SRV-002433,EMP-08217,OFC-GUR,2026-02-26,POST_RESOLUTION,5,Self-service articles were actually helpful for once.
SRV-002434,EMP-10401,OFC-NYC,2026-02-26,POST_RESOLUTION,5,Great experience. The AI resolved my password issue in seconds.
SRV-002435,EMP-05000,OFC-LON,2026-02-26,POST_RESOLUTION,4,Smooth transition. No complaints.
SRV-002436,EMP-01699,OFC-LON,2026-02-26,POST_RESOLUTION,4,Smooth transition. No complaints.
SRV-002437,EMP-06274,OFC-LON,2026-02-26,POST_RESOLUTION,4,The new AI system is incredibly fast. Saves me a lot of time.
SRV-002438,EMP-04807,OFC-NYC,2026-02-26,POST_RESOLUTION,3,It's okay. Takes some getting used to.
SRV-002439,EMP-10434,OFC-NYC,2026-02-26,POST_RESOLUTION,4,"Very intuitive workflow, much better than the legacy portal."
SRV-002440,EMP-06954,OFC-BOS,2026-02-26,POST_RESOLUTION,4,Smooth transition. No complaints.
SRV-002441,EMP-09077,OFC-LON,2026-02-26,POST_RESOLUTION,3,Standard IT portal. Nothing special.
SRV-002442,EMP-04720,OFC-NYC,2026-02-26,POST_RESOLUTION,4,Great experience. The AI resolved my password issue in seconds.
SRV-002443,EMP-05332,OFC-NYC,2026-02-26,POST_RESOLUTION,5,"Very intuitive workflow, much better than the legacy portal."
SRV-002444,EMP-06348,OFC-NYC,2026-02-26,POST_RESOLUTION,3,"Worked fine, but I prefer emailing a real person."
SRV-002445,EMP-03395,OFC-NYC,2026-02-26,POST_RESOLUTION,4,Self-service articles were actually helpful for once.
SRV-002446,EMP-02935,OFC-GUR,2026-02-26,POST_RESOLUTION,5,The new AI system is incredibly fast. Saves me a lot of time.
SRV-002447,EMP-03612,OFC-BOS,2026-02-26,POST_RESOLUTION,3,Standard IT portal. Nothing special.
SRV-002448,EMP-08267,OFC-NYC,2026-02-26,POST_RESOLUTION,5,"Very intuitive workflow, much better than the legacy portal."
SRV-002449,EMP-09631,OFC-BOS,2026-02-26,POST_RESOLUTION,5,The new AI system is incredibly fast. Saves me a lot of time.
SRV-002450,EMP-05718,OFC-NYC,2026-02-26,POST_RESOLUTION,4,Great experience. The AI resolved my password issue in seconds.
SRV-002451,EMP-05441,OFC-GUR,2026-02-26,POST_RESOLUTION,5,"Very intuitive workflow, much better than the legacy portal."
SRV-002452,EMP-03992,OFC-LON,2026-02-26,POST_RESOLUTION,5,Smooth transition. No complaints.
SRV-002453,EMP-03155,OFC-BOS,2026-02-26,POST_RESOLUTION,3,Standard IT portal. Nothing special.
SRV-002454,EMP-03677,OFC-BOS,2026-02-26,POST_RESOLUTION,5,Great experience. The AI resolved my password issue in seconds.
SRV-002455,EMP-05591,OFC-BOS,2026-02-26,POST_RESOLUTION,4,"Very intuitive workflow, much better than the legacy portal."
SRV-002456,EMP-07977,OFC-GUR,2026-02-26,POST_RESOLUTION,5,Smooth transition. No complaints.
SRV-002457,EMP-02656,OFC-LON,2026-02-26,POST_RESOLUTION,4,Self-service articles were actually helpful for once.
SRV-002458,EMP-07932,OFC-NYC,2026-02-26,POST_RESOLUTION,4,Self-service articles were actually helpful for once.
SRV-002459,EMP-01219,OFC-GUR,2026-02-26,POST_RESOLUTION,4,Great experience. The AI resolved my password issue in seconds.
SRV-002460,EMP-02987,OFC-LON,2026-02-26,POST_RESOLUTION,4,Great experience. The AI resolved my password issue in seconds.
SRV-002461,EMP-08711,OFC-NYC,2026-02-26,POST_RESOLUTION,5,Smooth transition. No complaints.
SRV-002462,EMP-05651,OFC-GUR,2026-02-26,POST_RESOLUTION,5,Self-service articles were actually helpful for once.
SRV-002463,EMP-07196,OFC-BOS,2026-02-26,POST_RESOLUTION,4,Self-service articles were actually helpful for once.
SRV-002464,EMP-06427,OFC-BOS,2026-02-26,POST_RESOLUTION,5,Self-service articles were actually helpful for once.
SRV-002465,EMP-01097,OFC-NYC,2026-02-26,POST_RESOLUTION,5,Self-service articles were actually helpful for once.
SRV-002466,EMP-09672,OFC-LON,2026-02-26,POST_RESOLUTION,5,Smooth transition. No complaints.
SRV-002467,EMP-10052,OFC-BOS,2026-02-26,POST_RESOLUTION,4,Great experience. The AI resolved my password issue in seconds.
SRV-002468,EMP-07688,OFC-LON,2026-02-26,POST_RESOLUTION,4,Great experience. The AI resolved my password issue in seconds.
SRV-002469,EMP-10589,OFC-GUR,2026-02-26,POST_RESOLUTION,4,The new AI system is incredibly fast. Saves me a lot of time.
SRV-002470,EMP-06588,OFC-SIN,2026-02-26,POST_RESOLUTION,1,Stop forcing us to use the AI. It's too slow and I need human help.
SRV-002471,EMP-01327,OFC-LON,2026-02-26,POST_RESOLUTION,5,Self-service articles were actually helpful for once.
SRV-002472,EMP-01911,OFC-NYC,2026-02-26,POST_RESOLUTION,3,Standard IT portal. Nothing special.
SRV-002473,EMP-08830,OFC-BOS,2026-02-26,POST_RESOLUTION,4,Self-service articles were actually helpful for once.
SRV-002474,EMP-07255,OFC-LON,2026-02-26,POST_RESOLUTION,3,"Worked fine, but I prefer emailing a real person."
SRV-002475,EMP-06952,OFC-GUR,2026-02-26,POST_RESOLUTION,5,Great experience. The AI resolved my password issue in seconds.
SRV-002476,EMP-07015,OFC-GUR,2026-02-26,POST_RESOLUTION,3,It's okay. Takes some getting used to.
SRV-002477,EMP-04009,OFC-BOS,2026-02-26,POST_RESOLUTION,4,Smooth transition. No complaints.
SRV-002478,EMP-01000,OFC-NYC,2026-02-26,POST_RESOLUTION,4,"Very intuitive workflow, much better than the legacy portal."
SRV-002479,EMP-01070,OFC-GUR,2026-02-26,POST_RESOLUTION,3,Standard IT portal. Nothing special.
SRV-002480,EMP-10914,OFC-LON,2026-02-26,POST_RESOLUTION,4,The new AI system is incredibly fast. Saves me a lot of time.
SRV-002481,EMP-06965,OFC-SIN,2026-02-26,POST_RESOLUTION,3,Keeps freezing. The latency makes it unusable.
SRV-002482,EMP-09309,OFC-LON,2026-02-26,POST_RESOLUTION,3,"AI is decent, but didn't fully understand my specific network issue."
SRV-002483,EMP-01705,OFC-SIN,2026-02-26,POST_RESOLUTION,3,Keeps freezing. The latency makes it unusable.
SRV-002484,EMP-06900,OFC-LON,2026-02-26,POST_RESOLUTION,3,Standard IT portal. Nothing special.
SRV-002485,EMP-02582,OFC-LON,2026-02-26,POST_RESOLUTION,4,"Very intuitive workflow, much better than the legacy portal."
SRV-002486,EMP-02454,OFC-BOS,2026-02-26,POST_RESOLUTION,5,Self-service articles were actually helpful for once.
SRV-002487,EMP-07794,OFC-LON,2026-02-26,POST_RESOLUTION,4,"Very intuitive workflow, much better than the legacy portal."
SRV-002488,EMP-07554,OFC-GUR,2026-02-26,POST_RESOLUTION,4,Great experience. The AI resolved my password issue in seconds.
SRV-002489,EMP-08153,OFC-SIN,2026-02-26,POST_RESOLUTION,1,Confusing interface. I just want to submit an email ticket.
SRV-002490,EMP-02569,OFC-LON,2026-02-26,POST_RESOLUTION,5,"Very intuitive workflow, much better than the legacy portal."
SRV-002491,EMP-01798,OFC-GUR,2026-02-26,POST_RESOLUTION,3,"AI is decent, but didn't fully understand my specific network issue."
SRV-002492,EMP-09008,OFC-GUR,2026-02-26,POST_RESOLUTION,5,Smooth transition. No complaints.
SRV-002493,EMP-08511,OFC-SIN,2026-02-26,POST_RESOLUTION,2,Keeps freezing. The latency makes it unusable.
SRV-002494,EMP-02586,OFC-GUR,2026-02-26,POST_RESOLUTION,4,Self-service articles were actually helpful for once.
SRV-002495,EMP-08690,OFC-BOS,2026-02-26,POST_RESOLUTION,5,Great experience. The AI resolved my password issue in seconds.
SRV-002496,EMP-05907,OFC-BOS,2026-02-26,POST_RESOLUTION,5,Great experience. The AI resolved my password issue in seconds.
SRV-002497,EMP-05325,OFC-SIN,2026-02-26,POST_RESOLUTION,2,Stop forcing us to use the AI. It's too slow and I need human help.
SRV-002498,EMP-10702,OFC-GUR,2026-02-26,POST_RESOLUTION,5,"Very intuitive workflow, much better than the legacy portal."
SRV-002499,EMP-05931,OFC-NYC,2026-02-26,POST_RESOLUTION,3,"Worked fine, but I prefer emailing a real person."
SRV-002500,EMP-06240,OFC-SIN,2026-02-26,POST_RESOLUTION,2,I don't know how to use this. We need more training on the AI portal.
SRV-002501,EMP-07580,OFC-SIN,2026-02-26,POST_RESOLUTION,1,I don't know how to use this. We need more training on the AI portal.
SRV-002502,EMP-02413,OFC-BOS,2026-02-26,POST_RESOLUTION,4,Smooth transition. No complaints.
SRV-002503,EMP-09906,OFC-LON,2026-02-26,POST_RESOLUTION,3,"AI is decent, but didn't fully understand my specific network issue."
SRV-002504,EMP-01970,OFC-GUR,2026-02-26,POST_RESOLUTION,5,"Very intuitive workflow, much better than the legacy portal."
SRV-002505,EMP-10677,OFC-BOS,2026-02-26,POST_RESOLUTION,5,Smooth transition. No complaints.
SRV-002506,EMP-06523,OFC-LON,2026-02-26,POST_RESOLUTION,3,It's okay. Takes some getting used to.
SRV-002507,EMP-08923,OFC-BOS,2026-02-26,POST_RESOLUTION,4,Smooth transition. No complaints.
SRV-002508,EMP-06412,OFC-GUR,2026-02-26,POST_RESOLUTION,4,The new AI system is incredibly fast. Saves me a lot of time.
SRV-002509,EMP-06324,OFC-BOS,2026-02-26,POST_RESOLUTION,4,The new AI system is incredibly fast. Saves me a lot of time.
SRV-002510,EMP-05847,OFC-BOS,2026-02-26,POST_RESOLUTION,4,The new AI system is incredibly fast. Saves me a lot of time.
SRV-002511,EMP-01131,OFC-BOS,2026-02-26,POST_RESOLUTION,4,The new AI system is incredibly fast. Saves me a lot of time.
SRV-002512,EMP-05334,OFC-NYC,2026-02-26,POST_RESOLUTION,4,Great experience. The AI resolved my password issue in seconds.
SRV-002513,EMP-07320,OFC-LON,2026-02-26,POST_RESOLUTION,5,"Very intuitive workflow, much better than the legacy portal."
SRV-002514,EMP-02750,OFC-LON,2026-02-26,POST_RESOLUTION,4,"Very intuitive workflow, much better than the legacy portal."
SRV-002515,EMP-08713,OFC-NYC,2026-02-26,POST_RESOLUTION,5,The new AI system is incredibly fast. Saves me a lot of time.
SRV-002516,EMP-04891,OFC-LON,2026-02-26,POST_RESOLUTION,4,"Very intuitive workflow, much better than the legacy portal."
SRV-002517,EMP-02982,OFC-LON,2026-02-26,POST_RESOLUTION,3,It's okay. Takes some getting used to.
SRV-002518,EMP-03645,OFC-NYC,2026-02-26,POST_RESOLUTION,4,"Very intuitive workflow, much better than the legacy portal."
SRV-002519,EMP-04107,OFC-BOS,2026-02-26,POST_RESOLUTION,4,Smooth transition. No complaints.
SRV-002520,EMP-07883,OFC-LON,2026-02-26,POST_RESOLUTION,5,Great experience. The AI resolved my password issue in seconds.
SRV-002521,EMP-05791,OFC-SIN,2026-02-26,POST_RESOLUTION,1,Keeps freezing. The latency makes it unusable.
SRV-002522,EMP-10824,OFC-LON,2026-02-26,POST_RESOLUTION,4,The new AI system is incredibly fast. Saves me a lot of time.
SRV-002523,EMP-03160,OFC-GUR,2026-02-26,POST_RESOLUTION,4,Smooth transition. No complaints.
SRV-002524,EMP-02977,OFC-NYC,2026-02-26,POST_RESOLUTION,4,Smooth transition. No complaints.
SRV-002525,EMP-09534,OFC-LON,2026-02-26,POST_RESOLUTION,4,Great experience. The AI resolved my password issue in seconds.
SRV-002526,EMP-08681,OFC-LON,2026-02-26,POST_RESOLUTION,4,Great experience. The AI resolved my password issue in seconds.
SRV-002527,EMP-09118,OFC-BOS,2026-02-26,POST_RESOLUTION,4,The new AI system is incredibly fast. Saves me a lot of time.
SRV-002528,EMP-02358,OFC-NYC,2026-02-26,POST_RESOLUTION,5,The new AI system is incredibly fast. Saves me a lot of time.
SRV-002529,EMP-10334,OFC-NYC,2026-02-26,POST_RESOLUTION,4,Smooth transition. No complaints.
SRV-002530,EMP-02687,OFC-LON,2026-02-26,POST_RESOLUTION,5,Smooth transition. No complaints.
SRV-002531,EMP-05966,OFC-SIN,2026-02-26,POST_RESOLUTION,2,Stop forcing us to use the AI. It's too slow and I need human help.
SRV-002532,EMP-08229,OFC-NYC,2026-02-26,POST_RESOLUTION,3,It's okay. Takes some getting used to.
SRV-002533,EMP-08160,OFC-GUR,2026-02-26,POST_RESOLUTION,4,The new AI system is incredibly fast. Saves me a lot of time.
SRV-002534,EMP-09061,OFC-NYC,2026-02-26,POST_RESOLUTION,5,Smooth transition. No complaints.
SRV-002535,EMP-08186,OFC-LON,2026-02-26,POST_RESOLUTION,4,Self-service articles were actually helpful for once.
SRV-002536,EMP-08578,OFC-SIN,2026-02-26,POST_RESOLUTION,1,Confusing interface. I just want to submit an email ticket.
SRV-002537,EMP-06509,OFC-LON,2026-02-26,POST_RESOLUTION,3,"Worked fine, but I prefer emailing a real person."
SRV-002538,EMP-10169,OFC-NYC,2026-02-26,POST_RESOLUTION,4,The new AI system is incredibly fast. Saves me a lot of time.
SRV-002539,EMP-04427,OFC-LON,2026-02-26,POST_RESOLUTION,4,Smooth transition. No complaints.
SRV-002540,EMP-01998,OFC-SIN,2026-02-26,POST_RESOLUTION,3,Stop forcing us to use the AI. It's too slow and I need human help.
SRV-002541,EMP-10048,OFC-SIN,2026-02-26,POST_RESOLUTION,2,I don't know how to use this. We need more training on the AI portal.
SRV-002542,EMP-09440,OFC-NYC,2026-02-26,POST_RESOLUTION,5,The new AI system is incredibly fast. Saves me a lot of time.
SRV-002543,EMP-01270,OFC-GUR,2026-02-26,POST_RESOLUTION,4,The new AI system is incredibly fast. Saves me a lot of time.
SRV-002544,EMP-08455,OFC-SIN,2026-02-26,POST_RESOLUTION,2,Confusing interface. I just want to submit an email ticket.
SRV-002545,EMP-06345,OFC-LON,2026-02-26,POST_RESOLUTION,4,"Very intuitive workflow, much better than the legacy portal."
SRV-002546,EMP-03558,OFC-BOS,2026-02-26,POST_RESOLUTION,5,"Very intuitive workflow, much better than the legacy portal."
SRV-002547,EMP-07730,OFC-LON,2026-02-26,POST_RESOLUTION,4,"Very intuitive workflow, much better than the legacy portal."
SRV-002548,EMP-03493,OFC-NYC,2026-02-26,POST_RESOLUTION,4,Smooth transition. No complaints.
SRV-002549,EMP-08504,OFC-LON,2026-02-26,POST_RESOLUTION,4,Smooth transition. No complaints.
SRV-002550,EMP-03514,OFC-LON,2026-02-26,POST_RESOLUTION,3,"Worked fine, but I prefer emailing a real person."
SRV-002551,EMP-04511,OFC-BOS,2026-02-26,POST_RESOLUTION,4,Self-service articles were actually helpful for once.
SRV-002552,EMP-03772,OFC-GUR,2026-02-26,POST_RESOLUTION,4,Self-service articles were actually helpful for once.
SRV-002553,EMP-01148,OFC-BOS,2026-02-26,POST_RESOLUTION,4,Great experience. The AI resolved my password issue in seconds.
SRV-002554,EMP-01195,OFC-NYC,2026-02-26,POST_RESOLUTION,4,The new AI system is incredibly fast. Saves me a lot of time.
SRV-002555,EMP-04613,OFC-GUR,2026-02-26,POST_RESOLUTION,4,Self-service articles were actually helpful for once.
SRV-002556,EMP-08596,OFC-BOS,2026-02-26,POST_RESOLUTION,4,Great experience. The AI resolved my password issue in seconds.
SRV-002557,EMP-02246,OFC-BOS,2026-02-26,POST_RESOLUTION,5,Great experience. The AI resolved my password issue in seconds.
SRV-002558,EMP-03620,OFC-GUR,2026-02-26,POST_RESOLUTION,4,Smooth transition. No complaints.
SRV-002559,EMP-09589,OFC-GUR,2026-02-26,POST_RESOLUTION,4,"Very intuitive workflow, much better than the legacy portal."
SRV-002560,EMP-10152,OFC-BOS,2026-02-26,POST_RESOLUTION,5,"Very intuitive workflow, much better than the legacy portal."
SRV-002561,EMP-09802,OFC-LON,2026-02-26,POST_RESOLUTION,3,"Worked fine, but I prefer emailing a real person."
SRV-002562,EMP-06333,OFC-NYC,2026-02-26,POST_RESOLUTION,5,The new AI system is incredibly fast. Saves me a lot of time.
SRV-002563,EMP-04313,OFC-BOS,2026-02-26,POST_RESOLUTION,4,The new AI system is incredibly fast. Saves me a lot of time.
SRV-002564,EMP-05849,OFC-BOS,2026-02-26,POST_RESOLUTION,3,It's okay. Takes some getting used to.
SRV-002565,EMP-01968,OFC-LON,2026-02-26,POST_RESOLUTION,5,Great experience. The AI resolved my password issue in seconds.
SRV-002566,EMP-04597,OFC-LON,2026-02-26,POST_RESOLUTION,4,Great experience. The AI resolved my password issue in seconds.
SRV-002567,EMP-08457,OFC-NYC,2026-02-26,POST_RESOLUTION,5,Great experience. The AI resolved my password issue in seconds.
SRV-002568,EMP-09619,OFC-BOS,2026-02-26,POST_RESOLUTION,4,Smooth transition. No complaints.
SRV-002569,EMP-01602,OFC-BOS,2026-02-26,POST_RESOLUTION,4,Great experience. The AI resolved my password issue in seconds.
SRV-002570,EMP-04421,OFC-LON,2026-02-26,POST_RESOLUTION,5,The new AI system is incredibly fast. Saves me a lot of time.
SRV-002571,EMP-02430,OFC-LON,2026-02-26,POST_RESOLUTION,4,The new AI system is incredibly fast. Saves me a lot of time.
SRV-002572,EMP-06342,OFC-BOS,2026-02-26,POST_RESOLUTION,4,"Very intuitive workflow, much better than the legacy portal."
SRV-002573,EMP-08314,OFC-BOS,2026-02-26,POST_RESOLUTION,4,The new AI system is incredibly fast. Saves me a lot of time.
SRV-002574,EMP-10599,OFC-NYC,2026-02-26,POST_RESOLUTION,4,Great experience. The AI resolved my password issue in seconds.
SRV-002575,EMP-09275,OFC-GUR,2026-02-26,POST_RESOLUTION,4,Great experience. The AI resolved my password issue in seconds.
SRV-002576,EMP-10874,OFC-LON,2026-02-26,POST_RESOLUTION,5,Self-service articles were actually helpful for once.
SRV-002577,EMP-04705,OFC-SIN,2026-02-26,POST_RESOLUTION,3,Confusing interface. I just want to submit an email ticket.
SRV-002578,EMP-03625,OFC-SIN,2026-02-26,POST_RESOLUTION,1,System is way too slow. Massive latency when loading the dashboard.
SRV-002579,EMP-02914,OFC-NYC,2026-02-26,POST_RESOLUTION,5,Smooth transition. No complaints.
SRV-002580,EMP-06390,OFC-BOS,2026-02-26,POST_RESOLUTION,5,The new AI system is incredibly fast. Saves me a lot of time.
SRV-002581,EMP-02820,OFC-BOS,2026-02-26,POST_RESOLUTION,4,"Very intuitive workflow, much better than the legacy portal."
SRV-002582,EMP-09887,OFC-GUR,2026-02-26,POST_RESOLUTION,4,"Very intuitive workflow, much better than the legacy portal."
SRV-002583,EMP-02867,OFC-BOS,2026-02-26,POST_RESOLUTION,3,"AI is decent, but didn't fully understand my specific network issue."
SRV-002584,EMP-10741,OFC-BOS,2026-02-26,POST_RESOLUTION,3,"Worked fine, but I prefer emailing a real person."
SRV-002585,EMP-05717,OFC-SIN,2026-02-26,POST_RESOLUTION,3,System is way too slow. Massive latency when loading the dashboard.
SRV-002586,EMP-03886,OFC-LON,2026-02-26,POST_RESOLUTION,4,The new AI system is incredibly fast. Saves me a lot of time.
SRV-002587,EMP-06575,OFC-BOS,2026-02-26,POST_RESOLUTION,4,Self-service articles were actually helpful for once.
SRV-002588,EMP-01359,OFC-LON,2026-02-26,POST_RESOLUTION,4,Smooth transition. No complaints.
SRV-002589,EMP-06139,OFC-SIN,2026-02-26,POST_RESOLUTION,1,Confusing interface. I just want to submit an email ticket.
SRV-002590,EMP-02063,OFC-NYC,2026-02-26,POST_RESOLUTION,4,The new AI system is incredibly fast. Saves me a lot of time.
SRV-002591,EMP-06465,OFC-LON,2026-02-26,POST_RESOLUTION,5,"Very intuitive workflow, much better than the legacy portal."
SRV-002592,EMP-05551,OFC-BOS,2026-02-26,POST_RESOLUTION,4,Self-service articles were actually helpful for once.
SRV-002593,EMP-05511,OFC-LON,2026-02-26,POST_RESOLUTION,3,It's okay. Takes some getting used to.
SRV-002594,EMP-06098,OFC-NYC,2026-02-26,POST_RESOLUTION,5,"Very intuitive workflow, much better than the legacy portal."
SRV-002595,EMP-08726,OFC-BOS,2026-02-26,POST_RESOLUTION,5,Smooth transition. No complaints.
SRV-002596,EMP-04496,OFC-SIN,2026-02-26,POST_RESOLUTION,1,I don't know how to use this. We need more training on the AI portal.
SRV-002597,EMP-10070,OFC-SIN,2026-02-26,POST_RESOLUTION,1,Stop forcing us to use the AI. It's too slow and I need human help.
SRV-002598,EMP-09682,OFC-BOS,2026-02-26,POST_RESOLUTION,4,The new AI system is incredibly fast. Saves me a lot of time.
SRV-002599,EMP-10960,OFC-LON,2026-02-26,POST_RESOLUTION,4,Self-service articles were actually helpful for once.
SRV-002600,EMP-09113,OFC-GUR,2026-02-26,POST_RESOLUTION,4,"Very intuitive workflow, much better than the legacy portal."
SRV-002601,EMP-04405,OFC-GUR,2026-02-26,POST_RESOLUTION,5,Smooth transition. No complaints.
SRV-002602,EMP-06917,OFC-GUR,2026-02-26,POST_RESOLUTION,4,"Very intuitive workflow, much better than the legacy portal."
SRV-002603,EMP-06811,OFC-SIN,2026-02-26,POST_RESOLUTION,1,Confusing interface. I just want to submit an email ticket.
SRV-002604,EMP-07454,OFC-SIN,2026-02-26,POST_RESOLUTION,1,Stop forcing us to use the AI. It's too slow and I need human help.
SRV-002605,EMP-10789,OFC-BOS,2026-02-26,POST_RESOLUTION,3,"Worked fine, but I prefer emailing a real person."
SRV-002606,EMP-07747,OFC-BOS,2026-02-26,POST_RESOLUTION,5,Great experience. The AI resolved my password issue in seconds.
SRV-002607,EMP-09452,OFC-GUR,2026-02-26,POST_RESOLUTION,5,"Very intuitive workflow, much better than the legacy portal."
SRV-002608,EMP-04092,OFC-NYC,2026-02-26,POST_RESOLUTION,4,The new AI system is incredibly fast. Saves me a lot of time.
SRV-002609,EMP-09533,OFC-GUR,2026-02-26,POST_RESOLUTION,3,"Worked fine, but I prefer emailing a real person."
SRV-002610,EMP-05595,OFC-LON,2026-02-26,POST_RESOLUTION,5,The new AI system is incredibly fast. Saves me a lot of time.
SRV-002611,EMP-07062,OFC-LON,2026-02-26,POST_RESOLUTION,4,The new AI system is incredibly fast. Saves me a lot of time.
SRV-002612,EMP-04808,OFC-BOS,2026-02-26,POST_RESOLUTION,5,Great experience. The AI resolved my password issue in seconds.
SRV-002613,EMP-05225,OFC-GUR,2026-02-26,POST_RESOLUTION,3,Standard IT portal. Nothing special.
SRV-002614,EMP-02364,OFC-GUR,2026-02-26,POST_RESOLUTION,4,The new AI system is incredibly fast. Saves me a lot of time.
SRV-002615,EMP-07189,OFC-BOS,2026-02-26,POST_RESOLUTION,4,Self-service articles were actually helpful for once.
SRV-002616,EMP-05586,OFC-NYC,2026-02-26,POST_RESOLUTION,4,Smooth transition. No complaints.
SRV-002617,EMP-10115,OFC-LON,2026-02-26,POST_RESOLUTION,4,Smooth transition. No complaints.
SRV-002618,EMP-07701,OFC-GUR,2026-02-26,POST_RESOLUTION,4,Smooth transition. No complaints.
SRV-002619,EMP-03928,OFC-GUR,2026-02-26,POST_RESOLUTION,4,Great experience. The AI resolved my password issue in seconds.
SRV-002620,EMP-09608,OFC-LON,2026-02-26,POST_RESOLUTION,5,Self-service articles were actually helpful for once.
SRV-002621,EMP-10498,OFC-SIN,2026-02-26,POST_RESOLUTION,1,System is way too slow. Massive latency when loading the dashboard.
SRV-002622,EMP-09583,OFC-BOS,2026-02-26,POST_RESOLUTION,4,Self-service articles were actually helpful for once.
SRV-002623,EMP-02111,OFC-BOS,2026-02-26,POST_RESOLUTION,4,Great experience. The AI resolved my password issue in seconds.
SRV-002624,EMP-05452,OFC-GUR,2026-02-26,POST_RESOLUTION,5,Great experience. The AI resolved my password issue in seconds.
SRV-002625,EMP-02734,OFC-BOS,2026-02-26,POST_RESOLUTION,4,"Very intuitive workflow, much better than the legacy portal."
SRV-002626,EMP-09333,OFC-NYC,2026-02-26,POST_RESOLUTION,4,Self-service articles were actually helpful for once.
SRV-002627,EMP-07787,OFC-GUR,2026-02-26,POST_RESOLUTION,4,Smooth transition. No complaints.
SRV-002628,EMP-09952,OFC-BOS,2026-02-26,POST_RESOLUTION,3,"AI is decent, but didn't fully understand my specific network issue."
SRV-002629,EMP-03519,OFC-GUR,2026-02-26,POST_RESOLUTION,4,Great experience. The AI resolved my password issue in seconds.
SRV-002630,EMP-04365,OFC-LON,2026-02-26,POST_RESOLUTION,4,"Very intuitive workflow, much better than the legacy portal."
SRV-002631,EMP-04395,OFC-SIN,2026-02-26,POST_RESOLUTION,3,Confusing interface. I just want to submit an email ticket.
SRV-002632,EMP-07221,OFC-GUR,2026-02-26,POST_RESOLUTION,4,Great experience. The AI resolved my password issue in seconds.
SRV-002633,EMP-08171,OFC-SIN,2026-02-26,POST_RESOLUTION,1,System is way too slow. Massive latency when loading the dashboard.
SRV-002634,EMP-03075,OFC-SIN,2026-02-26,POST_RESOLUTION,1,Confusing interface. I just want to submit an email ticket.
SRV-002635,EMP-03119,OFC-SIN,2026-02-26,POST_RESOLUTION,3,Keeps freezing. The latency makes it unusable.
SRV-002636,EMP-10656,OFC-SIN,2026-02-26,POST_RESOLUTION,3,I don't know how to use this. We need more training on the AI portal.
SRV-002637,EMP-04998,OFC-LON,2026-02-26,POST_RESOLUTION,5,The new AI system is incredibly fast. Saves me a lot of time.
SRV-002638,EMP-04397,OFC-GUR,2026-02-26,POST_RESOLUTION,5,The new AI system is incredibly fast. Saves me a lot of time.
SRV-002639,EMP-10951,OFC-GUR,2026-02-26,POST_RESOLUTION,3,"Worked fine, but I prefer emailing a real person."
SRV-002640,EMP-09348,OFC-LON,2026-02-26,POST_RESOLUTION,3,Standard IT portal. Nothing special.
SRV-002641,EMP-04714,OFC-SIN,2026-02-26,POST_RESOLUTION,2,Stop forcing us to use the AI. It's too slow and I need human help.
SRV-002642,EMP-05813,OFC-LON,2026-02-26,POST_RESOLUTION,5,"Very intuitive workflow, much better than the legacy portal."
SRV-002643,EMP-07326,OFC-SIN,2026-02-26,POST_RESOLUTION,1,Stop forcing us to use the AI. It's too slow and I need human help.
SRV-002644,EMP-02838,OFC-SIN,2026-02-26,POST_RESOLUTION,1,Keeps freezing. The latency makes it unusable.
SRV-002645,EMP-06963,OFC-GUR,2026-02-26,POST_RESOLUTION,5,Self-service articles were actually helpful for once.
SRV-002646,EMP-07197,OFC-GUR,2026-02-26,POST_RESOLUTION,5,The new AI system is incredibly fast. Saves me a lot of time.
SRV-002647,EMP-07246,OFC-BOS,2026-02-26,POST_RESOLUTION,3,It's okay. Takes some getting used to.
SRV-002648,EMP-09748,OFC-BOS,2026-02-26,POST_RESOLUTION,4,The new AI system is incredibly fast. Saves me a lot of time.
SRV-002649,EMP-02892,OFC-GUR,2026-02-26,POST_RESOLUTION,5,Self-service articles were actually helpful for once.
SRV-002650,EMP-01559,OFC-LON,2026-02-26,POST_RESOLUTION,4,Great experience. The AI resolved my password issue in seconds.
SRV-002651,EMP-06958,OFC-GUR,2026-02-26,POST_RESOLUTION,5,Self-service articles were actually helpful for once.
SRV-002652,EMP-08637,OFC-LON,2026-02-26,POST_RESOLUTION,4,Self-service articles were actually helpful for once.
SRV-002653,EMP-09724,OFC-SIN,2026-02-26,POST_RESOLUTION,2,System is way too slow. Massive latency when loading the dashboard.
SRV-002654,EMP-04129,OFC-GUR,2026-02-26,POST_RESOLUTION,4,"Very intuitive workflow, much better than the legacy portal."
SRV-002655,EMP-07609,OFC-NYC,2026-02-26,POST_RESOLUTION,5,The new AI system is incredibly fast. Saves me a lot of time.
SRV-002656,EMP-06082,OFC-GUR,2026-02-26,POST_RESOLUTION,4,"Very intuitive workflow, much better than the legacy portal."
SRV-002657,EMP-05045,OFC-NYC,2026-02-26,POST_RESOLUTION,4,Great experience. The AI resolved my password issue in seconds.
SRV-002658,EMP-01883,OFC-BOS,2026-02-26,POST_RESOLUTION,4,Great experience. The AI resolved my password issue in seconds.
SRV-002659,EMP-08030,OFC-GUR,2026-02-26,POST_RESOLUTION,4,Smooth transition. No complaints.
SRV-002660,EMP-07028,OFC-GUR,2026-02-26,POST_RESOLUTION,4,Smooth transition. No complaints.
SRV-002661,EMP-03940,OFC-NYC,2026-02-26,POST_RESOLUTION,4,Smooth transition. No complaints.
SRV-002662,EMP-06913,OFC-NYC,2026-02-26,POST_RESOLUTION,3,"AI is decent, but didn't fully understand my specific network issue."
SRV-002663,EMP-03630,OFC-LON,2026-02-26,POST_RESOLUTION,5,The new AI system is incredibly fast. Saves me a lot of time.
SRV-002664,EMP-07344,OFC-NYC,2026-02-26,POST_RESOLUTION,3,It's okay. Takes some getting used to.
SRV-002665,EMP-02377,OFC-LON,2026-02-26,POST_RESOLUTION,5,The new AI system is incredibly fast. Saves me a lot of time.
SRV-002666,EMP-08333,OFC-LON,2026-02-26,POST_RESOLUTION,4,Self-service articles were actually helpful for once.
SRV-002667,EMP-06717,OFC-NYC,2026-02-26,POST_RESOLUTION,4,Smooth transition. No complaints.
SRV-002668,EMP-05578,OFC-SIN,2026-02-26,POST_RESOLUTION,1,System is way too slow. Massive latency when loading the dashboard.
SRV-002669,EMP-08951,OFC-BOS,2026-02-26,POST_RESOLUTION,5,Smooth transition. No complaints.
SRV-002670,EMP-05546,OFC-BOS,2026-02-26,POST_RESOLUTION,3,"Worked fine, but I prefer emailing a real person."
SRV-002671,EMP-04153,OFC-NYC,2026-02-26,POST_RESOLUTION,5,Great experience. The AI resolved my password issue in seconds.
SRV-002672,EMP-10756,OFC-BOS,2026-02-26,POST_RESOLUTION,3,It's okay. Takes some getting used to.
SRV-002673,EMP-08805,OFC-BOS,2026-02-26,POST_RESOLUTION,5,Self-service articles were actually helpful for once.
SRV-002674,EMP-07786,OFC-SIN,2026-02-26,POST_RESOLUTION,2,Stop forcing us to use the AI. It's too slow and I need human help.
SRV-002675,EMP-06135,OFC-NYC,2026-02-26,POST_RESOLUTION,5,Great experience. The AI resolved my password issue in seconds.
SRV-002676,EMP-03705,OFC-GUR,2026-02-26,POST_RESOLUTION,5,The new AI system is incredibly fast. Saves me a lot of time.
SRV-002677,EMP-04295,OFC-BOS,2026-02-26,POST_RESOLUTION,4,Smooth transition. No complaints.
SRV-002678,EMP-08148,OFC-NYC,2026-02-26,POST_RESOLUTION,3,Standard IT portal. Nothing special.
SRV-002679,EMP-05002,OFC-GUR,2026-02-26,POST_RESOLUTION,4,Smooth transition. No complaints.
SRV-002680,EMP-06520,OFC-GUR,2026-02-26,POST_RESOLUTION,4,Smooth transition. No complaints.
SRV-002681,EMP-02275,OFC-BOS,2026-02-26,POST_RESOLUTION,4,"Very intuitive workflow, much better than the legacy portal."
SRV-002682,EMP-10409,OFC-LON,2026-02-26,POST_RESOLUTION,4,Great experience. The AI resolved my password issue in seconds.
SRV-002683,EMP-03246,OFC-BOS,2026-02-26,POST_RESOLUTION,5,"Very intuitive workflow, much better than the legacy portal."
SRV-002684,EMP-10991,OFC-NYC,2026-02-26,POST_RESOLUTION,3,Standard IT portal. Nothing special.
SRV-002685,EMP-09042,OFC-BOS,2026-02-26,POST_RESOLUTION,4,Self-service articles were actually helpful for once.
SRV-002686,EMP-04600,OFC-BOS,2026-02-26,POST_RESOLUTION,4,Self-service articles were actually helpful for once.
SRV-002687,EMP-06232,OFC-GUR,2026-02-26,POST_RESOLUTION,5,Self-service articles were actually helpful for once.
SRV-002688,EMP-09585,OFC-LON,2026-02-26,POST_RESOLUTION,4,Great experience. The AI resolved my password issue in seconds.
SRV-002689,EMP-09776,OFC-SIN,2026-02-26,POST_RESOLUTION,1,I don't know how to use this. We need more training on the AI portal.
SRV-002690,EMP-05123,OFC-SIN,2026-02-26,POST_RESOLUTION,1,System is way too slow. Massive latency when loading the dashboard.
SRV-002691,EMP-09357,OFC-LON,2026-02-26,POST_RESOLUTION,4,"Very intuitive workflow, much better than the legacy portal."
SRV-002692,EMP-03412,OFC-LON,2026-02-26,POST_RESOLUTION,4,Great experience. The AI resolved my password issue in seconds.
SRV-002693,EMP-07422,OFC-BOS,2026-02-26,POST_RESOLUTION,4,Self-service articles were actually helpful for once.
SRV-002694,EMP-02295,OFC-BOS,2026-02-26,POST_RESOLUTION,5,Great experience. The AI resolved my password issue in seconds.
SRV-002695,EMP-04179,OFC-GUR,2026-02-26,POST_RESOLUTION,5,Self-service articles were actually helpful for once.
SRV-002696,EMP-02101,OFC-SIN,2026-02-26,POST_RESOLUTION,3,Stop forcing us to use the AI. It's too slow and I need human help.
SRV-002697,EMP-06576,OFC-GUR,2026-02-26,POST_RESOLUTION,4,The new AI system is incredibly fast. Saves me a lot of time.
SRV-002698,EMP-03275,OFC-LON,2026-02-26,POST_RESOLUTION,3,"Worked fine, but I prefer emailing a real person."
SRV-002699,EMP-01453,OFC-SIN,2026-02-26,POST_RESOLUTION,1,Keeps freezing. The latency makes it unusable.
SRV-002700,EMP-04479,OFC-NYC,2026-02-26,POST_RESOLUTION,4,"Very intuitive workflow, much better than the legacy portal."
SRV-002701,EMP-06179,OFC-SIN,2026-03-05,POST_RESOLUTION,3,Stop forcing us to use the AI. It's too slow and I need human help.
SRV-002702,EMP-02285,OFC-LON,2026-03-05,POST_RESOLUTION,4,Smooth transition. No complaints.
SRV-002703,EMP-10496,OFC-LON,2026-03-05,POST_RESOLUTION,4,Smooth transition. No complaints.
SRV-002704,EMP-10685,OFC-LON,2026-03-05,POST_RESOLUTION,4,"Very intuitive workflow, much better than the legacy portal."
SRV-002705,EMP-01971,OFC-SIN,2026-03-05,POST_RESOLUTION,1,Stop forcing us to use the AI. It's too slow and I need human help.
SRV-002706,EMP-01296,OFC-GUR,2026-03-05,POST_RESOLUTION,5,The new AI system is incredibly fast. Saves me a lot of time.
SRV-002707,EMP-01955,OFC-NYC,2026-03-05,POST_RESOLUTION,3,Standard IT portal. Nothing special.
SRV-002708,EMP-07672,OFC-BOS,2026-03-05,POST_RESOLUTION,4,Self-service articles were actually helpful for once.
SRV-002709,EMP-02272,OFC-GUR,2026-03-05,POST_RESOLUTION,4,The new AI system is incredibly fast. Saves me a lot of time.
SRV-002710,EMP-02423,OFC-BOS,2026-03-05,POST_RESOLUTION,5,Great experience. The AI resolved my password issue in seconds.
SRV-002711,EMP-10198,OFC-GUR,2026-03-05,POST_RESOLUTION,4,Self-service articles were actually helpful for once.
SRV-002712,EMP-09014,OFC-GUR,2026-03-05,POST_RESOLUTION,4,Smooth transition. No complaints.
SRV-002713,EMP-07215,OFC-GUR,2026-03-05,POST_RESOLUTION,4,Great experience. The AI resolved my password issue in seconds.
SRV-002714,EMP-06529,OFC-NYC,2026-03-05,POST_RESOLUTION,5,Self-service articles were actually helpful for once.
SRV-002715,EMP-08496,OFC-BOS,2026-03-05,POST_RESOLUTION,3,"AI is decent, but didn't fully understand my specific network issue."
SRV-002716,EMP-02244,OFC-GUR,2026-03-05,POST_RESOLUTION,3,"Worked fine, but I prefer emailing a real person."
SRV-002717,EMP-09389,OFC-BOS,2026-03-05,POST_RESOLUTION,4,Great experience. The AI resolved my password issue in seconds.
SRV-002718,EMP-03009,OFC-LON,2026-03-05,POST_RESOLUTION,4,Smooth transition. No complaints.
SRV-002719,EMP-06846,OFC-BOS,2026-03-05,POST_RESOLUTION,5,"Very intuitive workflow, much better than the legacy portal."
SRV-002720,EMP-01181,OFC-BOS,2026-03-05,POST_RESOLUTION,4,Self-service articles were actually helpful for once.
SRV-002721,EMP-06921,OFC-SIN,2026-03-05,POST_RESOLUTION,2,Keeps freezing. The latency makes it unusable.
SRV-002722,EMP-04878,OFC-LON,2026-03-05,POST_RESOLUTION,3,Standard IT portal. Nothing special.
SRV-002723,EMP-06889,OFC-LON,2026-03-05,POST_RESOLUTION,5,Great experience. The AI resolved my password issue in seconds.
SRV-002724,EMP-05170,OFC-BOS,2026-03-05,POST_RESOLUTION,5,Self-service articles were actually helpful for once.
SRV-002725,EMP-05108,OFC-SIN,2026-03-05,POST_RESOLUTION,1,I don't know how to use this. We need more training on the AI portal.
SRV-002726,EMP-03755,OFC-NYC,2026-03-05,POST_RESOLUTION,3,"AI is decent, but didn't fully understand my specific network issue."
SRV-002727,EMP-01066,OFC-BOS,2026-03-05,POST_RESOLUTION,4,Self-service articles were actually helpful for once.
SRV-002728,EMP-02499,OFC-SIN,2026-03-05,POST_RESOLUTION,2,Keeps freezing. The latency makes it unusable.
SRV-002729,EMP-09634,OFC-NYC,2026-03-05,POST_RESOLUTION,4,Great experience. The AI resolved my password issue in seconds.
SRV-002730,EMP-03175,OFC-GUR,2026-03-05,POST_RESOLUTION,4,Smooth transition. No complaints.
SRV-002731,EMP-03183,OFC-NYC,2026-03-05,POST_RESOLUTION,3,Standard IT portal. Nothing special.
SRV-002732,EMP-06427,OFC-BOS,2026-03-05,POST_RESOLUTION,4,Self-service articles were actually helpful for once.
SRV-002733,EMP-10456,OFC-NYC,2026-03-05,POST_RESOLUTION,3,"AI is decent, but didn't fully understand my specific network issue."
SRV-002734,EMP-02038,OFC-BOS,2026-03-05,POST_RESOLUTION,5,Self-service articles were actually helpful for once.
SRV-002735,EMP-09453,OFC-NYC,2026-03-05,POST_RESOLUTION,5,Great experience. The AI resolved my password issue in seconds.
SRV-002736,EMP-04986,OFC-BOS,2026-03-05,POST_RESOLUTION,5,Self-service articles were actually helpful for once.
SRV-002737,EMP-07590,OFC-LON,2026-03-05,POST_RESOLUTION,3,It's okay. Takes some getting used to.
SRV-002738,EMP-04209,OFC-LON,2026-03-05,POST_RESOLUTION,4,Smooth transition. No complaints.
SRV-002739,EMP-01667,OFC-BOS,2026-03-05,POST_RESOLUTION,5,"Very intuitive workflow, much better than the legacy portal."
SRV-002740,EMP-10347,OFC-SIN,2026-03-05,POST_RESOLUTION,1,Confusing interface. I just want to submit an email ticket.
SRV-002741,EMP-03533,OFC-BOS,2026-03-05,POST_RESOLUTION,5,Smooth transition. No complaints.
SRV-002742,EMP-09172,OFC-LON,2026-03-05,POST_RESOLUTION,4,"Very intuitive workflow, much better than the legacy portal."
SRV-002743,EMP-03272,OFC-LON,2026-03-05,POST_RESOLUTION,5,Smooth transition. No complaints.
SRV-002744,EMP-03723,OFC-LON,2026-03-05,POST_RESOLUTION,3,It's okay. Takes some getting used to.
SRV-002745,EMP-08678,OFC-BOS,2026-03-05,POST_RESOLUTION,4,Great experience. The AI resolved my password issue in seconds.
SRV-002746,EMP-05160,OFC-LON,2026-03-05,POST_RESOLUTION,5,"Very intuitive workflow, much better than the legacy portal."
SRV-002747,EMP-05881,OFC-LON,2026-03-05,POST_RESOLUTION,5,Great experience. The AI resolved my password issue in seconds.
SRV-002748,EMP-09730,OFC-BOS,2026-03-05,POST_RESOLUTION,4,Self-service articles were actually helpful for once.
SRV-002749,EMP-04836,OFC-SIN,2026-03-05,POST_RESOLUTION,1,System is way too slow. Massive latency when loading the dashboard.
SRV-002750,EMP-10286,OFC-LON,2026-03-05,POST_RESOLUTION,5,Great experience. The AI resolved my password issue in seconds.
SRV-002751,EMP-06420,OFC-BOS,2026-03-05,POST_RESOLUTION,3,"AI is decent, but didn't fully understand my specific network issue."
SRV-002752,EMP-03875,OFC-LON,2026-03-05,POST_RESOLUTION,5,"Very intuitive workflow, much better than the legacy portal."
SRV-002753,EMP-10728,OFC-BOS,2026-03-05,POST_RESOLUTION,4,Self-service articles were actually helpful for once.
SRV-002754,EMP-02161,OFC-BOS,2026-03-05,POST_RESOLUTION,5,"Very intuitive workflow, much better than the legacy portal."
SRV-002755,EMP-03459,OFC-NYC,2026-03-05,POST_RESOLUTION,4,Self-service articles were actually helpful for once.
SRV-002756,EMP-10555,OFC-GUR,2026-03-05,POST_RESOLUTION,5,"Very intuitive workflow, much better than the legacy portal."
SRV-002757,EMP-04263,OFC-BOS,2026-03-05,POST_RESOLUTION,4,Great experience. The AI resolved my password issue in seconds.
SRV-002758,EMP-10170,OFC-NYC,2026-03-05,POST_RESOLUTION,5,Great experience. The AI resolved my password issue in seconds.
SRV-002759,EMP-04386,OFC-BOS,2026-03-05,POST_RESOLUTION,4,The new AI system is incredibly fast. Saves me a lot of time.
SRV-002760,EMP-06850,OFC-BOS,2026-03-05,POST_RESOLUTION,4,Great experience. The AI resolved my password issue in seconds.
SRV-002761,EMP-09262,OFC-GUR,2026-03-05,POST_RESOLUTION,5,Smooth transition. No complaints.
SRV-002762,EMP-06153,OFC-GUR,2026-03-05,POST_RESOLUTION,3,"AI is decent, but didn't fully understand my specific network issue."
SRV-002763,EMP-01056,OFC-BOS,2026-03-05,POST_RESOLUTION,5,Smooth transition. No complaints.
SRV-002764,EMP-05776,OFC-BOS,2026-03-05,POST_RESOLUTION,4,Great experience. The AI resolved my password issue in seconds.
SRV-002765,EMP-05577,OFC-BOS,2026-03-05,POST_RESOLUTION,4,Smooth transition. No complaints.
SRV-002766,EMP-10939,OFC-GUR,2026-03-05,POST_RESOLUTION,4,Smooth transition. No complaints.
SRV-002767,EMP-10560,OFC-GUR,2026-03-05,POST_RESOLUTION,4,Great experience. The AI resolved my password issue in seconds.
SRV-002768,EMP-09608,OFC-LON,2026-03-05,POST_RESOLUTION,3,It's okay. Takes some getting used to.
SRV-002769,EMP-02642,OFC-LON,2026-03-05,POST_RESOLUTION,3,"Worked fine, but I prefer emailing a real person."
SRV-002770,EMP-07987,OFC-LON,2026-03-05,POST_RESOLUTION,4,Smooth transition. No complaints.
SRV-002771,EMP-07203,OFC-GUR,2026-03-05,POST_RESOLUTION,4,Smooth transition. No complaints.
SRV-002772,EMP-01252,OFC-SIN,2026-03-05,POST_RESOLUTION,2,System is way too slow. Massive latency when loading the dashboard.
SRV-002773,EMP-03804,OFC-LON,2026-03-05,POST_RESOLUTION,5,The new AI system is incredibly fast. Saves me a lot of time.
SRV-002774,EMP-04234,OFC-NYC,2026-03-05,POST_RESOLUTION,4,"Very intuitive workflow, much better than the legacy portal."
SRV-002775,EMP-07848,OFC-LON,2026-03-05,POST_RESOLUTION,4,Self-service articles were actually helpful for once.
SRV-002776,EMP-03917,OFC-GUR,2026-03-05,POST_RESOLUTION,4,"Very intuitive workflow, much better than the legacy portal."
SRV-002777,EMP-04111,OFC-BOS,2026-03-05,POST_RESOLUTION,3,It's okay. Takes some getting used to.
SRV-002778,EMP-01460,OFC-BOS,2026-03-05,POST_RESOLUTION,5,Smooth transition. No complaints.
SRV-002779,EMP-04557,OFC-LON,2026-03-05,POST_RESOLUTION,3,"AI is decent, but didn't fully understand my specific network issue."
SRV-002780,EMP-09518,OFC-LON,2026-03-05,POST_RESOLUTION,4,Self-service articles were actually helpful for once.
SRV-002781,EMP-07539,OFC-LON,2026-03-05,POST_RESOLUTION,3,"AI is decent, but didn't fully understand my specific network issue."
SRV-002782,EMP-09992,OFC-NYC,2026-03-05,POST_RESOLUTION,4,The new AI system is incredibly fast. Saves me a lot of time.
SRV-002783,EMP-02612,OFC-LON,2026-03-05,POST_RESOLUTION,4,The new AI system is incredibly fast. Saves me a lot of time.
SRV-002784,EMP-09400,OFC-LON,2026-03-05,POST_RESOLUTION,3,It's okay. Takes some getting used to.
SRV-002785,EMP-07629,OFC-GUR,2026-03-05,POST_RESOLUTION,3,"Worked fine, but I prefer emailing a real person."
SRV-002786,EMP-02637,OFC-BOS,2026-03-05,POST_RESOLUTION,4,"Very intuitive workflow, much better than the legacy portal."
SRV-002787,EMP-02439,OFC-GUR,2026-03-05,POST_RESOLUTION,4,Smooth transition. No complaints.
SRV-002788,EMP-09585,OFC-LON,2026-03-05,POST_RESOLUTION,5,Smooth transition. No complaints.
SRV-002789,EMP-05464,OFC-GUR,2026-03-05,POST_RESOLUTION,3,Standard IT portal. Nothing special.
SRV-002790,EMP-04426,OFC-LON,2026-03-05,POST_RESOLUTION,3,"AI is decent, but didn't fully understand my specific network issue."
SRV-002791,EMP-01290,OFC-BOS,2026-03-05,POST_RESOLUTION,4,Self-service articles were actually helpful for once.
SRV-002792,EMP-07867,OFC-BOS,2026-03-05,POST_RESOLUTION,5,Great experience. The AI resolved my password issue in seconds.
SRV-002793,EMP-01561,OFC-BOS,2026-03-05,POST_RESOLUTION,4,Great experience. The AI resolved my password issue in seconds.
SRV-002794,EMP-03001,OFC-BOS,2026-03-05,POST_RESOLUTION,5,Smooth transition. No complaints.
SRV-002795,EMP-01968,OFC-LON,2026-03-05,POST_RESOLUTION,4,Smooth transition. No complaints.
SRV-002796,EMP-10607,OFC-LON,2026-03-05,POST_RESOLUTION,3,Standard IT portal. Nothing special.
SRV-002797,EMP-01133,OFC-NYC,2026-03-05,POST_RESOLUTION,5,Self-service articles were actually helpful for once.
SRV-002798,EMP-09647,OFC-BOS,2026-03-05,POST_RESOLUTION,3,It's okay. Takes some getting used to.
SRV-002799,EMP-09724,OFC-SIN,2026-03-05,POST_RESOLUTION,2,Stop forcing us to use the AI. It's too slow and I need human help.
SRV-002800,EMP-03102,OFC-BOS,2026-03-05,POST_RESOLUTION,5,The new AI system is incredibly fast. Saves me a lot of time.
SRV-002801,EMP-04011,OFC-NYC,2026-03-05,POST_RESOLUTION,4,Self-service articles were actually helpful for once.
SRV-002802,EMP-03450,OFC-NYC,2026-03-05,POST_RESOLUTION,3,"AI is decent, but didn't fully understand my specific network issue."
SRV-002803,EMP-09534,OFC-LON,2026-03-05,POST_RESOLUTION,4,The new AI system is incredibly fast. Saves me a lot of time.
SRV-002804,EMP-09271,OFC-BOS,2026-03-05,POST_RESOLUTION,5,The new AI system is incredibly fast. Saves me a lot of time.
SRV-002805,EMP-06714,OFC-GUR,2026-03-05,POST_RESOLUTION,5,"Very intuitive workflow, much better than the legacy portal."
SRV-002806,EMP-08015,OFC-SIN,2026-03-05,POST_RESOLUTION,2,Keeps freezing. The latency makes it unusable.
SRV-002807,EMP-05743,OFC-SIN,2026-03-05,POST_RESOLUTION,1,Keeps freezing. The latency makes it unusable.
SRV-002808,EMP-07808,OFC-NYC,2026-03-05,POST_RESOLUTION,4,Self-service articles were actually helpful for once.
SRV-002809,EMP-08687,OFC-NYC,2026-03-05,POST_RESOLUTION,5,Great experience. The AI resolved my password issue in seconds.
SRV-002810,EMP-01248,OFC-SIN,2026-03-05,POST_RESOLUTION,2,I don't know how to use this. We need more training on the AI portal.
SRV-002811,EMP-09900,OFC-NYC,2026-03-05,POST_RESOLUTION,3,"AI is decent, but didn't fully understand my specific network issue."
SRV-002812,EMP-03367,OFC-LON,2026-03-05,POST_RESOLUTION,4,Self-service articles were actually helpful for once.
SRV-002813,EMP-06614,OFC-NYC,2026-03-05,POST_RESOLUTION,5,Great experience. The AI resolved my password issue in seconds.
SRV-002814,EMP-07446,OFC-SIN,2026-03-05,POST_RESOLUTION,2,System is way too slow. Massive latency when loading the dashboard.
SRV-002815,EMP-10934,OFC-NYC,2026-03-05,POST_RESOLUTION,3,"AI is decent, but didn't fully understand my specific network issue."
SRV-002816,EMP-02041,OFC-GUR,2026-03-05,POST_RESOLUTION,4,Great experience. The AI resolved my password issue in seconds.
SRV-002817,EMP-09148,OFC-NYC,2026-03-05,POST_RESOLUTION,4,Self-service articles were actually helpful for once.
SRV-002818,EMP-03726,OFC-BOS,2026-03-05,POST_RESOLUTION,5,The new AI system is incredibly fast. Saves me a lot of time.
SRV-002819,EMP-10635,OFC-BOS,2026-03-05,POST_RESOLUTION,4,Self-service articles were actually helpful for once.
SRV-002820,EMP-08327,OFC-GUR,2026-03-05,POST_RESOLUTION,3,It's okay. Takes some getting used to.
SRV-002821,EMP-02693,OFC-BOS,2026-03-05,POST_RESOLUTION,5,The new AI system is incredibly fast. Saves me a lot of time.
SRV-002822,EMP-02062,OFC-GUR,2026-03-05,POST_RESOLUTION,5,The new AI system is incredibly fast. Saves me a lot of time.
SRV-002823,EMP-03311,OFC-SIN,2026-03-05,POST_RESOLUTION,1,Keeps freezing. The latency makes it unusable.
SRV-002824,EMP-07137,OFC-SIN,2026-03-05,POST_RESOLUTION,1,System is way too slow. Massive latency when loading the dashboard.
SRV-002825,EMP-01704,OFC-BOS,2026-03-05,POST_RESOLUTION,5,"Very intuitive workflow, much better than the legacy portal."
SRV-002826,EMP-06372,OFC-NYC,2026-03-05,POST_RESOLUTION,4,"Very intuitive workflow, much better than the legacy portal."
SRV-002827,EMP-08765,OFC-LON,2026-03-05,POST_RESOLUTION,5,Smooth transition. No complaints.
SRV-002828,EMP-06797,OFC-SIN,2026-03-05,POST_RESOLUTION,2,I don't know how to use this. We need more training on the AI portal.
SRV-002829,EMP-04631,OFC-BOS,2026-03-05,POST_RESOLUTION,4,Smooth transition. No complaints.
SRV-002830,EMP-06999,OFC-BOS,2026-03-05,POST_RESOLUTION,5,"Very intuitive workflow, much better than the legacy portal."
SRV-002831,EMP-03200,OFC-SIN,2026-03-05,POST_RESOLUTION,2,Keeps freezing. The latency makes it unusable.
SRV-002832,EMP-01197,OFC-SIN,2026-03-05,POST_RESOLUTION,1,Confusing interface. I just want to submit an email ticket.
SRV-002833,EMP-04898,OFC-LON,2026-03-05,POST_RESOLUTION,5,Great experience. The AI resolved my password issue in seconds.
SRV-002834,EMP-10262,OFC-GUR,2026-03-05,POST_RESOLUTION,5,Great experience. The AI resolved my password issue in seconds.
SRV-002835,EMP-07370,OFC-GUR,2026-03-05,POST_RESOLUTION,4,"Very intuitive workflow, much better than the legacy portal."
SRV-002836,EMP-08725,OFC-BOS,2026-03-05,POST_RESOLUTION,5,Great experience. The AI resolved my password issue in seconds.
SRV-002837,EMP-10443,OFC-NYC,2026-03-05,POST_RESOLUTION,3,Standard IT portal. Nothing special.
SRV-002838,EMP-06256,OFC-BOS,2026-03-05,POST_RESOLUTION,4,"Very intuitive workflow, much better than the legacy portal."
SRV-002839,EMP-07447,OFC-LON,2026-03-05,POST_RESOLUTION,3,"AI is decent, but didn't fully understand my specific network issue."
SRV-002840,EMP-08553,OFC-LON,2026-03-05,POST_RESOLUTION,4,Great experience. The AI resolved my password issue in seconds.
SRV-002841,EMP-03712,OFC-NYC,2026-03-05,POST_RESOLUTION,4,The new AI system is incredibly fast. Saves me a lot of time.
SRV-002842,EMP-07052,OFC-LON,2026-03-05,POST_RESOLUTION,5,Smooth transition. No complaints.
SRV-002843,EMP-02030,OFC-BOS,2026-03-05,POST_RESOLUTION,5,"Very intuitive workflow, much better than the legacy portal."
SRV-002844,EMP-09940,OFC-LON,2026-03-05,POST_RESOLUTION,3,"AI is decent, but didn't fully understand my specific network issue."
SRV-002845,EMP-09224,OFC-NYC,2026-03-05,POST_RESOLUTION,4,Smooth transition. No complaints.
SRV-002846,EMP-02634,OFC-SIN,2026-03-05,POST_RESOLUTION,2,Stop forcing us to use the AI. It's too slow and I need human help.
SRV-002847,EMP-04390,OFC-NYC,2026-03-05,POST_RESOLUTION,4,Great experience. The AI resolved my password issue in seconds.
SRV-002848,EMP-02035,OFC-GUR,2026-03-05,POST_RESOLUTION,4,The new AI system is incredibly fast. Saves me a lot of time.
SRV-002849,EMP-01412,OFC-SIN,2026-03-05,POST_RESOLUTION,2,I don't know how to use this. We need more training on the AI portal.
SRV-002850,EMP-09859,OFC-LON,2026-03-05,POST_RESOLUTION,4,"Very intuitive workflow, much better than the legacy portal."
SRV-002851,EMP-03782,OFC-SIN,2026-03-05,POST_RESOLUTION,3,Keeps freezing. The latency makes it unusable.
SRV-002852,EMP-02365,OFC-BOS,2026-03-05,POST_RESOLUTION,5,The new AI system is incredibly fast. Saves me a lot of time.
SRV-002853,EMP-04650,OFC-GUR,2026-03-05,POST_RESOLUTION,4,Smooth transition. No complaints.
SRV-002854,EMP-01797,OFC-LON,2026-03-05,POST_RESOLUTION,3,It's okay. Takes some getting used to.
SRV-002855,EMP-07753,OFC-BOS,2026-03-05,POST_RESOLUTION,5,Smooth transition. No complaints.
SRV-002856,EMP-10288,OFC-NYC,2026-03-05,POST_RESOLUTION,4,"Very intuitive workflow, much better than the legacy portal."
SRV-002857,EMP-08483,OFC-LON,2026-03-05,POST_RESOLUTION,5,Self-service articles were actually helpful for once.
SRV-002858,EMP-01679,OFC-SIN,2026-03-05,POST_RESOLUTION,1,Keeps freezing. The latency makes it unusable.
SRV-002859,EMP-03266,OFC-LON,2026-03-05,POST_RESOLUTION,5,"Very intuitive workflow, much better than the legacy portal."
SRV-002860,EMP-06855,OFC-GUR,2026-03-05,POST_RESOLUTION,4,Great experience. The AI resolved my password issue in seconds.
SRV-002861,EMP-06285,OFC-GUR,2026-03-05,POST_RESOLUTION,4,The new AI system is incredibly fast. Saves me a lot of time.
SRV-002862,EMP-08548,OFC-GUR,2026-03-05,POST_RESOLUTION,3,"Worked fine, but I prefer emailing a real person."
SRV-002863,EMP-08197,OFC-GUR,2026-03-05,POST_RESOLUTION,5,Great experience. The AI resolved my password issue in seconds.
SRV-002864,EMP-09676,OFC-BOS,2026-03-05,POST_RESOLUTION,3,"Worked fine, but I prefer emailing a real person."
SRV-002865,EMP-05728,OFC-GUR,2026-03-05,POST_RESOLUTION,3,"AI is decent, but didn't fully understand my specific network issue."
SRV-002866,EMP-09916,OFC-LON,2026-03-05,POST_RESOLUTION,4,Smooth transition. No complaints.
SRV-002867,EMP-08881,OFC-LON,2026-03-05,POST_RESOLUTION,3,"AI is decent, but didn't fully understand my specific network issue."
SRV-002868,EMP-03509,OFC-SIN,2026-03-05,POST_RESOLUTION,1,Confusing interface. I just want to submit an email ticket.
SRV-002869,EMP-05415,OFC-LON,2026-03-05,POST_RESOLUTION,5,The new AI system is incredibly fast. Saves me a lot of time.
SRV-002870,EMP-07069,OFC-BOS,2026-03-05,POST_RESOLUTION,5,Self-service articles were actually helpful for once.
SRV-002871,EMP-03974,OFC-NYC,2026-03-05,POST_RESOLUTION,3,"Worked fine, but I prefer emailing a real person."
SRV-002872,EMP-05461,OFC-LON,2026-03-05,POST_RESOLUTION,5,Great experience. The AI resolved my password issue in seconds.
SRV-002873,EMP-05523,OFC-LON,2026-03-05,POST_RESOLUTION,4,Smooth transition. No complaints.
SRV-002874,EMP-08657,OFC-GUR,2026-03-05,POST_RESOLUTION,5,"Very intuitive workflow, much better than the legacy portal."
SRV-002875,EMP-02747,OFC-NYC,2026-03-05,POST_RESOLUTION,3,"Worked fine, but I prefer emailing a real person."
SRV-002876,EMP-07936,OFC-NYC,2026-03-05,POST_RESOLUTION,3,It's okay. Takes some getting used to.
SRV-002877,EMP-09818,OFC-LON,2026-03-05,POST_RESOLUTION,5,"Very intuitive workflow, much better than the legacy portal."
SRV-002878,EMP-08521,OFC-LON,2026-03-05,POST_RESOLUTION,4,Self-service articles were actually helpful for once.
SRV-002879,EMP-04983,OFC-BOS,2026-03-05,POST_RESOLUTION,4,The new AI system is incredibly fast. Saves me a lot of time.
SRV-002880,EMP-07364,OFC-LON,2026-03-05,POST_RESOLUTION,4,"Very intuitive workflow, much better than the legacy portal."
SRV-002881,EMP-04277,OFC-LON,2026-03-05,POST_RESOLUTION,5,Self-service articles were actually helpful for once.
SRV-002882,EMP-09175,OFC-NYC,2026-03-05,POST_RESOLUTION,3,It's okay. Takes some getting used to.
SRV-002883,EMP-06223,OFC-NYC,2026-03-05,POST_RESOLUTION,4,"Very intuitive workflow, much better than the legacy portal."
SRV-002884,EMP-03335,OFC-NYC,2026-03-05,POST_RESOLUTION,4,Self-service articles were actually helpful for once.
SRV-002885,EMP-03898,OFC-NYC,2026-03-05,POST_RESOLUTION,4,"Very intuitive workflow, much better than the legacy portal."
SRV-002886,EMP-04915,OFC-NYC,2026-03-05,POST_RESOLUTION,4,Smooth transition. No complaints.
SRV-002887,EMP-05690,OFC-NYC,2026-03-05,POST_RESOLUTION,5,Great experience. The AI resolved my password issue in seconds.
SRV-002888,EMP-08591,OFC-GUR,2026-03-05,POST_RESOLUTION,4,Great experience. The AI resolved my password issue in seconds.
SRV-002889,EMP-07396,OFC-LON,2026-03-05,POST_RESOLUTION,4,Smooth transition. No complaints.
SRV-002890,EMP-10793,OFC-NYC,2026-03-05,POST_RESOLUTION,4,"Very intuitive workflow, much better than the legacy portal."
SRV-002891,EMP-05997,OFC-NYC,2026-03-05,POST_RESOLUTION,5,Smooth transition. No complaints.
SRV-002892,EMP-02918,OFC-NYC,2026-03-05,POST_RESOLUTION,4,Great experience. The AI resolved my password issue in seconds.
SRV-002893,EMP-08387,OFC-SIN,2026-03-05,POST_RESOLUTION,2,Stop forcing us to use the AI. It's too slow and I need human help.
SRV-002894,EMP-04727,OFC-BOS,2026-03-05,POST_RESOLUTION,4,"Very intuitive workflow, much better than the legacy portal."
SRV-002895,EMP-05236,OFC-BOS,2026-03-05,POST_RESOLUTION,5,Great experience. The AI resolved my password issue in seconds.
SRV-002896,EMP-07840,OFC-SIN,2026-03-05,POST_RESOLUTION,1,Confusing interface. I just want to submit an email ticket.
SRV-002897,EMP-05383,OFC-LON,2026-03-05,POST_RESOLUTION,4,"Very intuitive workflow, much better than the legacy portal."
SRV-002898,EMP-03768,OFC-LON,2026-03-05,POST_RESOLUTION,5,Smooth transition. No complaints.
SRV-002899,EMP-10340,OFC-GUR,2026-03-05,POST_RESOLUTION,5,"Very intuitive workflow, much better than the legacy portal."
SRV-002900,EMP-01821,OFC-BOS,2026-03-05,POST_RESOLUTION,4,Great experience. The AI resolved my password issue in seconds.
SRV-002901,EMP-09615,OFC-SIN,2026-03-05,POST_RESOLUTION,2,Keeps freezing. The latency makes it unusable.
SRV-002902,EMP-07128,OFC-BOS,2026-03-05,POST_RESOLUTION,4,"Very intuitive workflow, much better than the legacy portal."
SRV-002903,EMP-02409,OFC-SIN,2026-03-05,POST_RESOLUTION,3,I don't know how to use this. We need more training on the AI portal.
SRV-002904,EMP-08348,OFC-GUR,2026-03-05,POST_RESOLUTION,3,"Worked fine, but I prefer emailing a real person."
SRV-002905,EMP-07561,OFC-NYC,2026-03-05,POST_RESOLUTION,4,Great experience. The AI resolved my password issue in seconds.
SRV-002906,EMP-01218,OFC-LON,2026-03-05,POST_RESOLUTION,5,Smooth transition. No complaints.
SRV-002907,EMP-07304,OFC-NYC,2026-03-05,POST_RESOLUTION,4,The new AI system is incredibly fast. Saves me a lot of time.
SRV-002908,EMP-02430,OFC-LON,2026-03-05,POST_RESOLUTION,4,Self-service articles were actually helpful for once.
SRV-002909,EMP-04152,OFC-GUR,2026-03-05,POST_RESOLUTION,5,The new AI system is incredibly fast. Saves me a lot of time.
SRV-002910,EMP-02901,OFC-BOS,2026-03-05,POST_RESOLUTION,5,Great experience. The AI resolved my password issue in seconds.
SRV-002911,EMP-04998,OFC-LON,2026-03-05,POST_RESOLUTION,3,Standard IT portal. Nothing special.
SRV-002912,EMP-10710,OFC-BOS,2026-03-05,POST_RESOLUTION,3,Standard IT portal. Nothing special.
SRV-002913,EMP-01683,OFC-GUR,2026-03-05,POST_RESOLUTION,4,Great experience. The AI resolved my password issue in seconds.
SRV-002914,EMP-02917,OFC-LON,2026-03-05,POST_RESOLUTION,4,Smooth transition. No complaints.
SRV-002915,EMP-09862,OFC-SIN,2026-03-05,POST_RESOLUTION,2,Confusing interface. I just want to submit an email ticket.
SRV-002916,EMP-03557,OFC-NYC,2026-03-05,POST_RESOLUTION,4,Great experience. The AI resolved my password issue in seconds.
SRV-002917,EMP-02606,OFC-BOS,2026-03-05,POST_RESOLUTION,4,Great experience. The AI resolved my password issue in seconds.
SRV-002918,EMP-07552,OFC-LON,2026-03-05,POST_RESOLUTION,4,Great experience. The AI resolved my password issue in seconds.
SRV-002919,EMP-05847,OFC-BOS,2026-03-05,POST_RESOLUTION,4,Great experience. The AI resolved my password issue in seconds.
SRV-002920,EMP-05538,OFC-BOS,2026-03-05,POST_RESOLUTION,4,Great experience. The AI resolved my password issue in seconds.
SRV-002921,EMP-08488,OFC-LON,2026-03-05,POST_RESOLUTION,4,Great experience. The AI resolved my password issue in seconds.
SRV-002922,EMP-08382,OFC-SIN,2026-03-05,POST_RESOLUTION,2,I don't know how to use this. We need more training on the AI portal.
SRV-002923,EMP-07586,OFC-LON,2026-03-05,POST_RESOLUTION,4,The new AI system is incredibly fast. Saves me a lot of time.
SRV-002924,EMP-01017,OFC-LON,2026-03-05,POST_RESOLUTION,4,Smooth transition. No complaints.
SRV-002925,EMP-10643,OFC-BOS,2026-03-05,POST_RESOLUTION,4,The new AI system is incredibly fast. Saves me a lot of time.
SRV-002926,EMP-03045,OFC-GUR,2026-03-05,POST_RESOLUTION,5,"Very intuitive workflow, much better than the legacy portal."
SRV-002927,EMP-04624,OFC-BOS,2026-03-05,POST_RESOLUTION,3,"Worked fine, but I prefer emailing a real person."
SRV-002928,EMP-04678,OFC-GUR,2026-03-05,POST_RESOLUTION,4,The new AI system is incredibly fast. Saves me a lot of time.
SRV-002929,EMP-09460,OFC-SIN,2026-03-05,POST_RESOLUTION,1,Keeps freezing. The latency makes it unusable.
SRV-002930,EMP-05895,OFC-BOS,2026-03-05,POST_RESOLUTION,5,"Very intuitive workflow, much better than the legacy portal."
SRV-002931,EMP-05818,OFC-SIN,2026-03-05,POST_RESOLUTION,1,Confusing interface. I just want to submit an email ticket.
SRV-002932,EMP-04951,OFC-GUR,2026-03-05,POST_RESOLUTION,4,Self-service articles were actually helpful for once.
SRV-002933,EMP-01871,OFC-NYC,2026-03-05,POST_RESOLUTION,3,Standard IT portal. Nothing special.
SRV-002934,EMP-10856,OFC-BOS,2026-03-05,POST_RESOLUTION,3,"AI is decent, but didn't fully understand my specific network issue."
SRV-002935,EMP-06663,OFC-LON,2026-03-05,POST_RESOLUTION,4,Smooth transition. No complaints.
SRV-002936,EMP-10730,OFC-BOS,2026-03-05,POST_RESOLUTION,4,Great experience. The AI resolved my password issue in seconds.
SRV-002937,EMP-10132,OFC-LON,2026-03-05,POST_RESOLUTION,4,Smooth transition. No complaints.
SRV-002938,EMP-05823,OFC-NYC,2026-03-05,POST_RESOLUTION,5,Smooth transition. No complaints.
SRV-002939,EMP-10278,OFC-BOS,2026-03-05,POST_RESOLUTION,5,The new AI system is incredibly fast. Saves me a lot of time.
SRV-002940,EMP-03085,OFC-LON,2026-03-05,POST_RESOLUTION,3,It's okay. Takes some getting used to.
SRV-002941,EMP-01804,OFC-NYC,2026-03-05,POST_RESOLUTION,3,"Worked fine, but I prefer emailing a real person."
SRV-002942,EMP-03499,OFC-NYC,2026-03-05,POST_RESOLUTION,5,Smooth transition. No complaints.
SRV-002943,EMP-02814,OFC-BOS,2026-03-05,POST_RESOLUTION,4,Self-service articles were actually helpful for once.
SRV-002944,EMP-03402,OFC-NYC,2026-03-05,POST_RESOLUTION,5,Smooth transition. No complaints.
SRV-002945,EMP-08698,OFC-NYC,2026-03-05,POST_RESOLUTION,5,The new AI system is incredibly fast. Saves me a lot of time.
SRV-002946,EMP-10163,OFC-NYC,2026-03-05,POST_RESOLUTION,3,"AI is decent, but didn't fully understand my specific network issue."
SRV-002947,EMP-07381,OFC-LON,2026-03-05,POST_RESOLUTION,4,Smooth transition. No complaints.
SRV-002948,EMP-02765,OFC-NYC,2026-03-05,POST_RESOLUTION,3,Standard IT portal. Nothing special.
SRV-002949,EMP-09161,OFC-BOS,2026-03-05,POST_RESOLUTION,4,Great experience. The AI resolved my password issue in seconds.
SRV-002950,EMP-04914,OFC-SIN,2026-03-05,POST_RESOLUTION,3,System is way too slow. Massive latency when loading the dashboard.
SRV-002951,EMP-03532,OFC-NYC,2026-03-05,POST_RESOLUTION,4,"Very intuitive workflow, much better than the legacy portal."
SRV-002952,EMP-10341,OFC-LON,2026-03-05,POST_RESOLUTION,3,"Worked fine, but I prefer emailing a real person."
SRV-002953,EMP-10103,OFC-GUR,2026-03-05,POST_RESOLUTION,4,The new AI system is incredibly fast. Saves me a lot of time.
SRV-002954,EMP-07726,OFC-NYC,2026-03-05,POST_RESOLUTION,3,"AI is decent, but didn't fully understand my specific network issue."
SRV-002955,EMP-01496,OFC-LON,2026-03-05,POST_RESOLUTION,4,Self-service articles were actually helpful for once.
SRV-002956,EMP-10736,OFC-GUR,2026-03-05,POST_RESOLUTION,4,Self-service articles were actually helpful for once.
SRV-002957,EMP-06758,OFC-NYC,2026-03-05,POST_RESOLUTION,4,The new AI system is incredibly fast. Saves me a lot of time.
SRV-002958,EMP-01156,OFC-GUR,2026-03-05,POST_RESOLUTION,5,Great experience. The AI resolved my password issue in seconds.
SRV-002959,EMP-06463,OFC-NYC,2026-03-05,POST_RESOLUTION,4,The new AI system is incredibly fast. Saves me a lot of time.
SRV-002960,EMP-04799,OFC-LON,2026-03-05,POST_RESOLUTION,4,"Very intuitive workflow, much better than the legacy portal."
SRV-002961,EMP-04076,OFC-SIN,2026-03-05,POST_RESOLUTION,1,I don't know how to use this. We need more training on the AI portal.
SRV-002962,EMP-02170,OFC-LON,2026-03-05,POST_RESOLUTION,5,Smooth transition. No complaints.
SRV-002963,EMP-05964,OFC-LON,2026-03-05,POST_RESOLUTION,3,"Worked fine, but I prefer emailing a real person."
SRV-002964,EMP-02928,OFC-LON,2026-03-05,POST_RESOLUTION,3,"AI is decent, but didn't fully understand my specific network issue."
SRV-002965,EMP-08364,OFC-LON,2026-03-05,POST_RESOLUTION,3,Standard IT portal. Nothing special.
SRV-002966,EMP-06200,OFC-NYC,2026-03-05,POST_RESOLUTION,4,Smooth transition. No complaints.
SRV-002967,EMP-05822,OFC-NYC,2026-03-05,POST_RESOLUTION,5,"Very intuitive workflow, much better than the legacy portal."
SRV-002968,EMP-02753,OFC-BOS,2026-03-05,POST_RESOLUTION,4,"Very intuitive workflow, much better than the legacy portal."
SRV-002969,EMP-02843,OFC-LON,2026-03-05,POST_RESOLUTION,4,"Very intuitive workflow, much better than the legacy portal."
SRV-002970,EMP-07655,OFC-NYC,2026-03-05,POST_RESOLUTION,5,The new AI system is incredibly fast. Saves me a lot of time.
SRV-002971,EMP-03682,OFC-BOS,2026-03-05,POST_RESOLUTION,5,Smooth transition. No complaints.
SRV-002972,EMP-05766,OFC-SIN,2026-03-05,POST_RESOLUTION,1,Keeps freezing. The latency makes it unusable.
SRV-002973,EMP-02040,OFC-LON,2026-03-05,POST_RESOLUTION,4,Smooth transition. No complaints.
SRV-002974,EMP-06184,OFC-GUR,2026-03-05,POST_RESOLUTION,5,Self-service articles were actually helpful for once.
SRV-002975,EMP-03989,OFC-SIN,2026-03-05,POST_RESOLUTION,3,Confusing interface. I just want to submit an email ticket.
SRV-002976,EMP-01366,OFC-SIN,2026-03-05,POST_RESOLUTION,2,Confusing interface. I just want to submit an email ticket.
SRV-002977,EMP-09192,OFC-NYC,2026-03-05,POST_RESOLUTION,4,"Very intuitive workflow, much better than the legacy portal."
SRV-002978,EMP-09794,OFC-NYC,2026-03-05,POST_RESOLUTION,3,"Worked fine, but I prefer emailing a real person."
SRV-002979,EMP-09521,OFC-NYC,2026-03-05,POST_RESOLUTION,4,Self-service articles were actually helpful for once.
SRV-002980,EMP-04014,OFC-LON,2026-03-05,POST_RESOLUTION,3,"Worked fine, but I prefer emailing a real person."
SRV-002981,EMP-09644,OFC-LON,2026-03-05,POST_RESOLUTION,4,Smooth transition. No complaints.
SRV-002982,EMP-08806,OFC-GUR,2026-03-05,POST_RESOLUTION,4,Self-service articles were actually helpful for once.
SRV-002983,EMP-02921,OFC-BOS,2026-03-05,POST_RESOLUTION,4,Smooth transition. No complaints.
SRV-002984,EMP-02411,OFC-BOS,2026-03-05,POST_RESOLUTION,3,It's okay. Takes some getting used to.
SRV-002985,EMP-04542,OFC-BOS,2026-03-05,POST_RESOLUTION,3,Standard IT portal. Nothing special.
SRV-002986,EMP-05542,OFC-BOS,2026-03-05,POST_RESOLUTION,3,"AI is decent, but didn't fully understand my specific network issue."
SRV-002987,EMP-04388,OFC-BOS,2026-03-05,POST_RESOLUTION,4,The new AI system is incredibly fast. Saves me a lot of time.
SRV-002988,EMP-10359,OFC-GUR,2026-03-05,POST_RESOLUTION,5,Self-service articles were actually helpful for once.
SRV-002989,EMP-09066,OFC-LON,2026-03-05,POST_RESOLUTION,5,"Very intuitive workflow, much better than the legacy portal."
SRV-002990,EMP-01391,OFC-NYC,2026-03-05,POST_RESOLUTION,4,"Very intuitive workflow, much better than the legacy portal."
SRV-002991,EMP-03688,OFC-LON,2026-03-05,POST_RESOLUTION,5,"Very intuitive workflow, much better than the legacy portal."
SRV-002992,EMP-03897,OFC-NYC,2026-03-05,POST_RESOLUTION,4,"Very intuitive workflow, much better than the legacy portal."
SRV-002993,EMP-09709,OFC-GUR,2026-03-05,POST_RESOLUTION,5,Self-service articles were actually helpful for once.
SRV-002994,EMP-02715,OFC-SIN,2026-03-05,POST_RESOLUTION,1,I don't know how to use this. We need more training on the AI portal.
SRV-002995,EMP-01006,OFC-BOS,2026-03-05,POST_RESOLUTION,3,"AI is decent, but didn't fully understand my specific network issue."
SRV-002996,EMP-10982,OFC-NYC,2026-03-05,POST_RESOLUTION,3,"AI is decent, but didn't fully understand my specific network issue."
SRV-002997,EMP-10186,OFC-GUR,2026-03-05,POST_RESOLUTION,4,"Very intuitive workflow, much better than the legacy portal."
SRV-002998,EMP-02257,OFC-LON,2026-03-05,POST_RESOLUTION,3,"Worked fine, but I prefer emailing a real person."
SRV-002999,EMP-02821,OFC-BOS,2026-03-05,POST_RESOLUTION,5,Great experience. The AI resolved my password issue in seconds.
SRV-003000,EMP-10646,OFC-GUR,2026-03-05,POST_RESOLUTION,4,Great experience. The AI resolved my password issue in seconds.
SRV-003001,EMP-05815,OFC-SIN,2026-03-12,POST_RESOLUTION,1,Stop forcing us to use the AI. It's too slow and I need human help.
SRV-003002,EMP-10100,OFC-LON,2026-03-12,POST_RESOLUTION,3,It's okay. Takes some getting used to.
SRV-003003,EMP-10131,OFC-GUR,2026-03-12,POST_RESOLUTION,4,The new AI system is incredibly fast. Saves me a lot of time.
SRV-003004,EMP-09173,OFC-NYC,2026-03-12,POST_RESOLUTION,5,Great experience. The AI resolved my password issue in seconds.
SRV-003005,EMP-08891,OFC-LON,2026-03-12,POST_RESOLUTION,3,"Worked fine, but I prefer emailing a real person."
SRV-003006,EMP-05362,OFC-GUR,2026-03-12,POST_RESOLUTION,4,Self-service articles were actually helpful for once.
SRV-003007,EMP-03334,OFC-BOS,2026-03-12,POST_RESOLUTION,4,Great experience. The AI resolved my password issue in seconds.
SRV-003008,EMP-09184,OFC-NYC,2026-03-12,POST_RESOLUTION,3,"AI is decent, but didn't fully understand my specific network issue."
SRV-003009,EMP-07957,OFC-GUR,2026-03-12,POST_RESOLUTION,3,"Worked fine, but I prefer emailing a real person."
SRV-003010,EMP-02337,OFC-GUR,2026-03-12,POST_RESOLUTION,3,It's okay. Takes some getting used to.
SRV-003011,EMP-03346,OFC-GUR,2026-03-12,POST_RESOLUTION,4,The new AI system is incredibly fast. Saves me a lot of time.
SRV-003012,EMP-02072,OFC-BOS,2026-03-12,POST_RESOLUTION,4,Great experience. The AI resolved my password issue in seconds.
SRV-003013,EMP-03555,OFC-SIN,2026-03-12,POST_RESOLUTION,1,Keeps freezing. The latency makes it unusable.
SRV-003014,EMP-03058,OFC-GUR,2026-03-12,POST_RESOLUTION,4,The new AI system is incredibly fast. Saves me a lot of time.
SRV-003015,EMP-02025,OFC-LON,2026-03-12,POST_RESOLUTION,3,"AI is decent, but didn't fully understand my specific network issue."
SRV-003016,EMP-07188,OFC-BOS,2026-03-12,POST_RESOLUTION,4,"Very intuitive workflow, much better than the legacy portal."
SRV-003017,EMP-09396,OFC-LON,2026-03-12,POST_RESOLUTION,3,"AI is decent, but didn't fully understand my specific network issue."
SRV-003018,EMP-05749,OFC-GUR,2026-03-12,POST_RESOLUTION,4,"Very intuitive workflow, much better than the legacy portal."
SRV-003019,EMP-09963,OFC-BOS,2026-03-12,POST_RESOLUTION,4,Great experience. The AI resolved my password issue in seconds.
SRV-003020,EMP-07296,OFC-NYC,2026-03-12,POST_RESOLUTION,3,"Worked fine, but I prefer emailing a real person."
SRV-003021,EMP-08859,OFC-BOS,2026-03-12,POST_RESOLUTION,3,"Worked fine, but I prefer emailing a real person."
SRV-003022,EMP-07009,OFC-NYC,2026-03-12,POST_RESOLUTION,3,"Worked fine, but I prefer emailing a real person."
SRV-003023,EMP-09914,OFC-BOS,2026-03-12,POST_RESOLUTION,4,Self-service articles were actually helpful for once.
SRV-003024,EMP-02172,OFC-LON,2026-03-12,POST_RESOLUTION,5,Smooth transition. No complaints.
SRV-003025,EMP-01797,OFC-LON,2026-03-12,POST_RESOLUTION,5,Smooth transition. No complaints.
SRV-003026,EMP-03340,OFC-GUR,2026-03-12,POST_RESOLUTION,4,"Very intuitive workflow, much better than the legacy portal."
SRV-003027,EMP-02941,OFC-NYC,2026-03-12,POST_RESOLUTION,5,Smooth transition. No complaints.
SRV-003028,EMP-08402,OFC-LON,2026-03-12,POST_RESOLUTION,5,Great experience. The AI resolved my password issue in seconds.
SRV-003029,EMP-05606,OFC-GUR,2026-03-12,POST_RESOLUTION,4,Self-service articles were actually helpful for once.
SRV-003030,EMP-03830,OFC-LON,2026-03-12,POST_RESOLUTION,4,The new AI system is incredibly fast. Saves me a lot of time.
SRV-003031,EMP-06704,OFC-SIN,2026-03-12,POST_RESOLUTION,3,System is way too slow. Massive latency when loading the dashboard.
SRV-003032,EMP-04796,OFC-LON,2026-03-12,POST_RESOLUTION,4,The new AI system is incredibly fast. Saves me a lot of time.
SRV-003033,EMP-07797,OFC-NYC,2026-03-12,POST_RESOLUTION,4,Great experience. The AI resolved my password issue in seconds.
SRV-003034,EMP-06871,OFC-BOS,2026-03-12,POST_RESOLUTION,4,The new AI system is incredibly fast. Saves me a lot of time.
SRV-003035,EMP-08588,OFC-LON,2026-03-12,POST_RESOLUTION,5,The new AI system is incredibly fast. Saves me a lot of time.
SRV-003036,EMP-06077,OFC-BOS,2026-03-12,POST_RESOLUTION,4,"Very intuitive workflow, much better than the legacy portal."
SRV-003037,EMP-05250,OFC-NYC,2026-03-12,POST_RESOLUTION,3,"AI is decent, but didn't fully understand my specific network issue."
SRV-003038,EMP-04544,OFC-SIN,2026-03-12,POST_RESOLUTION,1,Stop forcing us to use the AI. It's too slow and I need human help.
SRV-003039,EMP-04871,OFC-BOS,2026-03-12,POST_RESOLUTION,4,The new AI system is incredibly fast. Saves me a lot of time.
SRV-003040,EMP-09289,OFC-LON,2026-03-12,POST_RESOLUTION,4,Great experience. The AI resolved my password issue in seconds.
SRV-003041,EMP-04899,OFC-GUR,2026-03-12,POST_RESOLUTION,4,"Very intuitive workflow, much better than the legacy portal."
SRV-003042,EMP-01087,OFC-LON,2026-03-12,POST_RESOLUTION,5,"Very intuitive workflow, much better than the legacy portal."
SRV-003043,EMP-02371,OFC-BOS,2026-03-12,POST_RESOLUTION,4,Self-service articles were actually helpful for once.
SRV-003044,EMP-04375,OFC-GUR,2026-03-12,POST_RESOLUTION,4,"Very intuitive workflow, much better than the legacy portal."
SRV-003045,EMP-05500,OFC-LON,2026-03-12,POST_RESOLUTION,4,Self-service articles were actually helpful for once.
SRV-003046,EMP-09824,OFC-SIN,2026-03-12,POST_RESOLUTION,2,System is way too slow. Massive latency when loading the dashboard.
SRV-003047,EMP-01738,OFC-NYC,2026-03-12,POST_RESOLUTION,4,Self-service articles were actually helpful for once.
SRV-003048,EMP-02863,OFC-LON,2026-03-12,POST_RESOLUTION,5,Self-service articles were actually helpful for once.
SRV-003049,EMP-01057,OFC-BOS,2026-03-12,POST_RESOLUTION,5,The new AI system is incredibly fast. Saves me a lot of time.
SRV-003050,EMP-04138,OFC-LON,2026-03-12,POST_RESOLUTION,4,Self-service articles were actually helpful for once.
SRV-003051,EMP-07946,OFC-BOS,2026-03-12,POST_RESOLUTION,3,Standard IT portal. Nothing special.
SRV-003052,EMP-04457,OFC-GUR,2026-03-12,POST_RESOLUTION,4,The new AI system is incredibly fast. Saves me a lot of time.
SRV-003053,EMP-03100,OFC-SIN,2026-03-12,POST_RESOLUTION,3,Stop forcing us to use the AI. It's too slow and I need human help.
SRV-003054,EMP-04513,OFC-GUR,2026-03-12,POST_RESOLUTION,4,Self-service articles were actually helpful for once.
SRV-003055,EMP-08342,OFC-GUR,2026-03-12,POST_RESOLUTION,5,"Very intuitive workflow, much better than the legacy portal."
SRV-003056,EMP-08002,OFC-GUR,2026-03-12,POST_RESOLUTION,4,Great experience. The AI resolved my password issue in seconds.
SRV-003057,EMP-04860,OFC-GUR,2026-03-12,POST_RESOLUTION,4,The new AI system is incredibly fast. Saves me a lot of time.
SRV-003058,EMP-07770,OFC-BOS,2026-03-12,POST_RESOLUTION,5,The new AI system is incredibly fast. Saves me a lot of time.
SRV-003059,EMP-10776,OFC-LON,2026-03-12,POST_RESOLUTION,4,The new AI system is incredibly fast. Saves me a lot of time.
SRV-003060,EMP-04683,OFC-BOS,2026-03-12,POST_RESOLUTION,5,"Very intuitive workflow, much better than the legacy portal."
SRV-003061,EMP-01560,OFC-GUR,2026-03-12,POST_RESOLUTION,4,Great experience. The AI resolved my password issue in seconds.
SRV-003062,EMP-06577,OFC-SIN,2026-03-12,POST_RESOLUTION,2,System is way too slow. Massive latency when loading the dashboard.
SRV-003063,EMP-06206,OFC-GUR,2026-03-12,POST_RESOLUTION,4,"Very intuitive workflow, much better than the legacy portal."
SRV-003064,EMP-02203,OFC-NYC,2026-03-12,POST_RESOLUTION,5,Smooth transition. No complaints.
SRV-003065,EMP-04083,OFC-LON,2026-03-12,POST_RESOLUTION,4,"Very intuitive workflow, much better than the legacy portal."
SRV-003066,EMP-01458,OFC-BOS,2026-03-12,POST_RESOLUTION,4,Smooth transition. No complaints.
SRV-003067,EMP-05831,OFC-GUR,2026-03-12,POST_RESOLUTION,3,"AI is decent, but didn't fully understand my specific network issue."
SRV-003068,EMP-07868,OFC-LON,2026-03-12,POST_RESOLUTION,3,It's okay. Takes some getting used to.
SRV-003069,EMP-06662,OFC-GUR,2026-03-12,POST_RESOLUTION,4,The new AI system is incredibly fast. Saves me a lot of time.
SRV-003070,EMP-07262,OFC-BOS,2026-03-12,POST_RESOLUTION,4,Self-service articles were actually helpful for once.
SRV-003071,EMP-10040,OFC-BOS,2026-03-12,POST_RESOLUTION,3,It's okay. Takes some getting used to.
SRV-003072,EMP-04163,OFC-LON,2026-03-12,POST_RESOLUTION,4,Great experience. The AI resolved my password issue in seconds.
SRV-003073,EMP-09704,OFC-NYC,2026-03-12,POST_RESOLUTION,5,"Very intuitive workflow, much better than the legacy portal."
SRV-003074,EMP-04380,OFC-NYC,2026-03-12,POST_RESOLUTION,4,Great experience. The AI resolved my password issue in seconds.
SRV-003075,EMP-09895,OFC-BOS,2026-03-12,POST_RESOLUTION,4,The new AI system is incredibly fast. Saves me a lot of time.
SRV-003076,EMP-08159,OFC-LON,2026-03-12,POST_RESOLUTION,4,"Very intuitive workflow, much better than the legacy portal."
SRV-003077,EMP-10944,OFC-NYC,2026-03-12,POST_RESOLUTION,4,Great experience. The AI resolved my password issue in seconds.
SRV-003078,EMP-02983,OFC-LON,2026-03-12,POST_RESOLUTION,4,The new AI system is incredibly fast. Saves me a lot of time.
SRV-003079,EMP-08905,OFC-SIN,2026-03-12,POST_RESOLUTION,3,System is way too slow. Massive latency when loading the dashboard.
SRV-003080,EMP-02533,OFC-NYC,2026-03-12,POST_RESOLUTION,5,The new AI system is incredibly fast. Saves me a lot of time.
SRV-003081,EMP-09764,OFC-BOS,2026-03-12,POST_RESOLUTION,5,Self-service articles were actually helpful for once.
SRV-003082,EMP-10421,OFC-LON,2026-03-12,POST_RESOLUTION,3,"Worked fine, but I prefer emailing a real person."
SRV-003083,EMP-07802,OFC-BOS,2026-03-12,POST_RESOLUTION,4,Self-service articles were actually helpful for once.
SRV-003084,EMP-04936,OFC-NYC,2026-03-12,POST_RESOLUTION,4,"Very intuitive workflow, much better than the legacy portal."
SRV-003085,EMP-06235,OFC-BOS,2026-03-12,POST_RESOLUTION,5,Great experience. The AI resolved my password issue in seconds.
SRV-003086,EMP-10727,OFC-BOS,2026-03-12,POST_RESOLUTION,5,"Very intuitive workflow, much better than the legacy portal."
SRV-003087,EMP-05925,OFC-NYC,2026-03-12,POST_RESOLUTION,5,"Very intuitive workflow, much better than the legacy portal."
SRV-003088,EMP-06045,OFC-LON,2026-03-12,POST_RESOLUTION,4,The new AI system is incredibly fast. Saves me a lot of time.
SRV-003089,EMP-04562,OFC-BOS,2026-03-12,POST_RESOLUTION,4,Smooth transition. No complaints.
SRV-003090,EMP-05724,OFC-BOS,2026-03-12,POST_RESOLUTION,4,Smooth transition. No complaints.
SRV-003091,EMP-05131,OFC-BOS,2026-03-12,POST_RESOLUTION,4,The new AI system is incredibly fast. Saves me a lot of time.
SRV-003092,EMP-03099,OFC-NYC,2026-03-12,POST_RESOLUTION,5,Smooth transition. No complaints.
SRV-003093,EMP-06111,OFC-SIN,2026-03-12,POST_RESOLUTION,1,I don't know how to use this. We need more training on the AI portal.
SRV-003094,EMP-10120,OFC-SIN,2026-03-12,POST_RESOLUTION,3,Stop forcing us to use the AI. It's too slow and I need human help.
SRV-003095,EMP-01609,OFC-GUR,2026-03-12,POST_RESOLUTION,5,Self-service articles were actually helpful for once.
SRV-003096,EMP-10300,OFC-NYC,2026-03-12,POST_RESOLUTION,4,"Very intuitive workflow, much better than the legacy portal."
SRV-003097,EMP-03143,OFC-NYC,2026-03-12,POST_RESOLUTION,5,"Very intuitive workflow, much better than the legacy portal."
SRV-003098,EMP-04667,OFC-BOS,2026-03-12,POST_RESOLUTION,5,Great experience. The AI resolved my password issue in seconds.
SRV-003099,EMP-10686,OFC-NYC,2026-03-12,POST_RESOLUTION,4,Smooth transition. No complaints.
SRV-003100,EMP-01593,OFC-NYC,2026-03-12,POST_RESOLUTION,5,Great experience. The AI resolved my password issue in seconds.
SRV-003101,EMP-05393,OFC-BOS,2026-03-12,POST_RESOLUTION,3,Standard IT portal. Nothing special.
SRV-003102,EMP-03085,OFC-LON,2026-03-12,POST_RESOLUTION,4,The new AI system is incredibly fast. Saves me a lot of time.
SRV-003103,EMP-04938,OFC-BOS,2026-03-12,POST_RESOLUTION,4,The new AI system is incredibly fast. Saves me a lot of time.
SRV-003104,EMP-05887,OFC-GUR,2026-03-12,POST_RESOLUTION,3,Standard IT portal. Nothing special.
SRV-003105,EMP-02266,OFC-NYC,2026-03-12,POST_RESOLUTION,5,The new AI system is incredibly fast. Saves me a lot of time.
SRV-003106,EMP-08254,OFC-NYC,2026-03-12,POST_RESOLUTION,4,Smooth transition. No complaints.
SRV-003107,EMP-07602,OFC-NYC,2026-03-12,POST_RESOLUTION,4,Great experience. The AI resolved my password issue in seconds.
SRV-003108,EMP-09658,OFC-BOS,2026-03-12,POST_RESOLUTION,4,Self-service articles were actually helpful for once.
SRV-003109,EMP-05650,OFC-BOS,2026-03-12,POST_RESOLUTION,4,Great experience. The AI resolved my password issue in seconds.
SRV-003110,EMP-03384,OFC-NYC,2026-03-12,POST_RESOLUTION,4,Self-service articles were actually helpful for once.
SRV-003111,EMP-06908,OFC-BOS,2026-03-12,POST_RESOLUTION,5,"Very intuitive workflow, much better than the legacy portal."
SRV-003112,EMP-07177,OFC-BOS,2026-03-12,POST_RESOLUTION,5,"Very intuitive workflow, much better than the legacy portal."
SRV-003113,EMP-10360,OFC-LON,2026-03-12,POST_RESOLUTION,4,Self-service articles were actually helpful for once.
SRV-003114,EMP-07872,OFC-LON,2026-03-12,POST_RESOLUTION,5,The new AI system is incredibly fast. Saves me a lot of time.
SRV-003115,EMP-02632,OFC-GUR,2026-03-12,POST_RESOLUTION,4,"Very intuitive workflow, much better than the legacy portal."
SRV-003116,EMP-10932,OFC-BOS,2026-03-12,POST_RESOLUTION,5,Smooth transition. No complaints.
SRV-003117,EMP-04043,OFC-NYC,2026-03-12,POST_RESOLUTION,4,Smooth transition. No complaints.
SRV-003118,EMP-09637,OFC-LON,2026-03-12,POST_RESOLUTION,4,Smooth transition. No complaints.
SRV-003119,EMP-03179,OFC-LON,2026-03-12,POST_RESOLUTION,5,Smooth transition. No complaints.
SRV-003120,EMP-10679,OFC-NYC,2026-03-12,POST_RESOLUTION,4,Self-service articles were actually helpful for once.
SRV-003121,EMP-02538,OFC-BOS,2026-03-12,POST_RESOLUTION,5,The new AI system is incredibly fast. Saves me a lot of time.
SRV-003122,EMP-06335,OFC-SIN,2026-03-12,POST_RESOLUTION,2,Keeps freezing. The latency makes it unusable.
SRV-003123,EMP-09035,OFC-BOS,2026-03-12,POST_RESOLUTION,4,"Very intuitive workflow, much better than the legacy portal."
SRV-003124,EMP-04789,OFC-SIN,2026-03-12,POST_RESOLUTION,1,Confusing interface. I just want to submit an email ticket.
SRV-003125,EMP-08419,OFC-GUR,2026-03-12,POST_RESOLUTION,5,Smooth transition. No complaints.
SRV-003126,EMP-04509,OFC-BOS,2026-03-12,POST_RESOLUTION,3,Standard IT portal. Nothing special.
SRV-003127,EMP-02435,OFC-BOS,2026-03-12,POST_RESOLUTION,5,Great experience. The AI resolved my password issue in seconds.
SRV-003128,EMP-10236,OFC-BOS,2026-03-12,POST_RESOLUTION,4,Self-service articles were actually helpful for once.
SRV-003129,EMP-10004,OFC-LON,2026-03-12,POST_RESOLUTION,5,The new AI system is incredibly fast. Saves me a lot of time.
SRV-003130,EMP-10856,OFC-BOS,2026-03-12,POST_RESOLUTION,4,"Very intuitive workflow, much better than the legacy portal."
SRV-003131,EMP-01000,OFC-NYC,2026-03-12,POST_RESOLUTION,4,Great experience. The AI resolved my password issue in seconds.
SRV-003132,EMP-09284,OFC-LON,2026-03-12,POST_RESOLUTION,3,"AI is decent, but didn't fully understand my specific network issue."
SRV-003133,EMP-02360,OFC-SIN,2026-03-12,POST_RESOLUTION,3,System is way too slow. Massive latency when loading the dashboard.
SRV-003134,EMP-05160,OFC-LON,2026-03-12,POST_RESOLUTION,3,Standard IT portal. Nothing special.
SRV-003135,EMP-06426,OFC-SIN,2026-03-12,POST_RESOLUTION,1,Stop forcing us to use the AI. It's too slow and I need human help.
SRV-003136,EMP-08983,OFC-BOS,2026-03-12,POST_RESOLUTION,4,Smooth transition. No complaints.
SRV-003137,EMP-06034,OFC-BOS,2026-03-12,POST_RESOLUTION,5,The new AI system is incredibly fast. Saves me a lot of time.
SRV-003138,EMP-08291,OFC-BOS,2026-03-12,POST_RESOLUTION,4,Smooth transition. No complaints.
SRV-003139,EMP-05080,OFC-GUR,2026-03-12,POST_RESOLUTION,3,It's okay. Takes some getting used to.
SRV-003140,EMP-02105,OFC-BOS,2026-03-12,POST_RESOLUTION,4,Self-service articles were actually helpful for once.
SRV-003141,EMP-02089,OFC-BOS,2026-03-12,POST_RESOLUTION,4,Self-service articles were actually helpful for once.
SRV-003142,EMP-05737,OFC-NYC,2026-03-12,POST_RESOLUTION,3,Standard IT portal. Nothing special.
SRV-003143,EMP-01116,OFC-GUR,2026-03-12,POST_RESOLUTION,4,Great experience. The AI resolved my password issue in seconds.
SRV-003144,EMP-07191,OFC-LON,2026-03-12,POST_RESOLUTION,4,Smooth transition. No complaints.
SRV-003145,EMP-07082,OFC-NYC,2026-03-12,POST_RESOLUTION,4,Great experience. The AI resolved my password issue in seconds.
SRV-003146,EMP-06510,OFC-BOS,2026-03-12,POST_RESOLUTION,3,"Worked fine, but I prefer emailing a real person."
SRV-003147,EMP-09237,OFC-GUR,2026-03-12,POST_RESOLUTION,4,Smooth transition. No complaints.
SRV-003148,EMP-09491,OFC-BOS,2026-03-12,POST_RESOLUTION,5,"Very intuitive workflow, much better than the legacy portal."
SRV-003149,EMP-06106,OFC-NYC,2026-03-12,POST_RESOLUTION,5,Great experience. The AI resolved my password issue in seconds.
SRV-003150,EMP-01111,OFC-BOS,2026-03-12,POST_RESOLUTION,3,It's okay. Takes some getting used to.
SRV-003151,EMP-04874,OFC-BOS,2026-03-12,POST_RESOLUTION,5,The new AI system is incredibly fast. Saves me a lot of time.
SRV-003152,EMP-06804,OFC-NYC,2026-03-12,POST_RESOLUTION,3,It's okay. Takes some getting used to.
SRV-003153,EMP-04882,OFC-SIN,2026-03-12,POST_RESOLUTION,2,System is way too slow. Massive latency when loading the dashboard.
SRV-003154,EMP-01341,OFC-LON,2026-03-12,POST_RESOLUTION,5,Self-service articles were actually helpful for once.
SRV-003155,EMP-04795,OFC-GUR,2026-03-12,POST_RESOLUTION,4,"Very intuitive workflow, much better than the legacy portal."
SRV-003156,EMP-08912,OFC-LON,2026-03-12,POST_RESOLUTION,4,The new AI system is incredibly fast. Saves me a lot of time.
SRV-003157,EMP-03115,OFC-BOS,2026-03-12,POST_RESOLUTION,5,The new AI system is incredibly fast. Saves me a lot of time.
SRV-003158,EMP-06162,OFC-NYC,2026-03-12,POST_RESOLUTION,3,"AI is decent, but didn't fully understand my specific network issue."
SRV-003159,EMP-10610,OFC-GUR,2026-03-12,POST_RESOLUTION,3,"Worked fine, but I prefer emailing a real person."
SRV-003160,EMP-01099,OFC-BOS,2026-03-12,POST_RESOLUTION,5,Smooth transition. No complaints.
SRV-003161,EMP-10883,OFC-SIN,2026-03-12,POST_RESOLUTION,3,Stop forcing us to use the AI. It's too slow and I need human help.
SRV-003162,EMP-02253,OFC-BOS,2026-03-12,POST_RESOLUTION,4,Great experience. The AI resolved my password issue in seconds.
SRV-003163,EMP-08407,OFC-SIN,2026-03-12,POST_RESOLUTION,2,Stop forcing us to use the AI. It's too slow and I need human help.
SRV-003164,EMP-09393,OFC-GUR,2026-03-12,POST_RESOLUTION,3,It's okay. Takes some getting used to.
SRV-003165,EMP-03968,OFC-SIN,2026-03-12,POST_RESOLUTION,3,Confusing interface. I just want to submit an email ticket.
SRV-003166,EMP-01342,OFC-BOS,2026-03-12,POST_RESOLUTION,4,Smooth transition. No complaints.
SRV-003167,EMP-03743,OFC-BOS,2026-03-12,POST_RESOLUTION,4,Smooth transition. No complaints.
SRV-003168,EMP-09288,OFC-BOS,2026-03-12,POST_RESOLUTION,3,Standard IT portal. Nothing special.
SRV-003169,EMP-01080,OFC-SIN,2026-03-12,POST_RESOLUTION,2,Keeps freezing. The latency makes it unusable.
SRV-003170,EMP-09021,OFC-GUR,2026-03-12,POST_RESOLUTION,4,The new AI system is incredibly fast. Saves me a lot of time.
SRV-003171,EMP-07660,OFC-LON,2026-03-12,POST_RESOLUTION,4,Self-service articles were actually helpful for once.
SRV-003172,EMP-05802,OFC-SIN,2026-03-12,POST_RESOLUTION,3,System is way too slow. Massive latency when loading the dashboard.
SRV-003173,EMP-07179,OFC-NYC,2026-03-12,POST_RESOLUTION,4,Smooth transition. No complaints.
SRV-003174,EMP-06594,OFC-NYC,2026-03-12,POST_RESOLUTION,5,"Very intuitive workflow, much better than the legacy portal."
SRV-003175,EMP-06925,OFC-GUR,2026-03-12,POST_RESOLUTION,5,"Very intuitive workflow, much better than the legacy portal."
SRV-003176,EMP-03575,OFC-LON,2026-03-12,POST_RESOLUTION,5,Smooth transition. No complaints.
SRV-003177,EMP-07690,OFC-GUR,2026-03-12,POST_RESOLUTION,4,Self-service articles were actually helpful for once.
SRV-003178,EMP-06738,OFC-BOS,2026-03-12,POST_RESOLUTION,4,Great experience. The AI resolved my password issue in seconds.
SRV-003179,EMP-04955,OFC-SIN,2026-03-12,POST_RESOLUTION,1,Confusing interface. I just want to submit an email ticket.
SRV-003180,EMP-08006,OFC-LON,2026-03-12,POST_RESOLUTION,5,The new AI system is incredibly fast. Saves me a lot of time.
SRV-003181,EMP-01566,OFC-NYC,2026-03-12,POST_RESOLUTION,4,Self-service articles were actually helpful for once.
SRV-003182,EMP-07026,OFC-SIN,2026-03-12,POST_RESOLUTION,1,Stop forcing us to use the AI. It's too slow and I need human help.
SRV-003183,EMP-10638,OFC-NYC,2026-03-12,POST_RESOLUTION,4,"Very intuitive workflow, much better than the legacy portal."
SRV-003184,EMP-02682,OFC-LON,2026-03-12,POST_RESOLUTION,5,The new AI system is incredibly fast. Saves me a lot of time.
SRV-003185,EMP-08516,OFC-NYC,2026-03-12,POST_RESOLUTION,5,"Very intuitive workflow, much better than the legacy portal."
SRV-003186,EMP-08106,OFC-BOS,2026-03-12,POST_RESOLUTION,4,The new AI system is incredibly fast. Saves me a lot of time.
SRV-003187,EMP-09949,OFC-LON,2026-03-12,POST_RESOLUTION,4,Great experience. The AI resolved my password issue in seconds.
SRV-003188,EMP-10942,OFC-BOS,2026-03-12,POST_RESOLUTION,4,The new AI system is incredibly fast. Saves me a lot of time.
SRV-003189,EMP-01740,OFC-LON,2026-03-12,POST_RESOLUTION,4,Great experience. The AI resolved my password issue in seconds.
SRV-003190,EMP-09732,OFC-NYC,2026-03-12,POST_RESOLUTION,4,Smooth transition. No complaints.
SRV-003191,EMP-09654,OFC-NYC,2026-03-12,POST_RESOLUTION,4,Smooth transition. No complaints.
SRV-003192,EMP-09843,OFC-SIN,2026-03-12,POST_RESOLUTION,1,System is way too slow. Massive latency when loading the dashboard.
SRV-003193,EMP-10565,OFC-NYC,2026-03-12,POST_RESOLUTION,3,"Worked fine, but I prefer emailing a real person."
SRV-003194,EMP-02461,OFC-GUR,2026-03-12,POST_RESOLUTION,4,"Very intuitive workflow, much better than the legacy portal."
SRV-003195,EMP-04451,OFC-GUR,2026-03-12,POST_RESOLUTION,3,It's okay. Takes some getting used to.
SRV-003196,EMP-05259,OFC-NYC,2026-03-12,POST_RESOLUTION,5,The new AI system is incredibly fast. Saves me a lot of time.
SRV-003197,EMP-05251,OFC-BOS,2026-03-12,POST_RESOLUTION,4,"Very intuitive workflow, much better than the legacy portal."
SRV-003198,EMP-06102,OFC-LON,2026-03-12,POST_RESOLUTION,3,It's okay. Takes some getting used to.
SRV-003199,EMP-07000,OFC-LON,2026-03-12,POST_RESOLUTION,4,"Very intuitive workflow, much better than the legacy portal."
SRV-003200,EMP-06775,OFC-NYC,2026-03-12,POST_RESOLUTION,4,Great experience. The AI resolved my password issue in seconds.
SRV-003201,EMP-06129,OFC-SIN,2026-03-12,POST_RESOLUTION,2,Keeps freezing. The latency makes it unusable.
SRV-003202,EMP-09753,OFC-BOS,2026-03-12,POST_RESOLUTION,5,Smooth transition. No complaints.
SRV-003203,EMP-02666,OFC-BOS,2026-03-12,POST_RESOLUTION,4,Smooth transition. No complaints.
SRV-003204,EMP-09476,OFC-BOS,2026-03-12,POST_RESOLUTION,4,Self-service articles were actually helpful for once.
SRV-003205,EMP-10483,OFC-GUR,2026-03-12,POST_RESOLUTION,4,"Very intuitive workflow, much better than the legacy portal."
SRV-003206,EMP-10566,OFC-LON,2026-03-12,POST_RESOLUTION,4,Self-service articles were actually helpful for once.
SRV-003207,EMP-04912,OFC-BOS,2026-03-12,POST_RESOLUTION,3,Standard IT portal. Nothing special.
SRV-003208,EMP-08994,OFC-BOS,2026-03-12,POST_RESOLUTION,4,Self-service articles were actually helpful for once.
SRV-003209,EMP-03938,OFC-SIN,2026-03-12,POST_RESOLUTION,3,System is way too slow. Massive latency when loading the dashboard.
SRV-003210,EMP-03940,OFC-NYC,2026-03-12,POST_RESOLUTION,5,The new AI system is incredibly fast. Saves me a lot of time.
SRV-003211,EMP-03472,OFC-SIN,2026-03-12,POST_RESOLUTION,3,Keeps freezing. The latency makes it unusable.
SRV-003212,EMP-09298,OFC-BOS,2026-03-12,POST_RESOLUTION,4,Great experience. The AI resolved my password issue in seconds.
SRV-003213,EMP-01067,OFC-GUR,2026-03-12,POST_RESOLUTION,4,Self-service articles were actually helpful for once.
SRV-003214,EMP-09089,OFC-SIN,2026-03-12,POST_RESOLUTION,3,Confusing interface. I just want to submit an email ticket.
SRV-003215,EMP-08477,OFC-BOS,2026-03-12,POST_RESOLUTION,3,It's okay. Takes some getting used to.
SRV-003216,EMP-05779,OFC-BOS,2026-03-12,POST_RESOLUTION,5,Self-service articles were actually helpful for once.
SRV-003217,EMP-04485,OFC-LON,2026-03-12,POST_RESOLUTION,3,It's okay. Takes some getting used to.
SRV-003218,EMP-09980,OFC-GUR,2026-03-12,POST_RESOLUTION,5,Great experience. The AI resolved my password issue in seconds.
SRV-003219,EMP-04085,OFC-GUR,2026-03-12,POST_RESOLUTION,3,"AI is decent, but didn't fully understand my specific network issue."
SRV-003220,EMP-01971,OFC-SIN,2026-03-12,POST_RESOLUTION,1,Confusing interface. I just want to submit an email ticket.
SRV-003221,EMP-07473,OFC-SIN,2026-03-12,POST_RESOLUTION,1,Keeps freezing. The latency makes it unusable.
SRV-003222,EMP-04437,OFC-LON,2026-03-12,POST_RESOLUTION,3,It's okay. Takes some getting used to.
SRV-003223,EMP-02320,OFC-BOS,2026-03-12,POST_RESOLUTION,5,Great experience. The AI resolved my password issue in seconds.
SRV-003224,EMP-01694,OFC-BOS,2026-03-12,POST_RESOLUTION,3,Standard IT portal. Nothing special.
SRV-003225,EMP-01131,OFC-BOS,2026-03-12,POST_RESOLUTION,5,Self-service articles were actually helpful for once.
SRV-003226,EMP-01040,OFC-BOS,2026-03-12,POST_RESOLUTION,5,"Very intuitive workflow, much better than the legacy portal."
SRV-003227,EMP-07226,OFC-BOS,2026-03-12,POST_RESOLUTION,5,Self-service articles were actually helpful for once.
SRV-003228,EMP-05699,OFC-SIN,2026-03-12,POST_RESOLUTION,3,System is way too slow. Massive latency when loading the dashboard.
SRV-003229,EMP-04661,OFC-LON,2026-03-12,POST_RESOLUTION,5,Smooth transition. No complaints.
SRV-003230,EMP-04784,OFC-GUR,2026-03-12,POST_RESOLUTION,3,It's okay. Takes some getting used to.
SRV-003231,EMP-04092,OFC-NYC,2026-03-12,POST_RESOLUTION,5,"Very intuitive workflow, much better than the legacy portal."
SRV-003232,EMP-05041,OFC-NYC,2026-03-12,POST_RESOLUTION,3,It's okay. Takes some getting used to.
SRV-003233,EMP-02990,OFC-GUR,2026-03-12,POST_RESOLUTION,3,It's okay. Takes some getting used to.
SRV-003234,EMP-06684,OFC-BOS,2026-03-12,POST_RESOLUTION,3,It's okay. Takes some getting used to.
SRV-003235,EMP-04583,OFC-SIN,2026-03-12,POST_RESOLUTION,2,I don't know how to use this. We need more training on the AI portal.
SRV-003236,EMP-08049,OFC-LON,2026-03-12,POST_RESOLUTION,3,It's okay. Takes some getting used to.
SRV-003237,EMP-02601,OFC-NYC,2026-03-12,POST_RESOLUTION,4,Great experience. The AI resolved my password issue in seconds.
SRV-003238,EMP-09296,OFC-LON,2026-03-12,POST_RESOLUTION,4,Self-service articles were actually helpful for once.
SRV-003239,EMP-05729,OFC-BOS,2026-03-12,POST_RESOLUTION,4,Great experience. The AI resolved my password issue in seconds.
SRV-003240,EMP-10492,OFC-NYC,2026-03-12,POST_RESOLUTION,3,Standard IT portal. Nothing special.
SRV-003241,EMP-07577,OFC-NYC,2026-03-12,POST_RESOLUTION,4,"Very intuitive workflow, much better than the legacy portal."
SRV-003242,EMP-08275,OFC-SIN,2026-03-12,POST_RESOLUTION,1,System is way too slow. Massive latency when loading the dashboard.
SRV-003243,EMP-04130,OFC-GUR,2026-03-12,POST_RESOLUTION,4,Smooth transition. No complaints.
SRV-003244,EMP-03519,OFC-GUR,2026-03-12,POST_RESOLUTION,4,Great experience. The AI resolved my password issue in seconds.
SRV-003245,EMP-09585,OFC-LON,2026-03-12,POST_RESOLUTION,5,"Very intuitive workflow, much better than the legacy portal."
SRV-003246,EMP-05032,OFC-BOS,2026-03-12,POST_RESOLUTION,5,Self-service articles were actually helpful for once.
SRV-003247,EMP-01954,OFC-NYC,2026-03-12,POST_RESOLUTION,3,Standard IT portal. Nothing special.
SRV-003248,EMP-09847,OFC-GUR,2026-03-12,POST_RESOLUTION,3,"AI is decent, but didn't fully understand my specific network issue."
SRV-003249,EMP-09457,OFC-NYC,2026-03-12,POST_RESOLUTION,5,Self-service articles were actually helpful for once.
SRV-003250,EMP-08155,OFC-GUR,2026-03-12,POST_RESOLUTION,4,Self-service articles were actually helpful for once.
SRV-003251,EMP-07553,OFC-BOS,2026-03-12,POST_RESOLUTION,5,The new AI system is incredibly fast. Saves me a lot of time.
SRV-003252,EMP-03192,OFC-GUR,2026-03-12,POST_RESOLUTION,4,Smooth transition. No complaints.
SRV-003253,EMP-03607,OFC-NYC,2026-03-12,POST_RESOLUTION,5,Self-service articles were actually helpful for once.
SRV-003254,EMP-04116,OFC-GUR,2026-03-12,POST_RESOLUTION,3,It's okay. Takes some getting used to.
SRV-003255,EMP-08080,OFC-NYC,2026-03-12,POST_RESOLUTION,5,Smooth transition. No complaints.
SRV-003256,EMP-01075,OFC-GUR,2026-03-12,POST_RESOLUTION,5,The new AI system is incredibly fast. Saves me a lot of time.
SRV-003257,EMP-01637,OFC-BOS,2026-03-12,POST_RESOLUTION,4,"Very intuitive workflow, much better than the legacy portal."
SRV-003258,EMP-08464,OFC-NYC,2026-03-12,POST_RESOLUTION,4,"Very intuitive workflow, much better than the legacy portal."
SRV-003259,EMP-09059,OFC-LON,2026-03-12,POST_RESOLUTION,4,Smooth transition. No complaints.
SRV-003260,EMP-07773,OFC-BOS,2026-03-12,POST_RESOLUTION,5,The new AI system is incredibly fast. Saves me a lot of time.
SRV-003261,EMP-04160,OFC-NYC,2026-03-12,POST_RESOLUTION,5,Great experience. The AI resolved my password issue in seconds.
SRV-003262,EMP-05747,OFC-BOS,2026-03-12,POST_RESOLUTION,4,The new AI system is incredibly fast. Saves me a lot of time.
SRV-003263,EMP-01547,OFC-GUR,2026-03-12,POST_RESOLUTION,4,Great experience. The AI resolved my password issue in seconds.
SRV-003264,EMP-06526,OFC-LON,2026-03-12,POST_RESOLUTION,5,Self-service articles were actually helpful for once.
SRV-003265,EMP-04769,OFC-BOS,2026-03-12,POST_RESOLUTION,4,Self-service articles were actually helpful for once.
SRV-003266,EMP-02680,OFC-NYC,2026-03-12,POST_RESOLUTION,5,Self-service articles were actually helpful for once.
SRV-003267,EMP-04415,OFC-LON,2026-03-12,POST_RESOLUTION,4,The new AI system is incredibly fast. Saves me a lot of time.
SRV-003268,EMP-02945,OFC-LON,2026-03-12,POST_RESOLUTION,4,Smooth transition. No complaints.
SRV-003269,EMP-08245,OFC-BOS,2026-03-12,POST_RESOLUTION,5,Great experience. The AI resolved my password issue in seconds.
SRV-003270,EMP-02134,OFC-GUR,2026-03-12,POST_RESOLUTION,4,The new AI system is incredibly fast. Saves me a lot of time.
SRV-003271,EMP-03082,OFC-LON,2026-03-12,POST_RESOLUTION,3,"Worked fine, but I prefer emailing a real person."
SRV-003272,EMP-06315,OFC-LON,2026-03-12,POST_RESOLUTION,5,"Very intuitive workflow, much better than the legacy portal."
SRV-003273,EMP-08302,OFC-NYC,2026-03-12,POST_RESOLUTION,4,Self-service articles were actually helpful for once.
SRV-003274,EMP-10346,OFC-GUR,2026-03-12,POST_RESOLUTION,3,"Worked fine, but I prefer emailing a real person."
SRV-003275,EMP-08483,OFC-LON,2026-03-12,POST_RESOLUTION,3,Standard IT portal. Nothing special.
SRV-003276,EMP-07504,OFC-BOS,2026-03-12,POST_RESOLUTION,4,Great experience. The AI resolved my password issue in seconds.
SRV-003277,EMP-04805,OFC-SIN,2026-03-12,POST_RESOLUTION,1,Keeps freezing. The latency makes it unusable.
SRV-003278,EMP-03736,OFC-SIN,2026-03-12,POST_RESOLUTION,2,Confusing interface. I just want to submit an email ticket.
SRV-003279,EMP-02205,OFC-GUR,2026-03-12,POST_RESOLUTION,4,Great experience. The AI resolved my password issue in seconds.
SRV-003280,EMP-06932,OFC-BOS,2026-03-12,POST_RESOLUTION,5,"Very intuitive workflow, much better than the legacy portal."
SRV-003281,EMP-10044,OFC-LON,2026-03-12,POST_RESOLUTION,4,Smooth transition. No complaints.
SRV-003282,EMP-01515,OFC-BOS,2026-03-12,POST_RESOLUTION,4,"Very intuitive workflow, much better than the legacy portal."
SRV-003283,EMP-07694,OFC-LON,2026-03-12,POST_RESOLUTION,3,Standard IT portal. Nothing special.
SRV-003284,EMP-10390,OFC-SIN,2026-03-12,POST_RESOLUTION,1,System is way too slow. Massive latency when loading the dashboard.
SRV-003285,EMP-03994,OFC-BOS,2026-03-12,POST_RESOLUTION,5,Great experience. The AI resolved my password issue in seconds.
SRV-003286,EMP-05717,OFC-SIN,2026-03-12,POST_RESOLUTION,1,System is way too slow. Massive latency when loading the dashboard.
SRV-003287,EMP-03008,OFC-BOS,2026-03-12,POST_RESOLUTION,4,"Very intuitive workflow, much better than the legacy portal."
SRV-003288,EMP-03993,OFC-NYC,2026-03-12,POST_RESOLUTION,5,Smooth transition. No complaints.
SRV-003289,EMP-08888,OFC-NYC,2026-03-12,POST_RESOLUTION,5,Self-service articles were actually helpful for once.
SRV-003290,EMP-03410,OFC-GUR,2026-03-12,POST_RESOLUTION,4,The new AI system is incredibly fast. Saves me a lot of time.
SRV-003291,EMP-03914,OFC-BOS,2026-03-12,POST_RESOLUTION,4,Self-service articles were actually helpful for once.
SRV-003292,EMP-05122,OFC-GUR,2026-03-12,POST_RESOLUTION,3,It's okay. Takes some getting used to.
SRV-003293,EMP-08285,OFC-LON,2026-03-12,POST_RESOLUTION,3,"AI is decent, but didn't fully understand my specific network issue."
SRV-003294,EMP-07439,OFC-LON,2026-03-12,POST_RESOLUTION,4,Self-service articles were actually helpful for once.
SRV-003295,EMP-03329,OFC-BOS,2026-03-12,POST_RESOLUTION,4,The new AI system is incredibly fast. Saves me a lot of time.
SRV-003296,EMP-06635,OFC-BOS,2026-03-12,POST_RESOLUTION,5,"Very intuitive workflow, much better than the legacy portal."
SRV-003297,EMP-02353,OFC-GUR,2026-03-12,POST_RESOLUTION,4,Smooth transition. No complaints.
SRV-003298,EMP-01707,OFC-GUR,2026-03-12,POST_RESOLUTION,4,"Very intuitive workflow, much better than the legacy portal."
SRV-003299,EMP-10379,OFC-NYC,2026-03-12,POST_RESOLUTION,3,"AI is decent, but didn't fully understand my specific network issue."
SRV-003300,EMP-01288,OFC-NYC,2026-03-12,POST_RESOLUTION,5,Great experience. The AI resolved my password issue in seconds.
SRV-003301,EMP-09677,OFC-GUR,2026-03-19,POST_RESOLUTION,4,The new AI system is incredibly fast. Saves me a lot of time.
SRV-003302,EMP-05307,OFC-LON,2026-03-19,POST_RESOLUTION,5,"Very intuitive workflow, much better than the legacy portal."
SRV-003303,EMP-02019,OFC-BOS,2026-03-19,POST_RESOLUTION,4,Self-service articles were actually helpful for once.
SRV-003304,EMP-03109,OFC-SIN,2026-03-19,POST_RESOLUTION,2,System is way too slow. Massive latency when loading the dashboard.
SRV-003305,EMP-08909,OFC-LON,2026-03-19,POST_RESOLUTION,5,The new AI system is incredibly fast. Saves me a lot of time.
SRV-003306,EMP-09031,OFC-LON,2026-03-19,POST_RESOLUTION,4,"Very intuitive workflow, much better than the legacy portal."
SRV-003307,EMP-01014,OFC-BOS,2026-03-19,POST_RESOLUTION,4,Smooth transition. No complaints.
SRV-003308,EMP-09476,OFC-BOS,2026-03-19,POST_RESOLUTION,3,"AI is decent, but didn't fully understand my specific network issue."
SRV-003309,EMP-09443,OFC-NYC,2026-03-19,POST_RESOLUTION,4,Self-service articles were actually helpful for once.
SRV-003310,EMP-10196,OFC-GUR,2026-03-19,POST_RESOLUTION,3,"AI is decent, but didn't fully understand my specific network issue."
SRV-003311,EMP-03387,OFC-LON,2026-03-19,POST_RESOLUTION,3,It's okay. Takes some getting used to.
SRV-003312,EMP-10819,OFC-NYC,2026-03-19,POST_RESOLUTION,4,Smooth transition. No complaints.
SRV-003313,EMP-06681,OFC-LON,2026-03-19,POST_RESOLUTION,4,The new AI system is incredibly fast. Saves me a lot of time.
SRV-003314,EMP-10888,OFC-BOS,2026-03-19,POST_RESOLUTION,5,Smooth transition. No complaints.
SRV-003315,EMP-08992,OFC-NYC,2026-03-19,POST_RESOLUTION,4,"Very intuitive workflow, much better than the legacy portal."
SRV-003316,EMP-07197,OFC-GUR,2026-03-19,POST_RESOLUTION,4,Great experience. The AI resolved my password issue in seconds.
SRV-003317,EMP-08556,OFC-BOS,2026-03-19,POST_RESOLUTION,5,The new AI system is incredibly fast. Saves me a lot of time.
SRV-003318,EMP-06393,OFC-LON,2026-03-19,POST_RESOLUTION,5,Smooth transition. No complaints.
SRV-003319,EMP-01143,OFC-NYC,2026-03-19,POST_RESOLUTION,4,Smooth transition. No complaints.
SRV-003320,EMP-09578,OFC-NYC,2026-03-19,POST_RESOLUTION,4,The new AI system is incredibly fast. Saves me a lot of time.
SRV-003321,EMP-01183,OFC-SIN,2026-03-19,POST_RESOLUTION,2,Stop forcing us to use the AI. It's too slow and I need human help.
SRV-003322,EMP-10907,OFC-BOS,2026-03-19,POST_RESOLUTION,4,"Very intuitive workflow, much better than the legacy portal."
SRV-003323,EMP-01785,OFC-SIN,2026-03-19,POST_RESOLUTION,3,I don't know how to use this. We need more training on the AI portal.
SRV-003324,EMP-06537,OFC-SIN,2026-03-19,POST_RESOLUTION,1,Keeps freezing. The latency makes it unusable.
SRV-003325,EMP-05749,OFC-GUR,2026-03-19,POST_RESOLUTION,4,Self-service articles were actually helpful for once.
SRV-003326,EMP-06381,OFC-LON,2026-03-19,POST_RESOLUTION,3,"Worked fine, but I prefer emailing a real person."
SRV-003327,EMP-06110,OFC-SIN,2026-03-19,POST_RESOLUTION,2,Stop forcing us to use the AI. It's too slow and I need human help.
SRV-003328,EMP-08814,OFC-BOS,2026-03-19,POST_RESOLUTION,4,Self-service articles were actually helpful for once.
SRV-003329,EMP-04509,OFC-BOS,2026-03-19,POST_RESOLUTION,5,Self-service articles were actually helpful for once.
SRV-003330,EMP-10442,OFC-BOS,2026-03-19,POST_RESOLUTION,3,"AI is decent, but didn't fully understand my specific network issue."
SRV-003331,EMP-09199,OFC-BOS,2026-03-19,POST_RESOLUTION,5,Self-service articles were actually helpful for once.
SRV-003332,EMP-03497,OFC-SIN,2026-03-19,POST_RESOLUTION,1,I don't know how to use this. We need more training on the AI portal.
SRV-003333,EMP-01678,OFC-SIN,2026-03-19,POST_RESOLUTION,1,System is way too slow. Massive latency when loading the dashboard.
SRV-003334,EMP-03647,OFC-LON,2026-03-19,POST_RESOLUTION,5,"Very intuitive workflow, much better than the legacy portal."
SRV-003335,EMP-07978,OFC-GUR,2026-03-19,POST_RESOLUTION,4,"Very intuitive workflow, much better than the legacy portal."
SRV-003336,EMP-10629,OFC-NYC,2026-03-19,POST_RESOLUTION,5,Smooth transition. No complaints.
SRV-003337,EMP-09315,OFC-NYC,2026-03-19,POST_RESOLUTION,4,The new AI system is incredibly fast. Saves me a lot of time.
SRV-003338,EMP-05993,OFC-LON,2026-03-19,POST_RESOLUTION,5,"Very intuitive workflow, much better than the legacy portal."
SRV-003339,EMP-10755,OFC-NYC,2026-03-19,POST_RESOLUTION,3,It's okay. Takes some getting used to.
SRV-003340,EMP-08033,OFC-LON,2026-03-19,POST_RESOLUTION,5,"Very intuitive workflow, much better than the legacy portal."
SRV-003341,EMP-09194,OFC-NYC,2026-03-19,POST_RESOLUTION,4,Great experience. The AI resolved my password issue in seconds.
SRV-003342,EMP-07683,OFC-NYC,2026-03-19,POST_RESOLUTION,5,Great experience. The AI resolved my password issue in seconds.
SRV-003343,EMP-07627,OFC-GUR,2026-03-19,POST_RESOLUTION,5,Self-service articles were actually helpful for once.
SRV-003344,EMP-08303,OFC-SIN,2026-03-19,POST_RESOLUTION,1,Stop forcing us to use the AI. It's too slow and I need human help.
SRV-003345,EMP-07131,OFC-GUR,2026-03-19,POST_RESOLUTION,3,It's okay. Takes some getting used to.
SRV-003346,EMP-06520,OFC-GUR,2026-03-19,POST_RESOLUTION,5,Smooth transition. No complaints.
SRV-003347,EMP-01616,OFC-BOS,2026-03-19,POST_RESOLUTION,3,"Worked fine, but I prefer emailing a real person."
SRV-003348,EMP-10680,OFC-LON,2026-03-19,POST_RESOLUTION,3,Standard IT portal. Nothing special.
SRV-003349,EMP-04902,OFC-SIN,2026-03-19,POST_RESOLUTION,1,Stop forcing us to use the AI. It's too slow and I need human help.
SRV-003350,EMP-08032,OFC-LON,2026-03-19,POST_RESOLUTION,3,"Worked fine, but I prefer emailing a real person."
SRV-003351,EMP-09352,OFC-SIN,2026-03-19,POST_RESOLUTION,3,Stop forcing us to use the AI. It's too slow and I need human help.
SRV-003352,EMP-08350,OFC-NYC,2026-03-19,POST_RESOLUTION,5,Self-service articles were actually helpful for once.
SRV-003353,EMP-05265,OFC-NYC,2026-03-19,POST_RESOLUTION,4,The new AI system is incredibly fast. Saves me a lot of time.
SRV-003354,EMP-02535,OFC-BOS,2026-03-19,POST_RESOLUTION,4,The new AI system is incredibly fast. Saves me a lot of time.
SRV-003355,EMP-03928,OFC-GUR,2026-03-19,POST_RESOLUTION,4,"Very intuitive workflow, much better than the legacy portal."
SRV-003356,EMP-01550,OFC-LON,2026-03-19,POST_RESOLUTION,4,Self-service articles were actually helpful for once.
SRV-003357,EMP-08904,OFC-BOS,2026-03-19,POST_RESOLUTION,5,Smooth transition. No complaints.
SRV-003358,EMP-03784,OFC-SIN,2026-03-19,POST_RESOLUTION,2,System is way too slow. Massive latency when loading the dashboard.
SRV-003359,EMP-02011,OFC-SIN,2026-03-19,POST_RESOLUTION,1,I don't know how to use this. We need more training on the AI portal.
SRV-003360,EMP-09790,OFC-SIN,2026-03-19,POST_RESOLUTION,1,Keeps freezing. The latency makes it unusable.
SRV-003361,EMP-02140,OFC-GUR,2026-03-19,POST_RESOLUTION,5,"Very intuitive workflow, much better than the legacy portal."
SRV-003362,EMP-10917,OFC-BOS,2026-03-19,POST_RESOLUTION,4,The new AI system is incredibly fast. Saves me a lot of time.
SRV-003363,EMP-08695,OFC-GUR,2026-03-19,POST_RESOLUTION,3,Standard IT portal. Nothing special.
SRV-003364,EMP-08745,OFC-LON,2026-03-19,POST_RESOLUTION,5,Self-service articles were actually helpful for once.
SRV-003365,EMP-06873,OFC-GUR,2026-03-19,POST_RESOLUTION,5,Great experience. The AI resolved my password issue in seconds.
SRV-003366,EMP-05900,OFC-BOS,2026-03-19,POST_RESOLUTION,4,Smooth transition. No complaints.
SRV-003367,EMP-04761,OFC-GUR,2026-03-19,POST_RESOLUTION,5,The new AI system is incredibly fast. Saves me a lot of time.
SRV-003368,EMP-01335,OFC-BOS,2026-03-19,POST_RESOLUTION,5,Self-service articles were actually helpful for once.
SRV-003369,EMP-03981,OFC-BOS,2026-03-19,POST_RESOLUTION,4,Self-service articles were actually helpful for once.
SRV-003370,EMP-10441,OFC-BOS,2026-03-19,POST_RESOLUTION,5,"Very intuitive workflow, much better than the legacy portal."
SRV-003371,EMP-02422,OFC-BOS,2026-03-19,POST_RESOLUTION,5,The new AI system is incredibly fast. Saves me a lot of time.
SRV-003372,EMP-04753,OFC-GUR,2026-03-19,POST_RESOLUTION,3,"AI is decent, but didn't fully understand my specific network issue."
SRV-003373,EMP-03732,OFC-BOS,2026-03-19,POST_RESOLUTION,5,Great experience. The AI resolved my password issue in seconds.
SRV-003374,EMP-01800,OFC-GUR,2026-03-19,POST_RESOLUTION,4,Smooth transition. No complaints.
SRV-003375,EMP-03948,OFC-NYC,2026-03-19,POST_RESOLUTION,4,Smooth transition. No complaints.
SRV-003376,EMP-04592,OFC-LON,2026-03-19,POST_RESOLUTION,5,"Very intuitive workflow, much better than the legacy portal."
SRV-003377,EMP-09758,OFC-BOS,2026-03-19,POST_RESOLUTION,4,The new AI system is incredibly fast. Saves me a lot of time.
SRV-003378,EMP-03915,OFC-GUR,2026-03-19,POST_RESOLUTION,4,Great experience. The AI resolved my password issue in seconds.
SRV-003379,EMP-09411,OFC-SIN,2026-03-19,POST_RESOLUTION,1,System is way too slow. Massive latency when loading the dashboard.
SRV-003380,EMP-01699,OFC-LON,2026-03-19,POST_RESOLUTION,5,"Very intuitive workflow, much better than the legacy portal."
SRV-003381,EMP-07377,OFC-GUR,2026-03-19,POST_RESOLUTION,3,It's okay. Takes some getting used to.
SRV-003382,EMP-03341,OFC-BOS,2026-03-19,POST_RESOLUTION,3,It's okay. Takes some getting used to.
SRV-003383,EMP-03939,OFC-BOS,2026-03-19,POST_RESOLUTION,3,It's okay. Takes some getting used to.
SRV-003384,EMP-01810,OFC-SIN,2026-03-19,POST_RESOLUTION,2,I don't know how to use this. We need more training on the AI portal.
SRV-003385,EMP-07083,OFC-NYC,2026-03-19,POST_RESOLUTION,3,Standard IT portal. Nothing special.
SRV-003386,EMP-01779,OFC-LON,2026-03-19,POST_RESOLUTION,5,"Very intuitive workflow, much better than the legacy portal."
SRV-003387,EMP-05485,OFC-GUR,2026-03-19,POST_RESOLUTION,4,Great experience. The AI resolved my password issue in seconds.
SRV-003388,EMP-10780,OFC-NYC,2026-03-19,POST_RESOLUTION,4,Self-service articles were actually helpful for once.
SRV-003389,EMP-10692,OFC-NYC,2026-03-19,POST_RESOLUTION,5,The new AI system is incredibly fast. Saves me a lot of time.
SRV-003390,EMP-05167,OFC-BOS,2026-03-19,POST_RESOLUTION,3,"Worked fine, but I prefer emailing a real person."
SRV-003391,EMP-08818,OFC-SIN,2026-03-19,POST_RESOLUTION,2,System is way too slow. Massive latency when loading the dashboard.
SRV-003392,EMP-05838,OFC-BOS,2026-03-19,POST_RESOLUTION,5,The new AI system is incredibly fast. Saves me a lot of time.
SRV-003393,EMP-08010,OFC-NYC,2026-03-19,POST_RESOLUTION,4,The new AI system is incredibly fast. Saves me a lot of time.
SRV-003394,EMP-10002,OFC-GUR,2026-03-19,POST_RESOLUTION,4,"Very intuitive workflow, much better than the legacy portal."
SRV-003395,EMP-05285,OFC-LON,2026-03-19,POST_RESOLUTION,3,"AI is decent, but didn't fully understand my specific network issue."
SRV-003396,EMP-02509,OFC-GUR,2026-03-19,POST_RESOLUTION,3,Standard IT portal. Nothing special.
SRV-003397,EMP-09755,OFC-SIN,2026-03-19,POST_RESOLUTION,3,System is way too slow. Massive latency when loading the dashboard.
SRV-003398,EMP-05272,OFC-BOS,2026-03-19,POST_RESOLUTION,5,Self-service articles were actually helpful for once.
SRV-003399,EMP-05908,OFC-GUR,2026-03-19,POST_RESOLUTION,4,The new AI system is incredibly fast. Saves me a lot of time.
SRV-003400,EMP-09952,OFC-BOS,2026-03-19,POST_RESOLUTION,5,The new AI system is incredibly fast. Saves me a lot of time.
SRV-003401,EMP-04479,OFC-NYC,2026-03-19,POST_RESOLUTION,4,Great experience. The AI resolved my password issue in seconds.
SRV-003402,EMP-04106,OFC-GUR,2026-03-19,POST_RESOLUTION,3,It's okay. Takes some getting used to.
SRV-003403,EMP-10247,OFC-LON,2026-03-19,POST_RESOLUTION,3,Standard IT portal. Nothing special.
SRV-003404,EMP-02303,OFC-LON,2026-03-19,POST_RESOLUTION,5,Smooth transition. No complaints.
SRV-003405,EMP-10021,OFC-SIN,2026-03-19,POST_RESOLUTION,3,Stop forcing us to use the AI. It's too slow and I need human help.
SRV-003406,EMP-02872,OFC-LON,2026-03-19,POST_RESOLUTION,4,Great experience. The AI resolved my password issue in seconds.
SRV-003407,EMP-03461,OFC-SIN,2026-03-19,POST_RESOLUTION,1,Stop forcing us to use the AI. It's too slow and I need human help.
SRV-003408,EMP-03183,OFC-NYC,2026-03-19,POST_RESOLUTION,5,The new AI system is incredibly fast. Saves me a lot of time.
SRV-003409,EMP-05226,OFC-NYC,2026-03-19,POST_RESOLUTION,4,Great experience. The AI resolved my password issue in seconds.
SRV-003410,EMP-04489,OFC-NYC,2026-03-19,POST_RESOLUTION,4,Great experience. The AI resolved my password issue in seconds.
SRV-003411,EMP-02465,OFC-BOS,2026-03-19,POST_RESOLUTION,5,"Very intuitive workflow, much better than the legacy portal."
SRV-003412,EMP-05512,OFC-BOS,2026-03-19,POST_RESOLUTION,4,Self-service articles were actually helpful for once.
SRV-003413,EMP-06319,OFC-LON,2026-03-19,POST_RESOLUTION,5,"Very intuitive workflow, much better than the legacy portal."
SRV-003414,EMP-05891,OFC-BOS,2026-03-19,POST_RESOLUTION,4,"Very intuitive workflow, much better than the legacy portal."
SRV-003415,EMP-02554,OFC-BOS,2026-03-19,POST_RESOLUTION,4,Self-service articles were actually helpful for once.
SRV-003416,EMP-09360,OFC-GUR,2026-03-19,POST_RESOLUTION,4,Self-service articles were actually helpful for once.
SRV-003417,EMP-01366,OFC-SIN,2026-03-19,POST_RESOLUTION,2,Stop forcing us to use the AI. It's too slow and I need human help.
SRV-003418,EMP-04524,OFC-BOS,2026-03-19,POST_RESOLUTION,5,"Very intuitive workflow, much better than the legacy portal."
SRV-003419,EMP-01217,OFC-GUR,2026-03-19,POST_RESOLUTION,4,The new AI system is incredibly fast. Saves me a lot of time.
SRV-003420,EMP-01220,OFC-GUR,2026-03-19,POST_RESOLUTION,4,Smooth transition. No complaints.
SRV-003421,EMP-06082,OFC-GUR,2026-03-19,POST_RESOLUTION,4,Smooth transition. No complaints.
SRV-003422,EMP-09353,OFC-LON,2026-03-19,POST_RESOLUTION,3,Standard IT portal. Nothing special.
SRV-003423,EMP-08485,OFC-GUR,2026-03-19,POST_RESOLUTION,4,Self-service articles were actually helpful for once.
SRV-003424,EMP-01670,OFC-BOS,2026-03-19,POST_RESOLUTION,5,Great experience. The AI resolved my password issue in seconds.
SRV-003425,EMP-03063,OFC-LON,2026-03-19,POST_RESOLUTION,4,Great experience. The AI resolved my password issue in seconds.
SRV-003426,EMP-10401,OFC-NYC,2026-03-19,POST_RESOLUTION,4,Smooth transition. No complaints.
SRV-003427,EMP-04765,OFC-NYC,2026-03-19,POST_RESOLUTION,3,"AI is decent, but didn't fully understand my specific network issue."
SRV-003428,EMP-01952,OFC-BOS,2026-03-19,POST_RESOLUTION,3,It's okay. Takes some getting used to.
SRV-003429,EMP-07118,OFC-NYC,2026-03-19,POST_RESOLUTION,3,It's okay. Takes some getting used to.
SRV-003430,EMP-03825,OFC-GUR,2026-03-19,POST_RESOLUTION,4,Self-service articles were actually helpful for once.
SRV-003431,EMP-02812,OFC-NYC,2026-03-19,POST_RESOLUTION,4,Great experience. The AI resolved my password issue in seconds.
SRV-003432,EMP-03352,OFC-LON,2026-03-19,POST_RESOLUTION,5,"Very intuitive workflow, much better than the legacy portal."
SRV-003433,EMP-06942,OFC-BOS,2026-03-19,POST_RESOLUTION,4,Great experience. The AI resolved my password issue in seconds.
SRV-003434,EMP-08941,OFC-LON,2026-03-19,POST_RESOLUTION,4,"Very intuitive workflow, much better than the legacy portal."
SRV-003435,EMP-03875,OFC-LON,2026-03-19,POST_RESOLUTION,4,Smooth transition. No complaints.
SRV-003436,EMP-04839,OFC-GUR,2026-03-19,POST_RESOLUTION,3,Standard IT portal. Nothing special.
SRV-003437,EMP-03731,OFC-LON,2026-03-19,POST_RESOLUTION,4,Smooth transition. No complaints.
SRV-003438,EMP-09895,OFC-BOS,2026-03-19,POST_RESOLUTION,3,It's okay. Takes some getting used to.
SRV-003439,EMP-05051,OFC-GUR,2026-03-19,POST_RESOLUTION,4,Great experience. The AI resolved my password issue in seconds.
SRV-003440,EMP-09210,OFC-BOS,2026-03-19,POST_RESOLUTION,3,"Worked fine, but I prefer emailing a real person."
SRV-003441,EMP-08219,OFC-SIN,2026-03-19,POST_RESOLUTION,1,Stop forcing us to use the AI. It's too slow and I need human help.
SRV-003442,EMP-06510,OFC-BOS,2026-03-19,POST_RESOLUTION,4,Smooth transition. No complaints.
SRV-003443,EMP-10724,OFC-BOS,2026-03-19,POST_RESOLUTION,4,Great experience. The AI resolved my password issue in seconds.
SRV-003444,EMP-10371,OFC-BOS,2026-03-19,POST_RESOLUTION,3,"Worked fine, but I prefer emailing a real person."
SRV-003445,EMP-04978,OFC-BOS,2026-03-19,POST_RESOLUTION,4,Smooth transition. No complaints.
SRV-003446,EMP-08107,OFC-BOS,2026-03-19,POST_RESOLUTION,4,Smooth transition. No complaints.
SRV-003447,EMP-07742,OFC-LON,2026-03-19,POST_RESOLUTION,3,"Worked fine, but I prefer emailing a real person."
SRV-003448,EMP-01508,OFC-SIN,2026-03-19,POST_RESOLUTION,3,Stop forcing us to use the AI. It's too slow and I need human help.
SRV-003449,EMP-01872,OFC-LON,2026-03-19,POST_RESOLUTION,3,"Worked fine, but I prefer emailing a real person."
SRV-003450,EMP-02218,OFC-GUR,2026-03-19,POST_RESOLUTION,5,"Very intuitive workflow, much better than the legacy portal."
SRV-003451,EMP-03271,OFC-NYC,2026-03-19,POST_RESOLUTION,5,The new AI system is incredibly fast. Saves me a lot of time.
SRV-003452,EMP-04168,OFC-GUR,2026-03-19,POST_RESOLUTION,4,Self-service articles were actually helpful for once.
SRV-003453,EMP-01575,OFC-SIN,2026-03-19,POST_RESOLUTION,2,Confusing interface. I just want to submit an email ticket.
SRV-003454,EMP-08928,OFC-GUR,2026-03-19,POST_RESOLUTION,4,"Very intuitive workflow, much better than the legacy portal."
SRV-003455,EMP-09891,OFC-GUR,2026-03-19,POST_RESOLUTION,5,The new AI system is incredibly fast. Saves me a lot of time.
SRV-003456,EMP-09776,OFC-SIN,2026-03-19,POST_RESOLUTION,1,Keeps freezing. The latency makes it unusable.
SRV-003457,EMP-07299,OFC-NYC,2026-03-19,POST_RESOLUTION,3,It's okay. Takes some getting used to.
SRV-003458,EMP-10492,OFC-NYC,2026-03-19,POST_RESOLUTION,3,"AI is decent, but didn't fully understand my specific network issue."
SRV-003459,EMP-06918,OFC-NYC,2026-03-19,POST_RESOLUTION,5,Smooth transition. No complaints.
SRV-003460,EMP-03495,OFC-LON,2026-03-19,POST_RESOLUTION,5,Self-service articles were actually helpful for once.
SRV-003461,EMP-02777,OFC-NYC,2026-03-19,POST_RESOLUTION,4,Smooth transition. No complaints.
SRV-003462,EMP-05031,OFC-NYC,2026-03-19,POST_RESOLUTION,5,"Very intuitive workflow, much better than the legacy portal."
SRV-003463,EMP-06012,OFC-LON,2026-03-19,POST_RESOLUTION,3,Standard IT portal. Nothing special.
SRV-003464,EMP-10126,OFC-NYC,2026-03-19,POST_RESOLUTION,4,The new AI system is incredibly fast. Saves me a lot of time.
SRV-003465,EMP-08420,OFC-BOS,2026-03-19,POST_RESOLUTION,4,"Very intuitive workflow, much better than the legacy portal."
SRV-003466,EMP-02841,OFC-NYC,2026-03-19,POST_RESOLUTION,4,"Very intuitive workflow, much better than the legacy portal."
SRV-003467,EMP-07239,OFC-SIN,2026-03-19,POST_RESOLUTION,2,Keeps freezing. The latency makes it unusable.
SRV-003468,EMP-10840,OFC-SIN,2026-03-19,POST_RESOLUTION,1,Confusing interface. I just want to submit an email ticket.
SRV-003469,EMP-03030,OFC-BOS,2026-03-19,POST_RESOLUTION,4,The new AI system is incredibly fast. Saves me a lot of time.
SRV-003470,EMP-05239,OFC-NYC,2026-03-19,POST_RESOLUTION,4,"Very intuitive workflow, much better than the legacy portal."
SRV-003471,EMP-01328,OFC-NYC,2026-03-19,POST_RESOLUTION,4,Smooth transition. No complaints.
SRV-003472,EMP-04577,OFC-LON,2026-03-19,POST_RESOLUTION,3,"AI is decent, but didn't fully understand my specific network issue."
SRV-003473,EMP-05035,OFC-SIN,2026-03-19,POST_RESOLUTION,1,Keeps freezing. The latency makes it unusable.
SRV-003474,EMP-09370,OFC-BOS,2026-03-19,POST_RESOLUTION,4,"Very intuitive workflow, much better than the legacy portal."
SRV-003475,EMP-02803,OFC-NYC,2026-03-19,POST_RESOLUTION,4,"Very intuitive workflow, much better than the legacy portal."
SRV-003476,EMP-02512,OFC-SIN,2026-03-19,POST_RESOLUTION,3,I don't know how to use this. We need more training on the AI portal.
SRV-003477,EMP-05690,OFC-NYC,2026-03-19,POST_RESOLUTION,4,Smooth transition. No complaints.
SRV-003478,EMP-08650,OFC-BOS,2026-03-19,POST_RESOLUTION,5,Self-service articles were actually helpful for once.
SRV-003479,EMP-02293,OFC-GUR,2026-03-19,POST_RESOLUTION,4,Self-service articles were actually helpful for once.
SRV-003480,EMP-03645,OFC-NYC,2026-03-19,POST_RESOLUTION,4,Smooth transition. No complaints.
SRV-003481,EMP-04340,OFC-SIN,2026-03-19,POST_RESOLUTION,1,System is way too slow. Massive latency when loading the dashboard.
SRV-003482,EMP-06277,OFC-NYC,2026-03-19,POST_RESOLUTION,5,Self-service articles were actually helpful for once.
SRV-003483,EMP-03642,OFC-GUR,2026-03-19,POST_RESOLUTION,4,Smooth transition. No complaints.
SRV-003484,EMP-05338,OFC-NYC,2026-03-19,POST_RESOLUTION,5,Smooth transition. No complaints.
SRV-003485,EMP-03465,OFC-BOS,2026-03-19,POST_RESOLUTION,4,"Very intuitive workflow, much better than the legacy portal."
SRV-003486,EMP-10816,OFC-LON,2026-03-19,POST_RESOLUTION,3,Standard IT portal. Nothing special.
SRV-003487,EMP-09695,OFC-LON,2026-03-19,POST_RESOLUTION,3,"AI is decent, but didn't fully understand my specific network issue."
SRV-003488,EMP-02632,OFC-GUR,2026-03-19,POST_RESOLUTION,5,Smooth transition. No complaints.
SRV-003489,EMP-01521,OFC-NYC,2026-03-19,POST_RESOLUTION,4,Self-service articles were actually helpful for once.
SRV-003490,EMP-04908,OFC-LON,2026-03-19,POST_RESOLUTION,4,"Very intuitive workflow, much better than the legacy portal."
SRV-003491,EMP-06392,OFC-SIN,2026-03-19,POST_RESOLUTION,1,Stop forcing us to use the AI. It's too slow and I need human help.
SRV-003492,EMP-09440,OFC-NYC,2026-03-19,POST_RESOLUTION,3,It's okay. Takes some getting used to.
SRV-003493,EMP-06827,OFC-BOS,2026-03-19,POST_RESOLUTION,4,The new AI system is incredibly fast. Saves me a lot of time.
SRV-003494,EMP-05712,OFC-NYC,2026-03-19,POST_RESOLUTION,4,The new AI system is incredibly fast. Saves me a lot of time.
SRV-003495,EMP-10681,OFC-BOS,2026-03-19,POST_RESOLUTION,4,"Very intuitive workflow, much better than the legacy portal."
SRV-003496,EMP-08736,OFC-SIN,2026-03-19,POST_RESOLUTION,3,Confusing interface. I just want to submit an email ticket.
SRV-003497,EMP-05183,OFC-NYC,2026-03-19,POST_RESOLUTION,3,Standard IT portal. Nothing special.
SRV-003498,EMP-07502,OFC-LON,2026-03-19,POST_RESOLUTION,4,The new AI system is incredibly fast. Saves me a lot of time.
SRV-003499,EMP-03366,OFC-BOS,2026-03-19,POST_RESOLUTION,4,Smooth transition. No complaints.
SRV-003500,EMP-10951,OFC-GUR,2026-03-19,POST_RESOLUTION,5,Great experience. The AI resolved my password issue in seconds.
SRV-003501,EMP-10093,OFC-GUR,2026-03-19,POST_RESOLUTION,4,The new AI system is incredibly fast. Saves me a lot of time.
SRV-003502,EMP-01615,OFC-SIN,2026-03-19,POST_RESOLUTION,1,Keeps freezing. The latency makes it unusable.
SRV-003503,EMP-01905,OFC-SIN,2026-03-19,POST_RESOLUTION,1,Confusing interface. I just want to submit an email ticket.
SRV-003504,EMP-09652,OFC-BOS,2026-03-19,POST_RESOLUTION,5,"Very intuitive workflow, much better than the legacy portal."
SRV-003505,EMP-10136,OFC-GUR,2026-03-19,POST_RESOLUTION,4,"Very intuitive workflow, much better than the legacy portal."
SRV-003506,EMP-04257,OFC-BOS,2026-03-19,POST_RESOLUTION,4,Self-service articles were actually helpful for once.
SRV-003507,EMP-06173,OFC-BOS,2026-03-19,POST_RESOLUTION,4,"Very intuitive workflow, much better than the legacy portal."
SRV-003508,EMP-05654,OFC-NYC,2026-03-19,POST_RESOLUTION,4,Self-service articles were actually helpful for once.
SRV-003509,EMP-09483,OFC-SIN,2026-03-19,POST_RESOLUTION,2,System is way too slow. Massive latency when loading the dashboard.
SRV-003510,EMP-08526,OFC-LON,2026-03-19,POST_RESOLUTION,4,The new AI system is incredibly fast. Saves me a lot of time.
SRV-003511,EMP-05174,OFC-SIN,2026-03-19,POST_RESOLUTION,1,I don't know how to use this. We need more training on the AI portal.
SRV-003512,EMP-02109,OFC-BOS,2026-03-19,POST_RESOLUTION,4,Smooth transition. No complaints.
SRV-003513,EMP-08298,OFC-NYC,2026-03-19,POST_RESOLUTION,4,"Very intuitive workflow, much better than the legacy portal."
SRV-003514,EMP-03603,OFC-NYC,2026-03-19,POST_RESOLUTION,5,The new AI system is incredibly fast. Saves me a lot of time.
SRV-003515,EMP-03656,OFC-GUR,2026-03-19,POST_RESOLUTION,3,"Worked fine, but I prefer emailing a real person."
SRV-003516,EMP-02210,OFC-NYC,2026-03-19,POST_RESOLUTION,3,It's okay. Takes some getting used to.
SRV-003517,EMP-02638,OFC-SIN,2026-03-19,POST_RESOLUTION,2,Keeps freezing. The latency makes it unusable.
SRV-003518,EMP-05458,OFC-NYC,2026-03-19,POST_RESOLUTION,4,Great experience. The AI resolved my password issue in seconds.
SRV-003519,EMP-09073,OFC-GUR,2026-03-19,POST_RESOLUTION,5,Smooth transition. No complaints.
SRV-003520,EMP-04948,OFC-BOS,2026-03-19,POST_RESOLUTION,5,The new AI system is incredibly fast. Saves me a lot of time.
SRV-003521,EMP-03909,OFC-NYC,2026-03-19,POST_RESOLUTION,4,Self-service articles were actually helpful for once.
SRV-003522,EMP-09534,OFC-LON,2026-03-19,POST_RESOLUTION,4,Self-service articles were actually helpful for once.
SRV-003523,EMP-03865,OFC-LON,2026-03-19,POST_RESOLUTION,5,Self-service articles were actually helpful for once.
SRV-003524,EMP-01287,OFC-LON,2026-03-19,POST_RESOLUTION,4,"Very intuitive workflow, much better than the legacy portal."
SRV-003525,EMP-04429,OFC-LON,2026-03-19,POST_RESOLUTION,4,"Very intuitive workflow, much better than the legacy portal."
SRV-003526,EMP-07311,OFC-LON,2026-03-19,POST_RESOLUTION,3,"AI is decent, but didn't fully understand my specific network issue."
SRV-003527,EMP-10905,OFC-NYC,2026-03-19,POST_RESOLUTION,4,Great experience. The AI resolved my password issue in seconds.
SRV-003528,EMP-06900,OFC-LON,2026-03-19,POST_RESOLUTION,4,Self-service articles were actually helpful for once.
SRV-003529,EMP-06020,OFC-GUR,2026-03-19,POST_RESOLUTION,4,"Very intuitive workflow, much better than the legacy portal."
SRV-003530,EMP-10500,OFC-LON,2026-03-19,POST_RESOLUTION,4,Smooth transition. No complaints.
SRV-003531,EMP-02200,OFC-GUR,2026-03-19,POST_RESOLUTION,4,Smooth transition. No complaints.
SRV-003532,EMP-09922,OFC-LON,2026-03-19,POST_RESOLUTION,4,Self-service articles were actually helpful for once.
SRV-003533,EMP-09372,OFC-NYC,2026-03-19,POST_RESOLUTION,4,"Very intuitive workflow, much better than the legacy portal."
SRV-003534,EMP-01816,OFC-LON,2026-03-19,POST_RESOLUTION,5,Smooth transition. No complaints.
SRV-003535,EMP-10096,OFC-NYC,2026-03-19,POST_RESOLUTION,3,Standard IT portal. Nothing special.
SRV-003536,EMP-02222,OFC-NYC,2026-03-19,POST_RESOLUTION,4,Great experience. The AI resolved my password issue in seconds.
SRV-003537,EMP-03315,OFC-BOS,2026-03-19,POST_RESOLUTION,4,Self-service articles were actually helpful for once.
SRV-003538,EMP-08084,OFC-LON,2026-03-19,POST_RESOLUTION,3,"Worked fine, but I prefer emailing a real person."
SRV-003539,EMP-06053,OFC-BOS,2026-03-19,POST_RESOLUTION,5,"Very intuitive workflow, much better than the legacy portal."
SRV-003540,EMP-09094,OFC-LON,2026-03-19,POST_RESOLUTION,3,Standard IT portal. Nothing special.
SRV-003541,EMP-02313,OFC-GUR,2026-03-19,POST_RESOLUTION,4,The new AI system is incredibly fast. Saves me a lot of time.
SRV-003542,EMP-08622,OFC-BOS,2026-03-19,POST_RESOLUTION,4,Smooth transition. No complaints.
SRV-003543,EMP-01433,OFC-BOS,2026-03-19,POST_RESOLUTION,3,"AI is decent, but didn't fully understand my specific network issue."
SRV-003544,EMP-08721,OFC-SIN,2026-03-19,POST_RESOLUTION,1,Confusing interface. I just want to submit an email ticket.
SRV-003545,EMP-09975,OFC-LON,2026-03-19,POST_RESOLUTION,4,The new AI system is incredibly fast. Saves me a lot of time.
SRV-003546,EMP-06223,OFC-NYC,2026-03-19,POST_RESOLUTION,4,"Very intuitive workflow, much better than the legacy portal."
SRV-003547,EMP-06085,OFC-LON,2026-03-19,POST_RESOLUTION,4,Smooth transition. No complaints.
SRV-003548,EMP-06154,OFC-GUR,2026-03-19,POST_RESOLUTION,4,Self-service articles were actually helpful for once.
SRV-003549,EMP-09092,OFC-LON,2026-03-19,POST_RESOLUTION,4,Smooth transition. No complaints.
SRV-003550,EMP-06735,OFC-GUR,2026-03-19,POST_RESOLUTION,5,"Very intuitive workflow, much better than the legacy portal."
SRV-003551,EMP-04195,OFC-LON,2026-03-19,POST_RESOLUTION,3,It's okay. Takes some getting used to.
SRV-003552,EMP-09038,OFC-NYC,2026-03-19,POST_RESOLUTION,5,Great experience. The AI resolved my password issue in seconds.
SRV-003553,EMP-09037,OFC-SIN,2026-03-19,POST_RESOLUTION,1,I don't know how to use this. We need more training on the AI portal.
SRV-003554,EMP-03213,OFC-SIN,2026-03-19,POST_RESOLUTION,1,Keeps freezing. The latency makes it unusable.
SRV-003555,EMP-02684,OFC-BOS,2026-03-19,POST_RESOLUTION,3,It's okay. Takes some getting used to.
SRV-003556,EMP-01019,OFC-NYC,2026-03-19,POST_RESOLUTION,4,"Very intuitive workflow, much better than the legacy portal."
SRV-003557,EMP-08830,OFC-BOS,2026-03-19,POST_RESOLUTION,4,Self-service articles were actually helpful for once.
SRV-003558,EMP-08609,OFC-BOS,2026-03-19,POST_RESOLUTION,4,Self-service articles were actually helpful for once.
SRV-003559,EMP-02167,OFC-LON,2026-03-19,POST_RESOLUTION,3,Standard IT portal. Nothing special.
SRV-003560,EMP-07133,OFC-BOS,2026-03-19,POST_RESOLUTION,4,The new AI system is incredibly fast. Saves me a lot of time.
SRV-003561,EMP-07257,OFC-GUR,2026-03-19,POST_RESOLUTION,5,Self-service articles were actually helpful for once.
SRV-003562,EMP-03132,OFC-LON,2026-03-19,POST_RESOLUTION,5,Great experience. The AI resolved my password issue in seconds.
SRV-003563,EMP-01156,OFC-GUR,2026-03-19,POST_RESOLUTION,4,The new AI system is incredibly fast. Saves me a lot of time.
SRV-003564,EMP-05322,OFC-GUR,2026-03-19,POST_RESOLUTION,4,Self-service articles were actually helpful for once.
SRV-003565,EMP-08744,OFC-LON,2026-03-19,POST_RESOLUTION,5,"Very intuitive workflow, much better than the legacy portal."
SRV-003566,EMP-02560,OFC-NYC,2026-03-19,POST_RESOLUTION,4,"Very intuitive workflow, much better than the legacy portal."
SRV-003567,EMP-05122,OFC-GUR,2026-03-19,POST_RESOLUTION,5,The new AI system is incredibly fast. Saves me a lot of time.
SRV-003568,EMP-03591,OFC-GUR,2026-03-19,POST_RESOLUTION,5,Self-service articles were actually helpful for once.
SRV-003569,EMP-05280,OFC-BOS,2026-03-19,POST_RESOLUTION,5,Self-service articles were actually helpful for once.
SRV-003570,EMP-06954,OFC-BOS,2026-03-19,POST_RESOLUTION,5,The new AI system is incredibly fast. Saves me a lot of time.
SRV-003571,EMP-09020,OFC-LON,2026-03-19,POST_RESOLUTION,5,The new AI system is incredibly fast. Saves me a lot of time.
SRV-003572,EMP-07132,OFC-LON,2026-03-19,POST_RESOLUTION,3,It's okay. Takes some getting used to.
SRV-003573,EMP-04144,OFC-NYC,2026-03-19,POST_RESOLUTION,5,Great experience. The AI resolved my password issue in seconds.
SRV-003574,EMP-10893,OFC-GUR,2026-03-19,POST_RESOLUTION,3,"AI is decent, but didn't fully understand my specific network issue."
SRV-003575,EMP-04933,OFC-BOS,2026-03-19,POST_RESOLUTION,4,Great experience. The AI resolved my password issue in seconds.
SRV-003576,EMP-05903,OFC-NYC,2026-03-19,POST_RESOLUTION,4,"Very intuitive workflow, much better than the legacy portal."
SRV-003577,EMP-03683,OFC-NYC,2026-03-19,POST_RESOLUTION,3,"AI is decent, but didn't fully understand my specific network issue."
SRV-003578,EMP-09042,OFC-BOS,2026-03-19,POST_RESOLUTION,3,"AI is decent, but didn't fully understand my specific network issue."
SRV-003579,EMP-10301,OFC-LON,2026-03-19,POST_RESOLUTION,4,Great experience. The AI resolved my password issue in seconds.
SRV-003580,EMP-10726,OFC-GUR,2026-03-19,POST_RESOLUTION,4,Self-service articles were actually helpful for once.
SRV-003581,EMP-10080,OFC-NYC,2026-03-19,POST_RESOLUTION,4,Smooth transition. No complaints.
SRV-003582,EMP-02707,OFC-BOS,2026-03-19,POST_RESOLUTION,5,Great experience. The AI resolved my password issue in seconds.
SRV-003583,EMP-02726,OFC-LON,2026-03-19,POST_RESOLUTION,3,It's okay. Takes some getting used to.
SRV-003584,EMP-10654,OFC-LON,2026-03-19,POST_RESOLUTION,4,Great experience. The AI resolved my password issue in seconds.
SRV-003585,EMP-04725,OFC-SIN,2026-03-19,POST_RESOLUTION,2,Confusing interface. I just want to submit an email ticket.
SRV-003586,EMP-10162,OFC-GUR,2026-03-19,POST_RESOLUTION,4,"Very intuitive workflow, much better than the legacy portal."
SRV-003587,EMP-08707,OFC-GUR,2026-03-19,POST_RESOLUTION,4,"Very intuitive workflow, much better than the legacy portal."
SRV-003588,EMP-07308,OFC-LON,2026-03-19,POST_RESOLUTION,4,Great experience. The AI resolved my password issue in seconds.
SRV-003589,EMP-01317,OFC-BOS,2026-03-19,POST_RESOLUTION,4,The new AI system is incredibly fast. Saves me a lot of time.
SRV-003590,EMP-02648,OFC-GUR,2026-03-19,POST_RESOLUTION,5,The new AI system is incredibly fast. Saves me a lot of time.
SRV-003591,EMP-01244,OFC-BOS,2026-03-19,POST_RESOLUTION,3,"Worked fine, but I prefer emailing a real person."
SRV-003592,EMP-08419,OFC-GUR,2026-03-19,POST_RESOLUTION,5,The new AI system is incredibly fast. Saves me a lot of time.
SRV-003593,EMP-08014,OFC-LON,2026-03-19,POST_RESOLUTION,3,"Worked fine, but I prefer emailing a real person."
SRV-003594,EMP-01440,OFC-BOS,2026-03-19,POST_RESOLUTION,3,"Worked fine, but I prefer emailing a real person."
SRV-003595,EMP-10697,OFC-GUR,2026-03-19,POST_RESOLUTION,5,The new AI system is incredibly fast. Saves me a lot of time.
SRV-003596,EMP-05669,OFC-GUR,2026-03-19,POST_RESOLUTION,5,The new AI system is incredibly fast. Saves me a lot of time.
SRV-003597,EMP-04810,OFC-GUR,2026-03-19,POST_RESOLUTION,4,Self-service articles were actually helpful for once.
SRV-003598,EMP-10108,OFC-BOS,2026-03-19,POST_RESOLUTION,4,"Very intuitive workflow, much better than the legacy portal."
SRV-003599,EMP-01243,OFC-NYC,2026-03-19,POST_RESOLUTION,5,Great experience. The AI resolved my password issue in seconds.
SRV-003600,EMP-04392,OFC-SIN,2026-03-19,POST_RESOLUTION,2,I don't know how to use this. We need more training on the AI portal.
SRV-003601,EMP-02970,OFC-BOS,2026-03-26,POST_RESOLUTION,4,The new AI system is incredibly fast. Saves me a lot of time.
SRV-003602,EMP-02711,OFC-BOS,2026-03-26,POST_RESOLUTION,4,Smooth transition. No complaints.
SRV-003603,EMP-04285,OFC-BOS,2026-03-26,POST_RESOLUTION,4,The new AI system is incredibly fast. Saves me a lot of time.
SRV-003604,EMP-03455,OFC-BOS,2026-03-26,POST_RESOLUTION,5,Self-service articles were actually helpful for once.
SRV-003605,EMP-06088,OFC-LON,2026-03-26,POST_RESOLUTION,4,Smooth transition. No complaints.
SRV-003606,EMP-01383,OFC-SIN,2026-03-26,POST_RESOLUTION,5,Smooth transition. No complaints.
SRV-003607,EMP-08841,OFC-NYC,2026-03-26,POST_RESOLUTION,5,Great experience. The AI resolved my password issue in seconds.
SRV-003608,EMP-10898,OFC-GUR,2026-03-26,POST_RESOLUTION,4,The new AI system is incredibly fast. Saves me a lot of time.
SRV-003609,EMP-08065,OFC-LON,2026-03-26,POST_RESOLUTION,4,Great experience. The AI resolved my password issue in seconds.
SRV-003610,EMP-01466,OFC-NYC,2026-03-26,POST_RESOLUTION,5,"Very intuitive workflow, much better than the legacy portal."
SRV-003611,EMP-04980,OFC-GUR,2026-03-26,POST_RESOLUTION,4,Smooth transition. No complaints.
SRV-003612,EMP-09130,OFC-GUR,2026-03-26,POST_RESOLUTION,5,Great experience. The AI resolved my password issue in seconds.
SRV-003613,EMP-07817,OFC-SIN,2026-03-26,POST_RESOLUTION,5,"Very intuitive workflow, much better than the legacy portal."
SRV-003614,EMP-10883,OFC-SIN,2026-03-26,POST_RESOLUTION,5,The new AI system is incredibly fast. Saves me a lot of time.
SRV-003615,EMP-05649,OFC-BOS,2026-03-26,POST_RESOLUTION,5,The new AI system is incredibly fast. Saves me a lot of time.
SRV-003616,EMP-09897,OFC-LON,2026-03-26,POST_RESOLUTION,4,Self-service articles were actually helpful for once.
SRV-003617,EMP-06431,OFC-BOS,2026-03-26,POST_RESOLUTION,4,"Very intuitive workflow, much better than the legacy portal."
SRV-003618,EMP-04128,OFC-SIN,2026-03-26,POST_RESOLUTION,4,"Very intuitive workflow, much better than the legacy portal."
SRV-003619,EMP-02949,OFC-NYC,2026-03-26,POST_RESOLUTION,5,Great experience. The AI resolved my password issue in seconds.
SRV-003620,EMP-08668,OFC-SIN,2026-03-26,POST_RESOLUTION,4,Smooth transition. No complaints.
SRV-003621,EMP-09629,OFC-GUR,2026-03-26,POST_RESOLUTION,4,Smooth transition. No complaints.
SRV-003622,EMP-03980,OFC-NYC,2026-03-26,POST_RESOLUTION,5,Self-service articles were actually helpful for once.
SRV-003623,EMP-09034,OFC-GUR,2026-03-26,POST_RESOLUTION,5,Self-service articles were actually helpful for once.
SRV-003624,EMP-10657,OFC-BOS,2026-03-26,POST_RESOLUTION,5,Self-service articles were actually helpful for once.
SRV-003625,EMP-02909,OFC-BOS,2026-03-26,POST_RESOLUTION,5,"Very intuitive workflow, much better than the legacy portal."
SRV-003626,EMP-05355,OFC-LON,2026-03-26,POST_RESOLUTION,5,The new AI system is incredibly fast. Saves me a lot of time.
SRV-003627,EMP-08660,OFC-BOS,2026-03-26,POST_RESOLUTION,5,The new AI system is incredibly fast. Saves me a lot of time.
SRV-003628,EMP-08075,OFC-BOS,2026-03-26,POST_RESOLUTION,5,Great experience. The AI resolved my password issue in seconds.
SRV-003629,EMP-10475,OFC-GUR,2026-03-26,POST_RESOLUTION,4,Smooth transition. No complaints.
SRV-003630,EMP-01376,OFC-GUR,2026-03-26,POST_RESOLUTION,4,Smooth transition. No complaints.
SRV-003631,EMP-04490,OFC-BOS,2026-03-26,POST_RESOLUTION,4,Great experience. The AI resolved my password issue in seconds.
SRV-003632,EMP-08949,OFC-NYC,2026-03-26,POST_RESOLUTION,5,"Very intuitive workflow, much better than the legacy portal."
SRV-003633,EMP-01219,OFC-GUR,2026-03-26,POST_RESOLUTION,5,The new AI system is incredibly fast. Saves me a lot of time.
SRV-003634,EMP-01300,OFC-BOS,2026-03-26,POST_RESOLUTION,4,Self-service articles were actually helpful for once.
SRV-003635,EMP-03436,OFC-NYC,2026-03-26,POST_RESOLUTION,5,The new AI system is incredibly fast. Saves me a lot of time.
SRV-003636,EMP-02286,OFC-BOS,2026-03-26,POST_RESOLUTION,4,Great experience. The AI resolved my password issue in seconds.
SRV-003637,EMP-06269,OFC-NYC,2026-03-26,POST_RESOLUTION,5,The new AI system is incredibly fast. Saves me a lot of time.
SRV-003638,EMP-06069,OFC-BOS,2026-03-26,POST_RESOLUTION,4,Self-service articles were actually helpful for once.
SRV-003639,EMP-01912,OFC-LON,2026-03-26,POST_RESOLUTION,5,Smooth transition. No complaints.
SRV-003640,EMP-09170,OFC-GUR,2026-03-26,POST_RESOLUTION,5,Great experience. The AI resolved my password issue in seconds.
SRV-003641,EMP-05053,OFC-LON,2026-03-26,POST_RESOLUTION,4,"Very intuitive workflow, much better than the legacy portal."
SRV-003642,EMP-10136,OFC-GUR,2026-03-26,POST_RESOLUTION,5,The new AI system is incredibly fast. Saves me a lot of time.
SRV-003643,EMP-05354,OFC-LON,2026-03-26,POST_RESOLUTION,5,The new AI system is incredibly fast. Saves me a lot of time.
SRV-003644,EMP-03248,OFC-LON,2026-03-26,POST_RESOLUTION,4,"Very intuitive workflow, much better than the legacy portal."
SRV-003645,EMP-02234,OFC-GUR,2026-03-26,POST_RESOLUTION,4,"Very intuitive workflow, much better than the legacy portal."
SRV-003646,EMP-07888,OFC-BOS,2026-03-26,POST_RESOLUTION,4,Self-service articles were actually helpful for once.
SRV-003647,EMP-06785,OFC-SIN,2026-03-26,POST_RESOLUTION,5,The new AI system is incredibly fast. Saves me a lot of time.
SRV-003648,EMP-04782,OFC-BOS,2026-03-26,POST_RESOLUTION,5,Great experience. The AI resolved my password issue in seconds.
SRV-003649,EMP-05856,OFC-BOS,2026-03-26,POST_RESOLUTION,5,The new AI system is incredibly fast. Saves me a lot of time.
SRV-003650,EMP-01134,OFC-SIN,2026-03-26,POST_RESOLUTION,4,Self-service articles were actually helpful for once.
SRV-003651,EMP-09624,OFC-BOS,2026-03-26,POST_RESOLUTION,4,Great experience. The AI resolved my password issue in seconds.
SRV-003652,EMP-04286,OFC-NYC,2026-03-26,POST_RESOLUTION,5,Great experience. The AI resolved my password issue in seconds.
SRV-003653,EMP-09583,OFC-BOS,2026-03-26,POST_RESOLUTION,4,Great experience. The AI resolved my password issue in seconds.
SRV-003654,EMP-03686,OFC-BOS,2026-03-26,POST_RESOLUTION,5,Self-service articles were actually helpful for once.
SRV-003655,EMP-06639,OFC-BOS,2026-03-26,POST_RESOLUTION,4,The new AI system is incredibly fast. Saves me a lot of time.
SRV-003656,EMP-09771,OFC-NYC,2026-03-26,POST_RESOLUTION,5,Smooth transition. No complaints.
SRV-003657,EMP-10710,OFC-BOS,2026-03-26,POST_RESOLUTION,5,Great experience. The AI resolved my password issue in seconds.
SRV-003658,EMP-10175,OFC-BOS,2026-03-26,POST_RESOLUTION,4,"Very intuitive workflow, much better than the legacy portal."
SRV-003659,EMP-03332,OFC-LON,2026-03-26,POST_RESOLUTION,4,Self-service articles were actually helpful for once.
SRV-003660,EMP-05049,OFC-BOS,2026-03-26,POST_RESOLUTION,4,Great experience. The AI resolved my password issue in seconds.
SRV-003661,EMP-04343,OFC-BOS,2026-03-26,POST_RESOLUTION,5,Self-service articles were actually helpful for once.
SRV-003662,EMP-06148,OFC-LON,2026-03-26,POST_RESOLUTION,4,"Very intuitive workflow, much better than the legacy portal."
SRV-003663,EMP-03251,OFC-SIN,2026-03-26,POST_RESOLUTION,4,Great experience. The AI resolved my password issue in seconds.
SRV-003664,EMP-05000,OFC-LON,2026-03-26,POST_RESOLUTION,4,The new AI system is incredibly fast. Saves me a lot of time.
SRV-003665,EMP-06951,OFC-BOS,2026-03-26,POST_RESOLUTION,4,Self-service articles were actually helpful for once.
SRV-003666,EMP-03973,OFC-GUR,2026-03-26,POST_RESOLUTION,5,Great experience. The AI resolved my password issue in seconds.
SRV-003667,EMP-06514,OFC-BOS,2026-03-26,POST_RESOLUTION,5,Great experience. The AI resolved my password issue in seconds.
SRV-003668,EMP-02626,OFC-BOS,2026-03-26,POST_RESOLUTION,5,Self-service articles were actually helpful for once.
SRV-003669,EMP-09874,OFC-SIN,2026-03-26,POST_RESOLUTION,4,"Very intuitive workflow, much better than the legacy portal."
SRV-003670,EMP-07605,OFC-BOS,2026-03-26,POST_RESOLUTION,4,Self-service articles were actually helpful for once.
SRV-003671,EMP-04076,OFC-SIN,2026-03-26,POST_RESOLUTION,5,Smooth transition. No complaints.
SRV-003672,EMP-06103,OFC-NYC,2026-03-26,POST_RESOLUTION,4,The new AI system is incredibly fast. Saves me a lot of time.
SRV-003673,EMP-06027,OFC-BOS,2026-03-26,POST_RESOLUTION,5,"Very intuitive workflow, much better than the legacy portal."
SRV-003674,EMP-03573,OFC-LON,2026-03-26,POST_RESOLUTION,4,The new AI system is incredibly fast. Saves me a lot of time.
SRV-003675,EMP-08062,OFC-GUR,2026-03-26,POST_RESOLUTION,4,The new AI system is incredibly fast. Saves me a lot of time.
SRV-003676,EMP-08623,OFC-GUR,2026-03-26,POST_RESOLUTION,5,Self-service articles were actually helpful for once.
SRV-003677,EMP-01838,OFC-LON,2026-03-26,POST_RESOLUTION,5,Smooth transition. No complaints.
SRV-003678,EMP-03270,OFC-BOS,2026-03-26,POST_RESOLUTION,5,Great experience. The AI resolved my password issue in seconds.
SRV-003679,EMP-10847,OFC-NYC,2026-03-26,POST_RESOLUTION,5,Smooth transition. No complaints.
SRV-003680,EMP-05078,OFC-GUR,2026-03-26,POST_RESOLUTION,4,"Very intuitive workflow, much better than the legacy portal."
SRV-003681,EMP-01406,OFC-NYC,2026-03-26,POST_RESOLUTION,5,Smooth transition. No complaints.
SRV-003682,EMP-02681,OFC-SIN,2026-03-26,POST_RESOLUTION,5,The new AI system is incredibly fast. Saves me a lot of time.
SRV-003683,EMP-03278,OFC-LON,2026-03-26,POST_RESOLUTION,5,Great experience. The AI resolved my password issue in seconds.
SRV-003684,EMP-02785,OFC-SIN,2026-03-26,POST_RESOLUTION,4,Smooth transition. No complaints.
SRV-003685,EMP-10936,OFC-LON,2026-03-26,POST_RESOLUTION,4,Great experience. The AI resolved my password issue in seconds.
SRV-003686,EMP-06101,OFC-LON,2026-03-26,POST_RESOLUTION,4,Smooth transition. No complaints.
SRV-003687,EMP-08971,OFC-LON,2026-03-26,POST_RESOLUTION,4,Great experience. The AI resolved my password issue in seconds.
SRV-003688,EMP-06815,OFC-BOS,2026-03-26,POST_RESOLUTION,5,Smooth transition. No complaints.
SRV-003689,EMP-01055,OFC-SIN,2026-03-26,POST_RESOLUTION,5,"Very intuitive workflow, much better than the legacy portal."
SRV-003690,EMP-02541,OFC-BOS,2026-03-26,POST_RESOLUTION,5,Great experience. The AI resolved my password issue in seconds.
SRV-003691,EMP-09940,OFC-LON,2026-03-26,POST_RESOLUTION,5,Self-service articles were actually helpful for once.
SRV-003692,EMP-04934,OFC-NYC,2026-03-26,POST_RESOLUTION,5,The new AI system is incredibly fast. Saves me a lot of time.
SRV-003693,EMP-09913,OFC-BOS,2026-03-26,POST_RESOLUTION,4,Great experience. The AI resolved my password issue in seconds.
SRV-003694,EMP-03498,OFC-SIN,2026-03-26,POST_RESOLUTION,4,The new AI system is incredibly fast. Saves me a lot of time.
SRV-003695,EMP-04130,OFC-GUR,2026-03-26,POST_RESOLUTION,5,Smooth transition. No complaints.
SRV-003696,EMP-03334,OFC-BOS,2026-03-26,POST_RESOLUTION,5,Smooth transition. No complaints.
SRV-003697,EMP-06724,OFC-BOS,2026-03-26,POST_RESOLUTION,4,Smooth transition. No complaints.
SRV-003698,EMP-09636,OFC-GUR,2026-03-26,POST_RESOLUTION,5,Smooth transition. No complaints.
SRV-003699,EMP-08832,OFC-BOS,2026-03-26,POST_RESOLUTION,5,Smooth transition. No complaints.
SRV-003700,EMP-08122,OFC-LON,2026-03-26,POST_RESOLUTION,4,"Very intuitive workflow, much better than the legacy portal."
SRV-003701,EMP-04912,OFC-BOS,2026-03-26,POST_RESOLUTION,4,The new AI system is incredibly fast. Saves me a lot of time.
SRV-003702,EMP-01497,OFC-BOS,2026-03-26,POST_RESOLUTION,4,Great experience. The AI resolved my password issue in seconds.
SRV-003703,EMP-03519,OFC-GUR,2026-03-26,POST_RESOLUTION,5,"Very intuitive workflow, much better than the legacy portal."
SRV-003704,EMP-04776,OFC-GUR,2026-03-26,POST_RESOLUTION,5,"Very intuitive workflow, much better than the legacy portal."
SRV-003705,EMP-06419,OFC-NYC,2026-03-26,POST_RESOLUTION,4,"Very intuitive workflow, much better than the legacy portal."
SRV-003706,EMP-06251,OFC-SIN,2026-03-26,POST_RESOLUTION,4,"Very intuitive workflow, much better than the legacy portal."
SRV-003707,EMP-09571,OFC-NYC,2026-03-26,POST_RESOLUTION,4,"Very intuitive workflow, much better than the legacy portal."
SRV-003708,EMP-05811,OFC-SIN,2026-03-26,POST_RESOLUTION,5,The new AI system is incredibly fast. Saves me a lot of time.
SRV-003709,EMP-06476,OFC-NYC,2026-03-26,POST_RESOLUTION,5,Great experience. The AI resolved my password issue in seconds.
SRV-003710,EMP-08487,OFC-SIN,2026-03-26,POST_RESOLUTION,5,The new AI system is incredibly fast. Saves me a lot of time.
SRV-003711,EMP-01253,OFC-NYC,2026-03-26,POST_RESOLUTION,5,Great experience. The AI resolved my password issue in seconds.
SRV-003712,EMP-08926,OFC-SIN,2026-03-26,POST_RESOLUTION,5,"Very intuitive workflow, much better than the legacy portal."
SRV-003713,EMP-04381,OFC-NYC,2026-03-26,POST_RESOLUTION,4,"Very intuitive workflow, much better than the legacy portal."
SRV-003714,EMP-05675,OFC-SIN,2026-03-26,POST_RESOLUTION,5,Smooth transition. No complaints.
SRV-003715,EMP-08744,OFC-LON,2026-03-26,POST_RESOLUTION,5,Self-service articles were actually helpful for once.
SRV-003716,EMP-03718,OFC-GUR,2026-03-26,POST_RESOLUTION,4,Self-service articles were actually helpful for once.
SRV-003717,EMP-02965,OFC-LON,2026-03-26,POST_RESOLUTION,4,The new AI system is incredibly fast. Saves me a lot of time.
SRV-003718,EMP-07681,OFC-BOS,2026-03-26,POST_RESOLUTION,5,The new AI system is incredibly fast. Saves me a lot of time.
SRV-003719,EMP-07636,OFC-SIN,2026-03-26,POST_RESOLUTION,5,Great experience. The AI resolved my password issue in seconds.
SRV-003720,EMP-08262,OFC-GUR,2026-03-26,POST_RESOLUTION,5,Smooth transition. No complaints.
SRV-003721,EMP-04263,OFC-BOS,2026-03-26,POST_RESOLUTION,5,Great experience. The AI resolved my password issue in seconds.
SRV-003722,EMP-05122,OFC-GUR,2026-03-26,POST_RESOLUTION,4,Smooth transition. No complaints.
SRV-003723,EMP-02990,OFC-GUR,2026-03-26,POST_RESOLUTION,5,Self-service articles were actually helpful for once.
SRV-003724,EMP-10246,OFC-LON,2026-03-26,POST_RESOLUTION,5,Self-service articles were actually helpful for once.
SRV-003725,EMP-08752,OFC-BOS,2026-03-26,POST_RESOLUTION,5,Smooth transition. No complaints.
SRV-003726,EMP-06850,OFC-BOS,2026-03-26,POST_RESOLUTION,4,Great experience. The AI resolved my password issue in seconds.
SRV-003727,EMP-09856,OFC-BOS,2026-03-26,POST_RESOLUTION,4,The new AI system is incredibly fast. Saves me a lot of time.
SRV-003728,EMP-10499,OFC-BOS,2026-03-26,POST_RESOLUTION,4,Smooth transition. No complaints.
SRV-003729,EMP-05358,OFC-LON,2026-03-26,POST_RESOLUTION,4,Smooth transition. No complaints.
SRV-003730,EMP-08780,OFC-LON,2026-03-26,POST_RESOLUTION,4,Smooth transition. No complaints.
SRV-003731,EMP-08559,OFC-GUR,2026-03-26,POST_RESOLUTION,5,Great experience. The AI resolved my password issue in seconds.
SRV-003732,EMP-09241,OFC-GUR,2026-03-26,POST_RESOLUTION,5,The new AI system is incredibly fast. Saves me a lot of time.
SRV-003733,EMP-04109,OFC-LON,2026-03-26,POST_RESOLUTION,5,Great experience. The AI resolved my password issue in seconds.
SRV-003734,EMP-05051,OFC-GUR,2026-03-26,POST_RESOLUTION,4,"Very intuitive workflow, much better than the legacy portal."
SRV-003735,EMP-09838,OFC-SIN,2026-03-26,POST_RESOLUTION,4,"Very intuitive workflow, much better than the legacy portal."
SRV-003736,EMP-03256,OFC-LON,2026-03-26,POST_RESOLUTION,4,Smooth transition. No complaints.
SRV-003737,EMP-03597,OFC-LON,2026-03-26,POST_RESOLUTION,5,Smooth transition. No complaints.
SRV-003738,EMP-09861,OFC-GUR,2026-03-26,POST_RESOLUTION,5,Smooth transition. No complaints.
SRV-003739,EMP-03385,OFC-LON,2026-03-26,POST_RESOLUTION,4,The new AI system is incredibly fast. Saves me a lot of time.
SRV-003740,EMP-07660,OFC-LON,2026-03-26,POST_RESOLUTION,5,The new AI system is incredibly fast. Saves me a lot of time.
SRV-003741,EMP-03584,OFC-LON,2026-03-26,POST_RESOLUTION,5,Smooth transition. No complaints.
SRV-003742,EMP-01789,OFC-SIN,2026-03-26,POST_RESOLUTION,5,The new AI system is incredibly fast. Saves me a lot of time.
SRV-003743,EMP-06661,OFC-BOS,2026-03-26,POST_RESOLUTION,5,Self-service articles were actually helpful for once.
SRV-003744,EMP-01678,OFC-SIN,2026-03-26,POST_RESOLUTION,5,Smooth transition. No complaints.
SRV-003745,EMP-01197,OFC-SIN,2026-03-26,POST_RESOLUTION,5,Self-service articles were actually helpful for once.
SRV-003746,EMP-07824,OFC-BOS,2026-03-26,POST_RESOLUTION,4,Great experience. The AI resolved my password issue in seconds.
SRV-003747,EMP-08226,OFC-SIN,2026-03-26,POST_RESOLUTION,4,Self-service articles were actually helpful for once.
SRV-003748,EMP-05034,OFC-BOS,2026-03-26,POST_RESOLUTION,5,Great experience. The AI resolved my password issue in seconds.
SRV-003749,EMP-01549,OFC-GUR,2026-03-26,POST_RESOLUTION,4,Great experience. The AI resolved my password issue in seconds.
SRV-003750,EMP-03675,OFC-NYC,2026-03-26,POST_RESOLUTION,5,Smooth transition. No complaints.
SRV-003751,EMP-02095,OFC-BOS,2026-03-26,POST_RESOLUTION,5,Smooth transition. No complaints.
SRV-003752,EMP-08107,OFC-BOS,2026-03-26,POST_RESOLUTION,4,Great experience. The AI resolved my password issue in seconds.
SRV-003753,EMP-04307,OFC-BOS,2026-03-26,POST_RESOLUTION,5,The new AI system is incredibly fast. Saves me a lot of time.
SRV-003754,EMP-01800,OFC-GUR,2026-03-26,POST_RESOLUTION,4,"Very intuitive workflow, much better than the legacy portal."
SRV-003755,EMP-08956,OFC-GUR,2026-03-26,POST_RESOLUTION,4,Self-service articles were actually helpful for once.
SRV-003756,EMP-06434,OFC-LON,2026-03-26,POST_RESOLUTION,5,Great experience. The AI resolved my password issue in seconds.
SRV-003757,EMP-06180,OFC-NYC,2026-03-26,POST_RESOLUTION,4,"Very intuitive workflow, much better than the legacy portal."
SRV-003758,EMP-09076,OFC-LON,2026-03-26,POST_RESOLUTION,5,Smooth transition. No complaints.
SRV-003759,EMP-01015,OFC-BOS,2026-03-26,POST_RESOLUTION,5,Smooth transition. No complaints.
SRV-003760,EMP-09885,OFC-GUR,2026-03-26,POST_RESOLUTION,4,Great experience. The AI resolved my password issue in seconds.
SRV-003761,EMP-08723,OFC-GUR,2026-03-26,POST_RESOLUTION,5,The new AI system is incredibly fast. Saves me a lot of time.
SRV-003762,EMP-10653,OFC-BOS,2026-03-26,POST_RESOLUTION,4,Great experience. The AI resolved my password issue in seconds.
SRV-003763,EMP-06365,OFC-SIN,2026-03-26,POST_RESOLUTION,4,Self-service articles were actually helpful for once.
SRV-003764,EMP-01359,OFC-LON,2026-03-26,POST_RESOLUTION,5,"Very intuitive workflow, much better than the legacy portal."
SRV-003765,EMP-05073,OFC-LON,2026-03-26,POST_RESOLUTION,5,The new AI system is incredibly fast. Saves me a lot of time.
SRV-003766,EMP-10764,OFC-SIN,2026-03-26,POST_RESOLUTION,5,Great experience. The AI resolved my password issue in seconds.
SRV-003767,EMP-10597,OFC-NYC,2026-03-26,POST_RESOLUTION,4,Self-service articles were actually helpful for once.
SRV-003768,EMP-01576,OFC-BOS,2026-03-26,POST_RESOLUTION,5,Self-service articles were actually helpful for once.
SRV-003769,EMP-10141,OFC-BOS,2026-03-26,POST_RESOLUTION,4,The new AI system is incredibly fast. Saves me a lot of time.
SRV-003770,EMP-08354,OFC-BOS,2026-03-26,POST_RESOLUTION,4,Self-service articles were actually helpful for once.
SRV-003771,EMP-09240,OFC-GUR,2026-03-26,POST_RESOLUTION,5,Self-service articles were actually helpful for once.
SRV-003772,EMP-09943,OFC-SIN,2026-03-26,POST_RESOLUTION,4,Self-service articles were actually helpful for once.
SRV-003773,EMP-05936,OFC-SIN,2026-03-26,POST_RESOLUTION,4,Self-service articles were actually helpful for once.
SRV-003774,EMP-10152,OFC-BOS,2026-03-26,POST_RESOLUTION,5,Great experience. The AI resolved my password issue in seconds.
SRV-003775,EMP-07680,OFC-GUR,2026-03-26,POST_RESOLUTION,5,The new AI system is incredibly fast. Saves me a lot of time.
SRV-003776,EMP-10387,OFC-NYC,2026-03-26,POST_RESOLUTION,5,"Very intuitive workflow, much better than the legacy portal."
SRV-003777,EMP-01099,OFC-BOS,2026-03-26,POST_RESOLUTION,4,"Very intuitive workflow, much better than the legacy portal."
SRV-003778,EMP-05703,OFC-LON,2026-03-26,POST_RESOLUTION,5,Self-service articles were actually helpful for once.
SRV-003779,EMP-05754,OFC-SIN,2026-03-26,POST_RESOLUTION,5,Great experience. The AI resolved my password issue in seconds.
SRV-003780,EMP-09235,OFC-LON,2026-03-26,POST_RESOLUTION,5,Self-service articles were actually helpful for once.
SRV-003781,EMP-04691,OFC-LON,2026-03-26,POST_RESOLUTION,5,Self-service articles were actually helpful for once.
SRV-003782,EMP-10549,OFC-SIN,2026-03-26,POST_RESOLUTION,5,Great experience. The AI resolved my password issue in seconds.
SRV-003783,EMP-04731,OFC-SIN,2026-03-26,POST_RESOLUTION,4,Smooth transition. No complaints.
SRV-003784,EMP-07591,OFC-NYC,2026-03-26,POST_RESOLUTION,4,The new AI system is incredibly fast. Saves me a lot of time.
SRV-003785,EMP-04992,OFC-GUR,2026-03-26,POST_RESOLUTION,5,"Very intuitive workflow, much better than the legacy portal."
SRV-003786,EMP-04104,OFC-NYC,2026-03-26,POST_RESOLUTION,5,Great experience. The AI resolved my password issue in seconds.
SRV-003787,EMP-01796,OFC-SIN,2026-03-26,POST_RESOLUTION,4,"Very intuitive workflow, much better than the legacy portal."
SRV-003788,EMP-09774,OFC-SIN,2026-03-26,POST_RESOLUTION,5,Great experience. The AI resolved my password issue in seconds.
SRV-003789,EMP-01165,OFC-GUR,2026-03-26,POST_RESOLUTION,4,Great experience. The AI resolved my password issue in seconds.
SRV-003790,EMP-03788,OFC-SIN,2026-03-26,POST_RESOLUTION,4,Smooth transition. No complaints.
SRV-003791,EMP-03174,OFC-BOS,2026-03-26,POST_RESOLUTION,4,Self-service articles were actually helpful for once.
SRV-003792,EMP-08885,OFC-GUR,2026-03-26,POST_RESOLUTION,4,The new AI system is incredibly fast. Saves me a lot of time.
SRV-003793,EMP-09989,OFC-LON,2026-03-26,POST_RESOLUTION,4,Smooth transition. No complaints.
SRV-003794,EMP-01281,OFC-NYC,2026-03-26,POST_RESOLUTION,5,"Very intuitive workflow, much better than the legacy portal."
SRV-003795,EMP-08244,OFC-NYC,2026-03-26,POST_RESOLUTION,4,The new AI system is incredibly fast. Saves me a lot of time.
SRV-003796,EMP-08590,OFC-BOS,2026-03-26,POST_RESOLUTION,4,Self-service articles were actually helpful for once.
SRV-003797,EMP-03322,OFC-LON,2026-03-26,POST_RESOLUTION,4,Smooth transition. No complaints.
SRV-003798,EMP-07053,OFC-NYC,2026-03-26,POST_RESOLUTION,5,Great experience. The AI resolved my password issue in seconds.
SRV-003799,EMP-01495,OFC-NYC,2026-03-26,POST_RESOLUTION,5,"Very intuitive workflow, much better than the legacy portal."
SRV-003800,EMP-07858,OFC-SIN,2026-03-26,POST_RESOLUTION,5,Smooth transition. No complaints.
SRV-003801,EMP-05725,OFC-BOS,2026-03-26,POST_RESOLUTION,4,Smooth transition. No complaints.
SRV-003802,EMP-03159,OFC-GUR,2026-03-26,POST_RESOLUTION,5,The new AI system is incredibly fast. Saves me a lot of time.
SRV-003803,EMP-06309,OFC-SIN,2026-03-26,POST_RESOLUTION,5,"Very intuitive workflow, much better than the legacy portal."
SRV-003804,EMP-10318,OFC-LON,2026-03-26,POST_RESOLUTION,5,"Very intuitive workflow, much better than the legacy portal."
SRV-003805,EMP-04190,OFC-NYC,2026-03-26,POST_RESOLUTION,4,"Very intuitive workflow, much better than the legacy portal."
SRV-003806,EMP-10517,OFC-GUR,2026-03-26,POST_RESOLUTION,5,The new AI system is incredibly fast. Saves me a lot of time.
SRV-003807,EMP-01972,OFC-GUR,2026-03-26,POST_RESOLUTION,5,"Very intuitive workflow, much better than the legacy portal."
SRV-003808,EMP-04761,OFC-GUR,2026-03-26,POST_RESOLUTION,5,The new AI system is incredibly fast. Saves me a lot of time.
SRV-003809,EMP-06890,OFC-GUR,2026-03-26,POST_RESOLUTION,5,Great experience. The AI resolved my password issue in seconds.
SRV-003810,EMP-03129,OFC-NYC,2026-03-26,POST_RESOLUTION,4,The new AI system is incredibly fast. Saves me a lot of time.
SRV-003811,EMP-03970,OFC-NYC,2026-03-26,POST_RESOLUTION,4,Self-service articles were actually helpful for once.
SRV-003812,EMP-09329,OFC-LON,2026-03-26,POST_RESOLUTION,5,"Very intuitive workflow, much better than the legacy portal."
SRV-003813,EMP-02837,OFC-NYC,2026-03-26,POST_RESOLUTION,4,Self-service articles were actually helpful for once.
SRV-003814,EMP-07809,OFC-NYC,2026-03-26,POST_RESOLUTION,4,Self-service articles were actually helpful for once.
SRV-003815,EMP-03535,OFC-GUR,2026-03-26,POST_RESOLUTION,5,Great experience. The AI resolved my password issue in seconds.
SRV-003816,EMP-04430,OFC-LON,2026-03-26,POST_RESOLUTION,4,Smooth transition. No complaints.
SRV-003817,EMP-02997,OFC-BOS,2026-03-26,POST_RESOLUTION,5,Great experience. The AI resolved my password issue in seconds.
SRV-003818,EMP-06753,OFC-GUR,2026-03-26,POST_RESOLUTION,5,The new AI system is incredibly fast. Saves me a lot of time.
SRV-003819,EMP-01574,OFC-SIN,2026-03-26,POST_RESOLUTION,5,The new AI system is incredibly fast. Saves me a lot of time.
SRV-003820,EMP-01421,OFC-GUR,2026-03-26,POST_RESOLUTION,5,"Very intuitive workflow, much better than the legacy portal."
SRV-003821,EMP-09410,OFC-NYC,2026-03-26,POST_RESOLUTION,4,Self-service articles were actually helpful for once.
SRV-003822,EMP-09068,OFC-NYC,2026-03-26,POST_RESOLUTION,5,Great experience. The AI resolved my password issue in seconds.
SRV-003823,EMP-02467,OFC-NYC,2026-03-26,POST_RESOLUTION,5,Smooth transition. No complaints.
SRV-003824,EMP-06060,OFC-SIN,2026-03-26,POST_RESOLUTION,4,Great experience. The AI resolved my password issue in seconds.
SRV-003825,EMP-10001,OFC-LON,2026-03-26,POST_RESOLUTION,5,"Very intuitive workflow, much better than the legacy portal."
SRV-003826,EMP-04435,OFC-NYC,2026-03-26,POST_RESOLUTION,4,Great experience. The AI resolved my password issue in seconds.
SRV-003827,EMP-02167,OFC-LON,2026-03-26,POST_RESOLUTION,5,Smooth transition. No complaints.
SRV-003828,EMP-09821,OFC-SIN,2026-03-26,POST_RESOLUTION,4,Smooth transition. No complaints.
SRV-003829,EMP-04986,OFC-BOS,2026-03-26,POST_RESOLUTION,5,Self-service articles were actually helpful for once.
SRV-003830,EMP-09565,OFC-LON,2026-03-26,POST_RESOLUTION,4,Self-service articles were actually helpful for once.
SRV-003831,EMP-05161,OFC-BOS,2026-03-26,POST_RESOLUTION,4,"Very intuitive workflow, much better than the legacy portal."
SRV-003832,EMP-01978,OFC-LON,2026-03-26,POST_RESOLUTION,4,Self-service articles were actually helpful for once.
SRV-003833,EMP-10368,OFC-GUR,2026-03-26,POST_RESOLUTION,4,The new AI system is incredibly fast. Saves me a lot of time.
SRV-003834,EMP-02304,OFC-GUR,2026-03-26,POST_RESOLUTION,5,Self-service articles were actually helpful for once.
SRV-003835,EMP-06641,OFC-GUR,2026-03-26,POST_RESOLUTION,4,The new AI system is incredibly fast. Saves me a lot of time.
SRV-003836,EMP-08593,OFC-SIN,2026-03-26,POST_RESOLUTION,4,Great experience. The AI resolved my password issue in seconds.
SRV-003837,EMP-06175,OFC-GUR,2026-03-26,POST_RESOLUTION,5,The new AI system is incredibly fast. Saves me a lot of time.
SRV-003838,EMP-03140,OFC-GUR,2026-03-26,POST_RESOLUTION,5,"Very intuitive workflow, much better than the legacy portal."
SRV-003839,EMP-08526,OFC-LON,2026-03-26,POST_RESOLUTION,5,Smooth transition. No complaints.
SRV-003840,EMP-08324,OFC-BOS,2026-03-26,POST_RESOLUTION,5,"Very intuitive workflow, much better than the legacy portal."
SRV-003841,EMP-07086,OFC-GUR,2026-03-26,POST_RESOLUTION,5,"Very intuitive workflow, much better than the legacy portal."
SRV-003842,EMP-04622,OFC-BOS,2026-03-26,POST_RESOLUTION,5,"Very intuitive workflow, much better than the legacy portal."
SRV-003843,EMP-01995,OFC-BOS,2026-03-26,POST_RESOLUTION,4,"Very intuitive workflow, much better than the legacy portal."
SRV-003844,EMP-03080,OFC-BOS,2026-03-26,POST_RESOLUTION,5,Self-service articles were actually helpful for once.
SRV-003845,EMP-04749,OFC-SIN,2026-03-26,POST_RESOLUTION,4,Great experience. The AI resolved my password issue in seconds.
SRV-003846,EMP-02173,OFC-NYC,2026-03-26,POST_RESOLUTION,4,Smooth transition. No complaints.
SRV-003847,EMP-10364,OFC-NYC,2026-03-26,POST_RESOLUTION,5,The new AI system is incredibly fast. Saves me a lot of time.
SRV-003848,EMP-01945,OFC-BOS,2026-03-26,POST_RESOLUTION,4,The new AI system is incredibly fast. Saves me a lot of time.
SRV-003849,EMP-03143,OFC-NYC,2026-03-26,POST_RESOLUTION,4,Great experience. The AI resolved my password issue in seconds.
SRV-003850,EMP-05893,OFC-BOS,2026-03-26,POST_RESOLUTION,5,"Very intuitive workflow, much better than the legacy portal."
SRV-003851,EMP-02267,OFC-LON,2026-03-26,POST_RESOLUTION,4,"Very intuitive workflow, much better than the legacy portal."
SRV-003852,EMP-05186,OFC-BOS,2026-03-26,POST_RESOLUTION,5,Smooth transition. No complaints.
SRV-003853,EMP-02437,OFC-GUR,2026-03-26,POST_RESOLUTION,5,The new AI system is incredibly fast. Saves me a lot of time.
SRV-003854,EMP-04751,OFC-SIN,2026-03-26,POST_RESOLUTION,5,"Very intuitive workflow, much better than the legacy portal."
SRV-003855,EMP-09314,OFC-NYC,2026-03-26,POST_RESOLUTION,4,Self-service articles were actually helpful for once.
SRV-003856,EMP-09086,OFC-SIN,2026-03-26,POST_RESOLUTION,5,Smooth transition. No complaints.
SRV-003857,EMP-09407,OFC-BOS,2026-03-26,POST_RESOLUTION,4,Self-service articles were actually helpful for once.
SRV-003858,EMP-01025,OFC-GUR,2026-03-26,POST_RESOLUTION,5,Self-service articles were actually helpful for once.
SRV-003859,EMP-10887,OFC-GUR,2026-03-26,POST_RESOLUTION,4,Great experience. The AI resolved my password issue in seconds.
SRV-003860,EMP-08190,OFC-LON,2026-03-26,POST_RESOLUTION,5,Great experience. The AI resolved my password issue in seconds.
SRV-003861,EMP-09434,OFC-SIN,2026-03-26,POST_RESOLUTION,5,Self-service articles were actually helpful for once.
SRV-003862,EMP-10187,OFC-BOS,2026-03-26,POST_RESOLUTION,4,Great experience. The AI resolved my password issue in seconds.
SRV-003863,EMP-05450,OFC-NYC,2026-03-26,POST_RESOLUTION,4,Self-service articles were actually helpful for once.
SRV-003864,EMP-01000,OFC-NYC,2026-03-26,POST_RESOLUTION,4,"Very intuitive workflow, much better than the legacy portal."
SRV-003865,EMP-05655,OFC-BOS,2026-03-26,POST_RESOLUTION,5,Great experience. The AI resolved my password issue in seconds.
SRV-003866,EMP-06509,OFC-LON,2026-03-26,POST_RESOLUTION,5,Self-service articles were actually helpful for once.
SRV-003867,EMP-08637,OFC-LON,2026-03-26,POST_RESOLUTION,4,Smooth transition. No complaints.
SRV-003868,EMP-08601,OFC-BOS,2026-03-26,POST_RESOLUTION,4,Smooth transition. No complaints.
SRV-003869,EMP-08039,OFC-GUR,2026-03-26,POST_RESOLUTION,4,Great experience. The AI resolved my password issue in seconds.
SRV-003870,EMP-10186,OFC-GUR,2026-03-26,POST_RESOLUTION,4,Smooth transition. No complaints.
SRV-003871,EMP-07876,OFC-BOS,2026-03-26,POST_RESOLUTION,5,The new AI system is incredibly fast. Saves me a lot of time.
SRV-003872,EMP-06574,OFC-LON,2026-03-26,POST_RESOLUTION,4,The new AI system is incredibly fast. Saves me a lot of time.
SRV-003873,EMP-06685,OFC-GUR,2026-03-26,POST_RESOLUTION,4,Smooth transition. No complaints.
SRV-003874,EMP-06856,OFC-BOS,2026-03-26,POST_RESOLUTION,5,Self-service articles were actually helpful for once.
SRV-003875,EMP-06808,OFC-LON,2026-03-26,POST_RESOLUTION,5,Smooth transition. No complaints.
SRV-003876,EMP-01864,OFC-NYC,2026-03-26,POST_RESOLUTION,5,Smooth transition. No complaints.
SRV-003877,EMP-05495,OFC-LON,2026-03-26,POST_RESOLUTION,5,Smooth transition. No complaints.
SRV-003878,EMP-10377,OFC-NYC,2026-03-26,POST_RESOLUTION,5,Self-service articles were actually helpful for once.
SRV-003879,EMP-02431,OFC-LON,2026-03-26,POST_RESOLUTION,5,Self-service articles were actually helpful for once.
SRV-003880,EMP-04463,OFC-LON,2026-03-26,POST_RESOLUTION,5,The new AI system is incredibly fast. Saves me a lot of time.
SRV-003881,EMP-05926,OFC-LON,2026-03-26,POST_RESOLUTION,5,Great experience. The AI resolved my password issue in seconds.
SRV-003882,EMP-09823,OFC-BOS,2026-03-26,POST_RESOLUTION,5,The new AI system is incredibly fast. Saves me a lot of time.
SRV-003883,EMP-03266,OFC-LON,2026-03-26,POST_RESOLUTION,5,Self-service articles were actually helpful for once.
SRV-003884,EMP-01331,OFC-GUR,2026-03-26,POST_RESOLUTION,5,Self-service articles were actually helpful for once.
SRV-003885,EMP-01164,OFC-BOS,2026-03-26,POST_RESOLUTION,5,Self-service articles were actually helpful for once.
SRV-003886,EMP-05109,OFC-LON,2026-03-26,POST_RESOLUTION,4,Self-service articles were actually helpful for once.
SRV-003887,EMP-04920,OFC-SIN,2026-03-26,POST_RESOLUTION,5,Self-service articles were actually helpful for once.
SRV-003888,EMP-01127,OFC-SIN,2026-03-26,POST_RESOLUTION,4,Self-service articles were actually helpful for once.
SRV-003889,EMP-09093,OFC-SIN,2026-03-26,POST_RESOLUTION,4,"Very intuitive workflow, much better than the legacy portal."
SRV-003890,EMP-08215,OFC-LON,2026-03-26,POST_RESOLUTION,5,"Very intuitive workflow, much better than the legacy portal."
SRV-003891,EMP-05383,OFC-LON,2026-03-26,POST_RESOLUTION,4,Smooth transition. No complaints.
SRV-003892,EMP-02213,OFC-GUR,2026-03-26,POST_RESOLUTION,5,"Very intuitive workflow, much better than the legacy portal."
SRV-003893,EMP-09288,OFC-BOS,2026-03-26,POST_RESOLUTION,5,The new AI system is incredibly fast. Saves me a lot of time.
SRV-003894,EMP-03119,OFC-SIN,2026-03-26,POST_RESOLUTION,4,Smooth transition. No complaints.
SRV-003895,EMP-04580,OFC-LON,2026-03-26,POST_RESOLUTION,4,Great experience. The AI resolved my password issue in seconds.
SRV-003896,EMP-09262,OFC-GUR,2026-03-26,POST_RESOLUTION,5,Self-service articles were actually helpful for once.
SRV-003897,EMP-10767,OFC-GUR,2026-03-26,POST_RESOLUTION,4,"Very intuitive workflow, much better than the legacy portal."
SRV-003898,EMP-03574,OFC-BOS,2026-03-26,POST_RESOLUTION,5,The new AI system is incredibly fast. Saves me a lot of time.
SRV-003899,EMP-09171,OFC-GUR,2026-03-26,POST_RESOLUTION,4,Great experience. The AI resolved my password issue in seconds.
SRV-003900,EMP-06807,OFC-SIN,2026-03-26,POST_RESOLUTION,5,Self-service articles were actually helpful for once.
SRV-003901,EMP-06564,OFC-SIN,2026-04-02,POST_RESOLUTION,4,Self-service articles were actually helpful for once.
SRV-003902,EMP-10412,OFC-GUR,2026-04-02,POST_RESOLUTION,4,Great experience. The AI resolved my password issue in seconds.
SRV-003903,EMP-09892,OFC-SIN,2026-04-02,POST_RESOLUTION,4,Great experience. The AI resolved my password issue in seconds.
SRV-003904,EMP-01723,OFC-GUR,2026-04-02,POST_RESOLUTION,4,Great experience. The AI resolved my password issue in seconds.
SRV-003905,EMP-05045,OFC-NYC,2026-04-02,POST_RESOLUTION,4,The new AI system is incredibly fast. Saves me a lot of time.
SRV-003906,EMP-08348,OFC-GUR,2026-04-02,POST_RESOLUTION,4,Smooth transition. No complaints.
SRV-003907,EMP-06641,OFC-GUR,2026-04-02,POST_RESOLUTION,5,Smooth transition. No complaints.
SRV-003908,EMP-05113,OFC-BOS,2026-04-02,POST_RESOLUTION,4,"Very intuitive workflow, much better than the legacy portal."
SRV-003909,EMP-03052,OFC-BOS,2026-04-02,POST_RESOLUTION,5,Self-service articles were actually helpful for once.
SRV-003910,EMP-10068,OFC-BOS,2026-04-02,POST_RESOLUTION,5,"Very intuitive workflow, much better than the legacy portal."
SRV-003911,EMP-05266,OFC-LON,2026-04-02,POST_RESOLUTION,5,Smooth transition. No complaints.
SRV-003912,EMP-05020,OFC-NYC,2026-04-02,POST_RESOLUTION,4,Great experience. The AI resolved my password issue in seconds.
SRV-003913,EMP-07262,OFC-BOS,2026-04-02,POST_RESOLUTION,5,Self-service articles were actually helpful for once.
SRV-003914,EMP-10218,OFC-GUR,2026-04-02,POST_RESOLUTION,4,Smooth transition. No complaints.
SRV-003915,EMP-10533,OFC-GUR,2026-04-02,POST_RESOLUTION,5,Self-service articles were actually helpful for once.
SRV-003916,EMP-05102,OFC-LON,2026-04-02,POST_RESOLUTION,5,"Very intuitive workflow, much better than the legacy portal."
SRV-003917,EMP-02050,OFC-SIN,2026-04-02,POST_RESOLUTION,4,Smooth transition. No complaints.
SRV-003918,EMP-07320,OFC-LON,2026-04-02,POST_RESOLUTION,4,"Very intuitive workflow, much better than the legacy portal."
SRV-003919,EMP-06299,OFC-BOS,2026-04-02,POST_RESOLUTION,4,Self-service articles were actually helpful for once.
SRV-003920,EMP-08326,OFC-BOS,2026-04-02,POST_RESOLUTION,5,The new AI system is incredibly fast. Saves me a lot of time.
SRV-003921,EMP-08682,OFC-LON,2026-04-02,POST_RESOLUTION,5,Great experience. The AI resolved my password issue in seconds.
SRV-003922,EMP-07917,OFC-SIN,2026-04-02,POST_RESOLUTION,5,"Very intuitive workflow, much better than the legacy portal."
SRV-003923,EMP-05421,OFC-SIN,2026-04-02,POST_RESOLUTION,5,Self-service articles were actually helpful for once.
SRV-003924,EMP-07232,OFC-LON,2026-04-02,POST_RESOLUTION,5,Smooth transition. No complaints.
SRV-003925,EMP-03996,OFC-BOS,2026-04-02,POST_RESOLUTION,5,"Very intuitive workflow, much better than the legacy portal."
SRV-003926,EMP-08925,OFC-NYC,2026-04-02,POST_RESOLUTION,4,Self-service articles were actually helpful for once.
SRV-003927,EMP-04908,OFC-LON,2026-04-02,POST_RESOLUTION,5,The new AI system is incredibly fast. Saves me a lot of time.
SRV-003928,EMP-09034,OFC-GUR,2026-04-02,POST_RESOLUTION,4,"Very intuitive workflow, much better than the legacy portal."
SRV-003929,EMP-01005,OFC-BOS,2026-04-02,POST_RESOLUTION,4,Self-service articles were actually helpful for once.
SRV-003930,EMP-05805,OFC-LON,2026-04-02,POST_RESOLUTION,4,"Very intuitive workflow, much better than the legacy portal."
SRV-003931,EMP-09421,OFC-NYC,2026-04-02,POST_RESOLUTION,5,Self-service articles were actually helpful for once.
SRV-003932,EMP-05019,OFC-BOS,2026-04-02,POST_RESOLUTION,5,Great experience. The AI resolved my password issue in seconds.
SRV-003933,EMP-08758,OFC-SIN,2026-04-02,POST_RESOLUTION,5,Self-service articles were actually helpful for once.
SRV-003934,EMP-01984,OFC-GUR,2026-04-02,POST_RESOLUTION,4,Self-service articles were actually helpful for once.
SRV-003935,EMP-08835,OFC-LON,2026-04-02,POST_RESOLUTION,5,Self-service articles were actually helpful for once.
SRV-003936,EMP-07226,OFC-BOS,2026-04-02,POST_RESOLUTION,4,Smooth transition. No complaints.
SRV-003937,EMP-08008,OFC-BOS,2026-04-02,POST_RESOLUTION,4,Self-service articles were actually helpful for once.
SRV-003938,EMP-06505,OFC-BOS,2026-04-02,POST_RESOLUTION,4,Great experience. The AI resolved my password issue in seconds.
SRV-003939,EMP-07894,OFC-LON,2026-04-02,POST_RESOLUTION,4,The new AI system is incredibly fast. Saves me a lot of time.
SRV-003940,EMP-07133,OFC-BOS,2026-04-02,POST_RESOLUTION,5,Great experience. The AI resolved my password issue in seconds.
SRV-003941,EMP-03409,OFC-LON,2026-04-02,POST_RESOLUTION,5,The new AI system is incredibly fast. Saves me a lot of time.
SRV-003942,EMP-02133,OFC-BOS,2026-04-02,POST_RESOLUTION,5,Smooth transition. No complaints.
SRV-003943,EMP-01174,OFC-LON,2026-04-02,POST_RESOLUTION,5,Smooth transition. No complaints.
SRV-003944,EMP-04281,OFC-BOS,2026-04-02,POST_RESOLUTION,4,Smooth transition. No complaints.
SRV-003945,EMP-03601,OFC-BOS,2026-04-02,POST_RESOLUTION,5,The new AI system is incredibly fast. Saves me a lot of time.
SRV-003946,EMP-04494,OFC-GUR,2026-04-02,POST_RESOLUTION,5,Great experience. The AI resolved my password issue in seconds.
SRV-003947,EMP-04959,OFC-BOS,2026-04-02,POST_RESOLUTION,4,"Very intuitive workflow, much better than the legacy portal."
SRV-003948,EMP-09869,OFC-NYC,2026-04-02,POST_RESOLUTION,5,Smooth transition. No complaints.
SRV-003949,EMP-07730,OFC-LON,2026-04-02,POST_RESOLUTION,5,The new AI system is incredibly fast. Saves me a lot of time.
SRV-003950,EMP-10468,OFC-LON,2026-04-02,POST_RESOLUTION,5,Great experience. The AI resolved my password issue in seconds.
SRV-003951,EMP-01570,OFC-LON,2026-04-02,POST_RESOLUTION,4,Smooth transition. No complaints.
SRV-003952,EMP-08945,OFC-BOS,2026-04-02,POST_RESOLUTION,5,Self-service articles were actually helpful for once.
SRV-003953,EMP-08480,OFC-NYC,2026-04-02,POST_RESOLUTION,5,Great experience. The AI resolved my password issue in seconds.
SRV-003954,EMP-03762,OFC-LON,2026-04-02,POST_RESOLUTION,5,The new AI system is incredibly fast. Saves me a lot of time.
SRV-003955,EMP-02824,OFC-LON,2026-04-02,POST_RESOLUTION,4,"Very intuitive workflow, much better than the legacy portal."
SRV-003956,EMP-10699,OFC-GUR,2026-04-02,POST_RESOLUTION,4,"Very intuitive workflow, much better than the legacy portal."
SRV-003957,EMP-02070,OFC-NYC,2026-04-02,POST_RESOLUTION,4,"Very intuitive workflow, much better than the legacy portal."
SRV-003958,EMP-02765,OFC-NYC,2026-04-02,POST_RESOLUTION,5,Self-service articles were actually helpful for once.
SRV-003959,EMP-07446,OFC-SIN,2026-04-02,POST_RESOLUTION,4,Great experience. The AI resolved my password issue in seconds.
SRV-003960,EMP-06347,OFC-NYC,2026-04-02,POST_RESOLUTION,4,Smooth transition. No complaints.
SRV-003961,EMP-05094,OFC-NYC,2026-04-02,POST_RESOLUTION,4,Great experience. The AI resolved my password issue in seconds.
SRV-003962,EMP-04797,OFC-BOS,2026-04-02,POST_RESOLUTION,5,"Very intuitive workflow, much better than the legacy portal."
SRV-003963,EMP-01413,OFC-LON,2026-04-02,POST_RESOLUTION,5,Self-service articles were actually helpful for once.
SRV-003964,EMP-06858,OFC-BOS,2026-04-02,POST_RESOLUTION,5,"Very intuitive workflow, much better than the legacy portal."
SRV-003965,EMP-04284,OFC-LON,2026-04-02,POST_RESOLUTION,4,The new AI system is incredibly fast. Saves me a lot of time.
SRV-003966,EMP-04969,OFC-NYC,2026-04-02,POST_RESOLUTION,4,Great experience. The AI resolved my password issue in seconds.
SRV-003967,EMP-05874,OFC-NYC,2026-04-02,POST_RESOLUTION,5,Self-service articles were actually helpful for once.
SRV-003968,EMP-10765,OFC-BOS,2026-04-02,POST_RESOLUTION,5,"Very intuitive workflow, much better than the legacy portal."
SRV-003969,EMP-03192,OFC-GUR,2026-04-02,POST_RESOLUTION,5,Self-service articles were actually helpful for once.
SRV-003970,EMP-01628,OFC-BOS,2026-04-02,POST_RESOLUTION,5,The new AI system is incredibly fast. Saves me a lot of time.
SRV-003971,EMP-05200,OFC-GUR,2026-04-02,POST_RESOLUTION,4,The new AI system is incredibly fast. Saves me a lot of time.
SRV-003972,EMP-10749,OFC-SIN,2026-04-02,POST_RESOLUTION,4,Great experience. The AI resolved my password issue in seconds.
SRV-003973,EMP-05792,OFC-BOS,2026-04-02,POST_RESOLUTION,5,Self-service articles were actually helpful for once.
SRV-003974,EMP-08023,OFC-GUR,2026-04-02,POST_RESOLUTION,4,"Very intuitive workflow, much better than the legacy portal."
SRV-003975,EMP-10970,OFC-BOS,2026-04-02,POST_RESOLUTION,5,"Very intuitive workflow, much better than the legacy portal."
SRV-003976,EMP-03528,OFC-BOS,2026-04-02,POST_RESOLUTION,5,Smooth transition. No complaints.
SRV-003977,EMP-08508,OFC-LON,2026-04-02,POST_RESOLUTION,4,"Very intuitive workflow, much better than the legacy portal."
SRV-003978,EMP-04874,OFC-BOS,2026-04-02,POST_RESOLUTION,5,Great experience. The AI resolved my password issue in seconds.
SRV-003979,EMP-03388,OFC-GUR,2026-04-02,POST_RESOLUTION,5,The new AI system is incredibly fast. Saves me a lot of time.
SRV-003980,EMP-01542,OFC-BOS,2026-04-02,POST_RESOLUTION,4,"Very intuitive workflow, much better than the legacy portal."
SRV-003981,EMP-04048,OFC-NYC,2026-04-02,POST_RESOLUTION,5,Smooth transition. No complaints.
SRV-003982,EMP-07647,OFC-SIN,2026-04-02,POST_RESOLUTION,5,Great experience. The AI resolved my password issue in seconds.
SRV-003983,EMP-01683,OFC-GUR,2026-04-02,POST_RESOLUTION,5,Great experience. The AI resolved my password issue in seconds.
SRV-003984,EMP-08876,OFC-GUR,2026-04-02,POST_RESOLUTION,5,Great experience. The AI resolved my password issue in seconds.
SRV-003985,EMP-08086,OFC-GUR,2026-04-02,POST_RESOLUTION,5,Great experience. The AI resolved my password issue in seconds.
SRV-003986,EMP-01571,OFC-GUR,2026-04-02,POST_RESOLUTION,4,Great experience. The AI resolved my password issue in seconds.
SRV-003987,EMP-08009,OFC-BOS,2026-04-02,POST_RESOLUTION,5,Great experience. The AI resolved my password issue in seconds.
SRV-003988,EMP-06148,OFC-LON,2026-04-02,POST_RESOLUTION,4,The new AI system is incredibly fast. Saves me a lot of time.
SRV-003989,EMP-10102,OFC-NYC,2026-04-02,POST_RESOLUTION,5,The new AI system is incredibly fast. Saves me a lot of time.
SRV-003990,EMP-08026,OFC-BOS,2026-04-02,POST_RESOLUTION,5,Smooth transition. No complaints.
SRV-003991,EMP-02959,OFC-GUR,2026-04-02,POST_RESOLUTION,5,"Very intuitive workflow, much better than the legacy portal."
SRV-003992,EMP-04140,OFC-NYC,2026-04-02,POST_RESOLUTION,4,Self-service articles were actually helpful for once.
SRV-003993,EMP-10757,OFC-SIN,2026-04-02,POST_RESOLUTION,4,The new AI system is incredibly fast. Saves me a lot of time.
SRV-003994,EMP-10556,OFC-BOS,2026-04-02,POST_RESOLUTION,4,Self-service articles were actually helpful for once.
SRV-003995,EMP-05702,OFC-GUR,2026-04-02,POST_RESOLUTION,5,Smooth transition. No complaints.
SRV-003996,EMP-06294,OFC-GUR,2026-04-02,POST_RESOLUTION,5,"Very intuitive workflow, much better than the legacy portal."
SRV-003997,EMP-02510,OFC-GUR,2026-04-02,POST_RESOLUTION,4,The new AI system is incredibly fast. Saves me a lot of time.
SRV-003998,EMP-08943,OFC-BOS,2026-04-02,POST_RESOLUTION,4,The new AI system is incredibly fast. Saves me a lot of time.
SRV-003999,EMP-05064,OFC-SIN,2026-04-02,POST_RESOLUTION,4,"Very intuitive workflow, much better than the legacy portal."
SRV-004000,EMP-09363,OFC-LON,2026-04-02,POST_RESOLUTION,4,"Very intuitive workflow, much better than the legacy portal."
SRV-004001,EMP-05550,OFC-SIN,2026-04-02,POST_RESOLUTION,4,Self-service articles were actually helpful for once.
SRV-004002,EMP-04909,OFC-NYC,2026-04-02,POST_RESOLUTION,4,Self-service articles were actually helpful for once.
SRV-004003,EMP-02275,OFC-BOS,2026-04-02,POST_RESOLUTION,4,"Very intuitive workflow, much better than the legacy portal."
SRV-004004,EMP-06065,OFC-BOS,2026-04-02,POST_RESOLUTION,4,The new AI system is incredibly fast. Saves me a lot of time.
SRV-004005,EMP-07940,OFC-GUR,2026-04-02,POST_RESOLUTION,4,Great experience. The AI resolved my password issue in seconds.
SRV-004006,EMP-05963,OFC-GUR,2026-04-02,POST_RESOLUTION,4,Smooth transition. No complaints.
SRV-004007,EMP-09763,OFC-SIN,2026-04-02,POST_RESOLUTION,4,Smooth transition. No complaints.
SRV-004008,EMP-10860,OFC-GUR,2026-04-02,POST_RESOLUTION,4,Self-service articles were actually helpful for once.
SRV-004009,EMP-04148,OFC-GUR,2026-04-02,POST_RESOLUTION,4,"Very intuitive workflow, much better than the legacy portal."
SRV-004010,EMP-07694,OFC-LON,2026-04-02,POST_RESOLUTION,5,The new AI system is incredibly fast. Saves me a lot of time.
SRV-004011,EMP-04467,OFC-GUR,2026-04-02,POST_RESOLUTION,4,The new AI system is incredibly fast. Saves me a lot of time.
SRV-004012,EMP-05438,OFC-SIN,2026-04-02,POST_RESOLUTION,5,Self-service articles were actually helpful for once.
SRV-004013,EMP-08180,OFC-BOS,2026-04-02,POST_RESOLUTION,4,Self-service articles were actually helpful for once.
SRV-004014,EMP-08053,OFC-LON,2026-04-02,POST_RESOLUTION,4,Great experience. The AI resolved my password issue in seconds.
SRV-004015,EMP-06767,OFC-BOS,2026-04-02,POST_RESOLUTION,5,Smooth transition. No complaints.
SRV-004016,EMP-04104,OFC-NYC,2026-04-02,POST_RESOLUTION,4,Smooth transition. No complaints.
SRV-004017,EMP-01538,OFC-LON,2026-04-02,POST_RESOLUTION,5,Smooth transition. No complaints.
SRV-004018,EMP-01023,OFC-NYC,2026-04-02,POST_RESOLUTION,4,Self-service articles were actually helpful for once.
SRV-004019,EMP-08142,OFC-GUR,2026-04-02,POST_RESOLUTION,5,Great experience. The AI resolved my password issue in seconds.
SRV-004020,EMP-02201,OFC-BOS,2026-04-02,POST_RESOLUTION,4,"Very intuitive workflow, much better than the legacy portal."
SRV-004021,EMP-01917,OFC-SIN,2026-04-02,POST_RESOLUTION,4,Self-service articles were actually helpful for once.
SRV-004022,EMP-05321,OFC-SIN,2026-04-02,POST_RESOLUTION,4,Great experience. The AI resolved my password issue in seconds.
SRV-004023,EMP-02952,OFC-LON,2026-04-02,POST_RESOLUTION,5,Self-service articles were actually helpful for once.
SRV-004024,EMP-01298,OFC-LON,2026-04-02,POST_RESOLUTION,5,"Very intuitive workflow, much better than the legacy portal."
SRV-004025,EMP-06756,OFC-LON,2026-04-02,POST_RESOLUTION,5,"Very intuitive workflow, much better than the legacy portal."
SRV-004026,EMP-01772,OFC-BOS,2026-04-02,POST_RESOLUTION,5,Great experience. The AI resolved my password issue in seconds.
SRV-004027,EMP-10946,OFC-NYC,2026-04-02,POST_RESOLUTION,5,The new AI system is incredibly fast. Saves me a lot of time.
SRV-004028,EMP-07373,OFC-SIN,2026-04-02,POST_RESOLUTION,4,"Very intuitive workflow, much better than the legacy portal."
SRV-004029,EMP-10315,OFC-BOS,2026-04-02,POST_RESOLUTION,4,"Very intuitive workflow, much better than the legacy portal."
SRV-004030,EMP-10138,OFC-LON,2026-04-02,POST_RESOLUTION,4,"Very intuitive workflow, much better than the legacy portal."
SRV-004031,EMP-03728,OFC-BOS,2026-04-02,POST_RESOLUTION,4,"Very intuitive workflow, much better than the legacy portal."
SRV-004032,EMP-03302,OFC-LON,2026-04-02,POST_RESOLUTION,5,The new AI system is incredibly fast. Saves me a lot of time.
SRV-004033,EMP-09164,OFC-NYC,2026-04-02,POST_RESOLUTION,4,Smooth transition. No complaints.
SRV-004034,EMP-07691,OFC-BOS,2026-04-02,POST_RESOLUTION,5,Smooth transition. No complaints.
SRV-004035,EMP-04031,OFC-NYC,2026-04-02,POST_RESOLUTION,5,"Very intuitive workflow, much better than the legacy portal."
SRV-004036,EMP-07955,OFC-NYC,2026-04-02,POST_RESOLUTION,4,The new AI system is incredibly fast. Saves me a lot of time.
SRV-004037,EMP-08307,OFC-NYC,2026-04-02,POST_RESOLUTION,5,Self-service articles were actually helpful for once.
SRV-004038,EMP-03745,OFC-GUR,2026-04-02,POST_RESOLUTION,4,The new AI system is incredibly fast. Saves me a lot of time.
SRV-004039,EMP-01926,OFC-NYC,2026-04-02,POST_RESOLUTION,4,Great experience. The AI resolved my password issue in seconds.
SRV-004040,EMP-08768,OFC-BOS,2026-04-02,POST_RESOLUTION,5,Self-service articles were actually helpful for once.
SRV-004041,EMP-01303,OFC-LON,2026-04-02,POST_RESOLUTION,4,Smooth transition. No complaints.
SRV-004042,EMP-10445,OFC-BOS,2026-04-02,POST_RESOLUTION,4,Smooth transition. No complaints.
SRV-004043,EMP-04454,OFC-SIN,2026-04-02,POST_RESOLUTION,4,The new AI system is incredibly fast. Saves me a lot of time.
SRV-004044,EMP-03307,OFC-LON,2026-04-02,POST_RESOLUTION,5,Smooth transition. No complaints.
SRV-004045,EMP-09816,OFC-LON,2026-04-02,POST_RESOLUTION,4,The new AI system is incredibly fast. Saves me a lot of time.
SRV-004046,EMP-05598,OFC-NYC,2026-04-02,POST_RESOLUTION,4,The new AI system is incredibly fast. Saves me a lot of time.
SRV-004047,EMP-07268,OFC-NYC,2026-04-02,POST_RESOLUTION,5,The new AI system is incredibly fast. Saves me a lot of time.
SRV-004048,EMP-06755,OFC-NYC,2026-04-02,POST_RESOLUTION,5,The new AI system is incredibly fast. Saves me a lot of time.
SRV-004049,EMP-10397,OFC-LON,2026-04-02,POST_RESOLUTION,4,The new AI system is incredibly fast. Saves me a lot of time.
SRV-004050,EMP-03533,OFC-BOS,2026-04-02,POST_RESOLUTION,4,Great experience. The AI resolved my password issue in seconds.
SRV-004051,EMP-05484,OFC-BOS,2026-04-02,POST_RESOLUTION,4,Great experience. The AI resolved my password issue in seconds.
SRV-004052,EMP-03182,OFC-BOS,2026-04-02,POST_RESOLUTION,5,Great experience. The AI resolved my password issue in seconds.
SRV-004053,EMP-10577,OFC-GUR,2026-04-02,POST_RESOLUTION,4,The new AI system is incredibly fast. Saves me a lot of time.
SRV-004054,EMP-02570,OFC-LON,2026-04-02,POST_RESOLUTION,5,Smooth transition. No complaints.
SRV-004055,EMP-03671,OFC-NYC,2026-04-02,POST_RESOLUTION,4,Self-service articles were actually helpful for once.
SRV-004056,EMP-07467,OFC-BOS,2026-04-02,POST_RESOLUTION,5,Great experience. The AI resolved my password issue in seconds.
SRV-004057,EMP-05852,OFC-GUR,2026-04-02,POST_RESOLUTION,5,"Very intuitive workflow, much better than the legacy portal."
SRV-004058,EMP-10895,OFC-BOS,2026-04-02,POST_RESOLUTION,5,"Very intuitive workflow, much better than the legacy portal."
SRV-004059,EMP-05006,OFC-NYC,2026-04-02,POST_RESOLUTION,4,The new AI system is incredibly fast. Saves me a lot of time.
SRV-004060,EMP-06283,OFC-SIN,2026-04-02,POST_RESOLUTION,4,Self-service articles were actually helpful for once.
SRV-004061,EMP-03061,OFC-LON,2026-04-02,POST_RESOLUTION,4,Great experience. The AI resolved my password issue in seconds.
SRV-004062,EMP-10835,OFC-BOS,2026-04-02,POST_RESOLUTION,5,The new AI system is incredibly fast. Saves me a lot of time.
SRV-004063,EMP-04273,OFC-LON,2026-04-02,POST_RESOLUTION,5,Smooth transition. No complaints.
SRV-004064,EMP-01118,OFC-SIN,2026-04-02,POST_RESOLUTION,4,Self-service articles were actually helpful for once.
SRV-004065,EMP-01978,OFC-LON,2026-04-02,POST_RESOLUTION,5,Smooth transition. No complaints.
SRV-004066,EMP-09245,OFC-GUR,2026-04-02,POST_RESOLUTION,5,Smooth transition. No complaints.
SRV-004067,EMP-04688,OFC-BOS,2026-04-02,POST_RESOLUTION,4,"Very intuitive workflow, much better than the legacy portal."
SRV-004068,EMP-06139,OFC-SIN,2026-04-02,POST_RESOLUTION,4,Great experience. The AI resolved my password issue in seconds.
SRV-004069,EMP-02450,OFC-LON,2026-04-02,POST_RESOLUTION,5,The new AI system is incredibly fast. Saves me a lot of time.
SRV-004070,EMP-07075,OFC-BOS,2026-04-02,POST_RESOLUTION,5,Smooth transition. No complaints.
SRV-004071,EMP-03277,OFC-LON,2026-04-02,POST_RESOLUTION,4,Smooth transition. No complaints.
SRV-004072,EMP-03923,OFC-BOS,2026-04-02,POST_RESOLUTION,5,The new AI system is incredibly fast. Saves me a lot of time.
SRV-004073,EMP-04686,OFC-SIN,2026-04-02,POST_RESOLUTION,5,Self-service articles were actually helpful for once.
SRV-004074,EMP-09828,OFC-NYC,2026-04-02,POST_RESOLUTION,5,The new AI system is incredibly fast. Saves me a lot of time.
SRV-004075,EMP-07634,OFC-LON,2026-04-02,POST_RESOLUTION,5,The new AI system is incredibly fast. Saves me a lot of time.
SRV-004076,EMP-02022,OFC-SIN,2026-04-02,POST_RESOLUTION,4,Great experience. The AI resolved my password issue in seconds.
SRV-004077,EMP-07995,OFC-LON,2026-04-02,POST_RESOLUTION,4,"Very intuitive workflow, much better than the legacy portal."
SRV-004078,EMP-02474,OFC-NYC,2026-04-02,POST_RESOLUTION,4,Smooth transition. No complaints.
SRV-004079,EMP-02698,OFC-SIN,2026-04-02,POST_RESOLUTION,5,"Very intuitive workflow, much better than the legacy portal."
SRV-004080,EMP-05262,OFC-NYC,2026-04-02,POST_RESOLUTION,4,Self-service articles were actually helpful for once.
SRV-004081,EMP-07559,OFC-SIN,2026-04-02,POST_RESOLUTION,4,Smooth transition. No complaints.
SRV-004082,EMP-04076,OFC-SIN,2026-04-02,POST_RESOLUTION,4,"Very intuitive workflow, much better than the legacy portal."
SRV-004083,EMP-09470,OFC-BOS,2026-04-02,POST_RESOLUTION,5,Self-service articles were actually helpful for once.
SRV-004084,EMP-01855,OFC-BOS,2026-04-02,POST_RESOLUTION,4,Great experience. The AI resolved my password issue in seconds.
SRV-004085,EMP-06249,OFC-LON,2026-04-02,POST_RESOLUTION,4,Self-service articles were actually helpful for once.
SRV-004086,EMP-08474,OFC-NYC,2026-04-02,POST_RESOLUTION,5,"Very intuitive workflow, much better than the legacy portal."
SRV-004087,EMP-09536,OFC-BOS,2026-04-02,POST_RESOLUTION,4,The new AI system is incredibly fast. Saves me a lot of time.
SRV-004088,EMP-03076,OFC-BOS,2026-04-02,POST_RESOLUTION,4,Smooth transition. No complaints.
SRV-004089,EMP-02500,OFC-LON,2026-04-02,POST_RESOLUTION,4,Great experience. The AI resolved my password issue in seconds.
SRV-004090,EMP-10658,OFC-LON,2026-04-02,POST_RESOLUTION,5,"Very intuitive workflow, much better than the legacy portal."
SRV-004091,EMP-05909,OFC-LON,2026-04-02,POST_RESOLUTION,5,Great experience. The AI resolved my password issue in seconds.
SRV-004092,EMP-01928,OFC-LON,2026-04-02,POST_RESOLUTION,4,Self-service articles were actually helpful for once.
SRV-004093,EMP-09641,OFC-NYC,2026-04-02,POST_RESOLUTION,4,"Very intuitive workflow, much better than the legacy portal."
SRV-004094,EMP-02042,OFC-NYC,2026-04-02,POST_RESOLUTION,5,The new AI system is incredibly fast. Saves me a lot of time.
SRV-004095,EMP-07990,OFC-SIN,2026-04-02,POST_RESOLUTION,4,The new AI system is incredibly fast. Saves me a lot of time.
SRV-004096,EMP-07718,OFC-BOS,2026-04-02,POST_RESOLUTION,5,The new AI system is incredibly fast. Saves me a lot of time.
SRV-004097,EMP-08479,OFC-NYC,2026-04-02,POST_RESOLUTION,4,The new AI system is incredibly fast. Saves me a lot of time.
SRV-004098,EMP-09474,OFC-SIN,2026-04-02,POST_RESOLUTION,4,Smooth transition. No complaints.
SRV-004099,EMP-04402,OFC-SIN,2026-04-02,POST_RESOLUTION,4,Great experience. The AI resolved my password issue in seconds.
SRV-004100,EMP-03958,OFC-NYC,2026-04-02,POST_RESOLUTION,5,"Very intuitive workflow, much better than the legacy portal."
SRV-004101,EMP-07530,OFC-LON,2026-04-02,POST_RESOLUTION,4,The new AI system is incredibly fast. Saves me a lot of time.
SRV-004102,EMP-02473,OFC-NYC,2026-04-02,POST_RESOLUTION,5,Smooth transition. No complaints.
SRV-004103,EMP-08732,OFC-BOS,2026-04-02,POST_RESOLUTION,4,The new AI system is incredibly fast. Saves me a lot of time.
SRV-004104,EMP-07857,OFC-NYC,2026-04-02,POST_RESOLUTION,5,The new AI system is incredibly fast. Saves me a lot of time.
SRV-004105,EMP-05597,OFC-BOS,2026-04-02,POST_RESOLUTION,5,Self-service articles were actually helpful for once.
SRV-004106,EMP-07183,OFC-SIN,2026-04-02,POST_RESOLUTION,5,"Very intuitive workflow, much better than the legacy portal."
SRV-004107,EMP-01043,OFC-SIN,2026-04-02,POST_RESOLUTION,4,Great experience. The AI resolved my password issue in seconds.
SRV-004108,EMP-03204,OFC-GUR,2026-04-02,POST_RESOLUTION,4,Self-service articles were actually helpful for once.
SRV-004109,EMP-08357,OFC-SIN,2026-04-02,POST_RESOLUTION,5,Self-service articles were actually helpful for once.
SRV-004110,EMP-01993,OFC-LON,2026-04-02,POST_RESOLUTION,4,Great experience. The AI resolved my password issue in seconds.
SRV-004111,EMP-06775,OFC-NYC,2026-04-02,POST_RESOLUTION,5,The new AI system is incredibly fast. Saves me a lot of time.
SRV-004112,EMP-05333,OFC-LON,2026-04-02,POST_RESOLUTION,4,The new AI system is incredibly fast. Saves me a lot of time.
SRV-004113,EMP-08256,OFC-BOS,2026-04-02,POST_RESOLUTION,4,"Very intuitive workflow, much better than the legacy portal."
SRV-004114,EMP-04611,OFC-BOS,2026-04-02,POST_RESOLUTION,4,The new AI system is incredibly fast. Saves me a lot of time.
SRV-004115,EMP-04776,OFC-GUR,2026-04-02,POST_RESOLUTION,5,Self-service articles were actually helpful for once.
SRV-004116,EMP-09659,OFC-SIN,2026-04-02,POST_RESOLUTION,5,Self-service articles were actually helpful for once.
SRV-004117,EMP-07887,OFC-NYC,2026-04-02,POST_RESOLUTION,5,Self-service articles were actually helpful for once.
SRV-004118,EMP-07287,OFC-NYC,2026-04-02,POST_RESOLUTION,5,Great experience. The AI resolved my password issue in seconds.
SRV-004119,EMP-08935,OFC-BOS,2026-04-02,POST_RESOLUTION,4,The new AI system is incredibly fast. Saves me a lot of time.
SRV-004120,EMP-03059,OFC-LON,2026-04-02,POST_RESOLUTION,4,The new AI system is incredibly fast. Saves me a lot of time.
SRV-004121,EMP-06655,OFC-BOS,2026-04-02,POST_RESOLUTION,5,The new AI system is incredibly fast. Saves me a lot of time.
SRV-004122,EMP-04511,OFC-BOS,2026-04-02,POST_RESOLUTION,4,The new AI system is incredibly fast. Saves me a lot of time.
SRV-004123,EMP-01205,OFC-BOS,2026-04-02,POST_RESOLUTION,5,"Very intuitive workflow, much better than the legacy portal."
SRV-004124,EMP-10113,OFC-LON,2026-04-02,POST_RESOLUTION,5,"Very intuitive workflow, much better than the legacy portal."
SRV-004125,EMP-08362,OFC-LON,2026-04-02,POST_RESOLUTION,4,Self-service articles were actually helpful for once.
SRV-004126,EMP-07076,OFC-NYC,2026-04-02,POST_RESOLUTION,5,Self-service articles were actually helpful for once.
SRV-004127,EMP-09748,OFC-BOS,2026-04-02,POST_RESOLUTION,5,Great experience. The AI resolved my password issue in seconds.
SRV-004128,EMP-05558,OFC-SIN,2026-04-02,POST_RESOLUTION,4,Smooth transition. No complaints.
SRV-004129,EMP-05040,OFC-SIN,2026-04-02,POST_RESOLUTION,5,Self-service articles were actually helpful for once.
SRV-004130,EMP-08029,OFC-BOS,2026-04-02,POST_RESOLUTION,4,The new AI system is incredibly fast. Saves me a lot of time.
SRV-004131,EMP-04871,OFC-BOS,2026-04-02,POST_RESOLUTION,5,Self-service articles were actually helpful for once.
SRV-004132,EMP-07618,OFC-LON,2026-04-02,POST_RESOLUTION,4,Self-service articles were actually helpful for once.
SRV-004133,EMP-03844,OFC-LON,2026-04-02,POST_RESOLUTION,5,"Very intuitive workflow, much better than the legacy portal."
SRV-004134,EMP-01945,OFC-BOS,2026-04-02,POST_RESOLUTION,4,The new AI system is incredibly fast. Saves me a lot of time.
SRV-004135,EMP-04036,OFC-NYC,2026-04-02,POST_RESOLUTION,4,Great experience. The AI resolved my password issue in seconds.
SRV-004136,EMP-07245,OFC-LON,2026-04-02,POST_RESOLUTION,4,Great experience. The AI resolved my password issue in seconds.
SRV-004137,EMP-03174,OFC-BOS,2026-04-02,POST_RESOLUTION,5,Great experience. The AI resolved my password issue in seconds.
SRV-004138,EMP-09500,OFC-NYC,2026-04-02,POST_RESOLUTION,4,Self-service articles were actually helpful for once.
SRV-004139,EMP-06859,OFC-LON,2026-04-02,POST_RESOLUTION,5,Great experience. The AI resolved my password issue in seconds.
SRV-004140,EMP-05821,OFC-NYC,2026-04-02,POST_RESOLUTION,5,Great experience. The AI resolved my password issue in seconds.
SRV-004141,EMP-04499,OFC-GUR,2026-04-02,POST_RESOLUTION,4,Great experience. The AI resolved my password issue in seconds.
SRV-004142,EMP-01081,OFC-LON,2026-04-02,POST_RESOLUTION,5,"Very intuitive workflow, much better than the legacy portal."
SRV-004143,EMP-03229,OFC-NYC,2026-04-02,POST_RESOLUTION,5,The new AI system is incredibly fast. Saves me a lot of time.
SRV-004144,EMP-03655,OFC-NYC,2026-04-02,POST_RESOLUTION,5,"Very intuitive workflow, much better than the legacy portal."
SRV-004145,EMP-08040,OFC-GUR,2026-04-02,POST_RESOLUTION,4,The new AI system is incredibly fast. Saves me a lot of time.
SRV-004146,EMP-04717,OFC-BOS,2026-04-02,POST_RESOLUTION,4,"Very intuitive workflow, much better than the legacy portal."
SRV-004147,EMP-06512,OFC-SIN,2026-04-02,POST_RESOLUTION,4,The new AI system is incredibly fast. Saves me a lot of time.
SRV-004148,EMP-05782,OFC-LON,2026-04-02,POST_RESOLUTION,4,Great experience. The AI resolved my password issue in seconds.
SRV-004149,EMP-07607,OFC-LON,2026-04-02,POST_RESOLUTION,5,Smooth transition. No complaints.
SRV-004150,EMP-03619,OFC-NYC,2026-04-02,POST_RESOLUTION,5,Great experience. The AI resolved my password issue in seconds.
SRV-004151,EMP-08294,OFC-BOS,2026-04-02,POST_RESOLUTION,5,Smooth transition. No complaints.
SRV-004152,EMP-04950,OFC-BOS,2026-04-02,POST_RESOLUTION,4,Great experience. The AI resolved my password issue in seconds.
SRV-004153,EMP-08596,OFC-BOS,2026-04-02,POST_RESOLUTION,5,"Very intuitive workflow, much better than the legacy portal."
SRV-004154,EMP-05024,OFC-GUR,2026-04-02,POST_RESOLUTION,5,Smooth transition. No complaints.
SRV-004155,EMP-05375,OFC-LON,2026-04-02,POST_RESOLUTION,5,Great experience. The AI resolved my password issue in seconds.
SRV-004156,EMP-03729,OFC-LON,2026-04-02,POST_RESOLUTION,5,Self-service articles were actually helpful for once.
SRV-004157,EMP-03024,OFC-NYC,2026-04-02,POST_RESOLUTION,4,Smooth transition. No complaints.
SRV-004158,EMP-10931,OFC-BOS,2026-04-02,POST_RESOLUTION,5,The new AI system is incredibly fast. Saves me a lot of time.
SRV-004159,EMP-02044,OFC-SIN,2026-04-02,POST_RESOLUTION,5,"Very intuitive workflow, much better than the legacy portal."
SRV-004160,EMP-04651,OFC-NYC,2026-04-02,POST_RESOLUTION,5,Great experience. The AI resolved my password issue in seconds.
SRV-004161,EMP-02604,OFC-BOS,2026-04-02,POST_RESOLUTION,4,Great experience. The AI resolved my password issue in seconds.
SRV-004162,EMP-10174,OFC-NYC,2026-04-02,POST_RESOLUTION,4,The new AI system is incredibly fast. Saves me a lot of time.
SRV-004163,EMP-08616,OFC-NYC,2026-04-02,POST_RESOLUTION,5,Great experience. The AI resolved my password issue in seconds.
SRV-004164,EMP-03251,OFC-SIN,2026-04-02,POST_RESOLUTION,5,Great experience. The AI resolved my password issue in seconds.
SRV-004165,EMP-02885,OFC-LON,2026-04-02,POST_RESOLUTION,5,The new AI system is incredibly fast. Saves me a lot of time.
SRV-004166,EMP-03660,OFC-LON,2026-04-02,POST_RESOLUTION,5,The new AI system is incredibly fast. Saves me a lot of time.
SRV-004167,EMP-02343,OFC-GUR,2026-04-02,POST_RESOLUTION,5,Self-service articles were actually helpful for once.
SRV-004168,EMP-02621,OFC-BOS,2026-04-02,POST_RESOLUTION,5,Self-service articles were actually helpful for once.
SRV-004169,EMP-03394,OFC-SIN,2026-04-02,POST_RESOLUTION,4,The new AI system is incredibly fast. Saves me a lot of time.
SRV-004170,EMP-10962,OFC-LON,2026-04-02,POST_RESOLUTION,4,Smooth transition. No complaints.
SRV-004171,EMP-06480,OFC-GUR,2026-04-02,POST_RESOLUTION,5,Smooth transition. No complaints.
SRV-004172,EMP-01637,OFC-BOS,2026-04-02,POST_RESOLUTION,4,Smooth transition. No complaints.
SRV-004173,EMP-07599,OFC-LON,2026-04-02,POST_RESOLUTION,5,"Very intuitive workflow, much better than the legacy portal."
SRV-004174,EMP-04624,OFC-BOS,2026-04-02,POST_RESOLUTION,4,Self-service articles were actually helpful for once.
SRV-004175,EMP-04173,OFC-BOS,2026-04-02,POST_RESOLUTION,5,Smooth transition. No complaints.
SRV-004176,EMP-08403,OFC-NYC,2026-04-02,POST_RESOLUTION,4,Smooth transition. No complaints.
SRV-004177,EMP-03044,OFC-SIN,2026-04-02,POST_RESOLUTION,4,Smooth transition. No complaints.
SRV-004178,EMP-09969,OFC-BOS,2026-04-02,POST_RESOLUTION,5,The new AI system is incredibly fast. Saves me a lot of time.
SRV-004179,EMP-03895,OFC-SIN,2026-04-02,POST_RESOLUTION,5,Great experience. The AI resolved my password issue in seconds.
SRV-004180,EMP-06223,OFC-NYC,2026-04-02,POST_RESOLUTION,4,"Very intuitive workflow, much better than the legacy portal."
SRV-004181,EMP-03220,OFC-GUR,2026-04-02,POST_RESOLUTION,4,Great experience. The AI resolved my password issue in seconds.
SRV-004182,EMP-08254,OFC-NYC,2026-04-02,POST_RESOLUTION,5,Self-service articles were actually helpful for once.
SRV-004183,EMP-02634,OFC-SIN,2026-04-02,POST_RESOLUTION,5,Great experience. The AI resolved my password issue in seconds.
SRV-004184,EMP-10922,OFC-LON,2026-04-02,POST_RESOLUTION,5,"Very intuitive workflow, much better than the legacy portal."
SRV-004185,EMP-01740,OFC-LON,2026-04-02,POST_RESOLUTION,5,Smooth transition. No complaints.
SRV-004186,EMP-05898,OFC-BOS,2026-04-02,POST_RESOLUTION,4,Smooth transition. No complaints.
SRV-004187,EMP-09687,OFC-BOS,2026-04-02,POST_RESOLUTION,4,The new AI system is incredibly fast. Saves me a lot of time.
SRV-004188,EMP-08575,OFC-BOS,2026-04-02,POST_RESOLUTION,5,The new AI system is incredibly fast. Saves me a lot of time.
SRV-004189,EMP-10653,OFC-BOS,2026-04-02,POST_RESOLUTION,5,"Very intuitive workflow, much better than the legacy portal."
SRV-004190,EMP-07829,OFC-NYC,2026-04-02,POST_RESOLUTION,5,Smooth transition. No complaints.
SRV-004191,EMP-06303,OFC-SIN,2026-04-02,POST_RESOLUTION,5,Great experience. The AI resolved my password issue in seconds.
SRV-004192,EMP-03066,OFC-BOS,2026-04-02,POST_RESOLUTION,4,Great experience. The AI resolved my password issue in seconds.
SRV-004193,EMP-06574,OFC-LON,2026-04-02,POST_RESOLUTION,5,"Very intuitive workflow, much better than the legacy portal."
SRV-004194,EMP-10617,OFC-SIN,2026-04-02,POST_RESOLUTION,5,The new AI system is incredibly fast. Saves me a lot of time.
SRV-004195,EMP-09016,OFC-LON,2026-04-02,POST_RESOLUTION,5,Great experience. The AI resolved my password issue in seconds.
SRV-004196,EMP-03139,OFC-SIN,2026-04-02,POST_RESOLUTION,4,Self-service articles were actually helpful for once.
SRV-004197,EMP-02924,OFC-GUR,2026-04-02,POST_RESOLUTION,5,"Very intuitive workflow, much better than the legacy portal."
SRV-004198,EMP-02758,OFC-BOS,2026-04-02,POST_RESOLUTION,4,Self-service articles were actually helpful for once.
SRV-004199,EMP-05373,OFC-NYC,2026-04-02,POST_RESOLUTION,4,Self-service articles were actually helpful for once.
SRV-004200,EMP-07548,OFC-BOS,2026-04-02,POST_RESOLUTION,4,The new AI system is incredibly fast. Saves me a lot of time.
SRV-004201,EMP-01430,OFC-BOS,2026-04-09,POST_RESOLUTION,4,Smooth transition. No complaints.
SRV-004202,EMP-02421,OFC-LON,2026-04-09,POST_RESOLUTION,5,"Very intuitive workflow, much better than the legacy portal."
SRV-004203,EMP-05135,OFC-BOS,2026-04-09,POST_RESOLUTION,5,Smooth transition. No complaints.
SRV-004204,EMP-03670,OFC-LON,2026-04-09,POST_RESOLUTION,4,Great experience. The AI resolved my password issue in seconds.
SRV-004205,EMP-09423,OFC-BOS,2026-04-09,POST_RESOLUTION,4,Great experience. The AI resolved my password issue in seconds.
SRV-004206,EMP-09706,OFC-GUR,2026-04-09,POST_RESOLUTION,5,"Very intuitive workflow, much better than the legacy portal."
SRV-004207,EMP-03660,OFC-LON,2026-04-09,POST_RESOLUTION,4,The new AI system is incredibly fast. Saves me a lot of time.
SRV-004208,EMP-06143,OFC-GUR,2026-04-09,POST_RESOLUTION,4,Great experience. The AI resolved my password issue in seconds.
SRV-004209,EMP-09948,OFC-BOS,2026-04-09,POST_RESOLUTION,4,Great experience. The AI resolved my password issue in seconds.
SRV-004210,EMP-06144,OFC-NYC,2026-04-09,POST_RESOLUTION,4,Smooth transition. No complaints.
SRV-004211,EMP-05435,OFC-NYC,2026-04-09,POST_RESOLUTION,5,Great experience. The AI resolved my password issue in seconds.
SRV-004212,EMP-04742,OFC-GUR,2026-04-09,POST_RESOLUTION,4,The new AI system is incredibly fast. Saves me a lot of time.
SRV-004213,EMP-01577,OFC-SIN,2026-04-09,POST_RESOLUTION,5,Great experience. The AI resolved my password issue in seconds.
SRV-004214,EMP-05183,OFC-NYC,2026-04-09,POST_RESOLUTION,5,Great experience. The AI resolved my password issue in seconds.
SRV-004215,EMP-01890,OFC-GUR,2026-04-09,POST_RESOLUTION,4,Self-service articles were actually helpful for once.
SRV-004216,EMP-10619,OFC-BOS,2026-04-09,POST_RESOLUTION,5,The new AI system is incredibly fast. Saves me a lot of time.
SRV-004217,EMP-08625,OFC-GUR,2026-04-09,POST_RESOLUTION,4,Great experience. The AI resolved my password issue in seconds.
SRV-004218,EMP-03199,OFC-NYC,2026-04-09,POST_RESOLUTION,4,The new AI system is incredibly fast. Saves me a lot of time.
SRV-004219,EMP-05316,OFC-GUR,2026-04-09,POST_RESOLUTION,4,The new AI system is incredibly fast. Saves me a lot of time.
SRV-004220,EMP-09412,OFC-NYC,2026-04-09,POST_RESOLUTION,4,Great experience. The AI resolved my password issue in seconds.
SRV-004221,EMP-07627,OFC-GUR,2026-04-09,POST_RESOLUTION,4,Great experience. The AI resolved my password issue in seconds.
SRV-004222,EMP-04770,OFC-LON,2026-04-09,POST_RESOLUTION,5,The new AI system is incredibly fast. Saves me a lot of time.
SRV-004223,EMP-08529,OFC-NYC,2026-04-09,POST_RESOLUTION,4,Smooth transition. No complaints.
SRV-004224,EMP-05416,OFC-NYC,2026-04-09,POST_RESOLUTION,4,Smooth transition. No complaints.
SRV-004225,EMP-08162,OFC-LON,2026-04-09,POST_RESOLUTION,4,The new AI system is incredibly fast. Saves me a lot of time.
SRV-004226,EMP-05523,OFC-LON,2026-04-09,POST_RESOLUTION,5,The new AI system is incredibly fast. Saves me a lot of time.
SRV-004227,EMP-04067,OFC-SIN,2026-04-09,POST_RESOLUTION,4,Smooth transition. No complaints.
SRV-004228,EMP-01858,OFC-LON,2026-04-09,POST_RESOLUTION,4,Smooth transition. No complaints.
SRV-004229,EMP-06965,OFC-SIN,2026-04-09,POST_RESOLUTION,4,Self-service articles were actually helpful for once.
SRV-004230,EMP-07888,OFC-BOS,2026-04-09,POST_RESOLUTION,4,Smooth transition. No complaints.
SRV-004231,EMP-03689,OFC-NYC,2026-04-09,POST_RESOLUTION,5,Smooth transition. No complaints.
SRV-004232,EMP-05939,OFC-GUR,2026-04-09,POST_RESOLUTION,5,"Very intuitive workflow, much better than the legacy portal."
SRV-004233,EMP-10364,OFC-NYC,2026-04-09,POST_RESOLUTION,5,Great experience. The AI resolved my password issue in seconds.
SRV-004234,EMP-03048,OFC-LON,2026-04-09,POST_RESOLUTION,4,Self-service articles were actually helpful for once.
SRV-004235,EMP-10952,OFC-NYC,2026-04-09,POST_RESOLUTION,4,Self-service articles were actually helpful for once.
SRV-004236,EMP-10636,OFC-SIN,2026-04-09,POST_RESOLUTION,4,The new AI system is incredibly fast. Saves me a lot of time.
SRV-004237,EMP-06023,OFC-GUR,2026-04-09,POST_RESOLUTION,5,"Very intuitive workflow, much better than the legacy portal."
SRV-004238,EMP-09091,OFC-NYC,2026-04-09,POST_RESOLUTION,4,Great experience. The AI resolved my password issue in seconds.
SRV-004239,EMP-08200,OFC-NYC,2026-04-09,POST_RESOLUTION,4,Self-service articles were actually helpful for once.
SRV-004240,EMP-05924,OFC-BOS,2026-04-09,POST_RESOLUTION,4,Smooth transition. No complaints.
SRV-004241,EMP-07250,OFC-LON,2026-04-09,POST_RESOLUTION,5,Smooth transition. No complaints.
SRV-004242,EMP-07454,OFC-SIN,2026-04-09,POST_RESOLUTION,4,Smooth transition. No complaints.
SRV-004243,EMP-05615,OFC-NYC,2026-04-09,POST_RESOLUTION,5,Great experience. The AI resolved my password issue in seconds.
SRV-004244,EMP-02023,OFC-SIN,2026-04-09,POST_RESOLUTION,4,Self-service articles were actually helpful for once.
SRV-004245,EMP-07797,OFC-NYC,2026-04-09,POST_RESOLUTION,4,Great experience. The AI resolved my password issue in seconds.
SRV-004246,EMP-10582,OFC-BOS,2026-04-09,POST_RESOLUTION,4,The new AI system is incredibly fast. Saves me a lot of time.
SRV-004247,EMP-06097,OFC-NYC,2026-04-09,POST_RESOLUTION,4,The new AI system is incredibly fast. Saves me a lot of time.
SRV-004248,EMP-01814,OFC-SIN,2026-04-09,POST_RESOLUTION,4,"Very intuitive workflow, much better than the legacy portal."
SRV-004249,EMP-01183,OFC-SIN,2026-04-09,POST_RESOLUTION,4,The new AI system is incredibly fast. Saves me a lot of time.
SRV-004250,EMP-08538,OFC-NYC,2026-04-09,POST_RESOLUTION,5,Self-service articles were actually helpful for once.
SRV-004251,EMP-02634,OFC-SIN,2026-04-09,POST_RESOLUTION,4,Self-service articles were actually helpful for once.
SRV-004252,EMP-04756,OFC-BOS,2026-04-09,POST_RESOLUTION,5,Self-service articles were actually helpful for once.
SRV-004253,EMP-03487,OFC-SIN,2026-04-09,POST_RESOLUTION,5,Smooth transition. No complaints.
SRV-004254,EMP-03220,OFC-GUR,2026-04-09,POST_RESOLUTION,5,Smooth transition. No complaints.
SRV-004255,EMP-07723,OFC-NYC,2026-04-09,POST_RESOLUTION,5,Self-service articles were actually helpful for once.
SRV-004256,EMP-09114,OFC-NYC,2026-04-09,POST_RESOLUTION,5,The new AI system is incredibly fast. Saves me a lot of time.
SRV-004257,EMP-10795,OFC-LON,2026-04-09,POST_RESOLUTION,4,The new AI system is incredibly fast. Saves me a lot of time.
SRV-004258,EMP-08438,OFC-NYC,2026-04-09,POST_RESOLUTION,5,"Very intuitive workflow, much better than the legacy portal."
SRV-004259,EMP-05323,OFC-LON,2026-04-09,POST_RESOLUTION,4,Great experience. The AI resolved my password issue in seconds.
SRV-004260,EMP-09881,OFC-NYC,2026-04-09,POST_RESOLUTION,4,"Very intuitive workflow, much better than the legacy portal."
SRV-004261,EMP-03599,OFC-BOS,2026-04-09,POST_RESOLUTION,5,Great experience. The AI resolved my password issue in seconds.
SRV-004262,EMP-06524,OFC-LON,2026-04-09,POST_RESOLUTION,5,The new AI system is incredibly fast. Saves me a lot of time.
SRV-004263,EMP-02995,OFC-GUR,2026-04-09,POST_RESOLUTION,4,Self-service articles were actually helpful for once.
SRV-004264,EMP-10677,OFC-BOS,2026-04-09,POST_RESOLUTION,5,Smooth transition. No complaints.
SRV-004265,EMP-01206,OFC-BOS,2026-04-09,POST_RESOLUTION,5,"Very intuitive workflow, much better than the legacy portal."
SRV-004266,EMP-03603,OFC-NYC,2026-04-09,POST_RESOLUTION,4,"Very intuitive workflow, much better than the legacy portal."
SRV-004267,EMP-06711,OFC-SIN,2026-04-09,POST_RESOLUTION,5,The new AI system is incredibly fast. Saves me a lot of time.
SRV-004268,EMP-04854,OFC-GUR,2026-04-09,POST_RESOLUTION,5,Great experience. The AI resolved my password issue in seconds.
SRV-004269,EMP-01529,OFC-SIN,2026-04-09,POST_RESOLUTION,4,"Very intuitive workflow, much better than the legacy portal."
SRV-004270,EMP-08998,OFC-SIN,2026-04-09,POST_RESOLUTION,4,Great experience. The AI resolved my password issue in seconds.
SRV-004271,EMP-04481,OFC-LON,2026-04-09,POST_RESOLUTION,4,"Very intuitive workflow, much better than the legacy portal."
SRV-004272,EMP-02619,OFC-GUR,2026-04-09,POST_RESOLUTION,4,Self-service articles were actually helpful for once.
SRV-004273,EMP-01872,OFC-LON,2026-04-09,POST_RESOLUTION,4,The new AI system is incredibly fast. Saves me a lot of time.
SRV-004274,EMP-05974,OFC-NYC,2026-04-09,POST_RESOLUTION,4,Great experience. The AI resolved my password issue in seconds.
SRV-004275,EMP-06446,OFC-NYC,2026-04-09,POST_RESOLUTION,5,The new AI system is incredibly fast. Saves me a lot of time.
SRV-004276,EMP-04299,OFC-GUR,2026-04-09,POST_RESOLUTION,4,Smooth transition. No complaints.
SRV-004277,EMP-09878,OFC-NYC,2026-04-09,POST_RESOLUTION,5,The new AI system is incredibly fast. Saves me a lot of time.
SRV-004278,EMP-03183,OFC-NYC,2026-04-09,POST_RESOLUTION,5,Great experience. The AI resolved my password issue in seconds.
SRV-004279,EMP-08569,OFC-BOS,2026-04-09,POST_RESOLUTION,4,Great experience. The AI resolved my password issue in seconds.
SRV-004280,EMP-10686,OFC-NYC,2026-04-09,POST_RESOLUTION,5,Smooth transition. No complaints.
SRV-004281,EMP-05226,OFC-NYC,2026-04-09,POST_RESOLUTION,5,Smooth transition. No complaints.
SRV-004282,EMP-07285,OFC-LON,2026-04-09,POST_RESOLUTION,4,"Very intuitive workflow, much better than the legacy portal."
SRV-004283,EMP-07030,OFC-LON,2026-04-09,POST_RESOLUTION,4,Great experience. The AI resolved my password issue in seconds.
SRV-004284,EMP-03074,OFC-SIN,2026-04-09,POST_RESOLUTION,4,The new AI system is incredibly fast. Saves me a lot of time.
SRV-004285,EMP-07824,OFC-BOS,2026-04-09,POST_RESOLUTION,4,Smooth transition. No complaints.
SRV-004286,EMP-04532,OFC-NYC,2026-04-09,POST_RESOLUTION,4,The new AI system is incredibly fast. Saves me a lot of time.
SRV-004287,EMP-07694,OFC-LON,2026-04-09,POST_RESOLUTION,5,Smooth transition. No complaints.
SRV-004288,EMP-08992,OFC-NYC,2026-04-09,POST_RESOLUTION,5,Great experience. The AI resolved my password issue in seconds.
SRV-004289,EMP-05322,OFC-GUR,2026-04-09,POST_RESOLUTION,5,Smooth transition. No complaints.
SRV-004290,EMP-09239,OFC-BOS,2026-04-09,POST_RESOLUTION,4,Great experience. The AI resolved my password issue in seconds.
SRV-004291,EMP-02772,OFC-SIN,2026-04-09,POST_RESOLUTION,5,Smooth transition. No complaints.
SRV-004292,EMP-01763,OFC-GUR,2026-04-09,POST_RESOLUTION,5,"Very intuitive workflow, much better than the legacy portal."
SRV-004293,EMP-01506,OFC-SIN,2026-04-09,POST_RESOLUTION,5,Smooth transition. No complaints.
SRV-004294,EMP-01851,OFC-GUR,2026-04-09,POST_RESOLUTION,5,"Very intuitive workflow, much better than the legacy portal."
SRV-004295,EMP-09808,OFC-BOS,2026-04-09,POST_RESOLUTION,4,"Very intuitive workflow, much better than the legacy portal."
SRV-004296,EMP-09964,OFC-LON,2026-04-09,POST_RESOLUTION,5,The new AI system is incredibly fast. Saves me a lot of time.
SRV-004297,EMP-02663,OFC-LON,2026-04-09,POST_RESOLUTION,5,Great experience. The AI resolved my password issue in seconds.
SRV-004298,EMP-05202,OFC-BOS,2026-04-09,POST_RESOLUTION,4,Smooth transition. No complaints.
SRV-004299,EMP-08452,OFC-NYC,2026-04-09,POST_RESOLUTION,5,Smooth transition. No complaints.
SRV-004300,EMP-07191,OFC-LON,2026-04-09,POST_RESOLUTION,4,Self-service articles were actually helpful for once.
SRV-004301,EMP-03970,OFC-NYC,2026-04-09,POST_RESOLUTION,4,Smooth transition. No complaints.
SRV-004302,EMP-09579,OFC-BOS,2026-04-09,POST_RESOLUTION,5,Great experience. The AI resolved my password issue in seconds.
SRV-004303,EMP-09445,OFC-GUR,2026-04-09,POST_RESOLUTION,4,Great experience. The AI resolved my password issue in seconds.
SRV-004304,EMP-08365,OFC-NYC,2026-04-09,POST_RESOLUTION,4,Smooth transition. No complaints.
SRV-004305,EMP-09356,OFC-NYC,2026-04-09,POST_RESOLUTION,5,"Very intuitive workflow, much better than the legacy portal."
SRV-004306,EMP-07385,OFC-LON,2026-04-09,POST_RESOLUTION,4,Self-service articles were actually helpful for once.
SRV-004307,EMP-07034,OFC-LON,2026-04-09,POST_RESOLUTION,4,Great experience. The AI resolved my password issue in seconds.
SRV-004308,EMP-06597,OFC-GUR,2026-04-09,POST_RESOLUTION,4,Self-service articles were actually helpful for once.
SRV-004309,EMP-05402,OFC-BOS,2026-04-09,POST_RESOLUTION,4,Self-service articles were actually helpful for once.
SRV-004310,EMP-03858,OFC-BOS,2026-04-09,POST_RESOLUTION,4,Great experience. The AI resolved my password issue in seconds.
SRV-004311,EMP-05709,OFC-LON,2026-04-09,POST_RESOLUTION,4,"Very intuitive workflow, much better than the legacy portal."
SRV-004312,EMP-02326,OFC-BOS,2026-04-09,POST_RESOLUTION,4,"Very intuitive workflow, much better than the legacy portal."
SRV-004313,EMP-08058,OFC-SIN,2026-04-09,POST_RESOLUTION,4,Great experience. The AI resolved my password issue in seconds.
SRV-004314,EMP-08177,OFC-GUR,2026-04-09,POST_RESOLUTION,4,Smooth transition. No complaints.
SRV-004315,EMP-05702,OFC-GUR,2026-04-09,POST_RESOLUTION,4,Smooth transition. No complaints.
SRV-004316,EMP-06717,OFC-NYC,2026-04-09,POST_RESOLUTION,5,Self-service articles were actually helpful for once.
SRV-004317,EMP-05622,OFC-BOS,2026-04-09,POST_RESOLUTION,4,Smooth transition. No complaints.
SRV-004318,EMP-07192,OFC-GUR,2026-04-09,POST_RESOLUTION,4,Self-service articles were actually helpful for once.
SRV-004319,EMP-04803,OFC-SIN,2026-04-09,POST_RESOLUTION,5,Smooth transition. No complaints.
SRV-004320,EMP-01316,OFC-NYC,2026-04-09,POST_RESOLUTION,5,"Very intuitive workflow, much better than the legacy portal."
SRV-004321,EMP-01804,OFC-NYC,2026-04-09,POST_RESOLUTION,4,"Very intuitive workflow, much better than the legacy portal."
SRV-004322,EMP-04174,OFC-BOS,2026-04-09,POST_RESOLUTION,5,"Very intuitive workflow, much better than the legacy portal."
SRV-004323,EMP-03766,OFC-LON,2026-04-09,POST_RESOLUTION,4,Smooth transition. No complaints.
SRV-004324,EMP-09332,OFC-GUR,2026-04-09,POST_RESOLUTION,5,Self-service articles were actually helpful for once.
SRV-004325,EMP-09139,OFC-NYC,2026-04-09,POST_RESOLUTION,5,Self-service articles were actually helpful for once.
SRV-004326,EMP-06553,OFC-LON,2026-04-09,POST_RESOLUTION,5,"Very intuitive workflow, much better than the legacy portal."
SRV-004327,EMP-10710,OFC-BOS,2026-04-09,POST_RESOLUTION,4,"Very intuitive workflow, much better than the legacy portal."
SRV-004328,EMP-05525,OFC-NYC,2026-04-09,POST_RESOLUTION,4,Smooth transition. No complaints.
SRV-004329,EMP-05414,OFC-NYC,2026-04-09,POST_RESOLUTION,5,Smooth transition. No complaints.
SRV-004330,EMP-03187,OFC-GUR,2026-04-09,POST_RESOLUTION,4,Self-service articles were actually helpful for once.
SRV-004331,EMP-06728,OFC-BOS,2026-04-09,POST_RESOLUTION,5,The new AI system is incredibly fast. Saves me a lot of time.
SRV-004332,EMP-06474,OFC-BOS,2026-04-09,POST_RESOLUTION,4,Self-service articles were actually helpful for once.
SRV-004333,EMP-03667,OFC-GUR,2026-04-09,POST_RESOLUTION,5,Smooth transition. No complaints.
SRV-004334,EMP-07919,OFC-NYC,2026-04-09,POST_RESOLUTION,5,Great experience. The AI resolved my password issue in seconds.
SRV-004335,EMP-05216,OFC-BOS,2026-04-09,POST_RESOLUTION,5,Smooth transition. No complaints.
SRV-004336,EMP-09906,OFC-LON,2026-04-09,POST_RESOLUTION,5,Smooth transition. No complaints.
SRV-004337,EMP-06776,OFC-LON,2026-04-09,POST_RESOLUTION,4,Great experience. The AI resolved my password issue in seconds.
SRV-004338,EMP-04771,OFC-SIN,2026-04-09,POST_RESOLUTION,5,Smooth transition. No complaints.
SRV-004339,EMP-10122,OFC-GUR,2026-04-09,POST_RESOLUTION,5,Self-service articles were actually helpful for once.
SRV-004340,EMP-01537,OFC-BOS,2026-04-09,POST_RESOLUTION,4,Great experience. The AI resolved my password issue in seconds.
SRV-004341,EMP-02646,OFC-BOS,2026-04-09,POST_RESOLUTION,5,The new AI system is incredibly fast. Saves me a lot of time.
SRV-004342,EMP-05978,OFC-BOS,2026-04-09,POST_RESOLUTION,5,Smooth transition. No complaints.
SRV-004343,EMP-08589,OFC-BOS,2026-04-09,POST_RESOLUTION,4,The new AI system is incredibly fast. Saves me a lot of time.
SRV-004344,EMP-04136,OFC-GUR,2026-04-09,POST_RESOLUTION,5,The new AI system is incredibly fast. Saves me a lot of time.
SRV-004345,EMP-07632,OFC-GUR,2026-04-09,POST_RESOLUTION,5,Great experience. The AI resolved my password issue in seconds.
SRV-004346,EMP-06714,OFC-GUR,2026-04-09,POST_RESOLUTION,4,"Very intuitive workflow, much better than the legacy portal."
SRV-004347,EMP-02121,OFC-SIN,2026-04-09,POST_RESOLUTION,4,The new AI system is incredibly fast. Saves me a lot of time.
SRV-004348,EMP-05540,OFC-BOS,2026-04-09,POST_RESOLUTION,4,The new AI system is incredibly fast. Saves me a lot of time.
SRV-004349,EMP-03900,OFC-BOS,2026-04-09,POST_RESOLUTION,4,"Very intuitive workflow, much better than the legacy portal."
SRV-004350,EMP-07296,OFC-NYC,2026-04-09,POST_RESOLUTION,5,Self-service articles were actually helpful for once.
SRV-004351,EMP-10068,OFC-BOS,2026-04-09,POST_RESOLUTION,5,"Very intuitive workflow, much better than the legacy portal."
SRV-004352,EMP-02950,OFC-BOS,2026-04-09,POST_RESOLUTION,4,Self-service articles were actually helpful for once.
SRV-004353,EMP-10667,OFC-BOS,2026-04-09,POST_RESOLUTION,5,Self-service articles were actually helpful for once.
SRV-004354,EMP-04349,OFC-BOS,2026-04-09,POST_RESOLUTION,4,"Very intuitive workflow, much better than the legacy portal."
SRV-004355,EMP-05704,OFC-NYC,2026-04-09,POST_RESOLUTION,5,The new AI system is incredibly fast. Saves me a lot of time.
SRV-004356,EMP-03298,OFC-BOS,2026-04-09,POST_RESOLUTION,4,Self-service articles were actually helpful for once.
SRV-004357,EMP-07188,OFC-BOS,2026-04-09,POST_RESOLUTION,4,"Very intuitive workflow, much better than the legacy portal."
SRV-004358,EMP-07351,OFC-LON,2026-04-09,POST_RESOLUTION,5,Smooth transition. No complaints.
SRV-004359,EMP-09751,OFC-BOS,2026-04-09,POST_RESOLUTION,4,The new AI system is incredibly fast. Saves me a lot of time.
SRV-004360,EMP-05787,OFC-SIN,2026-04-09,POST_RESOLUTION,5,Self-service articles were actually helpful for once.
SRV-004361,EMP-02313,OFC-GUR,2026-04-09,POST_RESOLUTION,5,Great experience. The AI resolved my password issue in seconds.
SRV-004362,EMP-05003,OFC-BOS,2026-04-09,POST_RESOLUTION,5,The new AI system is incredibly fast. Saves me a lot of time.
SRV-004363,EMP-03909,OFC-NYC,2026-04-09,POST_RESOLUTION,5,Smooth transition. No complaints.
SRV-004364,EMP-09378,OFC-LON,2026-04-09,POST_RESOLUTION,4,Smooth transition. No complaints.
SRV-004365,EMP-02109,OFC-BOS,2026-04-09,POST_RESOLUTION,5,"Very intuitive workflow, much better than the legacy portal."
SRV-004366,EMP-08553,OFC-LON,2026-04-09,POST_RESOLUTION,4,Smooth transition. No complaints.
SRV-004367,EMP-06304,OFC-NYC,2026-04-09,POST_RESOLUTION,5,Great experience. The AI resolved my password issue in seconds.
SRV-004368,EMP-05504,OFC-LON,2026-04-09,POST_RESOLUTION,5,"Very intuitive workflow, much better than the legacy portal."
SRV-004369,EMP-05406,OFC-SIN,2026-04-09,POST_RESOLUTION,4,Smooth transition. No complaints.
SRV-004370,EMP-05064,OFC-SIN,2026-04-09,POST_RESOLUTION,5,Self-service articles were actually helpful for once.
SRV-004371,EMP-01927,OFC-LON,2026-04-09,POST_RESOLUTION,4,The new AI system is incredibly fast. Saves me a lot of time.
SRV-004372,EMP-10672,OFC-NYC,2026-04-09,POST_RESOLUTION,5,Great experience. The AI resolved my password issue in seconds.
SRV-004373,EMP-04961,OFC-NYC,2026-04-09,POST_RESOLUTION,4,Great experience. The AI resolved my password issue in seconds.
SRV-004374,EMP-07347,OFC-SIN,2026-04-09,POST_RESOLUTION,5,Great experience. The AI resolved my password issue in seconds.
SRV-004375,EMP-09274,OFC-LON,2026-04-09,POST_RESOLUTION,5,Self-service articles were actually helpful for once.
SRV-004376,EMP-04302,OFC-LON,2026-04-09,POST_RESOLUTION,5,Smooth transition. No complaints.
SRV-004377,EMP-05200,OFC-GUR,2026-04-09,POST_RESOLUTION,5,The new AI system is incredibly fast. Saves me a lot of time.
SRV-004378,EMP-04384,OFC-BOS,2026-04-09,POST_RESOLUTION,4,The new AI system is incredibly fast. Saves me a lot of time.
SRV-004379,EMP-08579,OFC-GUR,2026-04-09,POST_RESOLUTION,4,Self-service articles were actually helpful for once.
SRV-004380,EMP-10378,OFC-SIN,2026-04-09,POST_RESOLUTION,5,"Very intuitive workflow, much better than the legacy portal."
SRV-004381,EMP-10809,OFC-LON,2026-04-09,POST_RESOLUTION,5,Smooth transition. No complaints.
SRV-004382,EMP-04290,OFC-BOS,2026-04-09,POST_RESOLUTION,5,Great experience. The AI resolved my password issue in seconds.
SRV-004383,EMP-04689,OFC-BOS,2026-04-09,POST_RESOLUTION,4,"Very intuitive workflow, much better than the legacy portal."
SRV-004384,EMP-03248,OFC-LON,2026-04-09,POST_RESOLUTION,5,Self-service articles were actually helpful for once.
SRV-004385,EMP-09967,OFC-GUR,2026-04-09,POST_RESOLUTION,5,Smooth transition. No complaints.
SRV-004386,EMP-10049,OFC-LON,2026-04-09,POST_RESOLUTION,5,Smooth transition. No complaints.
SRV-004387,EMP-03992,OFC-LON,2026-04-09,POST_RESOLUTION,4,Smooth transition. No complaints.
SRV-004388,EMP-10977,OFC-GUR,2026-04-09,POST_RESOLUTION,5,"Very intuitive workflow, much better than the legacy portal."
SRV-004389,EMP-07569,OFC-NYC,2026-04-09,POST_RESOLUTION,5,"Very intuitive workflow, much better than the legacy portal."
SRV-004390,EMP-07456,OFC-LON,2026-04-09,POST_RESOLUTION,4,Self-service articles were actually helpful for once.
SRV-004391,EMP-03705,OFC-GUR,2026-04-09,POST_RESOLUTION,4,Great experience. The AI resolved my password issue in seconds.
SRV-004392,EMP-10128,OFC-GUR,2026-04-09,POST_RESOLUTION,5,"Very intuitive workflow, much better than the legacy portal."
SRV-004393,EMP-07870,OFC-LON,2026-04-09,POST_RESOLUTION,4,The new AI system is incredibly fast. Saves me a lot of time.
SRV-004394,EMP-09828,OFC-NYC,2026-04-09,POST_RESOLUTION,4,"Very intuitive workflow, much better than the legacy portal."
SRV-004395,EMP-07042,OFC-NYC,2026-04-09,POST_RESOLUTION,5,"Very intuitive workflow, much better than the legacy portal."
SRV-004396,EMP-02025,OFC-LON,2026-04-09,POST_RESOLUTION,4,Smooth transition. No complaints.
SRV-004397,EMP-02017,OFC-LON,2026-04-09,POST_RESOLUTION,4,The new AI system is incredibly fast. Saves me a lot of time.
SRV-004398,EMP-06725,OFC-LON,2026-04-09,POST_RESOLUTION,5,Great experience. The AI resolved my password issue in seconds.
SRV-004399,EMP-03071,OFC-LON,2026-04-09,POST_RESOLUTION,4,The new AI system is incredibly fast. Saves me a lot of time.
SRV-004400,EMP-07368,OFC-LON,2026-04-09,POST_RESOLUTION,4,Great experience. The AI resolved my password issue in seconds.
SRV-004401,EMP-09578,OFC-NYC,2026-04-09,POST_RESOLUTION,4,Self-service articles were actually helpful for once.
SRV-004402,EMP-01184,OFC-NYC,2026-04-09,POST_RESOLUTION,4,Smooth transition. No complaints.
SRV-004403,EMP-03036,OFC-BOS,2026-04-09,POST_RESOLUTION,4,Self-service articles were actually helpful for once.
SRV-004404,EMP-06735,OFC-GUR,2026-04-09,POST_RESOLUTION,5,"Very intuitive workflow, much better than the legacy portal."
SRV-004405,EMP-09438,OFC-LON,2026-04-09,POST_RESOLUTION,5,"Very intuitive workflow, much better than the legacy portal."
SRV-004406,EMP-02804,OFC-NYC,2026-04-09,POST_RESOLUTION,4,Smooth transition. No complaints.
SRV-004407,EMP-02889,OFC-SIN,2026-04-09,POST_RESOLUTION,4,Self-service articles were actually helpful for once.
SRV-004408,EMP-04114,OFC-BOS,2026-04-09,POST_RESOLUTION,5,The new AI system is incredibly fast. Saves me a lot of time.
SRV-004409,EMP-05599,OFC-NYC,2026-04-09,POST_RESOLUTION,5,Self-service articles were actually helpful for once.
SRV-004410,EMP-05730,OFC-BOS,2026-04-09,POST_RESOLUTION,4,Great experience. The AI resolved my password issue in seconds.
SRV-004411,EMP-06747,OFC-SIN,2026-04-09,POST_RESOLUTION,4,"Very intuitive workflow, much better than the legacy portal."
SRV-004412,EMP-02252,OFC-BOS,2026-04-09,POST_RESOLUTION,4,The new AI system is incredibly fast. Saves me a lot of time.
SRV-004413,EMP-01942,OFC-GUR,2026-04-09,POST_RESOLUTION,5,"Very intuitive workflow, much better than the legacy portal."
SRV-004414,EMP-08961,OFC-NYC,2026-04-09,POST_RESOLUTION,5,Self-service articles were actually helpful for once.
SRV-004415,EMP-10204,OFC-SIN,2026-04-09,POST_RESOLUTION,4,Smooth transition. No complaints.
SRV-004416,EMP-10714,OFC-LON,2026-04-09,POST_RESOLUTION,4,The new AI system is incredibly fast. Saves me a lot of time.
SRV-004417,EMP-07095,OFC-GUR,2026-04-09,POST_RESOLUTION,4,Smooth transition. No complaints.
SRV-004418,EMP-07827,OFC-BOS,2026-04-09,POST_RESOLUTION,4,Self-service articles were actually helpful for once.
SRV-004419,EMP-10125,OFC-SIN,2026-04-09,POST_RESOLUTION,5,Great experience. The AI resolved my password issue in seconds.
SRV-004420,EMP-08204,OFC-SIN,2026-04-09,POST_RESOLUTION,4,Smooth transition. No complaints.
SRV-004421,EMP-07404,OFC-BOS,2026-04-09,POST_RESOLUTION,4,Smooth transition. No complaints.
SRV-004422,EMP-08043,OFC-BOS,2026-04-09,POST_RESOLUTION,4,Self-service articles were actually helpful for once.
SRV-004423,EMP-05259,OFC-NYC,2026-04-09,POST_RESOLUTION,5,The new AI system is incredibly fast. Saves me a lot of time.
SRV-004424,EMP-01912,OFC-LON,2026-04-09,POST_RESOLUTION,4,Self-service articles were actually helpful for once.
SRV-004425,EMP-04794,OFC-BOS,2026-04-09,POST_RESOLUTION,4,Smooth transition. No complaints.
SRV-004426,EMP-03772,OFC-GUR,2026-04-09,POST_RESOLUTION,5,"Very intuitive workflow, much better than the legacy portal."
SRV-004427,EMP-02666,OFC-BOS,2026-04-09,POST_RESOLUTION,4,"Very intuitive workflow, much better than the legacy portal."
SRV-004428,EMP-06820,OFC-GUR,2026-04-09,POST_RESOLUTION,4,Smooth transition. No complaints.
SRV-004429,EMP-03518,OFC-GUR,2026-04-09,POST_RESOLUTION,5,The new AI system is incredibly fast. Saves me a lot of time.
SRV-004430,EMP-10764,OFC-SIN,2026-04-09,POST_RESOLUTION,5,Smooth transition. No complaints.
SRV-004431,EMP-06116,OFC-LON,2026-04-09,POST_RESOLUTION,5,"Very intuitive workflow, much better than the legacy portal."
SRV-004432,EMP-01903,OFC-LON,2026-04-09,POST_RESOLUTION,4,Great experience. The AI resolved my password issue in seconds.
SRV-004433,EMP-08713,OFC-NYC,2026-04-09,POST_RESOLUTION,4,Smooth transition. No complaints.
SRV-004434,EMP-03356,OFC-SIN,2026-04-09,POST_RESOLUTION,4,Smooth transition. No complaints.
SRV-004435,EMP-01882,OFC-BOS,2026-04-09,POST_RESOLUTION,5,Great experience. The AI resolved my password issue in seconds.
SRV-004436,EMP-07701,OFC-GUR,2026-04-09,POST_RESOLUTION,4,The new AI system is incredibly fast. Saves me a lot of time.
SRV-004437,EMP-09279,OFC-BOS,2026-04-09,POST_RESOLUTION,4,Self-service articles were actually helpful for once.
SRV-004438,EMP-10561,OFC-BOS,2026-04-09,POST_RESOLUTION,5,"Very intuitive workflow, much better than the legacy portal."
SRV-004439,EMP-07936,OFC-NYC,2026-04-09,POST_RESOLUTION,4,"Very intuitive workflow, much better than the legacy portal."
SRV-004440,EMP-08678,OFC-BOS,2026-04-09,POST_RESOLUTION,5,Self-service articles were actually helpful for once.
SRV-004441,EMP-07328,OFC-LON,2026-04-09,POST_RESOLUTION,4,Self-service articles were actually helpful for once.
SRV-004442,EMP-04915,OFC-NYC,2026-04-09,POST_RESOLUTION,5,Self-service articles were actually helpful for once.
SRV-004443,EMP-09688,OFC-BOS,2026-04-09,POST_RESOLUTION,5,Self-service articles were actually helpful for once.
SRV-004444,EMP-07447,OFC-LON,2026-04-09,POST_RESOLUTION,4,"Very intuitive workflow, much better than the legacy portal."
SRV-004445,EMP-10560,OFC-GUR,2026-04-09,POST_RESOLUTION,4,Smooth transition. No complaints.
SRV-004446,EMP-08624,OFC-LON,2026-04-09,POST_RESOLUTION,5,Smooth transition. No complaints.
SRV-004447,EMP-02653,OFC-NYC,2026-04-09,POST_RESOLUTION,4,Great experience. The AI resolved my password issue in seconds.
SRV-004448,EMP-04497,OFC-SIN,2026-04-09,POST_RESOLUTION,4,Smooth transition. No complaints.
SRV-004449,EMP-06358,OFC-SIN,2026-04-09,POST_RESOLUTION,4,The new AI system is incredibly fast. Saves me a lot of time.
SRV-004450,EMP-04052,OFC-NYC,2026-04-09,POST_RESOLUTION,4,The new AI system is incredibly fast. Saves me a lot of time.
SRV-004451,EMP-10504,OFC-NYC,2026-04-09,POST_RESOLUTION,4,Self-service articles were actually helpful for once.
SRV-004452,EMP-06452,OFC-BOS,2026-04-09,POST_RESOLUTION,4,Great experience. The AI resolved my password issue in seconds.
SRV-004453,EMP-02521,OFC-SIN,2026-04-09,POST_RESOLUTION,4,"Very intuitive workflow, much better than the legacy portal."
SRV-004454,EMP-08506,OFC-NYC,2026-04-09,POST_RESOLUTION,4,Smooth transition. No complaints.
SRV-004455,EMP-02848,OFC-SIN,2026-04-09,POST_RESOLUTION,4,Smooth transition. No complaints.
SRV-004456,EMP-03219,OFC-BOS,2026-04-09,POST_RESOLUTION,4,"Very intuitive workflow, much better than the legacy portal."
SRV-004457,EMP-02924,OFC-GUR,2026-04-09,POST_RESOLUTION,5,The new AI system is incredibly fast. Saves me a lot of time.
SRV-004458,EMP-03731,OFC-LON,2026-04-09,POST_RESOLUTION,5,Self-service articles were actually helpful for once.
SRV-004459,EMP-03816,OFC-LON,2026-04-09,POST_RESOLUTION,4,Great experience. The AI resolved my password issue in seconds.
SRV-004460,EMP-01299,OFC-BOS,2026-04-09,POST_RESOLUTION,4,The new AI system is incredibly fast. Saves me a lot of time.
SRV-004461,EMP-01835,OFC-NYC,2026-04-09,POST_RESOLUTION,4,Great experience. The AI resolved my password issue in seconds.
SRV-004462,EMP-07487,OFC-NYC,2026-04-09,POST_RESOLUTION,5,Self-service articles were actually helpful for once.
SRV-004463,EMP-10550,OFC-BOS,2026-04-09,POST_RESOLUTION,5,Smooth transition. No complaints.
SRV-004464,EMP-04406,OFC-SIN,2026-04-09,POST_RESOLUTION,5,Self-service articles were actually helpful for once.
SRV-004465,EMP-05248,OFC-LON,2026-04-09,POST_RESOLUTION,5,The new AI system is incredibly fast. Saves me a lot of time.
SRV-004466,EMP-02936,OFC-NYC,2026-04-09,POST_RESOLUTION,5,Smooth transition. No complaints.
SRV-004467,EMP-07214,OFC-GUR,2026-04-09,POST_RESOLUTION,4,Self-service articles were actually helpful for once.
SRV-004468,EMP-10845,OFC-NYC,2026-04-09,POST_RESOLUTION,5,Smooth transition. No complaints.
SRV-004469,EMP-06615,OFC-GUR,2026-04-09,POST_RESOLUTION,4,Smooth transition. No complaints.
SRV-004470,EMP-03397,OFC-BOS,2026-04-09,POST_RESOLUTION,5,Great experience. The AI resolved my password issue in seconds.
SRV-004471,EMP-05750,OFC-NYC,2026-04-09,POST_RESOLUTION,5,Great experience. The AI resolved my password issue in seconds.
SRV-004472,EMP-03094,OFC-NYC,2026-04-09,POST_RESOLUTION,4,The new AI system is incredibly fast. Saves me a lot of time.
SRV-004473,EMP-04536,OFC-NYC,2026-04-09,POST_RESOLUTION,4,Self-service articles were actually helpful for once.
SRV-004474,EMP-02041,OFC-GUR,2026-04-09,POST_RESOLUTION,5,"Very intuitive workflow, much better than the legacy portal."
SRV-004475,EMP-06733,OFC-LON,2026-04-09,POST_RESOLUTION,4,Self-service articles were actually helpful for once.
SRV-004476,EMP-01464,OFC-SIN,2026-04-09,POST_RESOLUTION,4,Smooth transition. No complaints.
SRV-004477,EMP-10000,OFC-SIN,2026-04-09,POST_RESOLUTION,5,The new AI system is incredibly fast. Saves me a lot of time.
SRV-004478,EMP-01518,OFC-SIN,2026-04-09,POST_RESOLUTION,4,The new AI system is incredibly fast. Saves me a lot of time.
SRV-004479,EMP-06946,OFC-NYC,2026-04-09,POST_RESOLUTION,4,"Very intuitive workflow, much better than the legacy portal."
SRV-004480,EMP-03082,OFC-LON,2026-04-09,POST_RESOLUTION,4,Smooth transition. No complaints.
SRV-004481,EMP-02011,OFC-SIN,2026-04-09,POST_RESOLUTION,5,Smooth transition. No complaints.
SRV-004482,EMP-08352,OFC-LON,2026-04-09,POST_RESOLUTION,5,The new AI system is incredibly fast. Saves me a lot of time.
SRV-004483,EMP-09177,OFC-GUR,2026-04-09,POST_RESOLUTION,4,The new AI system is incredibly fast. Saves me a lot of time.
SRV-004484,EMP-10203,OFC-LON,2026-04-09,POST_RESOLUTION,4,"Very intuitive workflow, much better than the legacy portal."
SRV-004485,EMP-07053,OFC-NYC,2026-04-09,POST_RESOLUTION,5,"Very intuitive workflow, much better than the legacy portal."
SRV-004486,EMP-09896,OFC-NYC,2026-04-09,POST_RESOLUTION,5,Great experience. The AI resolved my password issue in seconds.
SRV-004487,EMP-04371,OFC-LON,2026-04-09,POST_RESOLUTION,4,The new AI system is incredibly fast. Saves me a lot of time.
SRV-004488,EMP-01225,OFC-BOS,2026-04-09,POST_RESOLUTION,5,"Very intuitive workflow, much better than the legacy portal."
SRV-004489,EMP-01638,OFC-NYC,2026-04-09,POST_RESOLUTION,4,Smooth transition. No complaints.
SRV-004490,EMP-08439,OFC-BOS,2026-04-09,POST_RESOLUTION,5,Great experience. The AI resolved my password issue in seconds.
SRV-004491,EMP-08963,OFC-LON,2026-04-09,POST_RESOLUTION,4,The new AI system is incredibly fast. Saves me a lot of time.
SRV-004492,EMP-07070,OFC-SIN,2026-04-09,POST_RESOLUTION,4,"Very intuitive workflow, much better than the legacy portal."
SRV-004493,EMP-05878,OFC-NYC,2026-04-09,POST_RESOLUTION,5,The new AI system is incredibly fast. Saves me a lot of time.
SRV-004494,EMP-04348,OFC-NYC,2026-04-09,POST_RESOLUTION,4,Great experience. The AI resolved my password issue in seconds.
SRV-004495,EMP-09439,OFC-NYC,2026-04-09,POST_RESOLUTION,4,Self-service articles were actually helpful for once.
SRV-004496,EMP-06736,OFC-LON,2026-04-09,POST_RESOLUTION,5,The new AI system is incredibly fast. Saves me a lot of time.
SRV-004497,EMP-03774,OFC-LON,2026-04-09,POST_RESOLUTION,5,The new AI system is incredibly fast. Saves me a lot of time.
SRV-004498,EMP-09860,OFC-LON,2026-04-09,POST_RESOLUTION,5,The new AI system is incredibly fast. Saves me a lot of time.
SRV-004499,EMP-06507,OFC-NYC,2026-04-09,POST_RESOLUTION,4,The new AI system is incredibly fast. Saves me a lot of time.
SRV-004500,EMP-03584,OFC-LON,2026-04-09,POST_RESOLUTION,5,"Very intuitive workflow, much better than the legacy portal."
SRV-004501,EMP-08101,OFC-BOS,2026-04-16,POST_RESOLUTION,5,Self-service articles were actually helpful for once.
SRV-004502,EMP-09109,OFC-GUR,2026-04-16,POST_RESOLUTION,4,Smooth transition. No complaints.
SRV-004503,EMP-02738,OFC-NYC,2026-04-16,POST_RESOLUTION,4,The new AI system is incredibly fast. Saves me a lot of time.
SRV-004504,EMP-10763,OFC-SIN,2026-04-16,POST_RESOLUTION,5,Smooth transition. No complaints.
SRV-004505,EMP-03611,OFC-BOS,2026-04-16,POST_RESOLUTION,5,"Very intuitive workflow, much better than the legacy portal."
SRV-004506,EMP-05766,OFC-SIN,2026-04-16,POST_RESOLUTION,5,Self-service articles were actually helpful for once.
SRV-004507,EMP-10583,OFC-BOS,2026-04-16,POST_RESOLUTION,5,Great experience. The AI resolved my password issue in seconds.
SRV-004508,EMP-03600,OFC-LON,2026-04-16,POST_RESOLUTION,4,Great experience. The AI resolved my password issue in seconds.
SRV-004509,EMP-06780,OFC-GUR,2026-04-16,POST_RESOLUTION,4,Great experience. The AI resolved my password issue in seconds.
SRV-004510,EMP-03414,OFC-LON,2026-04-16,POST_RESOLUTION,4,Great experience. The AI resolved my password issue in seconds.
SRV-004511,EMP-03583,OFC-NYC,2026-04-16,POST_RESOLUTION,4,Great experience. The AI resolved my password issue in seconds.
SRV-004512,EMP-06572,OFC-GUR,2026-04-16,POST_RESOLUTION,5,Self-service articles were actually helpful for once.
SRV-004513,EMP-04322,OFC-GUR,2026-04-16,POST_RESOLUTION,4,The new AI system is incredibly fast. Saves me a lot of time.
SRV-004514,EMP-07827,OFC-BOS,2026-04-16,POST_RESOLUTION,5,Great experience. The AI resolved my password issue in seconds.
SRV-004515,EMP-05970,OFC-LON,2026-04-16,POST_RESOLUTION,5,The new AI system is incredibly fast. Saves me a lot of time.
SRV-004516,EMP-01919,OFC-BOS,2026-04-16,POST_RESOLUTION,4,Smooth transition. No complaints.
SRV-004517,EMP-08083,OFC-LON,2026-04-16,POST_RESOLUTION,5,The new AI system is incredibly fast. Saves me a lot of time.
SRV-004518,EMP-03133,OFC-LON,2026-04-16,POST_RESOLUTION,5,Smooth transition. No complaints.
SRV-004519,EMP-10224,OFC-SIN,2026-04-16,POST_RESOLUTION,4,The new AI system is incredibly fast. Saves me a lot of time.
SRV-004520,EMP-10802,OFC-BOS,2026-04-16,POST_RESOLUTION,5,Smooth transition. No complaints.
SRV-004521,EMP-08746,OFC-BOS,2026-04-16,POST_RESOLUTION,4,The new AI system is incredibly fast. Saves me a lot of time.
SRV-004522,EMP-09373,OFC-GUR,2026-04-16,POST_RESOLUTION,4,The new AI system is incredibly fast. Saves me a lot of time.
SRV-004523,EMP-03479,OFC-GUR,2026-04-16,POST_RESOLUTION,4,Self-service articles were actually helpful for once.
SRV-004524,EMP-09400,OFC-LON,2026-04-16,POST_RESOLUTION,5,Smooth transition. No complaints.
SRV-004525,EMP-06581,OFC-NYC,2026-04-16,POST_RESOLUTION,4,The new AI system is incredibly fast. Saves me a lot of time.
SRV-004526,EMP-02759,OFC-LON,2026-04-16,POST_RESOLUTION,5,Self-service articles were actually helpful for once.
SRV-004527,EMP-05574,OFC-GUR,2026-04-16,POST_RESOLUTION,5,Self-service articles were actually helpful for once.
SRV-004528,EMP-10838,OFC-GUR,2026-04-16,POST_RESOLUTION,4,Smooth transition. No complaints.
SRV-004529,EMP-04384,OFC-BOS,2026-04-16,POST_RESOLUTION,5,The new AI system is incredibly fast. Saves me a lot of time.
SRV-004530,EMP-06007,OFC-GUR,2026-04-16,POST_RESOLUTION,4,Self-service articles were actually helpful for once.
SRV-004531,EMP-08920,OFC-LON,2026-04-16,POST_RESOLUTION,4,Great experience. The AI resolved my password issue in seconds.
SRV-004532,EMP-02281,OFC-GUR,2026-04-16,POST_RESOLUTION,4,Great experience. The AI resolved my password issue in seconds.
SRV-004533,EMP-07974,OFC-LON,2026-04-16,POST_RESOLUTION,5,Great experience. The AI resolved my password issue in seconds.
SRV-004534,EMP-06352,OFC-NYC,2026-04-16,POST_RESOLUTION,4,The new AI system is incredibly fast. Saves me a lot of time.
SRV-004535,EMP-03784,OFC-SIN,2026-04-16,POST_RESOLUTION,5,Great experience. The AI resolved my password issue in seconds.
SRV-004536,EMP-04575,OFC-NYC,2026-04-16,POST_RESOLUTION,4,"Very intuitive workflow, much better than the legacy portal."
SRV-004537,EMP-09346,OFC-GUR,2026-04-16,POST_RESOLUTION,5,Smooth transition. No complaints.
SRV-004538,EMP-02883,OFC-GUR,2026-04-16,POST_RESOLUTION,4,"Very intuitive workflow, much better than the legacy portal."
SRV-004539,EMP-07624,OFC-GUR,2026-04-16,POST_RESOLUTION,5,"Very intuitive workflow, much better than the legacy portal."
SRV-004540,EMP-08132,OFC-GUR,2026-04-16,POST_RESOLUTION,5,Great experience. The AI resolved my password issue in seconds.
SRV-004541,EMP-05519,OFC-BOS,2026-04-16,POST_RESOLUTION,4,Smooth transition. No complaints.
SRV-004542,EMP-06470,OFC-GUR,2026-04-16,POST_RESOLUTION,4,Self-service articles were actually helpful for once.
SRV-004543,EMP-09706,OFC-GUR,2026-04-16,POST_RESOLUTION,4,"Very intuitive workflow, much better than the legacy portal."
SRV-004544,EMP-05932,OFC-SIN,2026-04-16,POST_RESOLUTION,4,Self-service articles were actually helpful for once.
SRV-004545,EMP-10687,OFC-NYC,2026-04-16,POST_RESOLUTION,5,Self-service articles were actually helpful for once.
SRV-004546,EMP-01802,OFC-LON,2026-04-16,POST_RESOLUTION,5,The new AI system is incredibly fast. Saves me a lot of time.
SRV-004547,EMP-04054,OFC-GUR,2026-04-16,POST_RESOLUTION,5,Smooth transition. No complaints.
SRV-004548,EMP-08197,OFC-GUR,2026-04-16,POST_RESOLUTION,4,Smooth transition. No complaints.
SRV-004549,EMP-01830,OFC-BOS,2026-04-16,POST_RESOLUTION,4,"Very intuitive workflow, much better than the legacy portal."
SRV-004550,EMP-05094,OFC-NYC,2026-04-16,POST_RESOLUTION,5,The new AI system is incredibly fast. Saves me a lot of time.
SRV-004551,EMP-03820,OFC-SIN,2026-04-16,POST_RESOLUTION,5,The new AI system is incredibly fast. Saves me a lot of time.
SRV-004552,EMP-03861,OFC-NYC,2026-04-16,POST_RESOLUTION,5,The new AI system is incredibly fast. Saves me a lot of time.
SRV-004553,EMP-09809,OFC-BOS,2026-04-16,POST_RESOLUTION,4,Smooth transition. No complaints.
SRV-004554,EMP-06397,OFC-LON,2026-04-16,POST_RESOLUTION,5,Smooth transition. No complaints.
SRV-004555,EMP-06625,OFC-GUR,2026-04-16,POST_RESOLUTION,4,Great experience. The AI resolved my password issue in seconds.
SRV-004556,EMP-10153,OFC-LON,2026-04-16,POST_RESOLUTION,4,Smooth transition. No complaints.
SRV-004557,EMP-10468,OFC-LON,2026-04-16,POST_RESOLUTION,4,Smooth transition. No complaints.
SRV-004558,EMP-01944,OFC-BOS,2026-04-16,POST_RESOLUTION,4,The new AI system is incredibly fast. Saves me a lot of time.
SRV-004559,EMP-07878,OFC-GUR,2026-04-16,POST_RESOLUTION,4,Self-service articles were actually helpful for once.
SRV-004560,EMP-01078,OFC-NYC,2026-04-16,POST_RESOLUTION,5,"Very intuitive workflow, much better than the legacy portal."
SRV-004561,EMP-03860,OFC-SIN,2026-04-16,POST_RESOLUTION,4,Self-service articles were actually helpful for once.
SRV-004562,EMP-02923,OFC-NYC,2026-04-16,POST_RESOLUTION,4,"Very intuitive workflow, much better than the legacy portal."
SRV-004563,EMP-01035,OFC-GUR,2026-04-16,POST_RESOLUTION,5,Great experience. The AI resolved my password issue in seconds.
SRV-004564,EMP-02278,OFC-BOS,2026-04-16,POST_RESOLUTION,4,Smooth transition. No complaints.
SRV-004565,EMP-06240,OFC-SIN,2026-04-16,POST_RESOLUTION,5,"Very intuitive workflow, much better than the legacy portal."
SRV-004566,EMP-06885,OFC-LON,2026-04-16,POST_RESOLUTION,5,"Very intuitive workflow, much better than the legacy portal."
SRV-004567,EMP-04980,OFC-GUR,2026-04-16,POST_RESOLUTION,5,"Very intuitive workflow, much better than the legacy portal."
SRV-004568,EMP-04659,OFC-SIN,2026-04-16,POST_RESOLUTION,4,"Very intuitive workflow, much better than the legacy portal."
SRV-004569,EMP-07697,OFC-NYC,2026-04-16,POST_RESOLUTION,4,Smooth transition. No complaints.
SRV-004570,EMP-04411,OFC-BOS,2026-04-16,POST_RESOLUTION,4,Self-service articles were actually helpful for once.
SRV-004571,EMP-02398,OFC-LON,2026-04-16,POST_RESOLUTION,4,"Very intuitive workflow, much better than the legacy portal."
SRV-004572,EMP-01190,OFC-BOS,2026-04-16,POST_RESOLUTION,5,The new AI system is incredibly fast. Saves me a lot of time.
SRV-004573,EMP-07005,OFC-SIN,2026-04-16,POST_RESOLUTION,5,"Very intuitive workflow, much better than the legacy portal."
SRV-004574,EMP-03337,OFC-NYC,2026-04-16,POST_RESOLUTION,4,Smooth transition. No complaints.
SRV-004575,EMP-01683,OFC-GUR,2026-04-16,POST_RESOLUTION,5,The new AI system is incredibly fast. Saves me a lot of time.
SRV-004576,EMP-05290,OFC-LON,2026-04-16,POST_RESOLUTION,5,Smooth transition. No complaints.
SRV-004577,EMP-07986,OFC-NYC,2026-04-16,POST_RESOLUTION,5,Great experience. The AI resolved my password issue in seconds.
SRV-004578,EMP-04364,OFC-SIN,2026-04-16,POST_RESOLUTION,5,Smooth transition. No complaints.
SRV-004579,EMP-05036,OFC-SIN,2026-04-16,POST_RESOLUTION,4,The new AI system is incredibly fast. Saves me a lot of time.
SRV-004580,EMP-10787,OFC-BOS,2026-04-16,POST_RESOLUTION,5,Self-service articles were actually helpful for once.
SRV-004581,EMP-08829,OFC-BOS,2026-04-16,POST_RESOLUTION,5,The new AI system is incredibly fast. Saves me a lot of time.
SRV-004582,EMP-05280,OFC-BOS,2026-04-16,POST_RESOLUTION,5,Self-service articles were actually helpful for once.
SRV-004583,EMP-01481,OFC-GUR,2026-04-16,POST_RESOLUTION,5,The new AI system is incredibly fast. Saves me a lot of time.
SRV-004584,EMP-05145,OFC-LON,2026-04-16,POST_RESOLUTION,4,"Very intuitive workflow, much better than the legacy portal."
SRV-004585,EMP-08545,OFC-BOS,2026-04-16,POST_RESOLUTION,4,Smooth transition. No complaints.
SRV-004586,EMP-08385,OFC-NYC,2026-04-16,POST_RESOLUTION,4,Great experience. The AI resolved my password issue in seconds.
SRV-004587,EMP-05774,OFC-NYC,2026-04-16,POST_RESOLUTION,4,Self-service articles were actually helpful for once.
SRV-004588,EMP-03615,OFC-BOS,2026-04-16,POST_RESOLUTION,4,Self-service articles were actually helpful for once.
SRV-004589,EMP-05080,OFC-GUR,2026-04-16,POST_RESOLUTION,5,"Very intuitive workflow, much better than the legacy portal."
SRV-004590,EMP-02868,OFC-BOS,2026-04-16,POST_RESOLUTION,4,"Very intuitive workflow, much better than the legacy portal."
SRV-004591,EMP-04913,OFC-SIN,2026-04-16,POST_RESOLUTION,4,The new AI system is incredibly fast. Saves me a lot of time.
SRV-004592,EMP-02468,OFC-SIN,2026-04-16,POST_RESOLUTION,5,Self-service articles were actually helpful for once.
SRV-004593,EMP-02720,OFC-BOS,2026-04-16,POST_RESOLUTION,5,Smooth transition. No complaints.
SRV-004594,EMP-08638,OFC-BOS,2026-04-16,POST_RESOLUTION,5,The new AI system is incredibly fast. Saves me a lot of time.
SRV-004595,EMP-07851,OFC-SIN,2026-04-16,POST_RESOLUTION,5,"Very intuitive workflow, much better than the legacy portal."
SRV-004596,EMP-05221,OFC-LON,2026-04-16,POST_RESOLUTION,4,Self-service articles were actually helpful for once.
SRV-004597,EMP-07321,OFC-LON,2026-04-16,POST_RESOLUTION,5,Great experience. The AI resolved my password issue in seconds.
SRV-004598,EMP-03705,OFC-GUR,2026-04-16,POST_RESOLUTION,5,Great experience. The AI resolved my password issue in seconds.
SRV-004599,EMP-09927,OFC-BOS,2026-04-16,POST_RESOLUTION,5,Self-service articles were actually helpful for once.
SRV-004600,EMP-09160,OFC-SIN,2026-04-16,POST_RESOLUTION,4,Smooth transition. No complaints.
SRV-004601,EMP-08657,OFC-GUR,2026-04-16,POST_RESOLUTION,4,Self-service articles were actually helpful for once.
SRV-004602,EMP-02165,OFC-GUR,2026-04-16,POST_RESOLUTION,4,Smooth transition. No complaints.
SRV-004603,EMP-03911,OFC-BOS,2026-04-16,POST_RESOLUTION,4,"Very intuitive workflow, much better than the legacy portal."
SRV-004604,EMP-08074,OFC-LON,2026-04-16,POST_RESOLUTION,5,Smooth transition. No complaints.
SRV-004605,EMP-03630,OFC-LON,2026-04-16,POST_RESOLUTION,5,Smooth transition. No complaints.
SRV-004606,EMP-07121,OFC-BOS,2026-04-16,POST_RESOLUTION,4,Self-service articles were actually helpful for once.
SRV-004607,EMP-08333,OFC-LON,2026-04-16,POST_RESOLUTION,4,Self-service articles were actually helpful for once.
SRV-004608,EMP-06042,OFC-BOS,2026-04-16,POST_RESOLUTION,4,Great experience. The AI resolved my password issue in seconds.
SRV-004609,EMP-07946,OFC-BOS,2026-04-16,POST_RESOLUTION,5,"Very intuitive workflow, much better than the legacy portal."
SRV-004610,EMP-02614,OFC-NYC,2026-04-16,POST_RESOLUTION,4,The new AI system is incredibly fast. Saves me a lot of time.
SRV-004611,EMP-04571,OFC-LON,2026-04-16,POST_RESOLUTION,5,Self-service articles were actually helpful for once.
SRV-004612,EMP-09287,OFC-BOS,2026-04-16,POST_RESOLUTION,5,"Very intuitive workflow, much better than the legacy portal."
SRV-004613,EMP-04656,OFC-NYC,2026-04-16,POST_RESOLUTION,4,"Very intuitive workflow, much better than the legacy portal."
SRV-004614,EMP-06173,OFC-BOS,2026-04-16,POST_RESOLUTION,5,Great experience. The AI resolved my password issue in seconds.
SRV-004615,EMP-10820,OFC-LON,2026-04-16,POST_RESOLUTION,4,Self-service articles were actually helpful for once.
SRV-004616,EMP-02934,OFC-GUR,2026-04-16,POST_RESOLUTION,5,Self-service articles were actually helpful for once.
SRV-004617,EMP-05052,OFC-GUR,2026-04-16,POST_RESOLUTION,4,"Very intuitive workflow, much better than the legacy portal."
SRV-004618,EMP-06672,OFC-LON,2026-04-16,POST_RESOLUTION,5,Self-service articles were actually helpful for once.
SRV-004619,EMP-01427,OFC-SIN,2026-04-16,POST_RESOLUTION,4,Great experience. The AI resolved my password issue in seconds.
SRV-004620,EMP-04105,OFC-NYC,2026-04-16,POST_RESOLUTION,5,Great experience. The AI resolved my password issue in seconds.
SRV-004621,EMP-04521,OFC-LON,2026-04-16,POST_RESOLUTION,4,Great experience. The AI resolved my password issue in seconds.
SRV-004622,EMP-08628,OFC-SIN,2026-04-16,POST_RESOLUTION,5,Self-service articles were actually helpful for once.
SRV-004623,EMP-08012,OFC-NYC,2026-04-16,POST_RESOLUTION,5,Self-service articles were actually helpful for once.
SRV-004624,EMP-10235,OFC-NYC,2026-04-16,POST_RESOLUTION,5,Great experience. The AI resolved my password issue in seconds.
SRV-004625,EMP-04157,OFC-BOS,2026-04-16,POST_RESOLUTION,5,Smooth transition. No complaints.
SRV-004626,EMP-05712,OFC-NYC,2026-04-16,POST_RESOLUTION,5,The new AI system is incredibly fast. Saves me a lot of time.
SRV-004627,EMP-02448,OFC-SIN,2026-04-16,POST_RESOLUTION,5,"Very intuitive workflow, much better than the legacy portal."
SRV-004628,EMP-02555,OFC-BOS,2026-04-16,POST_RESOLUTION,5,Smooth transition. No complaints.
SRV-004629,EMP-07338,OFC-LON,2026-04-16,POST_RESOLUTION,4,The new AI system is incredibly fast. Saves me a lot of time.
SRV-004630,EMP-10931,OFC-BOS,2026-04-16,POST_RESOLUTION,5,Self-service articles were actually helpful for once.
SRV-004631,EMP-01056,OFC-BOS,2026-04-16,POST_RESOLUTION,5,"Very intuitive workflow, much better than the legacy portal."
SRV-004632,EMP-04151,OFC-BOS,2026-04-16,POST_RESOLUTION,5,Smooth transition. No complaints.
SRV-004633,EMP-09411,OFC-SIN,2026-04-16,POST_RESOLUTION,4,"Very intuitive workflow, much better than the legacy portal."
SRV-004634,EMP-07069,OFC-BOS,2026-04-16,POST_RESOLUTION,5,Self-service articles were actually helpful for once.
SRV-004635,EMP-07604,OFC-LON,2026-04-16,POST_RESOLUTION,4,The new AI system is incredibly fast. Saves me a lot of time.
SRV-004636,EMP-04738,OFC-GUR,2026-04-16,POST_RESOLUTION,4,The new AI system is incredibly fast. Saves me a lot of time.
SRV-004637,EMP-08698,OFC-NYC,2026-04-16,POST_RESOLUTION,4,The new AI system is incredibly fast. Saves me a lot of time.
SRV-004638,EMP-05549,OFC-GUR,2026-04-16,POST_RESOLUTION,4,Smooth transition. No complaints.
SRV-004639,EMP-06620,OFC-BOS,2026-04-16,POST_RESOLUTION,4,The new AI system is incredibly fast. Saves me a lot of time.
SRV-004640,EMP-05761,OFC-SIN,2026-04-16,POST_RESOLUTION,4,Smooth transition. No complaints.
SRV-004641,EMP-01771,OFC-GUR,2026-04-16,POST_RESOLUTION,4,Smooth transition. No complaints.
SRV-004642,EMP-07186,OFC-GUR,2026-04-16,POST_RESOLUTION,4,Great experience. The AI resolved my password issue in seconds.
SRV-004643,EMP-04031,OFC-NYC,2026-04-16,POST_RESOLUTION,4,Smooth transition. No complaints.
SRV-004644,EMP-02434,OFC-BOS,2026-04-16,POST_RESOLUTION,5,"Very intuitive workflow, much better than the legacy portal."
SRV-004645,EMP-03551,OFC-BOS,2026-04-16,POST_RESOLUTION,4,The new AI system is incredibly fast. Saves me a lot of time.
SRV-004646,EMP-03283,OFC-BOS,2026-04-16,POST_RESOLUTION,4,Smooth transition. No complaints.
SRV-004647,EMP-03980,OFC-NYC,2026-04-16,POST_RESOLUTION,5,Self-service articles were actually helpful for once.
SRV-004648,EMP-06596,OFC-NYC,2026-04-16,POST_RESOLUTION,4,Smooth transition. No complaints.
SRV-004649,EMP-01247,OFC-SIN,2026-04-16,POST_RESOLUTION,4,Smooth transition. No complaints.
SRV-004650,EMP-05827,OFC-BOS,2026-04-16,POST_RESOLUTION,4,Great experience. The AI resolved my password issue in seconds.
SRV-004651,EMP-07810,OFC-GUR,2026-04-16,POST_RESOLUTION,5,"Very intuitive workflow, much better than the legacy portal."
SRV-004652,EMP-10182,OFC-BOS,2026-04-16,POST_RESOLUTION,4,Self-service articles were actually helpful for once.
SRV-004653,EMP-04650,OFC-GUR,2026-04-16,POST_RESOLUTION,5,Great experience. The AI resolved my password issue in seconds.
SRV-004654,EMP-10866,OFC-NYC,2026-04-16,POST_RESOLUTION,5,"Very intuitive workflow, much better than the legacy portal."
SRV-004655,EMP-05191,OFC-SIN,2026-04-16,POST_RESOLUTION,5,Smooth transition. No complaints.
SRV-004656,EMP-02727,OFC-SIN,2026-04-16,POST_RESOLUTION,4,Self-service articles were actually helpful for once.
SRV-004657,EMP-08128,OFC-NYC,2026-04-16,POST_RESOLUTION,5,"Very intuitive workflow, much better than the legacy portal."
SRV-004658,EMP-02156,OFC-BOS,2026-04-16,POST_RESOLUTION,5,Great experience. The AI resolved my password issue in seconds.
SRV-004659,EMP-05785,OFC-NYC,2026-04-16,POST_RESOLUTION,4,Smooth transition. No complaints.
SRV-004660,EMP-01634,OFC-BOS,2026-04-16,POST_RESOLUTION,4,Smooth transition. No complaints.
SRV-004661,EMP-01301,OFC-LON,2026-04-16,POST_RESOLUTION,5,The new AI system is incredibly fast. Saves me a lot of time.
SRV-004662,EMP-07126,OFC-LON,2026-04-16,POST_RESOLUTION,5,Great experience. The AI resolved my password issue in seconds.
SRV-004663,EMP-10466,OFC-SIN,2026-04-16,POST_RESOLUTION,4,Self-service articles were actually helpful for once.
SRV-004664,EMP-06845,OFC-BOS,2026-04-16,POST_RESOLUTION,4,Smooth transition. No complaints.
SRV-004665,EMP-06220,OFC-NYC,2026-04-16,POST_RESOLUTION,4,The new AI system is incredibly fast. Saves me a lot of time.
SRV-004666,EMP-03313,OFC-GUR,2026-04-16,POST_RESOLUTION,5,"Very intuitive workflow, much better than the legacy portal."
SRV-004667,EMP-03675,OFC-NYC,2026-04-16,POST_RESOLUTION,4,Smooth transition. No complaints.
SRV-004668,EMP-04689,OFC-BOS,2026-04-16,POST_RESOLUTION,4,"Very intuitive workflow, much better than the legacy portal."
SRV-004669,EMP-09085,OFC-GUR,2026-04-16,POST_RESOLUTION,5,Smooth transition. No complaints.
SRV-004670,EMP-02560,OFC-NYC,2026-04-16,POST_RESOLUTION,5,"Very intuitive workflow, much better than the legacy portal."
SRV-004671,EMP-09611,OFC-SIN,2026-04-16,POST_RESOLUTION,4,Great experience. The AI resolved my password issue in seconds.
SRV-004672,EMP-05759,OFC-SIN,2026-04-16,POST_RESOLUTION,5,"Very intuitive workflow, much better than the legacy portal."
SRV-004673,EMP-10736,OFC-GUR,2026-04-16,POST_RESOLUTION,4,"Very intuitive workflow, much better than the legacy portal."
SRV-004674,EMP-05935,OFC-NYC,2026-04-16,POST_RESOLUTION,4,Smooth transition. No complaints.
SRV-004675,EMP-09226,OFC-NYC,2026-04-16,POST_RESOLUTION,4,Smooth transition. No complaints.
SRV-004676,EMP-04568,OFC-GUR,2026-04-16,POST_RESOLUTION,5,"Very intuitive workflow, much better than the legacy portal."
SRV-004677,EMP-01424,OFC-BOS,2026-04-16,POST_RESOLUTION,4,Great experience. The AI resolved my password issue in seconds.
SRV-004678,EMP-10775,OFC-LON,2026-04-16,POST_RESOLUTION,4,Self-service articles were actually helpful for once.
SRV-004679,EMP-09230,OFC-BOS,2026-04-16,POST_RESOLUTION,5,The new AI system is incredibly fast. Saves me a lot of time.
SRV-004680,EMP-07863,OFC-BOS,2026-04-16,POST_RESOLUTION,4,"Very intuitive workflow, much better than the legacy portal."
SRV-004681,EMP-01171,OFC-BOS,2026-04-16,POST_RESOLUTION,5,Great experience. The AI resolved my password issue in seconds.
SRV-004682,EMP-02894,OFC-LON,2026-04-16,POST_RESOLUTION,5,"Very intuitive workflow, much better than the legacy portal."
SRV-004683,EMP-09835,OFC-BOS,2026-04-16,POST_RESOLUTION,4,The new AI system is incredibly fast. Saves me a lot of time.
SRV-004684,EMP-03738,OFC-SIN,2026-04-16,POST_RESOLUTION,4,Self-service articles were actually helpful for once.
SRV-004685,EMP-02523,OFC-BOS,2026-04-16,POST_RESOLUTION,4,Self-service articles were actually helpful for once.
SRV-004686,EMP-05762,OFC-GUR,2026-04-16,POST_RESOLUTION,4,"Very intuitive workflow, much better than the legacy portal."
SRV-004687,EMP-08652,OFC-BOS,2026-04-16,POST_RESOLUTION,5,The new AI system is incredibly fast. Saves me a lot of time.
SRV-004688,EMP-03468,OFC-LON,2026-04-16,POST_RESOLUTION,4,"Very intuitive workflow, much better than the legacy portal."
SRV-004689,EMP-10509,OFC-BOS,2026-04-16,POST_RESOLUTION,5,Smooth transition. No complaints.
SRV-004690,EMP-05653,OFC-GUR,2026-04-16,POST_RESOLUTION,5,Self-service articles were actually helpful for once.
SRV-004691,EMP-02027,OFC-GUR,2026-04-16,POST_RESOLUTION,5,Great experience. The AI resolved my password issue in seconds.
SRV-004692,EMP-03834,OFC-NYC,2026-04-16,POST_RESOLUTION,5,Great experience. The AI resolved my password issue in seconds.
SRV-004693,EMP-05389,OFC-BOS,2026-04-16,POST_RESOLUTION,4,Great experience. The AI resolved my password issue in seconds.
SRV-004694,EMP-05485,OFC-GUR,2026-04-16,POST_RESOLUTION,4,The new AI system is incredibly fast. Saves me a lot of time.
SRV-004695,EMP-04440,OFC-NYC,2026-04-16,POST_RESOLUTION,5,The new AI system is incredibly fast. Saves me a lot of time.
SRV-004696,EMP-02302,OFC-BOS,2026-04-16,POST_RESOLUTION,4,Self-service articles were actually helpful for once.
SRV-004697,EMP-07012,OFC-SIN,2026-04-16,POST_RESOLUTION,4,The new AI system is incredibly fast. Saves me a lot of time.
SRV-004698,EMP-10296,OFC-SIN,2026-04-16,POST_RESOLUTION,5,Smooth transition. No complaints.
SRV-004699,EMP-10590,OFC-LON,2026-04-16,POST_RESOLUTION,5,Self-service articles were actually helpful for once.
SRV-004700,EMP-08218,OFC-SIN,2026-04-16,POST_RESOLUTION,4,Self-service articles were actually helpful for once.
SRV-004701,EMP-02090,OFC-SIN,2026-04-16,POST_RESOLUTION,5,Smooth transition. No complaints.
SRV-004702,EMP-10366,OFC-LON,2026-04-16,POST_RESOLUTION,4,Smooth transition. No complaints.
SRV-004703,EMP-07947,OFC-BOS,2026-04-16,POST_RESOLUTION,5,Smooth transition. No complaints.
SRV-004704,EMP-03957,OFC-SIN,2026-04-16,POST_RESOLUTION,5,"Very intuitive workflow, much better than the legacy portal."
SRV-004705,EMP-01044,OFC-NYC,2026-04-16,POST_RESOLUTION,5,Great experience. The AI resolved my password issue in seconds.
SRV-004706,EMP-10579,OFC-BOS,2026-04-16,POST_RESOLUTION,4,Great experience. The AI resolved my password issue in seconds.
SRV-004707,EMP-04500,OFC-NYC,2026-04-16,POST_RESOLUTION,4,Self-service articles were actually helpful for once.
SRV-004708,EMP-03330,OFC-NYC,2026-04-16,POST_RESOLUTION,5,Smooth transition. No complaints.
SRV-004709,EMP-10247,OFC-LON,2026-04-16,POST_RESOLUTION,5,The new AI system is incredibly fast. Saves me a lot of time.
SRV-004710,EMP-06382,OFC-NYC,2026-04-16,POST_RESOLUTION,4,Smooth transition. No complaints.
SRV-004711,EMP-10406,OFC-BOS,2026-04-16,POST_RESOLUTION,5,Self-service articles were actually helpful for once.
SRV-004712,EMP-07457,OFC-NYC,2026-04-16,POST_RESOLUTION,5,Great experience. The AI resolved my password issue in seconds.
SRV-004713,EMP-08964,OFC-LON,2026-04-16,POST_RESOLUTION,5,"Very intuitive workflow, much better than the legacy portal."
SRV-004714,EMP-01372,OFC-BOS,2026-04-16,POST_RESOLUTION,5,Smooth transition. No complaints.
SRV-004715,EMP-04400,OFC-BOS,2026-04-16,POST_RESOLUTION,4,Great experience. The AI resolved my password issue in seconds.
SRV-004716,EMP-02239,OFC-BOS,2026-04-16,POST_RESOLUTION,5,Self-service articles were actually helpful for once.
SRV-004717,EMP-08006,OFC-LON,2026-04-16,POST_RESOLUTION,5,Self-service articles were actually helpful for once.
SRV-004718,EMP-04720,OFC-NYC,2026-04-16,POST_RESOLUTION,4,Great experience. The AI resolved my password issue in seconds.
SRV-004719,EMP-08286,OFC-LON,2026-04-16,POST_RESOLUTION,5,Great experience. The AI resolved my password issue in seconds.
SRV-004720,EMP-06039,OFC-SIN,2026-04-16,POST_RESOLUTION,5,Smooth transition. No complaints.
SRV-004721,EMP-09135,OFC-BOS,2026-04-16,POST_RESOLUTION,5,The new AI system is incredibly fast. Saves me a lot of time.
SRV-004722,EMP-04797,OFC-BOS,2026-04-16,POST_RESOLUTION,5,Smooth transition. No complaints.
SRV-004723,EMP-05978,OFC-BOS,2026-04-16,POST_RESOLUTION,4,"Very intuitive workflow, much better than the legacy portal."
SRV-004724,EMP-01655,OFC-BOS,2026-04-16,POST_RESOLUTION,4,Great experience. The AI resolved my password issue in seconds.
SRV-004725,EMP-10523,OFC-GUR,2026-04-16,POST_RESOLUTION,4,"Very intuitive workflow, much better than the legacy portal."
SRV-004726,EMP-08465,OFC-NYC,2026-04-16,POST_RESOLUTION,5,"Very intuitive workflow, much better than the legacy portal."
SRV-004727,EMP-04308,OFC-NYC,2026-04-16,POST_RESOLUTION,4,The new AI system is incredibly fast. Saves me a lot of time.
SRV-004728,EMP-04305,OFC-NYC,2026-04-16,POST_RESOLUTION,4,Smooth transition. No complaints.
SRV-004729,EMP-08208,OFC-NYC,2026-04-16,POST_RESOLUTION,4,Self-service articles were actually helpful for once.
SRV-004730,EMP-01650,OFC-BOS,2026-04-16,POST_RESOLUTION,5,"Very intuitive workflow, much better than the legacy portal."
SRV-004731,EMP-04181,OFC-NYC,2026-04-16,POST_RESOLUTION,4,"Very intuitive workflow, much better than the legacy portal."
SRV-004732,EMP-07056,OFC-LON,2026-04-16,POST_RESOLUTION,4,"Very intuitive workflow, much better than the legacy portal."
SRV-004733,EMP-08352,OFC-LON,2026-04-16,POST_RESOLUTION,5,"Very intuitive workflow, much better than the legacy portal."
SRV-004734,EMP-05667,OFC-GUR,2026-04-16,POST_RESOLUTION,4,Self-service articles were actually helpful for once.
SRV-004735,EMP-08608,OFC-NYC,2026-04-16,POST_RESOLUTION,5,Smooth transition. No complaints.
SRV-004736,EMP-05289,OFC-GUR,2026-04-16,POST_RESOLUTION,4,The new AI system is incredibly fast. Saves me a lot of time.
SRV-004737,EMP-03071,OFC-LON,2026-04-16,POST_RESOLUTION,4,"Very intuitive workflow, much better than the legacy portal."
SRV-004738,EMP-04289,OFC-BOS,2026-04-16,POST_RESOLUTION,4,Great experience. The AI resolved my password issue in seconds.
SRV-004739,EMP-09995,OFC-LON,2026-04-16,POST_RESOLUTION,4,Self-service articles were actually helpful for once.
SRV-004740,EMP-06598,OFC-GUR,2026-04-16,POST_RESOLUTION,4,The new AI system is incredibly fast. Saves me a lot of time.
SRV-004741,EMP-07015,OFC-GUR,2026-04-16,POST_RESOLUTION,5,Great experience. The AI resolved my password issue in seconds.
SRV-004742,EMP-10343,OFC-GUR,2026-04-16,POST_RESOLUTION,4,Great experience. The AI resolved my password issue in seconds.
SRV-004743,EMP-02087,OFC-BOS,2026-04-16,POST_RESOLUTION,4,Great experience. The AI resolved my password issue in seconds.
SRV-004744,EMP-08906,OFC-BOS,2026-04-16,POST_RESOLUTION,4,"Very intuitive workflow, much better than the legacy portal."
SRV-004745,EMP-01080,OFC-SIN,2026-04-16,POST_RESOLUTION,4,Smooth transition. No complaints.
SRV-004746,EMP-06410,OFC-GUR,2026-04-16,POST_RESOLUTION,5,"Very intuitive workflow, much better than the legacy portal."
SRV-004747,EMP-07843,OFC-BOS,2026-04-16,POST_RESOLUTION,4,Great experience. The AI resolved my password issue in seconds.
SRV-004748,EMP-05439,OFC-BOS,2026-04-16,POST_RESOLUTION,5,The new AI system is incredibly fast. Saves me a lot of time.
SRV-004749,EMP-04653,OFC-BOS,2026-04-16,POST_RESOLUTION,5,"Very intuitive workflow, much better than the legacy portal."
SRV-004750,EMP-05758,OFC-LON,2026-04-16,POST_RESOLUTION,5,The new AI system is incredibly fast. Saves me a lot of time.
SRV-004751,EMP-06078,OFC-LON,2026-04-16,POST_RESOLUTION,4,"Very intuitive workflow, much better than the legacy portal."
SRV-004752,EMP-02415,OFC-SIN,2026-04-16,POST_RESOLUTION,5,Smooth transition. No complaints.
SRV-004753,EMP-03746,OFC-LON,2026-04-16,POST_RESOLUTION,5,Smooth transition. No complaints.
SRV-004754,EMP-08172,OFC-NYC,2026-04-16,POST_RESOLUTION,5,"Very intuitive workflow, much better than the legacy portal."
SRV-004755,EMP-10011,OFC-NYC,2026-04-16,POST_RESOLUTION,4,"Very intuitive workflow, much better than the legacy portal."
SRV-004756,EMP-05796,OFC-BOS,2026-04-16,POST_RESOLUTION,4,Smooth transition. No complaints.
SRV-004757,EMP-02223,OFC-SIN,2026-04-16,POST_RESOLUTION,4,The new AI system is incredibly fast. Saves me a lot of time.
SRV-004758,EMP-03532,OFC-NYC,2026-04-16,POST_RESOLUTION,5,Smooth transition. No complaints.
SRV-004759,EMP-04264,OFC-GUR,2026-04-16,POST_RESOLUTION,5,"Very intuitive workflow, much better than the legacy portal."
SRV-004760,EMP-06737,OFC-NYC,2026-04-16,POST_RESOLUTION,4,The new AI system is incredibly fast. Saves me a lot of time.
SRV-004761,EMP-03127,OFC-BOS,2026-04-16,POST_RESOLUTION,5,"Very intuitive workflow, much better than the legacy portal."
SRV-004762,EMP-04910,OFC-BOS,2026-04-16,POST_RESOLUTION,4,Self-service articles were actually helpful for once.
SRV-004763,EMP-04894,OFC-GUR,2026-04-16,POST_RESOLUTION,4,"Very intuitive workflow, much better than the legacy portal."
SRV-004764,EMP-09696,OFC-SIN,2026-04-16,POST_RESOLUTION,5,Smooth transition. No complaints.
SRV-004765,EMP-05625,OFC-GUR,2026-04-16,POST_RESOLUTION,5,Great experience. The AI resolved my password issue in seconds.
SRV-004766,EMP-05170,OFC-BOS,2026-04-16,POST_RESOLUTION,4,Smooth transition. No complaints.
SRV-004767,EMP-05149,OFC-GUR,2026-04-16,POST_RESOLUTION,4,Smooth transition. No complaints.
SRV-004768,EMP-06606,OFC-SIN,2026-04-16,POST_RESOLUTION,5,The new AI system is incredibly fast. Saves me a lot of time.
SRV-004769,EMP-04931,OFC-BOS,2026-04-16,POST_RESOLUTION,5,Self-service articles were actually helpful for once.
SRV-004770,EMP-07119,OFC-GUR,2026-04-16,POST_RESOLUTION,5,The new AI system is incredibly fast. Saves me a lot of time.
SRV-004771,EMP-02635,OFC-BOS,2026-04-16,POST_RESOLUTION,4,"Very intuitive workflow, much better than the legacy portal."
SRV-004772,EMP-07239,OFC-SIN,2026-04-16,POST_RESOLUTION,4,Great experience. The AI resolved my password issue in seconds.
SRV-004773,EMP-06316,OFC-NYC,2026-04-16,POST_RESOLUTION,4,Smooth transition. No complaints.
SRV-004774,EMP-01454,OFC-BOS,2026-04-16,POST_RESOLUTION,5,Great experience. The AI resolved my password issue in seconds.
SRV-004775,EMP-10019,OFC-GUR,2026-04-16,POST_RESOLUTION,4,Great experience. The AI resolved my password issue in seconds.
SRV-004776,EMP-04560,OFC-NYC,2026-04-16,POST_RESOLUTION,4,"Very intuitive workflow, much better than the legacy portal."
SRV-004777,EMP-08772,OFC-BOS,2026-04-16,POST_RESOLUTION,4,"Very intuitive workflow, much better than the legacy portal."
SRV-004778,EMP-07113,OFC-LON,2026-04-16,POST_RESOLUTION,5,Great experience. The AI resolved my password issue in seconds.
SRV-004779,EMP-07905,OFC-BOS,2026-04-16,POST_RESOLUTION,4,Smooth transition. No complaints.
SRV-004780,EMP-08230,OFC-BOS,2026-04-16,POST_RESOLUTION,5,"Very intuitive workflow, much better than the legacy portal."
SRV-004781,EMP-06048,OFC-NYC,2026-04-16,POST_RESOLUTION,4,Smooth transition. No complaints.
SRV-004782,EMP-09021,OFC-GUR,2026-04-16,POST_RESOLUTION,5,"Very intuitive workflow, much better than the legacy portal."
SRV-004783,EMP-09362,OFC-BOS,2026-04-16,POST_RESOLUTION,4,Smooth transition. No complaints.
SRV-004784,EMP-09430,OFC-BOS,2026-04-16,POST_RESOLUTION,5,Smooth transition. No complaints.
SRV-004785,EMP-02052,OFC-SIN,2026-04-16,POST_RESOLUTION,5,Self-service articles were actually helpful for once.
SRV-004786,EMP-05949,OFC-GUR,2026-04-16,POST_RESOLUTION,5,"Very intuitive workflow, much better than the legacy portal."
SRV-004787,EMP-06287,OFC-BOS,2026-04-16,POST_RESOLUTION,4,Self-service articles were actually helpful for once.
SRV-004788,EMP-02682,OFC-LON,2026-04-16,POST_RESOLUTION,5,Great experience. The AI resolved my password issue in seconds.
SRV-004789,EMP-06823,OFC-GUR,2026-04-16,POST_RESOLUTION,4,Smooth transition. No complaints.
SRV-004790,EMP-08975,OFC-BOS,2026-04-16,POST_RESOLUTION,5,Smooth transition. No complaints.
SRV-004791,EMP-05168,OFC-NYC,2026-04-16,POST_RESOLUTION,4,The new AI system is incredibly fast. Saves me a lot of time.
SRV-004792,EMP-06650,OFC-GUR,2026-04-16,POST_RESOLUTION,5,"Very intuitive workflow, much better than the legacy portal."
SRV-004793,EMP-07864,OFC-LON,2026-04-16,POST_RESOLUTION,4,Great experience. The AI resolved my password issue in seconds.
SRV-004794,EMP-09489,OFC-BOS,2026-04-16,POST_RESOLUTION,4,Great experience. The AI resolved my password issue in seconds.
SRV-004795,EMP-10949,OFC-NYC,2026-04-16,POST_RESOLUTION,4,"Very intuitive workflow, much better than the legacy portal."
SRV-004796,EMP-08073,OFC-BOS,2026-04-16,POST_RESOLUTION,4,The new AI system is incredibly fast. Saves me a lot of time.
SRV-004797,EMP-02484,OFC-NYC,2026-04-16,POST_RESOLUTION,5,The new AI system is incredibly fast. Saves me a lot of time.
SRV-004798,EMP-02780,OFC-BOS,2026-04-16,POST_RESOLUTION,4,"Very intuitive workflow, much better than the legacy portal."
SRV-004799,EMP-09432,OFC-BOS,2026-04-16,POST_RESOLUTION,5,Smooth transition. No complaints.
SRV-004800,EMP-10830,OFC-NYC,2026-04-16,POST_RESOLUTION,4,Smooth transition. No complaints.
SRV-004801,EMP-05040,OFC-SIN,2026-04-23,POST_RESOLUTION,4,Great experience. The AI resolved my password issue in seconds.
SRV-004802,EMP-03341,OFC-BOS,2026-04-23,POST_RESOLUTION,4,"Very intuitive workflow, much better than the legacy portal."
SRV-004803,EMP-02590,OFC-GUR,2026-04-23,POST_RESOLUTION,4,Smooth transition. No complaints.
SRV-004804,EMP-07328,OFC-LON,2026-04-23,POST_RESOLUTION,5,The new AI system is incredibly fast. Saves me a lot of time.
SRV-004805,EMP-06445,OFC-BOS,2026-04-23,POST_RESOLUTION,4,"Very intuitive workflow, much better than the legacy portal."
SRV-004806,EMP-01690,OFC-NYC,2026-04-23,POST_RESOLUTION,4,Great experience. The AI resolved my password issue in seconds.
SRV-004807,EMP-01898,OFC-BOS,2026-04-23,POST_RESOLUTION,4,Smooth transition. No complaints.
SRV-004808,EMP-03152,OFC-GUR,2026-04-23,POST_RESOLUTION,5,Smooth transition. No complaints.
SRV-004809,EMP-03706,OFC-BOS,2026-04-23,POST_RESOLUTION,5,The new AI system is incredibly fast. Saves me a lot of time.
SRV-004810,EMP-02778,OFC-NYC,2026-04-23,POST_RESOLUTION,5,Smooth transition. No complaints.
SRV-004811,EMP-07199,OFC-BOS,2026-04-23,POST_RESOLUTION,4,Smooth transition. No complaints.
SRV-004812,EMP-06036,OFC-LON,2026-04-23,POST_RESOLUTION,4,The new AI system is incredibly fast. Saves me a lot of time.
SRV-004813,EMP-08169,OFC-BOS,2026-04-23,POST_RESOLUTION,5,The new AI system is incredibly fast. Saves me a lot of time.
SRV-004814,EMP-08336,OFC-BOS,2026-04-23,POST_RESOLUTION,4,Great experience. The AI resolved my password issue in seconds.
SRV-004815,EMP-07418,OFC-GUR,2026-04-23,POST_RESOLUTION,5,"Very intuitive workflow, much better than the legacy portal."
SRV-004816,EMP-01443,OFC-NYC,2026-04-23,POST_RESOLUTION,4,Smooth transition. No complaints.
SRV-004817,EMP-03119,OFC-SIN,2026-04-23,POST_RESOLUTION,4,Smooth transition. No complaints.
SRV-004818,EMP-02337,OFC-GUR,2026-04-23,POST_RESOLUTION,4,The new AI system is incredibly fast. Saves me a lot of time.
SRV-004819,EMP-09821,OFC-SIN,2026-04-23,POST_RESOLUTION,5,Great experience. The AI resolved my password issue in seconds.
SRV-004820,EMP-08170,OFC-LON,2026-04-23,POST_RESOLUTION,5,Smooth transition. No complaints.
SRV-004821,EMP-08258,OFC-GUR,2026-04-23,POST_RESOLUTION,4,Great experience. The AI resolved my password issue in seconds.
SRV-004822,EMP-08110,OFC-GUR,2026-04-23,POST_RESOLUTION,5,Self-service articles were actually helpful for once.
SRV-004823,EMP-08077,OFC-LON,2026-04-23,POST_RESOLUTION,5,The new AI system is incredibly fast. Saves me a lot of time.
SRV-004824,EMP-10268,OFC-BOS,2026-04-23,POST_RESOLUTION,4,Smooth transition. No complaints.
SRV-004825,EMP-03217,OFC-NYC,2026-04-23,POST_RESOLUTION,5,Great experience. The AI resolved my password issue in seconds.
SRV-004826,EMP-01067,OFC-GUR,2026-04-23,POST_RESOLUTION,5,"Very intuitive workflow, much better than the legacy portal."
SRV-004827,EMP-06170,OFC-NYC,2026-04-23,POST_RESOLUTION,5,Great experience. The AI resolved my password issue in seconds.
SRV-004828,EMP-06537,OFC-SIN,2026-04-23,POST_RESOLUTION,4,Great experience. The AI resolved my password issue in seconds.
SRV-004829,EMP-02767,OFC-LON,2026-04-23,POST_RESOLUTION,5,Self-service articles were actually helpful for once.
SRV-004830,EMP-03716,OFC-LON,2026-04-23,POST_RESOLUTION,5,Smooth transition. No complaints.
SRV-004831,EMP-07577,OFC-NYC,2026-04-23,POST_RESOLUTION,4,Smooth transition. No complaints.
SRV-004832,EMP-04382,OFC-BOS,2026-04-23,POST_RESOLUTION,4,The new AI system is incredibly fast. Saves me a lot of time.
SRV-004833,EMP-02593,OFC-BOS,2026-04-23,POST_RESOLUTION,5,Great experience. The AI resolved my password issue in seconds.
SRV-004834,EMP-10304,OFC-GUR,2026-04-23,POST_RESOLUTION,5,"Very intuitive workflow, much better than the legacy portal."
SRV-004835,EMP-01595,OFC-LON,2026-04-23,POST_RESOLUTION,5,Self-service articles were actually helpful for once.
SRV-004836,EMP-08407,OFC-SIN,2026-04-23,POST_RESOLUTION,5,Great experience. The AI resolved my password issue in seconds.
SRV-004837,EMP-03575,OFC-LON,2026-04-23,POST_RESOLUTION,5,"Very intuitive workflow, much better than the legacy portal."
SRV-004838,EMP-09371,OFC-NYC,2026-04-23,POST_RESOLUTION,4,The new AI system is incredibly fast. Saves me a lot of time.
SRV-004839,EMP-06066,OFC-LON,2026-04-23,POST_RESOLUTION,5,Self-service articles were actually helpful for once.
SRV-004840,EMP-09874,OFC-SIN,2026-04-23,POST_RESOLUTION,4,Smooth transition. No complaints.
SRV-004841,EMP-02706,OFC-LON,2026-04-23,POST_RESOLUTION,4,Smooth transition. No complaints.
SRV-004842,EMP-01331,OFC-GUR,2026-04-23,POST_RESOLUTION,4,Great experience. The AI resolved my password issue in seconds.
SRV-004843,EMP-07115,OFC-GUR,2026-04-23,POST_RESOLUTION,5,Self-service articles were actually helpful for once.
SRV-004844,EMP-04931,OFC-BOS,2026-04-23,POST_RESOLUTION,5,"Very intuitive workflow, much better than the legacy portal."
SRV-004845,EMP-07599,OFC-LON,2026-04-23,POST_RESOLUTION,4,The new AI system is incredibly fast. Saves me a lot of time.
SRV-004846,EMP-02396,OFC-NYC,2026-04-23,POST_RESOLUTION,4,The new AI system is incredibly fast. Saves me a lot of time.
SRV-004847,EMP-02077,OFC-GUR,2026-04-23,POST_RESOLUTION,4,Smooth transition. No complaints.
SRV-004848,EMP-07968,OFC-GUR,2026-04-23,POST_RESOLUTION,5,Smooth transition. No complaints.
SRV-004849,EMP-02297,OFC-BOS,2026-04-23,POST_RESOLUTION,4,The new AI system is incredibly fast. Saves me a lot of time.
SRV-004850,EMP-04534,OFC-BOS,2026-04-23,POST_RESOLUTION,5,Smooth transition. No complaints.
SRV-004851,EMP-06456,OFC-NYC,2026-04-23,POST_RESOLUTION,4,The new AI system is incredibly fast. Saves me a lot of time.
SRV-004852,EMP-09477,OFC-GUR,2026-04-23,POST_RESOLUTION,4,Great experience. The AI resolved my password issue in seconds.
SRV-004853,EMP-06358,OFC-SIN,2026-04-23,POST_RESOLUTION,5,"Very intuitive workflow, much better than the legacy portal."
SRV-004854,EMP-09715,OFC-GUR,2026-04-23,POST_RESOLUTION,5,Self-service articles were actually helpful for once.
SRV-004855,EMP-07795,OFC-NYC,2026-04-23,POST_RESOLUTION,5,Great experience. The AI resolved my password issue in seconds.
SRV-004856,EMP-01140,OFC-SIN,2026-04-23,POST_RESOLUTION,5,Self-service articles were actually helpful for once.
SRV-004857,EMP-09218,OFC-NYC,2026-04-23,POST_RESOLUTION,4,The new AI system is incredibly fast. Saves me a lot of time.
SRV-004858,EMP-07936,OFC-NYC,2026-04-23,POST_RESOLUTION,5,"Very intuitive workflow, much better than the legacy portal."
SRV-004859,EMP-09800,OFC-GUR,2026-04-23,POST_RESOLUTION,4,Great experience. The AI resolved my password issue in seconds.
SRV-004860,EMP-05818,OFC-SIN,2026-04-23,POST_RESOLUTION,5,Smooth transition. No complaints.
SRV-004861,EMP-09287,OFC-BOS,2026-04-23,POST_RESOLUTION,4,Self-service articles were actually helpful for once.
SRV-004862,EMP-02472,OFC-SIN,2026-04-23,POST_RESOLUTION,4,Self-service articles were actually helpful for once.
SRV-004863,EMP-03670,OFC-LON,2026-04-23,POST_RESOLUTION,5,Smooth transition. No complaints.
SRV-004864,EMP-07202,OFC-SIN,2026-04-23,POST_RESOLUTION,4,Great experience. The AI resolved my password issue in seconds.
SRV-004865,EMP-06521,OFC-LON,2026-04-23,POST_RESOLUTION,5,Smooth transition. No complaints.
SRV-004866,EMP-08875,OFC-LON,2026-04-23,POST_RESOLUTION,5,Self-service articles were actually helpful for once.
SRV-004867,EMP-02010,OFC-BOS,2026-04-23,POST_RESOLUTION,4,Smooth transition. No complaints.
SRV-004868,EMP-01511,OFC-NYC,2026-04-23,POST_RESOLUTION,4,Self-service articles were actually helpful for once.
SRV-004869,EMP-02803,OFC-NYC,2026-04-23,POST_RESOLUTION,5,Great experience. The AI resolved my password issue in seconds.
SRV-004870,EMP-06868,OFC-GUR,2026-04-23,POST_RESOLUTION,5,"Very intuitive workflow, much better than the legacy portal."
SRV-004871,EMP-02876,OFC-LON,2026-04-23,POST_RESOLUTION,5,Great experience. The AI resolved my password issue in seconds.
SRV-004872,EMP-02429,OFC-SIN,2026-04-23,POST_RESOLUTION,5,Smooth transition. No complaints.
SRV-004873,EMP-09988,OFC-GUR,2026-04-23,POST_RESOLUTION,4,Smooth transition. No complaints.
SRV-004874,EMP-03168,OFC-GUR,2026-04-23,POST_RESOLUTION,5,Great experience. The AI resolved my password issue in seconds.
SRV-004875,EMP-08312,OFC-NYC,2026-04-23,POST_RESOLUTION,5,"Very intuitive workflow, much better than the legacy portal."
SRV-004876,EMP-01871,OFC-NYC,2026-04-23,POST_RESOLUTION,4,Self-service articles were actually helpful for once.
SRV-004877,EMP-07244,OFC-GUR,2026-04-23,POST_RESOLUTION,5,Smooth transition. No complaints.
SRV-004878,EMP-07952,OFC-NYC,2026-04-23,POST_RESOLUTION,4,Smooth transition. No complaints.
SRV-004879,EMP-05127,OFC-SIN,2026-04-23,POST_RESOLUTION,5,Great experience. The AI resolved my password issue in seconds.
SRV-004880,EMP-04268,OFC-LON,2026-04-23,POST_RESOLUTION,4,Self-service articles were actually helpful for once.
SRV-004881,EMP-02099,OFC-NYC,2026-04-23,POST_RESOLUTION,4,Self-service articles were actually helpful for once.
SRV-004882,EMP-08178,OFC-BOS,2026-04-23,POST_RESOLUTION,5,Smooth transition. No complaints.
SRV-004883,EMP-07186,OFC-GUR,2026-04-23,POST_RESOLUTION,5,Self-service articles were actually helpful for once.
SRV-004884,EMP-09175,OFC-NYC,2026-04-23,POST_RESOLUTION,5,Great experience. The AI resolved my password issue in seconds.
SRV-004885,EMP-05731,OFC-BOS,2026-04-23,POST_RESOLUTION,4,"Very intuitive workflow, much better than the legacy portal."
SRV-004886,EMP-04008,OFC-GUR,2026-04-23,POST_RESOLUTION,5,The new AI system is incredibly fast. Saves me a lot of time.
SRV-004887,EMP-09711,OFC-NYC,2026-04-23,POST_RESOLUTION,5,"Very intuitive workflow, much better than the legacy portal."
SRV-004888,EMP-09257,OFC-SIN,2026-04-23,POST_RESOLUTION,4,Great experience. The AI resolved my password issue in seconds.
SRV-004889,EMP-08274,OFC-NYC,2026-04-23,POST_RESOLUTION,5,"Very intuitive workflow, much better than the legacy portal."
SRV-004890,EMP-06313,OFC-SIN,2026-04-23,POST_RESOLUTION,4,The new AI system is incredibly fast. Saves me a lot of time.
SRV-004891,EMP-07212,OFC-NYC,2026-04-23,POST_RESOLUTION,5,"Very intuitive workflow, much better than the legacy portal."
SRV-004892,EMP-03913,OFC-SIN,2026-04-23,POST_RESOLUTION,4,Smooth transition. No complaints.
SRV-004893,EMP-02104,OFC-SIN,2026-04-23,POST_RESOLUTION,5,Great experience. The AI resolved my password issue in seconds.
SRV-004894,EMP-02497,OFC-LON,2026-04-23,POST_RESOLUTION,4,Self-service articles were actually helpful for once.
SRV-004895,EMP-01099,OFC-BOS,2026-04-23,POST_RESOLUTION,4,Smooth transition. No complaints.
SRV-004896,EMP-04544,OFC-SIN,2026-04-23,POST_RESOLUTION,5,Smooth transition. No complaints.
SRV-004897,EMP-06835,OFC-LON,2026-04-23,POST_RESOLUTION,5,The new AI system is incredibly fast. Saves me a lot of time.
SRV-004898,EMP-05002,OFC-GUR,2026-04-23,POST_RESOLUTION,4,"Very intuitive workflow, much better than the legacy portal."
SRV-004899,EMP-10796,OFC-SIN,2026-04-23,POST_RESOLUTION,5,Great experience. The AI resolved my password issue in seconds.
SRV-004900,EMP-05452,OFC-GUR,2026-04-23,POST_RESOLUTION,5,The new AI system is incredibly fast. Saves me a lot of time.
SRV-004901,EMP-08933,OFC-NYC,2026-04-23,POST_RESOLUTION,4,The new AI system is incredibly fast. Saves me a lot of time.
SRV-004902,EMP-09888,OFC-NYC,2026-04-23,POST_RESOLUTION,4,"Very intuitive workflow, much better than the legacy portal."
SRV-004903,EMP-06026,OFC-NYC,2026-04-23,POST_RESOLUTION,5,Great experience. The AI resolved my password issue in seconds.
SRV-004904,EMP-01131,OFC-BOS,2026-04-23,POST_RESOLUTION,5,Smooth transition. No complaints.
SRV-004905,EMP-10492,OFC-NYC,2026-04-23,POST_RESOLUTION,4,Great experience. The AI resolved my password issue in seconds.
SRV-004906,EMP-08830,OFC-BOS,2026-04-23,POST_RESOLUTION,4,The new AI system is incredibly fast. Saves me a lot of time.
SRV-004907,EMP-02380,OFC-BOS,2026-04-23,POST_RESOLUTION,4,The new AI system is incredibly fast. Saves me a lot of time.
SRV-004908,EMP-08175,OFC-LON,2026-04-23,POST_RESOLUTION,4,Self-service articles were actually helpful for once.
SRV-004909,EMP-09467,OFC-LON,2026-04-23,POST_RESOLUTION,4,"Very intuitive workflow, much better than the legacy portal."
SRV-004910,EMP-05591,OFC-BOS,2026-04-23,POST_RESOLUTION,4,Self-service articles were actually helpful for once.
SRV-004911,EMP-01732,OFC-GUR,2026-04-23,POST_RESOLUTION,5,The new AI system is incredibly fast. Saves me a lot of time.
SRV-004912,EMP-05781,OFC-BOS,2026-04-23,POST_RESOLUTION,4,Smooth transition. No complaints.
SRV-004913,EMP-03746,OFC-LON,2026-04-23,POST_RESOLUTION,4,The new AI system is incredibly fast. Saves me a lot of time.
SRV-004914,EMP-05491,OFC-GUR,2026-04-23,POST_RESOLUTION,5,Great experience. The AI resolved my password issue in seconds.
SRV-004915,EMP-10129,OFC-SIN,2026-04-23,POST_RESOLUTION,4,Great experience. The AI resolved my password issue in seconds.
SRV-004916,EMP-04673,OFC-BOS,2026-04-23,POST_RESOLUTION,4,Smooth transition. No complaints.
SRV-004917,EMP-09638,OFC-LON,2026-04-23,POST_RESOLUTION,5,Smooth transition. No complaints.
SRV-004918,EMP-07967,OFC-NYC,2026-04-23,POST_RESOLUTION,4,Self-service articles were actually helpful for once.
SRV-004919,EMP-10573,OFC-BOS,2026-04-23,POST_RESOLUTION,5,Smooth transition. No complaints.
SRV-004920,EMP-07034,OFC-LON,2026-04-23,POST_RESOLUTION,5,The new AI system is incredibly fast. Saves me a lot of time.
SRV-004921,EMP-06047,OFC-LON,2026-04-23,POST_RESOLUTION,5,"Very intuitive workflow, much better than the legacy portal."
SRV-004922,EMP-05311,OFC-SIN,2026-04-23,POST_RESOLUTION,5,Great experience. The AI resolved my password issue in seconds.
SRV-004923,EMP-08934,OFC-NYC,2026-04-23,POST_RESOLUTION,5,Great experience. The AI resolved my password issue in seconds.
SRV-004924,EMP-08702,OFC-LON,2026-04-23,POST_RESOLUTION,5,The new AI system is incredibly fast. Saves me a lot of time.
SRV-004925,EMP-08504,OFC-LON,2026-04-23,POST_RESOLUTION,4,"Very intuitive workflow, much better than the legacy portal."
SRV-004926,EMP-05011,OFC-NYC,2026-04-23,POST_RESOLUTION,4,Smooth transition. No complaints.
SRV-004927,EMP-10667,OFC-BOS,2026-04-23,POST_RESOLUTION,5,Self-service articles were actually helpful for once.
SRV-004928,EMP-09939,OFC-NYC,2026-04-23,POST_RESOLUTION,4,"Very intuitive workflow, much better than the legacy portal."
SRV-004929,EMP-09773,OFC-NYC,2026-04-23,POST_RESOLUTION,4,The new AI system is incredibly fast. Saves me a lot of time.
SRV-004930,EMP-10239,OFC-GUR,2026-04-23,POST_RESOLUTION,5,Smooth transition. No complaints.
SRV-004931,EMP-06067,OFC-NYC,2026-04-23,POST_RESOLUTION,4,Smooth transition. No complaints.
SRV-004932,EMP-07606,OFC-BOS,2026-04-23,POST_RESOLUTION,5,Smooth transition. No complaints.
SRV-004933,EMP-01698,OFC-BOS,2026-04-23,POST_RESOLUTION,5,"Very intuitive workflow, much better than the legacy portal."
SRV-004934,EMP-10504,OFC-NYC,2026-04-23,POST_RESOLUTION,4,Smooth transition. No complaints.
SRV-004935,EMP-10781,OFC-NYC,2026-04-23,POST_RESOLUTION,4,"Very intuitive workflow, much better than the legacy portal."
SRV-004936,EMP-08458,OFC-BOS,2026-04-23,POST_RESOLUTION,5,The new AI system is incredibly fast. Saves me a lot of time.
SRV-004937,EMP-01652,OFC-LON,2026-04-23,POST_RESOLUTION,5,Self-service articles were actually helpful for once.
SRV-004938,EMP-06583,OFC-GUR,2026-04-23,POST_RESOLUTION,4,"Very intuitive workflow, much better than the legacy portal."
SRV-004939,EMP-03041,OFC-LON,2026-04-23,POST_RESOLUTION,4,The new AI system is incredibly fast. Saves me a lot of time.
SRV-004940,EMP-07938,OFC-LON,2026-04-23,POST_RESOLUTION,4,"Very intuitive workflow, much better than the legacy portal."
SRV-004941,EMP-04310,OFC-GUR,2026-04-23,POST_RESOLUTION,5,The new AI system is incredibly fast. Saves me a lot of time.
SRV-004942,EMP-02418,OFC-LON,2026-04-23,POST_RESOLUTION,4,Self-service articles were actually helpful for once.
SRV-004943,EMP-01220,OFC-GUR,2026-04-23,POST_RESOLUTION,4,Great experience. The AI resolved my password issue in seconds.
SRV-004944,EMP-01831,OFC-LON,2026-04-23,POST_RESOLUTION,4,Self-service articles were actually helpful for once.
SRV-004945,EMP-04886,OFC-SIN,2026-04-23,POST_RESOLUTION,4,Great experience. The AI resolved my password issue in seconds.
SRV-004946,EMP-06419,OFC-NYC,2026-04-23,POST_RESOLUTION,5,Great experience. The AI resolved my password issue in seconds.
SRV-004947,EMP-08434,OFC-BOS,2026-04-23,POST_RESOLUTION,4,Smooth transition. No complaints.
SRV-004948,EMP-01033,OFC-SIN,2026-04-23,POST_RESOLUTION,5,"Very intuitive workflow, much better than the legacy portal."
SRV-004949,EMP-05796,OFC-BOS,2026-04-23,POST_RESOLUTION,5,Smooth transition. No complaints.
SRV-004950,EMP-04168,OFC-GUR,2026-04-23,POST_RESOLUTION,5,The new AI system is incredibly fast. Saves me a lot of time.
SRV-004951,EMP-07242,OFC-LON,2026-04-23,POST_RESOLUTION,4,The new AI system is incredibly fast. Saves me a lot of time.
SRV-004952,EMP-01371,OFC-BOS,2026-04-23,POST_RESOLUTION,4,The new AI system is incredibly fast. Saves me a lot of time.
SRV-004953,EMP-09902,OFC-GUR,2026-04-23,POST_RESOLUTION,4,Smooth transition. No complaints.
SRV-004954,EMP-02655,OFC-SIN,2026-04-23,POST_RESOLUTION,5,Self-service articles were actually helpful for once.
SRV-004955,EMP-08791,OFC-BOS,2026-04-23,POST_RESOLUTION,4,Smooth transition. No complaints.
SRV-004956,EMP-03926,OFC-GUR,2026-04-23,POST_RESOLUTION,4,Smooth transition. No complaints.
SRV-004957,EMP-08485,OFC-GUR,2026-04-23,POST_RESOLUTION,5,Self-service articles were actually helpful for once.
SRV-004958,EMP-01969,OFC-LON,2026-04-23,POST_RESOLUTION,4,Self-service articles were actually helpful for once.
SRV-004959,EMP-01396,OFC-SIN,2026-04-23,POST_RESOLUTION,4,Self-service articles were actually helpful for once.
SRV-004960,EMP-07791,OFC-NYC,2026-04-23,POST_RESOLUTION,4,"Very intuitive workflow, much better than the legacy portal."
SRV-004961,EMP-03293,OFC-LON,2026-04-23,POST_RESOLUTION,4,Smooth transition. No complaints.
SRV-004962,EMP-01628,OFC-BOS,2026-04-23,POST_RESOLUTION,5,"Very intuitive workflow, much better than the legacy portal."
SRV-004963,EMP-07338,OFC-LON,2026-04-23,POST_RESOLUTION,5,Great experience. The AI resolved my password issue in seconds.
SRV-004964,EMP-01965,OFC-NYC,2026-04-23,POST_RESOLUTION,4,Great experience. The AI resolved my password issue in seconds.
SRV-004965,EMP-09690,OFC-NYC,2026-04-23,POST_RESOLUTION,4,Smooth transition. No complaints.
SRV-004966,EMP-04896,OFC-BOS,2026-04-23,POST_RESOLUTION,4,The new AI system is incredibly fast. Saves me a lot of time.
SRV-004967,EMP-06372,OFC-NYC,2026-04-23,POST_RESOLUTION,4,Self-service articles were actually helpful for once.
SRV-004968,EMP-07529,OFC-GUR,2026-04-23,POST_RESOLUTION,5,"Very intuitive workflow, much better than the legacy portal."
SRV-004969,EMP-03855,OFC-LON,2026-04-23,POST_RESOLUTION,5,Great experience. The AI resolved my password issue in seconds.
SRV-004970,EMP-09223,OFC-SIN,2026-04-23,POST_RESOLUTION,4,Smooth transition. No complaints.
SRV-004971,EMP-09340,OFC-GUR,2026-04-23,POST_RESOLUTION,5,The new AI system is incredibly fast. Saves me a lot of time.
SRV-004972,EMP-07963,OFC-LON,2026-04-23,POST_RESOLUTION,5,Smooth transition. No complaints.
SRV-004973,EMP-03441,OFC-LON,2026-04-23,POST_RESOLUTION,4,The new AI system is incredibly fast. Saves me a lot of time.
SRV-004974,EMP-01578,OFC-LON,2026-04-23,POST_RESOLUTION,5,Smooth transition. No complaints.
SRV-004975,EMP-09366,OFC-NYC,2026-04-23,POST_RESOLUTION,5,Self-service articles were actually helpful for once.
SRV-004976,EMP-10253,OFC-NYC,2026-04-23,POST_RESOLUTION,4,Self-service articles were actually helpful for once.
SRV-004977,EMP-01337,OFC-GUR,2026-04-23,POST_RESOLUTION,4,The new AI system is incredibly fast. Saves me a lot of time.
SRV-004978,EMP-03879,OFC-BOS,2026-04-23,POST_RESOLUTION,4,Smooth transition. No complaints.
SRV-004979,EMP-08268,OFC-LON,2026-04-23,POST_RESOLUTION,4,Self-service articles were actually helpful for once.
SRV-004980,EMP-04765,OFC-NYC,2026-04-23,POST_RESOLUTION,4,Smooth transition. No complaints.
SRV-004981,EMP-09952,OFC-BOS,2026-04-23,POST_RESOLUTION,5,Smooth transition. No complaints.
SRV-004982,EMP-10919,OFC-NYC,2026-04-23,POST_RESOLUTION,5,Self-service articles were actually helpful for once.
SRV-004983,EMP-03672,OFC-GUR,2026-04-23,POST_RESOLUTION,5,Great experience. The AI resolved my password issue in seconds.
SRV-004984,EMP-05502,OFC-NYC,2026-04-23,POST_RESOLUTION,4,Great experience. The AI resolved my password issue in seconds.
SRV-004985,EMP-07732,OFC-SIN,2026-04-23,POST_RESOLUTION,4,Smooth transition. No complaints.
SRV-004986,EMP-04951,OFC-GUR,2026-04-23,POST_RESOLUTION,5,Great experience. The AI resolved my password issue in seconds.
SRV-004987,EMP-04339,OFC-GUR,2026-04-23,POST_RESOLUTION,5,"Very intuitive workflow, much better than the legacy portal."
SRV-004988,EMP-01455,OFC-LON,2026-04-23,POST_RESOLUTION,5,Self-service articles were actually helpful for once.
SRV-004989,EMP-07100,OFC-NYC,2026-04-23,POST_RESOLUTION,4,Great experience. The AI resolved my password issue in seconds.
SRV-004990,EMP-03352,OFC-LON,2026-04-23,POST_RESOLUTION,4,Great experience. The AI resolved my password issue in seconds.
SRV-004991,EMP-04099,OFC-NYC,2026-04-23,POST_RESOLUTION,4,Smooth transition. No complaints.
SRV-004992,EMP-10968,OFC-GUR,2026-04-23,POST_RESOLUTION,4,The new AI system is incredibly fast. Saves me a lot of time.
SRV-004993,EMP-06155,OFC-NYC,2026-04-23,POST_RESOLUTION,4,Great experience. The AI resolved my password issue in seconds.
SRV-004994,EMP-01294,OFC-BOS,2026-04-23,POST_RESOLUTION,4,The new AI system is incredibly fast. Saves me a lot of time.
SRV-004995,EMP-07029,OFC-BOS,2026-04-23,POST_RESOLUTION,5,Self-service articles were actually helpful for once.
SRV-004996,EMP-09153,OFC-SIN,2026-04-23,POST_RESOLUTION,4,The new AI system is incredibly fast. Saves me a lot of time.
SRV-004997,EMP-05950,OFC-NYC,2026-04-23,POST_RESOLUTION,5,Great experience. The AI resolved my password issue in seconds.
SRV-004998,EMP-01141,OFC-NYC,2026-04-23,POST_RESOLUTION,5,"Very intuitive workflow, much better than the legacy portal."
SRV-004999,EMP-03075,OFC-SIN,2026-04-23,POST_RESOLUTION,5,"Very intuitive workflow, much better than the legacy portal."
SRV-005000,EMP-08303,OFC-SIN,2026-04-23,POST_RESOLUTION,5,Self-service articles were actually helpful for once.
SRV-005001,EMP-06632,OFC-BOS,2026-04-23,POST_RESOLUTION,5,Great experience. The AI resolved my password issue in seconds.
SRV-005002,EMP-07525,OFC-SIN,2026-04-23,POST_RESOLUTION,5,Self-service articles were actually helpful for once.
SRV-005003,EMP-08335,OFC-BOS,2026-04-23,POST_RESOLUTION,4,Smooth transition. No complaints.
SRV-005004,EMP-03695,OFC-LON,2026-04-23,POST_RESOLUTION,4,Smooth transition. No complaints.
SRV-005005,EMP-05326,OFC-BOS,2026-04-23,POST_RESOLUTION,4,The new AI system is incredibly fast. Saves me a lot of time.
SRV-005006,EMP-05512,OFC-BOS,2026-04-23,POST_RESOLUTION,4,Self-service articles were actually helpful for once.
SRV-005007,EMP-02949,OFC-NYC,2026-04-23,POST_RESOLUTION,4,"Very intuitive workflow, much better than the legacy portal."
SRV-005008,EMP-08919,OFC-NYC,2026-04-23,POST_RESOLUTION,5,Self-service articles were actually helpful for once.
SRV-005009,EMP-09398,OFC-SIN,2026-04-23,POST_RESOLUTION,5,The new AI system is incredibly fast. Saves me a lot of time.
SRV-005010,EMP-08395,OFC-BOS,2026-04-23,POST_RESOLUTION,4,Great experience. The AI resolved my password issue in seconds.
SRV-005011,EMP-01622,OFC-NYC,2026-04-23,POST_RESOLUTION,4,Self-service articles were actually helpful for once.
SRV-005012,EMP-07028,OFC-GUR,2026-04-23,POST_RESOLUTION,4,The new AI system is incredibly fast. Saves me a lot of time.
SRV-005013,EMP-02818,OFC-LON,2026-04-23,POST_RESOLUTION,4,Smooth transition. No complaints.
SRV-005014,EMP-08766,OFC-NYC,2026-04-23,POST_RESOLUTION,5,"Very intuitive workflow, much better than the legacy portal."
SRV-005015,EMP-01389,OFC-GUR,2026-04-23,POST_RESOLUTION,5,Great experience. The AI resolved my password issue in seconds.
SRV-005016,EMP-05401,OFC-LON,2026-04-23,POST_RESOLUTION,4,Self-service articles were actually helpful for once.
SRV-005017,EMP-05875,OFC-LON,2026-04-23,POST_RESOLUTION,5,Self-service articles were actually helpful for once.
SRV-005018,EMP-05897,OFC-NYC,2026-04-23,POST_RESOLUTION,4,"Very intuitive workflow, much better than the legacy portal."
SRV-005019,EMP-07486,OFC-SIN,2026-04-23,POST_RESOLUTION,4,Smooth transition. No complaints.
SRV-005020,EMP-07930,OFC-NYC,2026-04-23,POST_RESOLUTION,5,Self-service articles were actually helpful for once.
SRV-005021,EMP-08585,OFC-GUR,2026-04-23,POST_RESOLUTION,4,"Very intuitive workflow, much better than the legacy portal."
SRV-005022,EMP-08789,OFC-LON,2026-04-23,POST_RESOLUTION,4,"Very intuitive workflow, much better than the legacy portal."
SRV-005023,EMP-03030,OFC-BOS,2026-04-23,POST_RESOLUTION,5,Great experience. The AI resolved my password issue in seconds.
SRV-005024,EMP-04002,OFC-NYC,2026-04-23,POST_RESOLUTION,4,"Very intuitive workflow, much better than the legacy portal."
SRV-005025,EMP-04547,OFC-LON,2026-04-23,POST_RESOLUTION,5,"Very intuitive workflow, much better than the legacy portal."
SRV-005026,EMP-07462,OFC-SIN,2026-04-23,POST_RESOLUTION,5,"Very intuitive workflow, much better than the legacy portal."
SRV-005027,EMP-03338,OFC-BOS,2026-04-23,POST_RESOLUTION,4,Self-service articles were actually helpful for once.
SRV-005028,EMP-07843,OFC-BOS,2026-04-23,POST_RESOLUTION,5,"Very intuitive workflow, much better than the legacy portal."
SRV-005029,EMP-03902,OFC-BOS,2026-04-23,POST_RESOLUTION,4,"Very intuitive workflow, much better than the legacy portal."
SRV-005030,EMP-01054,OFC-LON,2026-04-23,POST_RESOLUTION,5,"Very intuitive workflow, much better than the legacy portal."
SRV-005031,EMP-10254,OFC-GUR,2026-04-23,POST_RESOLUTION,4,"Very intuitive workflow, much better than the legacy portal."
SRV-005032,EMP-10235,OFC-NYC,2026-04-23,POST_RESOLUTION,5,Smooth transition. No complaints.
SRV-005033,EMP-08787,OFC-SIN,2026-04-23,POST_RESOLUTION,5,Self-service articles were actually helpful for once.
SRV-005034,EMP-01338,OFC-LON,2026-04-23,POST_RESOLUTION,5,"Very intuitive workflow, much better than the legacy portal."
SRV-005035,EMP-05090,OFC-GUR,2026-04-23,POST_RESOLUTION,5,The new AI system is incredibly fast. Saves me a lot of time.
SRV-005036,EMP-07563,OFC-LON,2026-04-23,POST_RESOLUTION,4,The new AI system is incredibly fast. Saves me a lot of time.
SRV-005037,EMP-04725,OFC-SIN,2026-04-23,POST_RESOLUTION,5,The new AI system is incredibly fast. Saves me a lot of time.
SRV-005038,EMP-04111,OFC-BOS,2026-04-23,POST_RESOLUTION,4,Great experience. The AI resolved my password issue in seconds.
SRV-005039,EMP-06640,OFC-LON,2026-04-23,POST_RESOLUTION,4,Smooth transition. No complaints.
SRV-005040,EMP-02435,OFC-BOS,2026-04-23,POST_RESOLUTION,4,The new AI system is incredibly fast. Saves me a lot of time.
SRV-005041,EMP-09585,OFC-LON,2026-04-23,POST_RESOLUTION,5,Smooth transition. No complaints.
SRV-005042,EMP-04699,OFC-NYC,2026-04-23,POST_RESOLUTION,5,The new AI system is incredibly fast. Saves me a lot of time.
SRV-005043,EMP-04380,OFC-NYC,2026-04-23,POST_RESOLUTION,5,Great experience. The AI resolved my password issue in seconds.
SRV-005044,EMP-09034,OFC-GUR,2026-04-23,POST_RESOLUTION,4,Self-service articles were actually helpful for once.
SRV-005045,EMP-08760,OFC-LON,2026-04-23,POST_RESOLUTION,5,Smooth transition. No complaints.
SRV-005046,EMP-08080,OFC-NYC,2026-04-23,POST_RESOLUTION,4,Self-service articles were actually helpful for once.
SRV-005047,EMP-05387,OFC-BOS,2026-04-23,POST_RESOLUTION,5,Great experience. The AI resolved my password issue in seconds.
SRV-005048,EMP-01249,OFC-SIN,2026-04-23,POST_RESOLUTION,4,Smooth transition. No complaints.
SRV-005049,EMP-07152,OFC-BOS,2026-04-23,POST_RESOLUTION,5,Self-service articles were actually helpful for once.
SRV-005050,EMP-05967,OFC-GUR,2026-04-23,POST_RESOLUTION,5,Great experience. The AI resolved my password issue in seconds.
SRV-005051,EMP-05575,OFC-NYC,2026-04-23,POST_RESOLUTION,5,"Very intuitive workflow, much better than the legacy portal."
SRV-005052,EMP-03537,OFC-BOS,2026-04-23,POST_RESOLUTION,5,Smooth transition. No complaints.
SRV-005053,EMP-10264,OFC-GUR,2026-04-23,POST_RESOLUTION,4,Self-service articles were actually helpful for once.
SRV-005054,EMP-07204,OFC-BOS,2026-04-23,POST_RESOLUTION,5,Great experience. The AI resolved my password issue in seconds.
SRV-005055,EMP-02569,OFC-LON,2026-04-23,POST_RESOLUTION,4,"Very intuitive workflow, much better than the legacy portal."
SRV-005056,EMP-01610,OFC-BOS,2026-04-23,POST_RESOLUTION,4,Smooth transition. No complaints.
SRV-005057,EMP-09083,OFC-BOS,2026-04-23,POST_RESOLUTION,5,"Very intuitive workflow, much better than the legacy portal."
SRV-005058,EMP-05542,OFC-BOS,2026-04-23,POST_RESOLUTION,4,The new AI system is incredibly fast. Saves me a lot of time.
SRV-005059,EMP-01699,OFC-LON,2026-04-23,POST_RESOLUTION,4,Smooth transition. No complaints.
SRV-005060,EMP-04903,OFC-NYC,2026-04-23,POST_RESOLUTION,4,Great experience. The AI resolved my password issue in seconds.
SRV-005061,EMP-05524,OFC-GUR,2026-04-23,POST_RESOLUTION,4,Great experience. The AI resolved my password issue in seconds.
SRV-005062,EMP-03251,OFC-SIN,2026-04-23,POST_RESOLUTION,4,Smooth transition. No complaints.
SRV-005063,EMP-04757,OFC-NYC,2026-04-23,POST_RESOLUTION,4,The new AI system is incredibly fast. Saves me a lot of time.
SRV-005064,EMP-04337,OFC-GUR,2026-04-23,POST_RESOLUTION,4,Smooth transition. No complaints.
SRV-005065,EMP-03976,OFC-GUR,2026-04-23,POST_RESOLUTION,5,Self-service articles were actually helpful for once.
SRV-005066,EMP-01994,OFC-NYC,2026-04-23,POST_RESOLUTION,5,Great experience. The AI resolved my password issue in seconds.
SRV-005067,EMP-07675,OFC-SIN,2026-04-23,POST_RESOLUTION,4,"Very intuitive workflow, much better than the legacy portal."
SRV-005068,EMP-06136,OFC-LON,2026-04-23,POST_RESOLUTION,4,Great experience. The AI resolved my password issue in seconds.
SRV-005069,EMP-05686,OFC-BOS,2026-04-23,POST_RESOLUTION,5,The new AI system is incredibly fast. Saves me a lot of time.
SRV-005070,EMP-07553,OFC-BOS,2026-04-23,POST_RESOLUTION,5,Smooth transition. No complaints.
SRV-005071,EMP-04231,OFC-LON,2026-04-23,POST_RESOLUTION,4,Great experience. The AI resolved my password issue in seconds.
SRV-005072,EMP-05585,OFC-SIN,2026-04-23,POST_RESOLUTION,5,Self-service articles were actually helpful for once.
SRV-005073,EMP-02331,OFC-GUR,2026-04-23,POST_RESOLUTION,5,The new AI system is incredibly fast. Saves me a lot of time.
SRV-005074,EMP-10981,OFC-LON,2026-04-23,POST_RESOLUTION,4,The new AI system is incredibly fast. Saves me a lot of time.
SRV-005075,EMP-04208,OFC-NYC,2026-04-23,POST_RESOLUTION,5,"Very intuitive workflow, much better than the legacy portal."
SRV-005076,EMP-06076,OFC-LON,2026-04-23,POST_RESOLUTION,4,Great experience. The AI resolved my password issue in seconds.
SRV-005077,EMP-04740,OFC-SIN,2026-04-23,POST_RESOLUTION,5,Smooth transition. No complaints.
SRV-005078,EMP-06771,OFC-GUR,2026-04-23,POST_RESOLUTION,4,The new AI system is incredibly fast. Saves me a lot of time.
SRV-005079,EMP-02534,OFC-NYC,2026-04-23,POST_RESOLUTION,4,Self-service articles were actually helpful for once.
SRV-005080,EMP-02230,OFC-SIN,2026-04-23,POST_RESOLUTION,5,Self-service articles were actually helpful for once.
SRV-005081,EMP-03390,OFC-NYC,2026-04-23,POST_RESOLUTION,5,Smooth transition. No complaints.
SRV-005082,EMP-06042,OFC-BOS,2026-04-23,POST_RESOLUTION,5,Self-service articles were actually helpful for once.
SRV-005083,EMP-03543,OFC-LON,2026-04-23,POST_RESOLUTION,5,"Very intuitive workflow, much better than the legacy portal."
SRV-005084,EMP-09894,OFC-BOS,2026-04-23,POST_RESOLUTION,4,Smooth transition. No complaints.
SRV-005085,EMP-08595,OFC-SIN,2026-04-23,POST_RESOLUTION,5,Self-service articles were actually helpful for once.
SRV-005086,EMP-05025,OFC-GUR,2026-04-23,POST_RESOLUTION,4,"Very intuitive workflow, much better than the legacy portal."
SRV-005087,EMP-06552,OFC-SIN,2026-04-23,POST_RESOLUTION,4,Self-service articles were actually helpful for once.
SRV-005088,EMP-08844,OFC-GUR,2026-04-23,POST_RESOLUTION,4,Great experience. The AI resolved my password issue in seconds.
SRV-005089,EMP-01575,OFC-SIN,2026-04-23,POST_RESOLUTION,5,Smooth transition. No complaints.
SRV-005090,EMP-06727,OFC-BOS,2026-04-23,POST_RESOLUTION,4,Self-service articles were actually helpful for once.
SRV-005091,EMP-08998,OFC-SIN,2026-04-23,POST_RESOLUTION,4,Self-service articles were actually helpful for once.
SRV-005092,EMP-03887,OFC-NYC,2026-04-23,POST_RESOLUTION,5,"Very intuitive workflow, much better than the legacy portal."
SRV-005093,EMP-07776,OFC-GUR,2026-04-23,POST_RESOLUTION,5,Great experience. The AI resolved my password issue in seconds.
SRV-005094,EMP-05103,OFC-BOS,2026-04-23,POST_RESOLUTION,5,Great experience. The AI resolved my password issue in seconds.
SRV-005095,EMP-08333,OFC-LON,2026-04-23,POST_RESOLUTION,5,"Very intuitive workflow, much better than the legacy portal."
SRV-005096,EMP-04620,OFC-GUR,2026-04-23,POST_RESOLUTION,5,Great experience. The AI resolved my password issue in seconds.
SRV-005097,EMP-06316,OFC-NYC,2026-04-23,POST_RESOLUTION,5,Self-service articles were actually helpful for once.
SRV-005098,EMP-05729,OFC-BOS,2026-04-23,POST_RESOLUTION,5,Self-service articles were actually helpful for once.
SRV-005099,EMP-07984,OFC-GUR,2026-04-23,POST_RESOLUTION,4,Great experience. The AI resolved my password issue in seconds.
SRV-005100,EMP-05196,OFC-BOS,2026-04-23,POST_RESOLUTION,5,Self-service articles were actually helpful for once.
SRV-005101,EMP-07023,OFC-BOS,2026-04-30,POST_RESOLUTION,5,Great experience. The AI resolved my password issue in seconds.
SRV-005102,EMP-01501,OFC-LON,2026-04-30,POST_RESOLUTION,4,"Very intuitive workflow, much better than the legacy portal."
SRV-005103,EMP-02712,OFC-GUR,2026-04-30,POST_RESOLUTION,5,Smooth transition. No complaints.
SRV-005104,EMP-05846,OFC-SIN,2026-04-30,POST_RESOLUTION,4,"Very intuitive workflow, much better than the legacy portal."
SRV-005105,EMP-02068,OFC-NYC,2026-04-30,POST_RESOLUTION,4,Smooth transition. No complaints.
SRV-005106,EMP-02086,OFC-LON,2026-04-30,POST_RESOLUTION,5,"Very intuitive workflow, much better than the legacy portal."
SRV-005107,EMP-09617,OFC-BOS,2026-04-30,POST_RESOLUTION,4,The new AI system is incredibly fast. Saves me a lot of time.
SRV-005108,EMP-01193,OFC-LON,2026-04-30,POST_RESOLUTION,4,Self-service articles were actually helpful for once.
SRV-005109,EMP-09032,OFC-BOS,2026-04-30,POST_RESOLUTION,5,"Very intuitive workflow, much better than the legacy portal."
SRV-005110,EMP-04439,OFC-SIN,2026-04-30,POST_RESOLUTION,4,Smooth transition. No complaints.
SRV-005111,EMP-07377,OFC-GUR,2026-04-30,POST_RESOLUTION,5,Great experience. The AI resolved my password issue in seconds.
SRV-005112,EMP-10178,OFC-LON,2026-04-30,POST_RESOLUTION,5,Great experience. The AI resolved my password issue in seconds.
SRV-005113,EMP-03489,OFC-NYC,2026-04-30,POST_RESOLUTION,4,"Very intuitive workflow, much better than the legacy portal."
SRV-005114,EMP-03479,OFC-GUR,2026-04-30,POST_RESOLUTION,4,"Very intuitive workflow, much better than the legacy portal."
SRV-005115,EMP-04284,OFC-LON,2026-04-30,POST_RESOLUTION,4,"Very intuitive workflow, much better than the legacy portal."
SRV-005116,EMP-09077,OFC-LON,2026-04-30,POST_RESOLUTION,5,Great experience. The AI resolved my password issue in seconds.
SRV-005117,EMP-08435,OFC-SIN,2026-04-30,POST_RESOLUTION,4,The new AI system is incredibly fast. Saves me a lot of time.
SRV-005118,EMP-05287,OFC-LON,2026-04-30,POST_RESOLUTION,5,"Very intuitive workflow, much better than the legacy portal."
SRV-005119,EMP-03448,OFC-BOS,2026-04-30,POST_RESOLUTION,5,Great experience. The AI resolved my password issue in seconds.
SRV-005120,EMP-08800,OFC-BOS,2026-04-30,POST_RESOLUTION,5,Great experience. The AI resolved my password issue in seconds.
SRV-005121,EMP-07101,OFC-GUR,2026-04-30,POST_RESOLUTION,4,"Very intuitive workflow, much better than the legacy portal."
SRV-005122,EMP-03748,OFC-GUR,2026-04-30,POST_RESOLUTION,4,Smooth transition. No complaints.
SRV-005123,EMP-06172,OFC-BOS,2026-04-30,POST_RESOLUTION,5,Smooth transition. No complaints.
SRV-005124,EMP-07044,OFC-GUR,2026-04-30,POST_RESOLUTION,4,Self-service articles were actually helpful for once.
SRV-005125,EMP-09875,OFC-BOS,2026-04-30,POST_RESOLUTION,4,Great experience. The AI resolved my password issue in seconds.
SRV-005126,EMP-09786,OFC-LON,2026-04-30,POST_RESOLUTION,5,Self-service articles were actually helpful for once.
SRV-005127,EMP-04006,OFC-SIN,2026-04-30,POST_RESOLUTION,5,Self-service articles were actually helpful for once.
SRV-005128,EMP-03677,OFC-BOS,2026-04-30,POST_RESOLUTION,4,Smooth transition. No complaints.
SRV-005129,EMP-09596,OFC-LON,2026-04-30,POST_RESOLUTION,4,Smooth transition. No complaints.
SRV-005130,EMP-08178,OFC-BOS,2026-04-30,POST_RESOLUTION,4,The new AI system is incredibly fast. Saves me a lot of time.
SRV-005131,EMP-03809,OFC-GUR,2026-04-30,POST_RESOLUTION,4,Great experience. The AI resolved my password issue in seconds.
SRV-005132,EMP-06432,OFC-GUR,2026-04-30,POST_RESOLUTION,5,The new AI system is incredibly fast. Saves me a lot of time.
SRV-005133,EMP-08026,OFC-BOS,2026-04-30,POST_RESOLUTION,4,"Very intuitive workflow, much better than the legacy portal."
SRV-005134,EMP-02090,OFC-SIN,2026-04-30,POST_RESOLUTION,4,The new AI system is incredibly fast. Saves me a lot of time.
SRV-005135,EMP-07710,OFC-BOS,2026-04-30,POST_RESOLUTION,5,"Very intuitive workflow, much better than the legacy portal."
SRV-005136,EMP-01011,OFC-SIN,2026-04-30,POST_RESOLUTION,4,Self-service articles were actually helpful for once.
SRV-005137,EMP-05895,OFC-BOS,2026-04-30,POST_RESOLUTION,5,Great experience. The AI resolved my password issue in seconds.
SRV-005138,EMP-03256,OFC-LON,2026-04-30,POST_RESOLUTION,4,The new AI system is incredibly fast. Saves me a lot of time.
SRV-005139,EMP-03078,OFC-SIN,2026-04-30,POST_RESOLUTION,5,Great experience. The AI resolved my password issue in seconds.
SRV-005140,EMP-02300,OFC-BOS,2026-04-30,POST_RESOLUTION,5,Self-service articles were actually helpful for once.
SRV-005141,EMP-01593,OFC-NYC,2026-04-30,POST_RESOLUTION,5,Self-service articles were actually helpful for once.
SRV-005142,EMP-06956,OFC-NYC,2026-04-30,POST_RESOLUTION,5,Self-service articles were actually helpful for once.
SRV-005143,EMP-07407,OFC-NYC,2026-04-30,POST_RESOLUTION,5,Self-service articles were actually helpful for once.
SRV-005144,EMP-02486,OFC-NYC,2026-04-30,POST_RESOLUTION,5,Smooth transition. No complaints.
SRV-005145,EMP-10674,OFC-NYC,2026-04-30,POST_RESOLUTION,5,Smooth transition. No complaints.
SRV-005146,EMP-04941,OFC-SIN,2026-04-30,POST_RESOLUTION,5,Self-service articles were actually helpful for once.
SRV-005147,EMP-08695,OFC-GUR,2026-04-30,POST_RESOLUTION,5,Self-service articles were actually helpful for once.
SRV-005148,EMP-03560,OFC-GUR,2026-04-30,POST_RESOLUTION,5,The new AI system is incredibly fast. Saves me a lot of time.
SRV-005149,EMP-08249,OFC-GUR,2026-04-30,POST_RESOLUTION,4,Great experience. The AI resolved my password issue in seconds.
SRV-005150,EMP-03236,OFC-SIN,2026-04-30,POST_RESOLUTION,5,The new AI system is incredibly fast. Saves me a lot of time.
SRV-005151,EMP-10588,OFC-NYC,2026-04-30,POST_RESOLUTION,5,Self-service articles were actually helpful for once.
SRV-005152,EMP-08985,OFC-GUR,2026-04-30,POST_RESOLUTION,4,Smooth transition. No complaints.
SRV-005153,EMP-06732,OFC-GUR,2026-04-30,POST_RESOLUTION,5,"Very intuitive workflow, much better than the legacy portal."
SRV-005154,EMP-05510,OFC-BOS,2026-04-30,POST_RESOLUTION,4,Smooth transition. No complaints.
SRV-005155,EMP-01401,OFC-SIN,2026-04-30,POST_RESOLUTION,4,Smooth transition. No complaints.
SRV-005156,EMP-09202,OFC-SIN,2026-04-30,POST_RESOLUTION,5,Smooth transition. No complaints.
SRV-005157,EMP-08795,OFC-BOS,2026-04-30,POST_RESOLUTION,5,"Very intuitive workflow, much better than the legacy portal."
SRV-005158,EMP-05584,OFC-GUR,2026-04-30,POST_RESOLUTION,4,Self-service articles were actually helpful for once.
SRV-005159,EMP-05594,OFC-NYC,2026-04-30,POST_RESOLUTION,5,Self-service articles were actually helpful for once.
SRV-005160,EMP-01226,OFC-SIN,2026-04-30,POST_RESOLUTION,4,Self-service articles were actually helpful for once.
SRV-005161,EMP-09129,OFC-BOS,2026-04-30,POST_RESOLUTION,4,Smooth transition. No complaints.
SRV-005162,EMP-08461,OFC-NYC,2026-04-30,POST_RESOLUTION,4,Great experience. The AI resolved my password issue in seconds.
SRV-005163,EMP-01352,OFC-GUR,2026-04-30,POST_RESOLUTION,5,Great experience. The AI resolved my password issue in seconds.
SRV-005164,EMP-07676,OFC-LON,2026-04-30,POST_RESOLUTION,5,The new AI system is incredibly fast. Saves me a lot of time.
SRV-005165,EMP-05790,OFC-BOS,2026-04-30,POST_RESOLUTION,4,Great experience. The AI resolved my password issue in seconds.
SRV-005166,EMP-09702,OFC-NYC,2026-04-30,POST_RESOLUTION,5,Smooth transition. No complaints.
SRV-005167,EMP-02313,OFC-GUR,2026-04-30,POST_RESOLUTION,5,Self-service articles were actually helpful for once.
SRV-005168,EMP-05060,OFC-NYC,2026-04-30,POST_RESOLUTION,5,Great experience. The AI resolved my password issue in seconds.
SRV-005169,EMP-06155,OFC-NYC,2026-04-30,POST_RESOLUTION,4,"Very intuitive workflow, much better than the legacy portal."
SRV-005170,EMP-03020,OFC-SIN,2026-04-30,POST_RESOLUTION,4,"Very intuitive workflow, much better than the legacy portal."
SRV-005171,EMP-05880,OFC-BOS,2026-04-30,POST_RESOLUTION,4,Self-service articles were actually helpful for once.
SRV-005172,EMP-03443,OFC-GUR,2026-04-30,POST_RESOLUTION,5,Great experience. The AI resolved my password issue in seconds.
SRV-005173,EMP-10358,OFC-SIN,2026-04-30,POST_RESOLUTION,5,Smooth transition. No complaints.
SRV-005174,EMP-06425,OFC-LON,2026-04-30,POST_RESOLUTION,5,Smooth transition. No complaints.
SRV-005175,EMP-05587,OFC-BOS,2026-04-30,POST_RESOLUTION,5,Great experience. The AI resolved my password issue in seconds.
SRV-005176,EMP-02539,OFC-LON,2026-04-30,POST_RESOLUTION,4,The new AI system is incredibly fast. Saves me a lot of time.
SRV-005177,EMP-02599,OFC-SIN,2026-04-30,POST_RESOLUTION,4,The new AI system is incredibly fast. Saves me a lot of time.
SRV-005178,EMP-03115,OFC-BOS,2026-04-30,POST_RESOLUTION,5,"Very intuitive workflow, much better than the legacy portal."
SRV-005179,EMP-10045,OFC-BOS,2026-04-30,POST_RESOLUTION,4,Self-service articles were actually helpful for once.
SRV-005180,EMP-08276,OFC-NYC,2026-04-30,POST_RESOLUTION,4,"Very intuitive workflow, much better than the legacy portal."
SRV-005181,EMP-04103,OFC-NYC,2026-04-30,POST_RESOLUTION,4,Self-service articles were actually helpful for once.
SRV-005182,EMP-02438,OFC-BOS,2026-04-30,POST_RESOLUTION,5,Self-service articles were actually helpful for once.
SRV-005183,EMP-07256,OFC-LON,2026-04-30,POST_RESOLUTION,5,Self-service articles were actually helpful for once.
SRV-005184,EMP-03935,OFC-BOS,2026-04-30,POST_RESOLUTION,4,Self-service articles were actually helpful for once.
SRV-005185,EMP-07774,OFC-NYC,2026-04-30,POST_RESOLUTION,4,Smooth transition. No complaints.
SRV-005186,EMP-08761,OFC-BOS,2026-04-30,POST_RESOLUTION,4,Great experience. The AI resolved my password issue in seconds.
SRV-005187,EMP-09072,OFC-GUR,2026-04-30,POST_RESOLUTION,4,Self-service articles were actually helpful for once.
SRV-005188,EMP-04130,OFC-GUR,2026-04-30,POST_RESOLUTION,4,Great experience. The AI resolved my password issue in seconds.
SRV-005189,EMP-06200,OFC-NYC,2026-04-30,POST_RESOLUTION,5,Self-service articles were actually helpful for once.
SRV-005190,EMP-05614,OFC-BOS,2026-04-30,POST_RESOLUTION,4,Smooth transition. No complaints.
SRV-005191,EMP-03164,OFC-LON,2026-04-30,POST_RESOLUTION,4,Smooth transition. No complaints.
SRV-005192,EMP-09014,OFC-GUR,2026-04-30,POST_RESOLUTION,4,Great experience. The AI resolved my password issue in seconds.
SRV-005193,EMP-02157,OFC-SIN,2026-04-30,POST_RESOLUTION,4,Great experience. The AI resolved my password issue in seconds.
SRV-005194,EMP-03889,OFC-GUR,2026-04-30,POST_RESOLUTION,4,"Very intuitive workflow, much better than the legacy portal."
SRV-005195,EMP-05333,OFC-LON,2026-04-30,POST_RESOLUTION,5,"Very intuitive workflow, much better than the legacy portal."
SRV-005196,EMP-08937,OFC-LON,2026-04-30,POST_RESOLUTION,4,The new AI system is incredibly fast. Saves me a lot of time.
SRV-005197,EMP-06871,OFC-BOS,2026-04-30,POST_RESOLUTION,5,"Very intuitive workflow, much better than the legacy portal."
SRV-005198,EMP-07262,OFC-BOS,2026-04-30,POST_RESOLUTION,4,"Very intuitive workflow, much better than the legacy portal."
SRV-005199,EMP-05770,OFC-BOS,2026-04-30,POST_RESOLUTION,5,Self-service articles were actually helpful for once.
SRV-005200,EMP-09839,OFC-BOS,2026-04-30,POST_RESOLUTION,5,The new AI system is incredibly fast. Saves me a lot of time.
SRV-005201,EMP-08712,OFC-BOS,2026-04-30,POST_RESOLUTION,4,"Very intuitive workflow, much better than the legacy portal."
SRV-005202,EMP-05341,OFC-BOS,2026-04-30,POST_RESOLUTION,4,"Very intuitive workflow, much better than the legacy portal."
SRV-005203,EMP-09801,OFC-NYC,2026-04-30,POST_RESOLUTION,4,Great experience. The AI resolved my password issue in seconds.
SRV-005204,EMP-06867,OFC-BOS,2026-04-30,POST_RESOLUTION,5,The new AI system is incredibly fast. Saves me a lot of time.
SRV-005205,EMP-02613,OFC-NYC,2026-04-30,POST_RESOLUTION,5,The new AI system is incredibly fast. Saves me a lot of time.
SRV-005206,EMP-08699,OFC-NYC,2026-04-30,POST_RESOLUTION,5,The new AI system is incredibly fast. Saves me a lot of time.
SRV-005207,EMP-02884,OFC-BOS,2026-04-30,POST_RESOLUTION,4,Great experience. The AI resolved my password issue in seconds.
SRV-005208,EMP-06229,OFC-LON,2026-04-30,POST_RESOLUTION,4,Smooth transition. No complaints.
SRV-005209,EMP-07374,OFC-BOS,2026-04-30,POST_RESOLUTION,4,The new AI system is incredibly fast. Saves me a lot of time.
SRV-005210,EMP-08763,OFC-GUR,2026-04-30,POST_RESOLUTION,5,The new AI system is incredibly fast. Saves me a lot of time.
SRV-005211,EMP-09633,OFC-NYC,2026-04-30,POST_RESOLUTION,5,Great experience. The AI resolved my password issue in seconds.
SRV-005212,EMP-09059,OFC-LON,2026-04-30,POST_RESOLUTION,4,Smooth transition. No complaints.
SRV-005213,EMP-03823,OFC-BOS,2026-04-30,POST_RESOLUTION,4,The new AI system is incredibly fast. Saves me a lot of time.
SRV-005214,EMP-09447,OFC-SIN,2026-04-30,POST_RESOLUTION,4,The new AI system is incredibly fast. Saves me a lot of time.
SRV-005215,EMP-02522,OFC-NYC,2026-04-30,POST_RESOLUTION,4,Self-service articles were actually helpful for once.
SRV-005216,EMP-06244,OFC-GUR,2026-04-30,POST_RESOLUTION,5,Smooth transition. No complaints.
SRV-005217,EMP-01552,OFC-LON,2026-04-30,POST_RESOLUTION,5,"Very intuitive workflow, much better than the legacy portal."
SRV-005218,EMP-07856,OFC-LON,2026-04-30,POST_RESOLUTION,4,The new AI system is incredibly fast. Saves me a lot of time.
SRV-005219,EMP-01965,OFC-NYC,2026-04-30,POST_RESOLUTION,5,Great experience. The AI resolved my password issue in seconds.
SRV-005220,EMP-02907,OFC-NYC,2026-04-30,POST_RESOLUTION,5,Self-service articles were actually helpful for once.
SRV-005221,EMP-03529,OFC-SIN,2026-04-30,POST_RESOLUTION,5,"Very intuitive workflow, much better than the legacy portal."
SRV-005222,EMP-04566,OFC-LON,2026-04-30,POST_RESOLUTION,4,"Very intuitive workflow, much better than the legacy portal."
SRV-005223,EMP-06477,OFC-GUR,2026-04-30,POST_RESOLUTION,5,Self-service articles were actually helpful for once.
SRV-005224,EMP-10489,OFC-NYC,2026-04-30,POST_RESOLUTION,4,Great experience. The AI resolved my password issue in seconds.
SRV-005225,EMP-03301,OFC-LON,2026-04-30,POST_RESOLUTION,5,"Very intuitive workflow, much better than the legacy portal."
SRV-005226,EMP-05672,OFC-GUR,2026-04-30,POST_RESOLUTION,4,"Very intuitive workflow, much better than the legacy portal."
SRV-005227,EMP-10652,OFC-BOS,2026-04-30,POST_RESOLUTION,5,Smooth transition. No complaints.
SRV-005228,EMP-09297,OFC-LON,2026-04-30,POST_RESOLUTION,5,"Very intuitive workflow, much better than the legacy portal."
SRV-005229,EMP-08175,OFC-LON,2026-04-30,POST_RESOLUTION,5,The new AI system is incredibly fast. Saves me a lot of time.
SRV-005230,EMP-06143,OFC-GUR,2026-04-30,POST_RESOLUTION,5,The new AI system is incredibly fast. Saves me a lot of time.
SRV-005231,EMP-10608,OFC-BOS,2026-04-30,POST_RESOLUTION,4,Self-service articles were actually helpful for once.
SRV-005232,EMP-08460,OFC-LON,2026-04-30,POST_RESOLUTION,5,Self-service articles were actually helpful for once.
SRV-005233,EMP-06679,OFC-BOS,2026-04-30,POST_RESOLUTION,4,Great experience. The AI resolved my password issue in seconds.
SRV-005234,EMP-03958,OFC-NYC,2026-04-30,POST_RESOLUTION,5,Great experience. The AI resolved my password issue in seconds.
SRV-005235,EMP-08555,OFC-NYC,2026-04-30,POST_RESOLUTION,4,Smooth transition. No complaints.
SRV-005236,EMP-05543,OFC-NYC,2026-04-30,POST_RESOLUTION,4,Self-service articles were actually helpful for once.
SRV-005237,EMP-10561,OFC-BOS,2026-04-30,POST_RESOLUTION,4,Smooth transition. No complaints.
SRV-005238,EMP-05556,OFC-GUR,2026-04-30,POST_RESOLUTION,5,Great experience. The AI resolved my password issue in seconds.
SRV-005239,EMP-04446,OFC-GUR,2026-04-30,POST_RESOLUTION,5,"Very intuitive workflow, much better than the legacy portal."
SRV-005240,EMP-06731,OFC-NYC,2026-04-30,POST_RESOLUTION,4,Smooth transition. No complaints.
SRV-005241,EMP-03251,OFC-SIN,2026-04-30,POST_RESOLUTION,4,"Very intuitive workflow, much better than the legacy portal."
SRV-005242,EMP-07221,OFC-GUR,2026-04-30,POST_RESOLUTION,5,Smooth transition. No complaints.
SRV-005243,EMP-06467,OFC-SIN,2026-04-30,POST_RESOLUTION,4,Smooth transition. No complaints.
SRV-005244,EMP-09919,OFC-LON,2026-04-30,POST_RESOLUTION,5,Great experience. The AI resolved my password issue in seconds.
SRV-005245,EMP-07359,OFC-GUR,2026-04-30,POST_RESOLUTION,4,Smooth transition. No complaints.
SRV-005246,EMP-10348,OFC-GUR,2026-04-30,POST_RESOLUTION,4,Great experience. The AI resolved my password issue in seconds.
SRV-005247,EMP-09502,OFC-NYC,2026-04-30,POST_RESOLUTION,5,Smooth transition. No complaints.
SRV-005248,EMP-07537,OFC-SIN,2026-04-30,POST_RESOLUTION,4,Smooth transition. No complaints.
SRV-005249,EMP-04552,OFC-LON,2026-04-30,POST_RESOLUTION,5,Self-service articles were actually helpful for once.
SRV-005250,EMP-07930,OFC-NYC,2026-04-30,POST_RESOLUTION,4,Self-service articles were actually helpful for once.
SRV-005251,EMP-10196,OFC-GUR,2026-04-30,POST_RESOLUTION,4,Great experience. The AI resolved my password issue in seconds.
SRV-005252,EMP-05256,OFC-SIN,2026-04-30,POST_RESOLUTION,4,Smooth transition. No complaints.
SRV-005253,EMP-10929,OFC-SIN,2026-04-30,POST_RESOLUTION,4,"Very intuitive workflow, much better than the legacy portal."
SRV-005254,EMP-08729,OFC-LON,2026-04-30,POST_RESOLUTION,5,The new AI system is incredibly fast. Saves me a lot of time.
SRV-005255,EMP-06782,OFC-LON,2026-04-30,POST_RESOLUTION,4,Great experience. The AI resolved my password issue in seconds.
SRV-005256,EMP-05804,OFC-GUR,2026-04-30,POST_RESOLUTION,5,Self-service articles were actually helpful for once.
SRV-005257,EMP-04666,OFC-GUR,2026-04-30,POST_RESOLUTION,4,Self-service articles were actually helpful for once.
SRV-005258,EMP-08832,OFC-BOS,2026-04-30,POST_RESOLUTION,4,Great experience. The AI resolved my password issue in seconds.
SRV-005259,EMP-04843,OFC-NYC,2026-04-30,POST_RESOLUTION,4,Self-service articles were actually helpful for once.
SRV-005260,EMP-04623,OFC-SIN,2026-04-30,POST_RESOLUTION,4,"Very intuitive workflow, much better than the legacy portal."
SRV-005261,EMP-03718,OFC-GUR,2026-04-30,POST_RESOLUTION,5,Self-service articles were actually helpful for once.
SRV-005262,EMP-06436,OFC-BOS,2026-04-30,POST_RESOLUTION,5,The new AI system is incredibly fast. Saves me a lot of time.
SRV-005263,EMP-07254,OFC-NYC,2026-04-30,POST_RESOLUTION,5,The new AI system is incredibly fast. Saves me a lot of time.
SRV-005264,EMP-04353,OFC-LON,2026-04-30,POST_RESOLUTION,4,Smooth transition. No complaints.
SRV-005265,EMP-03945,OFC-BOS,2026-04-30,POST_RESOLUTION,4,"Very intuitive workflow, much better than the legacy portal."
SRV-005266,EMP-09601,OFC-GUR,2026-04-30,POST_RESOLUTION,4,Self-service articles were actually helpful for once.
SRV-005267,EMP-07968,OFC-GUR,2026-04-30,POST_RESOLUTION,4,Self-service articles were actually helpful for once.
SRV-005268,EMP-09197,OFC-NYC,2026-04-30,POST_RESOLUTION,4,Great experience. The AI resolved my password issue in seconds.
SRV-005269,EMP-04441,OFC-LON,2026-04-30,POST_RESOLUTION,5,Smooth transition. No complaints.
SRV-005270,EMP-05212,OFC-LON,2026-04-30,POST_RESOLUTION,5,The new AI system is incredibly fast. Saves me a lot of time.
SRV-005271,EMP-09692,OFC-NYC,2026-04-30,POST_RESOLUTION,5,Great experience. The AI resolved my password issue in seconds.
SRV-005272,EMP-02853,OFC-GUR,2026-04-30,POST_RESOLUTION,4,Great experience. The AI resolved my password issue in seconds.
SRV-005273,EMP-05514,OFC-LON,2026-04-30,POST_RESOLUTION,5,Self-service articles were actually helpful for once.
SRV-005274,EMP-06682,OFC-SIN,2026-04-30,POST_RESOLUTION,5,The new AI system is incredibly fast. Saves me a lot of time.
SRV-005275,EMP-08041,OFC-NYC,2026-04-30,POST_RESOLUTION,4,Great experience. The AI resolved my password issue in seconds.
SRV-005276,EMP-07309,OFC-GUR,2026-04-30,POST_RESOLUTION,5,Self-service articles were actually helpful for once.
SRV-005277,EMP-05339,OFC-BOS,2026-04-30,POST_RESOLUTION,4,Smooth transition. No complaints.
SRV-005278,EMP-08395,OFC-BOS,2026-04-30,POST_RESOLUTION,5,"Very intuitive workflow, much better than the legacy portal."
SRV-005279,EMP-04022,OFC-GUR,2026-04-30,POST_RESOLUTION,4,The new AI system is incredibly fast. Saves me a lot of time.
SRV-005280,EMP-02264,OFC-BOS,2026-04-30,POST_RESOLUTION,5,Smooth transition. No complaints.
SRV-005281,EMP-10122,OFC-GUR,2026-04-30,POST_RESOLUTION,4,Self-service articles were actually helpful for once.
SRV-005282,EMP-09698,OFC-LON,2026-04-30,POST_RESOLUTION,5,"Very intuitive workflow, much better than the legacy portal."
SRV-005283,EMP-01892,OFC-GUR,2026-04-30,POST_RESOLUTION,4,Great experience. The AI resolved my password issue in seconds.
SRV-005284,EMP-08114,OFC-LON,2026-04-30,POST_RESOLUTION,5,Smooth transition. No complaints.
SRV-005285,EMP-01117,OFC-BOS,2026-04-30,POST_RESOLUTION,5,Great experience. The AI resolved my password issue in seconds.
SRV-005286,EMP-05433,OFC-SIN,2026-04-30,POST_RESOLUTION,4,Great experience. The AI resolved my password issue in seconds.
SRV-005287,EMP-08654,OFC-GUR,2026-04-30,POST_RESOLUTION,5,"Very intuitive workflow, much better than the legacy portal."
SRV-005288,EMP-06108,OFC-GUR,2026-04-30,POST_RESOLUTION,4,"Very intuitive workflow, much better than the legacy portal."
SRV-005289,EMP-07428,OFC-NYC,2026-04-30,POST_RESOLUTION,4,Great experience. The AI resolved my password issue in seconds.
SRV-005290,EMP-07971,OFC-LON,2026-04-30,POST_RESOLUTION,4,Great experience. The AI resolved my password issue in seconds.
SRV-005291,EMP-08848,OFC-BOS,2026-04-30,POST_RESOLUTION,5,"Very intuitive workflow, much better than the legacy portal."
SRV-005292,EMP-09473,OFC-BOS,2026-04-30,POST_RESOLUTION,4,Self-service articles were actually helpful for once.
SRV-005293,EMP-08171,OFC-SIN,2026-04-30,POST_RESOLUTION,4,The new AI system is incredibly fast. Saves me a lot of time.
SRV-005294,EMP-03137,OFC-GUR,2026-04-30,POST_RESOLUTION,4,Great experience. The AI resolved my password issue in seconds.
SRV-005295,EMP-01256,OFC-SIN,2026-04-30,POST_RESOLUTION,4,"Very intuitive workflow, much better than the legacy portal."
SRV-005296,EMP-09269,OFC-GUR,2026-04-30,POST_RESOLUTION,4,Smooth transition. No complaints.
SRV-005297,EMP-02017,OFC-LON,2026-04-30,POST_RESOLUTION,5,Smooth transition. No complaints.
SRV-005298,EMP-07931,OFC-BOS,2026-04-30,POST_RESOLUTION,4,Self-service articles were actually helpful for once.
SRV-005299,EMP-08252,OFC-NYC,2026-04-30,POST_RESOLUTION,5,Self-service articles were actually helpful for once.
SRV-005300,EMP-04432,OFC-GUR,2026-04-30,POST_RESOLUTION,4,Smooth transition. No complaints.
SRV-005301,EMP-03307,OFC-LON,2026-04-30,POST_RESOLUTION,4,Self-service articles were actually helpful for once.
SRV-005302,EMP-07561,OFC-NYC,2026-04-30,POST_RESOLUTION,4,Great experience. The AI resolved my password issue in seconds.
SRV-005303,EMP-02850,OFC-NYC,2026-04-30,POST_RESOLUTION,4,"Very intuitive workflow, much better than the legacy portal."
SRV-005304,EMP-03575,OFC-LON,2026-04-30,POST_RESOLUTION,5,The new AI system is incredibly fast. Saves me a lot of time.
SRV-005305,EMP-10504,OFC-NYC,2026-04-30,POST_RESOLUTION,4,"Very intuitive workflow, much better than the legacy portal."
SRV-005306,EMP-08324,OFC-BOS,2026-04-30,POST_RESOLUTION,4,"Very intuitive workflow, much better than the legacy portal."
SRV-005307,EMP-01110,OFC-NYC,2026-04-30,POST_RESOLUTION,4,Self-service articles were actually helpful for once.
SRV-005308,EMP-07639,OFC-NYC,2026-04-30,POST_RESOLUTION,5,The new AI system is incredibly fast. Saves me a lot of time.
SRV-005309,EMP-04579,OFC-LON,2026-04-30,POST_RESOLUTION,5,Great experience. The AI resolved my password issue in seconds.
SRV-005310,EMP-09986,OFC-NYC,2026-04-30,POST_RESOLUTION,5,Smooth transition. No complaints.
SRV-005311,EMP-06458,OFC-SIN,2026-04-30,POST_RESOLUTION,4,Great experience. The AI resolved my password issue in seconds.
SRV-005312,EMP-06920,OFC-BOS,2026-04-30,POST_RESOLUTION,4,Self-service articles were actually helpful for once.
SRV-005313,EMP-02173,OFC-NYC,2026-04-30,POST_RESOLUTION,5,Smooth transition. No complaints.
SRV-005314,EMP-03219,OFC-BOS,2026-04-30,POST_RESOLUTION,5,Great experience. The AI resolved my password issue in seconds.
SRV-005315,EMP-05385,OFC-LON,2026-04-30,POST_RESOLUTION,4,"Very intuitive workflow, much better than the legacy portal."
SRV-005316,EMP-07441,OFC-BOS,2026-04-30,POST_RESOLUTION,4,Self-service articles were actually helpful for once.
SRV-005317,EMP-03837,OFC-BOS,2026-04-30,POST_RESOLUTION,5,The new AI system is incredibly fast. Saves me a lot of time.
SRV-005318,EMP-02540,OFC-GUR,2026-04-30,POST_RESOLUTION,5,"Very intuitive workflow, much better than the legacy portal."
SRV-005319,EMP-08302,OFC-NYC,2026-04-30,POST_RESOLUTION,5,The new AI system is incredibly fast. Saves me a lot of time.
SRV-005320,EMP-08248,OFC-BOS,2026-04-30,POST_RESOLUTION,5,Smooth transition. No complaints.
SRV-005321,EMP-01685,OFC-LON,2026-04-30,POST_RESOLUTION,5,The new AI system is incredibly fast. Saves me a lot of time.
SRV-005322,EMP-10595,OFC-NYC,2026-04-30,POST_RESOLUTION,5,"Very intuitive workflow, much better than the legacy portal."
SRV-005323,EMP-05955,OFC-GUR,2026-04-30,POST_RESOLUTION,4,The new AI system is incredibly fast. Saves me a lot of time.
SRV-005324,EMP-02158,OFC-SIN,2026-04-30,POST_RESOLUTION,5,Self-service articles were actually helpful for once.
SRV-005325,EMP-09877,OFC-NYC,2026-04-30,POST_RESOLUTION,5,Self-service articles were actually helpful for once.
SRV-005326,EMP-09599,OFC-GUR,2026-04-30,POST_RESOLUTION,4,"Very intuitive workflow, much better than the legacy portal."
SRV-005327,EMP-02648,OFC-GUR,2026-04-30,POST_RESOLUTION,4,Great experience. The AI resolved my password issue in seconds.
SRV-005328,EMP-02516,OFC-LON,2026-04-30,POST_RESOLUTION,5,The new AI system is incredibly fast. Saves me a lot of time.
SRV-005329,EMP-04764,OFC-LON,2026-04-30,POST_RESOLUTION,5,"Very intuitive workflow, much better than the legacy portal."
SRV-005330,EMP-02334,OFC-SIN,2026-04-30,POST_RESOLUTION,5,The new AI system is incredibly fast. Saves me a lot of time.
SRV-005331,EMP-05726,OFC-SIN,2026-04-30,POST_RESOLUTION,5,"Very intuitive workflow, much better than the legacy portal."
SRV-005332,EMP-10393,OFC-GUR,2026-04-30,POST_RESOLUTION,4,The new AI system is incredibly fast. Saves me a lot of time.
SRV-005333,EMP-09249,OFC-GUR,2026-04-30,POST_RESOLUTION,4,Great experience. The AI resolved my password issue in seconds.
SRV-005334,EMP-02361,OFC-BOS,2026-04-30,POST_RESOLUTION,5,"Very intuitive workflow, much better than the legacy portal."
SRV-005335,EMP-04892,OFC-GUR,2026-04-30,POST_RESOLUTION,5,Self-service articles were actually helpful for once.
SRV-005336,EMP-10011,OFC-NYC,2026-04-30,POST_RESOLUTION,5,Great experience. The AI resolved my password issue in seconds.
SRV-005337,EMP-06809,OFC-NYC,2026-04-30,POST_RESOLUTION,5,Self-service articles were actually helpful for once.
SRV-005338,EMP-01396,OFC-SIN,2026-04-30,POST_RESOLUTION,5,Great experience. The AI resolved my password issue in seconds.
SRV-005339,EMP-03928,OFC-GUR,2026-04-30,POST_RESOLUTION,5,Self-service articles were actually helpful for once.
SRV-005340,EMP-02985,OFC-BOS,2026-04-30,POST_RESOLUTION,4,Great experience. The AI resolved my password issue in seconds.
SRV-005341,EMP-06169,OFC-GUR,2026-04-30,POST_RESOLUTION,5,The new AI system is incredibly fast. Saves me a lot of time.
SRV-005342,EMP-08356,OFC-SIN,2026-04-30,POST_RESOLUTION,4,Self-service articles were actually helpful for once.
SRV-005343,EMP-09236,OFC-GUR,2026-04-30,POST_RESOLUTION,4,The new AI system is incredibly fast. Saves me a lot of time.
SRV-005344,EMP-04215,OFC-BOS,2026-04-30,POST_RESOLUTION,5,"Very intuitive workflow, much better than the legacy portal."
SRV-005345,EMP-05611,OFC-BOS,2026-04-30,POST_RESOLUTION,4,The new AI system is incredibly fast. Saves me a lot of time.
SRV-005346,EMP-10642,OFC-NYC,2026-04-30,POST_RESOLUTION,5,Self-service articles were actually helpful for once.
SRV-005347,EMP-02550,OFC-SIN,2026-04-30,POST_RESOLUTION,5,Great experience. The AI resolved my password issue in seconds.
SRV-005348,EMP-03288,OFC-LON,2026-04-30,POST_RESOLUTION,4,The new AI system is incredibly fast. Saves me a lot of time.
SRV-005349,EMP-04543,OFC-NYC,2026-04-30,POST_RESOLUTION,4,Smooth transition. No complaints.
SRV-005350,EMP-10844,OFC-BOS,2026-04-30,POST_RESOLUTION,4,Great experience. The AI resolved my password issue in seconds.
SRV-005351,EMP-01894,OFC-GUR,2026-04-30,POST_RESOLUTION,4,"Very intuitive workflow, much better than the legacy portal."
SRV-005352,EMP-08642,OFC-NYC,2026-04-30,POST_RESOLUTION,4,"Very intuitive workflow, much better than the legacy portal."
SRV-005353,EMP-04221,OFC-BOS,2026-04-30,POST_RESOLUTION,4,Self-service articles were actually helpful for once.
SRV-005354,EMP-10964,OFC-LON,2026-04-30,POST_RESOLUTION,5,Great experience. The AI resolved my password issue in seconds.
SRV-005355,EMP-03741,OFC-BOS,2026-04-30,POST_RESOLUTION,5,The new AI system is incredibly fast. Saves me a lot of time.
SRV-005356,EMP-10290,OFC-LON,2026-04-30,POST_RESOLUTION,4,The new AI system is incredibly fast. Saves me a lot of time.
SRV-005357,EMP-04259,OFC-SIN,2026-04-30,POST_RESOLUTION,4,"Very intuitive workflow, much better than the legacy portal."
SRV-005358,EMP-09021,OFC-GUR,2026-04-30,POST_RESOLUTION,5,Great experience. The AI resolved my password issue in seconds.
SRV-005359,EMP-06022,OFC-SIN,2026-04-30,POST_RESOLUTION,5,Great experience. The AI resolved my password issue in seconds.
SRV-005360,EMP-06024,OFC-SIN,2026-04-30,POST_RESOLUTION,5,"Very intuitive workflow, much better than the legacy portal."
SRV-005361,EMP-01869,OFC-SIN,2026-04-30,POST_RESOLUTION,5,The new AI system is incredibly fast. Saves me a lot of time.
SRV-005362,EMP-04736,OFC-GUR,2026-04-30,POST_RESOLUTION,4,"Very intuitive workflow, much better than the legacy portal."
SRV-005363,EMP-03165,OFC-SIN,2026-04-30,POST_RESOLUTION,5,Great experience. The AI resolved my password issue in seconds.
SRV-005364,EMP-10919,OFC-NYC,2026-04-30,POST_RESOLUTION,5,The new AI system is incredibly fast. Saves me a lot of time.
SRV-005365,EMP-08405,OFC-BOS,2026-04-30,POST_RESOLUTION,5,Smooth transition. No complaints.
SRV-005366,EMP-09925,OFC-LON,2026-04-30,POST_RESOLUTION,4,"Very intuitive workflow, much better than the legacy portal."
SRV-005367,EMP-01238,OFC-LON,2026-04-30,POST_RESOLUTION,4,Great experience. The AI resolved my password issue in seconds.
SRV-005368,EMP-07191,OFC-LON,2026-04-30,POST_RESOLUTION,4,Great experience. The AI resolved my password issue in seconds.
SRV-005369,EMP-05742,OFC-BOS,2026-04-30,POST_RESOLUTION,4,Self-service articles were actually helpful for once.
SRV-005370,EMP-10004,OFC-LON,2026-04-30,POST_RESOLUTION,5,Self-service articles were actually helpful for once.
SRV-005371,EMP-08404,OFC-NYC,2026-04-30,POST_RESOLUTION,4,"Very intuitive workflow, much better than the legacy portal."
SRV-005372,EMP-07945,OFC-GUR,2026-04-30,POST_RESOLUTION,5,The new AI system is incredibly fast. Saves me a lot of time.
SRV-005373,EMP-02253,OFC-BOS,2026-04-30,POST_RESOLUTION,4,Smooth transition. No complaints.
SRV-005374,EMP-08885,OFC-GUR,2026-04-30,POST_RESOLUTION,4,Smooth transition. No complaints.
SRV-005375,EMP-07479,OFC-BOS,2026-04-30,POST_RESOLUTION,4,The new AI system is incredibly fast. Saves me a lot of time.
SRV-005376,EMP-04311,OFC-GUR,2026-04-30,POST_RESOLUTION,5,Self-service articles were actually helpful for once.
SRV-005377,EMP-04374,OFC-GUR,2026-04-30,POST_RESOLUTION,4,Great experience. The AI resolved my password issue in seconds.
SRV-005378,EMP-01309,OFC-NYC,2026-04-30,POST_RESOLUTION,5,Self-service articles were actually helpful for once.
SRV-005379,EMP-10872,OFC-NYC,2026-04-30,POST_RESOLUTION,4,"Very intuitive workflow, much better than the legacy portal."
SRV-005380,EMP-03740,OFC-NYC,2026-04-30,POST_RESOLUTION,4,Self-service articles were actually helpful for once.
SRV-005381,EMP-05306,OFC-LON,2026-04-30,POST_RESOLUTION,5,The new AI system is incredibly fast. Saves me a lot of time.
SRV-005382,EMP-04207,OFC-GUR,2026-04-30,POST_RESOLUTION,5,"Very intuitive workflow, much better than the legacy portal."
SRV-005383,EMP-07404,OFC-BOS,2026-04-30,POST_RESOLUTION,5,The new AI system is incredibly fast. Saves me a lot of time.
SRV-005384,EMP-06833,OFC-NYC,2026-04-30,POST_RESOLUTION,5,"Very intuitive workflow, much better than the legacy portal."
SRV-005385,EMP-03896,OFC-LON,2026-04-30,POST_RESOLUTION,4,Great experience. The AI resolved my password issue in seconds.
SRV-005386,EMP-06385,OFC-LON,2026-04-30,POST_RESOLUTION,5,Self-service articles were actually helpful for once.
SRV-005387,EMP-02179,OFC-LON,2026-04-30,POST_RESOLUTION,5,The new AI system is incredibly fast. Saves me a lot of time.
SRV-005388,EMP-03471,OFC-SIN,2026-04-30,POST_RESOLUTION,5,"Very intuitive workflow, much better than the legacy portal."
SRV-005389,EMP-06572,OFC-GUR,2026-04-30,POST_RESOLUTION,4,Self-service articles were actually helpful for once.
SRV-005390,EMP-07865,OFC-NYC,2026-04-30,POST_RESOLUTION,4,Smooth transition. No complaints.
SRV-005391,EMP-03141,OFC-LON,2026-04-30,POST_RESOLUTION,4,The new AI system is incredibly fast. Saves me a lot of time.
SRV-005392,EMP-03377,OFC-GUR,2026-04-30,POST_RESOLUTION,4,Great experience. The AI resolved my password issue in seconds.
SRV-005393,EMP-06075,OFC-LON,2026-04-30,POST_RESOLUTION,4,"Very intuitive workflow, much better than the legacy portal."
SRV-005394,EMP-08053,OFC-LON,2026-04-30,POST_RESOLUTION,4,The new AI system is incredibly fast. Saves me a lot of time.
SRV-005395,EMP-07329,OFC-BOS,2026-04-30,POST_RESOLUTION,4,The new AI system is incredibly fast. Saves me a lot of time.
SRV-005396,EMP-10423,OFC-NYC,2026-04-30,POST_RESOLUTION,4,Smooth transition. No complaints.
SRV-005397,EMP-02652,OFC-NYC,2026-04-30,POST_RESOLUTION,4,Great experience. The AI resolved my password issue in seconds.
SRV-005398,EMP-09889,OFC-BOS,2026-04-30,POST_RESOLUTION,5,Smooth transition. No complaints.
SRV-005399,EMP-08130,OFC-NYC,2026-04-30,POST_RESOLUTION,4,"Very intuitive workflow, much better than the legacy portal."
SRV-005400,EMP-10611,OFC-BOS,2026-04-30,POST_RESOLUTION,5,Self-service articles were actually helpful for once.
SRV-005401,EMP-08607,OFC-LON,2026-05-07,POST_RESOLUTION,4,The new AI system is incredibly fast. Saves me a lot of time.
SRV-005402,EMP-02762,OFC-BOS,2026-05-07,POST_RESOLUTION,5,"Very intuitive workflow, much better than the legacy portal."
SRV-005403,EMP-04901,OFC-NYC,2026-05-07,POST_RESOLUTION,5,"Very intuitive workflow, much better than the legacy portal."
SRV-005404,EMP-04665,OFC-NYC,2026-05-07,POST_RESOLUTION,4,Great experience. The AI resolved my password issue in seconds.
SRV-005405,EMP-09951,OFC-GUR,2026-05-07,POST_RESOLUTION,4,The new AI system is incredibly fast. Saves me a lot of time.
SRV-005406,EMP-03540,OFC-GUR,2026-05-07,POST_RESOLUTION,5,Smooth transition. No complaints.
SRV-005407,EMP-05462,OFC-SIN,2026-05-07,POST_RESOLUTION,5,Self-service articles were actually helpful for once.
SRV-005408,EMP-06365,OFC-SIN,2026-05-07,POST_RESOLUTION,5,The new AI system is incredibly fast. Saves me a lot of time.
SRV-005409,EMP-05165,OFC-NYC,2026-05-07,POST_RESOLUTION,4,The new AI system is incredibly fast. Saves me a lot of time.
SRV-005410,EMP-02495,OFC-GUR,2026-05-07,POST_RESOLUTION,5,Self-service articles were actually helpful for once.
SRV-005411,EMP-04989,OFC-SIN,2026-05-07,POST_RESOLUTION,4,"Very intuitive workflow, much better than the legacy portal."
SRV-005412,EMP-09100,OFC-GUR,2026-05-07,POST_RESOLUTION,4,Smooth transition. No complaints.
SRV-005413,EMP-04266,OFC-LON,2026-05-07,POST_RESOLUTION,5,The new AI system is incredibly fast. Saves me a lot of time.
SRV-005414,EMP-04377,OFC-BOS,2026-05-07,POST_RESOLUTION,5,"Very intuitive workflow, much better than the legacy portal."
SRV-005415,EMP-03570,OFC-NYC,2026-05-07,POST_RESOLUTION,4,Great experience. The AI resolved my password issue in seconds.
SRV-005416,EMP-08729,OFC-LON,2026-05-07,POST_RESOLUTION,4,"Very intuitive workflow, much better than the legacy portal."
SRV-005417,EMP-08471,OFC-BOS,2026-05-07,POST_RESOLUTION,4,Self-service articles were actually helpful for once.
SRV-005418,EMP-08144,OFC-SIN,2026-05-07,POST_RESOLUTION,4,Smooth transition. No complaints.
SRV-005419,EMP-08138,OFC-GUR,2026-05-07,POST_RESOLUTION,4,Self-service articles were actually helpful for once.
SRV-005420,EMP-09876,OFC-BOS,2026-05-07,POST_RESOLUTION,5,Great experience. The AI resolved my password issue in seconds.
SRV-005421,EMP-02075,OFC-NYC,2026-05-07,POST_RESOLUTION,5,"Very intuitive workflow, much better than the legacy portal."
SRV-005422,EMP-08303,OFC-SIN,2026-05-07,POST_RESOLUTION,5,The new AI system is incredibly fast. Saves me a lot of time.
SRV-005423,EMP-06902,OFC-BOS,2026-05-07,POST_RESOLUTION,4,Great experience. The AI resolved my password issue in seconds.
SRV-005424,EMP-01281,OFC-NYC,2026-05-07,POST_RESOLUTION,5,Self-service articles were actually helpful for once.
SRV-005425,EMP-05535,OFC-LON,2026-05-07,POST_RESOLUTION,5,"Very intuitive workflow, much better than the legacy portal."
SRV-005426,EMP-07345,OFC-BOS,2026-05-07,POST_RESOLUTION,4,Self-service articles were actually helpful for once.
SRV-005427,EMP-03419,OFC-NYC,2026-05-07,POST_RESOLUTION,5,The new AI system is incredibly fast. Saves me a lot of time.
SRV-005428,EMP-01122,OFC-NYC,2026-05-07,POST_RESOLUTION,5,Great experience. The AI resolved my password issue in seconds.
SRV-005429,EMP-03082,OFC-LON,2026-05-07,POST_RESOLUTION,4,Great experience. The AI resolved my password issue in seconds.
SRV-005430,EMP-09486,OFC-BOS,2026-05-07,POST_RESOLUTION,5,Smooth transition. No complaints.
SRV-005431,EMP-07234,OFC-NYC,2026-05-07,POST_RESOLUTION,4,Self-service articles were actually helpful for once.
SRV-005432,EMP-04204,OFC-GUR,2026-05-07,POST_RESOLUTION,5,Smooth transition. No complaints.
SRV-005433,EMP-02605,OFC-LON,2026-05-07,POST_RESOLUTION,5,Great experience. The AI resolved my password issue in seconds.
SRV-005434,EMP-03999,OFC-SIN,2026-05-07,POST_RESOLUTION,5,"Very intuitive workflow, much better than the legacy portal."
SRV-005435,EMP-08531,OFC-BOS,2026-05-07,POST_RESOLUTION,4,Smooth transition. No complaints.
SRV-005436,EMP-08355,OFC-GUR,2026-05-07,POST_RESOLUTION,5,"Very intuitive workflow, much better than the legacy portal."
SRV-005437,EMP-01163,OFC-LON,2026-05-07,POST_RESOLUTION,4,Smooth transition. No complaints.
SRV-005438,EMP-06309,OFC-SIN,2026-05-07,POST_RESOLUTION,4,Self-service articles were actually helpful for once.
SRV-005439,EMP-08758,OFC-SIN,2026-05-07,POST_RESOLUTION,5,Self-service articles were actually helpful for once.
SRV-005440,EMP-08529,OFC-NYC,2026-05-07,POST_RESOLUTION,5,Great experience. The AI resolved my password issue in seconds.
SRV-005441,EMP-04613,OFC-GUR,2026-05-07,POST_RESOLUTION,5,Self-service articles were actually helpful for once.
SRV-005442,EMP-08544,OFC-BOS,2026-05-07,POST_RESOLUTION,5,Smooth transition. No complaints.
SRV-005443,EMP-01736,OFC-NYC,2026-05-07,POST_RESOLUTION,4,Smooth transition. No complaints.
SRV-005444,EMP-01184,OFC-NYC,2026-05-07,POST_RESOLUTION,4,"Very intuitive workflow, much better than the legacy portal."
SRV-005445,EMP-01364,OFC-SIN,2026-05-07,POST_RESOLUTION,5,The new AI system is incredibly fast. Saves me a lot of time.
SRV-005446,EMP-08640,OFC-LON,2026-05-07,POST_RESOLUTION,5,Smooth transition. No complaints.
SRV-005447,EMP-05999,OFC-LON,2026-05-07,POST_RESOLUTION,5,"Very intuitive workflow, much better than the legacy portal."
SRV-005448,EMP-09188,OFC-LON,2026-05-07,POST_RESOLUTION,4,Great experience. The AI resolved my password issue in seconds.
SRV-005449,EMP-07154,OFC-BOS,2026-05-07,POST_RESOLUTION,5,Self-service articles were actually helpful for once.
SRV-005450,EMP-03585,OFC-LON,2026-05-07,POST_RESOLUTION,4,Self-service articles were actually helpful for once.
SRV-005451,EMP-01159,OFC-GUR,2026-05-07,POST_RESOLUTION,5,Smooth transition. No complaints.
SRV-005452,EMP-05237,OFC-GUR,2026-05-07,POST_RESOLUTION,4,Self-service articles were actually helpful for once.
SRV-005453,EMP-01688,OFC-GUR,2026-05-07,POST_RESOLUTION,4,Great experience. The AI resolved my password issue in seconds.
SRV-005454,EMP-06454,OFC-GUR,2026-05-07,POST_RESOLUTION,5,The new AI system is incredibly fast. Saves me a lot of time.
SRV-005455,EMP-04828,OFC-GUR,2026-05-07,POST_RESOLUTION,5,Smooth transition. No complaints.
SRV-005456,EMP-07528,OFC-NYC,2026-05-07,POST_RESOLUTION,4,Great experience. The AI resolved my password issue in seconds.
SRV-005457,EMP-06679,OFC-BOS,2026-05-07,POST_RESOLUTION,4,"Very intuitive workflow, much better than the legacy portal."
SRV-005458,EMP-03275,OFC-LON,2026-05-07,POST_RESOLUTION,4,The new AI system is incredibly fast. Saves me a lot of time.
SRV-005459,EMP-10790,OFC-NYC,2026-05-07,POST_RESOLUTION,5,Smooth transition. No complaints.
SRV-005460,EMP-05672,OFC-GUR,2026-05-07,POST_RESOLUTION,5,Self-service articles were actually helpful for once.
SRV-005461,EMP-09314,OFC-NYC,2026-05-07,POST_RESOLUTION,5,Smooth transition. No complaints.
SRV-005462,EMP-07687,OFC-NYC,2026-05-07,POST_RESOLUTION,4,"Very intuitive workflow, much better than the legacy portal."
SRV-005463,EMP-03271,OFC-NYC,2026-05-07,POST_RESOLUTION,4,Self-service articles were actually helpful for once.
SRV-005464,EMP-09372,OFC-NYC,2026-05-07,POST_RESOLUTION,5,The new AI system is incredibly fast. Saves me a lot of time.
SRV-005465,EMP-01037,OFC-BOS,2026-05-07,POST_RESOLUTION,4,Smooth transition. No complaints.
SRV-005466,EMP-07414,OFC-BOS,2026-05-07,POST_RESOLUTION,5,Great experience. The AI resolved my password issue in seconds.
SRV-005467,EMP-05859,OFC-SIN,2026-05-07,POST_RESOLUTION,4,"Very intuitive workflow, much better than the legacy portal."
SRV-005468,EMP-08456,OFC-LON,2026-05-07,POST_RESOLUTION,5,Smooth transition. No complaints.
SRV-005469,EMP-05034,OFC-BOS,2026-05-07,POST_RESOLUTION,4,Great experience. The AI resolved my password issue in seconds.
SRV-005470,EMP-09614,OFC-BOS,2026-05-07,POST_RESOLUTION,5,Smooth transition. No complaints.
SRV-005471,EMP-09580,OFC-NYC,2026-05-07,POST_RESOLUTION,4,"Very intuitive workflow, much better than the legacy portal."
SRV-005472,EMP-05213,OFC-BOS,2026-05-07,POST_RESOLUTION,5,Smooth transition. No complaints.
SRV-005473,EMP-02018,OFC-SIN,2026-05-07,POST_RESOLUTION,4,Self-service articles were actually helpful for once.
SRV-005474,EMP-04604,OFC-BOS,2026-05-07,POST_RESOLUTION,4,Self-service articles were actually helpful for once.
SRV-005475,EMP-07093,OFC-LON,2026-05-07,POST_RESOLUTION,4,Great experience. The AI resolved my password issue in seconds.
SRV-005476,EMP-08762,OFC-NYC,2026-05-07,POST_RESOLUTION,4,Self-service articles were actually helpful for once.
SRV-005477,EMP-05749,OFC-GUR,2026-05-07,POST_RESOLUTION,4,The new AI system is incredibly fast. Saves me a lot of time.
SRV-005478,EMP-01795,OFC-SIN,2026-05-07,POST_RESOLUTION,5,The new AI system is incredibly fast. Saves me a lot of time.
SRV-005479,EMP-03098,OFC-GUR,2026-05-07,POST_RESOLUTION,5,Smooth transition. No complaints.
SRV-005480,EMP-08133,OFC-BOS,2026-05-07,POST_RESOLUTION,5,The new AI system is incredibly fast. Saves me a lot of time.
SRV-005481,EMP-04922,OFC-GUR,2026-05-07,POST_RESOLUTION,5,The new AI system is incredibly fast. Saves me a lot of time.
SRV-005482,EMP-09054,OFC-GUR,2026-05-07,POST_RESOLUTION,5,"Very intuitive workflow, much better than the legacy portal."
SRV-005483,EMP-04890,OFC-GUR,2026-05-07,POST_RESOLUTION,5,"Very intuitive workflow, much better than the legacy portal."
SRV-005484,EMP-10512,OFC-BOS,2026-05-07,POST_RESOLUTION,5,The new AI system is incredibly fast. Saves me a lot of time.
SRV-005485,EMP-05109,OFC-LON,2026-05-07,POST_RESOLUTION,4,"Very intuitive workflow, much better than the legacy portal."
SRV-005486,EMP-09828,OFC-NYC,2026-05-07,POST_RESOLUTION,5,The new AI system is incredibly fast. Saves me a lot of time.
SRV-005487,EMP-08329,OFC-LON,2026-05-07,POST_RESOLUTION,4,Great experience. The AI resolved my password issue in seconds.
SRV-005488,EMP-01271,OFC-GUR,2026-05-07,POST_RESOLUTION,5,"Very intuitive workflow, much better than the legacy portal."
SRV-005489,EMP-03783,OFC-GUR,2026-05-07,POST_RESOLUTION,4,The new AI system is incredibly fast. Saves me a lot of time.
SRV-005490,EMP-08467,OFC-GUR,2026-05-07,POST_RESOLUTION,4,The new AI system is incredibly fast. Saves me a lot of time.
SRV-005491,EMP-08214,OFC-BOS,2026-05-07,POST_RESOLUTION,5,Smooth transition. No complaints.
SRV-005492,EMP-02623,OFC-SIN,2026-05-07,POST_RESOLUTION,4,Great experience. The AI resolved my password issue in seconds.
SRV-005493,EMP-09236,OFC-GUR,2026-05-07,POST_RESOLUTION,4,Great experience. The AI resolved my password issue in seconds.
SRV-005494,EMP-07929,OFC-LON,2026-05-07,POST_RESOLUTION,4,Smooth transition. No complaints.
SRV-005495,EMP-10123,OFC-SIN,2026-05-07,POST_RESOLUTION,4,Smooth transition. No complaints.
SRV-005496,EMP-01955,OFC-NYC,2026-05-07,POST_RESOLUTION,4,Smooth transition. No complaints.
SRV-005497,EMP-10556,OFC-BOS,2026-05-07,POST_RESOLUTION,4,Self-service articles were actually helpful for once.
SRV-005498,EMP-10505,OFC-LON,2026-05-07,POST_RESOLUTION,5,The new AI system is incredibly fast. Saves me a lot of time.
SRV-005499,EMP-04979,OFC-NYC,2026-05-07,POST_RESOLUTION,5,Self-service articles were actually helpful for once.
SRV-005500,EMP-02567,OFC-BOS,2026-05-07,POST_RESOLUTION,5,"Very intuitive workflow, much better than the legacy portal."
SRV-005501,EMP-03449,OFC-NYC,2026-05-07,POST_RESOLUTION,5,Smooth transition. No complaints.
SRV-005502,EMP-07922,OFC-BOS,2026-05-07,POST_RESOLUTION,5,The new AI system is incredibly fast. Saves me a lot of time.
SRV-005503,EMP-05767,OFC-BOS,2026-05-07,POST_RESOLUTION,4,The new AI system is incredibly fast. Saves me a lot of time.
SRV-005504,EMP-01010,OFC-BOS,2026-05-07,POST_RESOLUTION,5,"Very intuitive workflow, much better than the legacy portal."
SRV-005505,EMP-01208,OFC-BOS,2026-05-07,POST_RESOLUTION,5,Great experience. The AI resolved my password issue in seconds.
SRV-005506,EMP-10178,OFC-LON,2026-05-07,POST_RESOLUTION,4,The new AI system is incredibly fast. Saves me a lot of time.
SRV-005507,EMP-02676,OFC-BOS,2026-05-07,POST_RESOLUTION,4,Great experience. The AI resolved my password issue in seconds.
SRV-005508,EMP-02410,OFC-BOS,2026-05-07,POST_RESOLUTION,5,The new AI system is incredibly fast. Saves me a lot of time.
SRV-005509,EMP-09966,OFC-LON,2026-05-07,POST_RESOLUTION,4,Self-service articles were actually helpful for once.
SRV-005510,EMP-07071,OFC-NYC,2026-05-07,POST_RESOLUTION,5,Smooth transition. No complaints.
SRV-005511,EMP-08202,OFC-LON,2026-05-07,POST_RESOLUTION,5,Great experience. The AI resolved my password issue in seconds.
SRV-005512,EMP-06171,OFC-LON,2026-05-07,POST_RESOLUTION,5,Self-service articles were actually helpful for once.
SRV-005513,EMP-03933,OFC-LON,2026-05-07,POST_RESOLUTION,5,The new AI system is incredibly fast. Saves me a lot of time.
SRV-005514,EMP-07548,OFC-BOS,2026-05-07,POST_RESOLUTION,4,Smooth transition. No complaints.
SRV-005515,EMP-03504,OFC-BOS,2026-05-07,POST_RESOLUTION,5,Self-service articles were actually helpful for once.
SRV-005516,EMP-06760,OFC-GUR,2026-05-07,POST_RESOLUTION,4,Smooth transition. No complaints.
SRV-005517,EMP-05259,OFC-NYC,2026-05-07,POST_RESOLUTION,4,The new AI system is incredibly fast. Saves me a lot of time.
SRV-005518,EMP-07079,OFC-NYC,2026-05-07,POST_RESOLUTION,5,The new AI system is incredibly fast. Saves me a lot of time.
SRV-005519,EMP-08318,OFC-NYC,2026-05-07,POST_RESOLUTION,5,Self-service articles were actually helpful for once.
SRV-005520,EMP-08791,OFC-BOS,2026-05-07,POST_RESOLUTION,5,The new AI system is incredibly fast. Saves me a lot of time.
SRV-005521,EMP-02671,OFC-SIN,2026-05-07,POST_RESOLUTION,5,"Very intuitive workflow, much better than the legacy portal."
SRV-005522,EMP-10395,OFC-BOS,2026-05-07,POST_RESOLUTION,4,Smooth transition. No complaints.
SRV-005523,EMP-09927,OFC-BOS,2026-05-07,POST_RESOLUTION,5,The new AI system is incredibly fast. Saves me a lot of time.
SRV-005524,EMP-06340,OFC-GUR,2026-05-07,POST_RESOLUTION,5,The new AI system is incredibly fast. Saves me a lot of time.
SRV-005525,EMP-04857,OFC-LON,2026-05-07,POST_RESOLUTION,4,"Very intuitive workflow, much better than the legacy portal."
SRV-005526,EMP-02001,OFC-LON,2026-05-07,POST_RESOLUTION,4,Smooth transition. No complaints.
SRV-005527,EMP-10112,OFC-LON,2026-05-07,POST_RESOLUTION,5,Great experience. The AI resolved my password issue in seconds.
SRV-005528,EMP-05080,OFC-GUR,2026-05-07,POST_RESOLUTION,4,"Very intuitive workflow, much better than the legacy portal."
SRV-005529,EMP-02564,OFC-GUR,2026-05-07,POST_RESOLUTION,5,"Very intuitive workflow, much better than the legacy portal."
SRV-005530,EMP-08195,OFC-LON,2026-05-07,POST_RESOLUTION,4,Smooth transition. No complaints.
SRV-005531,EMP-09649,OFC-BOS,2026-05-07,POST_RESOLUTION,4,"Very intuitive workflow, much better than the legacy portal."
SRV-005532,EMP-06487,OFC-GUR,2026-05-07,POST_RESOLUTION,5,Smooth transition. No complaints.
SRV-005533,EMP-02017,OFC-LON,2026-05-07,POST_RESOLUTION,4,"Very intuitive workflow, much better than the legacy portal."
SRV-005534,EMP-03767,OFC-BOS,2026-05-07,POST_RESOLUTION,5,Smooth transition. No complaints.
SRV-005535,EMP-03030,OFC-BOS,2026-05-07,POST_RESOLUTION,5,Smooth transition. No complaints.
SRV-005536,EMP-09291,OFC-GUR,2026-05-07,POST_RESOLUTION,4,Great experience. The AI resolved my password issue in seconds.
SRV-005537,EMP-09619,OFC-BOS,2026-05-07,POST_RESOLUTION,5,The new AI system is incredibly fast. Saves me a lot of time.
SRV-005538,EMP-07579,OFC-LON,2026-05-07,POST_RESOLUTION,5,Smooth transition. No complaints.
SRV-005539,EMP-03359,OFC-BOS,2026-05-07,POST_RESOLUTION,4,Self-service articles were actually helpful for once.
SRV-005540,EMP-05817,OFC-GUR,2026-05-07,POST_RESOLUTION,4,Great experience. The AI resolved my password issue in seconds.
SRV-005541,EMP-02229,OFC-NYC,2026-05-07,POST_RESOLUTION,5,Great experience. The AI resolved my password issue in seconds.
SRV-005542,EMP-06369,OFC-BOS,2026-05-07,POST_RESOLUTION,4,The new AI system is incredibly fast. Saves me a lot of time.
SRV-005543,EMP-03403,OFC-NYC,2026-05-07,POST_RESOLUTION,4,"Very intuitive workflow, much better than the legacy portal."
SRV-005544,EMP-06962,OFC-NYC,2026-05-07,POST_RESOLUTION,5,"Very intuitive workflow, much better than the legacy portal."
SRV-005545,EMP-09552,OFC-LON,2026-05-07,POST_RESOLUTION,4,Smooth transition. No complaints.
SRV-005546,EMP-06921,OFC-SIN,2026-05-07,POST_RESOLUTION,5,Great experience. The AI resolved my password issue in seconds.
SRV-005547,EMP-08159,OFC-LON,2026-05-07,POST_RESOLUTION,4,Smooth transition. No complaints.
SRV-005548,EMP-05504,OFC-LON,2026-05-07,POST_RESOLUTION,4,Self-service articles were actually helpful for once.
SRV-005549,EMP-02565,OFC-NYC,2026-05-07,POST_RESOLUTION,5,"Very intuitive workflow, much better than the legacy portal."
SRV-005550,EMP-02687,OFC-LON,2026-05-07,POST_RESOLUTION,5,Smooth transition. No complaints.
SRV-005551,EMP-06985,OFC-BOS,2026-05-07,POST_RESOLUTION,4,Smooth transition. No complaints.
SRV-005552,EMP-07900,OFC-BOS,2026-05-07,POST_RESOLUTION,5,Great experience. The AI resolved my password issue in seconds.
SRV-005553,EMP-06476,OFC-NYC,2026-05-07,POST_RESOLUTION,5,Self-service articles were actually helpful for once.
SRV-005554,EMP-02196,OFC-SIN,2026-05-07,POST_RESOLUTION,5,Self-service articles were actually helpful for once.
SRV-005555,EMP-07838,OFC-BOS,2026-05-07,POST_RESOLUTION,4,Smooth transition. No complaints.
SRV-005556,EMP-08412,OFC-NYC,2026-05-07,POST_RESOLUTION,4,Self-service articles were actually helpful for once.
SRV-005557,EMP-02787,OFC-LON,2026-05-07,POST_RESOLUTION,5,Self-service articles were actually helpful for once.
SRV-005558,EMP-01013,OFC-BOS,2026-05-07,POST_RESOLUTION,4,Great experience. The AI resolved my password issue in seconds.
SRV-005559,EMP-04067,OFC-SIN,2026-05-07,POST_RESOLUTION,4,Great experience. The AI resolved my password issue in seconds.
SRV-005560,EMP-02796,OFC-GUR,2026-05-07,POST_RESOLUTION,5,Self-service articles were actually helpful for once.
SRV-005561,EMP-02972,OFC-NYC,2026-05-07,POST_RESOLUTION,5,Smooth transition. No complaints.
SRV-005562,EMP-09389,OFC-BOS,2026-05-07,POST_RESOLUTION,5,"Very intuitive workflow, much better than the legacy portal."
SRV-005563,EMP-01521,OFC-NYC,2026-05-07,POST_RESOLUTION,5,Smooth transition. No complaints.
SRV-005564,EMP-04662,OFC-BOS,2026-05-07,POST_RESOLUTION,4,Smooth transition. No complaints.
SRV-005565,EMP-03420,OFC-BOS,2026-05-07,POST_RESOLUTION,4,"Very intuitive workflow, much better than the legacy portal."
SRV-005566,EMP-10931,OFC-BOS,2026-05-07,POST_RESOLUTION,5,Great experience. The AI resolved my password issue in seconds.
SRV-005567,EMP-10874,OFC-LON,2026-05-07,POST_RESOLUTION,5,Smooth transition. No complaints.
SRV-005568,EMP-05232,OFC-NYC,2026-05-07,POST_RESOLUTION,4,Self-service articles were actually helpful for once.
SRV-005569,EMP-10690,OFC-SIN,2026-05-07,POST_RESOLUTION,5,Self-service articles were actually helpful for once.
SRV-005570,EMP-03928,OFC-GUR,2026-05-07,POST_RESOLUTION,5,Great experience. The AI resolved my password issue in seconds.
SRV-005571,EMP-03002,OFC-SIN,2026-05-07,POST_RESOLUTION,5,Great experience. The AI resolved my password issue in seconds.
SRV-005572,EMP-07987,OFC-LON,2026-05-07,POST_RESOLUTION,4,Great experience. The AI resolved my password issue in seconds.
SRV-005573,EMP-09267,OFC-NYC,2026-05-07,POST_RESOLUTION,4,The new AI system is incredibly fast. Saves me a lot of time.
SRV-005574,EMP-04015,OFC-NYC,2026-05-07,POST_RESOLUTION,4,The new AI system is incredibly fast. Saves me a lot of time.
SRV-005575,EMP-01514,OFC-BOS,2026-05-07,POST_RESOLUTION,4,Self-service articles were actually helpful for once.
SRV-005576,EMP-02516,OFC-LON,2026-05-07,POST_RESOLUTION,4,Smooth transition. No complaints.
SRV-005577,EMP-07216,OFC-BOS,2026-05-07,POST_RESOLUTION,5,The new AI system is incredibly fast. Saves me a lot of time.
SRV-005578,EMP-02431,OFC-LON,2026-05-07,POST_RESOLUTION,4,Smooth transition. No complaints.
SRV-005579,EMP-10497,OFC-NYC,2026-05-07,POST_RESOLUTION,4,"Very intuitive workflow, much better than the legacy portal."
SRV-005580,EMP-03048,OFC-LON,2026-05-07,POST_RESOLUTION,4,Self-service articles were actually helpful for once.
SRV-005581,EMP-07072,OFC-BOS,2026-05-07,POST_RESOLUTION,5,The new AI system is incredibly fast. Saves me a lot of time.
SRV-005582,EMP-04078,OFC-BOS,2026-05-07,POST_RESOLUTION,5,Self-service articles were actually helpful for once.
SRV-005583,EMP-07179,OFC-NYC,2026-05-07,POST_RESOLUTION,5,"Very intuitive workflow, much better than the legacy portal."
SRV-005584,EMP-05685,OFC-NYC,2026-05-07,POST_RESOLUTION,4,"Very intuitive workflow, much better than the legacy portal."
SRV-005585,EMP-08361,OFC-LON,2026-05-07,POST_RESOLUTION,5,Self-service articles were actually helpful for once.
SRV-005586,EMP-10629,OFC-NYC,2026-05-07,POST_RESOLUTION,5,The new AI system is incredibly fast. Saves me a lot of time.
SRV-005587,EMP-10219,OFC-BOS,2026-05-07,POST_RESOLUTION,5,Self-service articles were actually helpful for once.
SRV-005588,EMP-10759,OFC-LON,2026-05-07,POST_RESOLUTION,4,Smooth transition. No complaints.
SRV-005589,EMP-09148,OFC-NYC,2026-05-07,POST_RESOLUTION,5,Smooth transition. No complaints.
SRV-005590,EMP-06012,OFC-LON,2026-05-07,POST_RESOLUTION,5,Smooth transition. No complaints.
SRV-005591,EMP-10818,OFC-NYC,2026-05-07,POST_RESOLUTION,4,Smooth transition. No complaints.
SRV-005592,EMP-07525,OFC-SIN,2026-05-07,POST_RESOLUTION,4,Smooth transition. No complaints.
SRV-005593,EMP-02770,OFC-LON,2026-05-07,POST_RESOLUTION,5,"Very intuitive workflow, much better than the legacy portal."
SRV-005594,EMP-09850,OFC-SIN,2026-05-07,POST_RESOLUTION,4,The new AI system is incredibly fast. Saves me a lot of time.
SRV-005595,EMP-07494,OFC-SIN,2026-05-07,POST_RESOLUTION,5,The new AI system is incredibly fast. Saves me a lot of time.
SRV-005596,EMP-02153,OFC-GUR,2026-05-07,POST_RESOLUTION,4,Great experience. The AI resolved my password issue in seconds.
SRV-005597,EMP-08553,OFC-LON,2026-05-07,POST_RESOLUTION,4,Self-service articles were actually helpful for once.
SRV-005598,EMP-02753,OFC-BOS,2026-05-07,POST_RESOLUTION,4,"Very intuitive workflow, much better than the legacy portal."
SRV-005599,EMP-10535,OFC-NYC,2026-05-07,POST_RESOLUTION,5,"Very intuitive workflow, much better than the legacy portal."
SRV-005600,EMP-10363,OFC-BOS,2026-05-07,POST_RESOLUTION,5,Self-service articles were actually helpful for once.
SRV-005601,EMP-03206,OFC-NYC,2026-05-07,POST_RESOLUTION,5,Self-service articles were actually helpful for once.
SRV-005602,EMP-01257,OFC-GUR,2026-05-07,POST_RESOLUTION,5,Smooth transition. No complaints.
SRV-005603,EMP-08268,OFC-LON,2026-05-07,POST_RESOLUTION,4,"Very intuitive workflow, much better than the legacy portal."
SRV-005604,EMP-08001,OFC-BOS,2026-05-07,POST_RESOLUTION,5,"Very intuitive workflow, much better than the legacy portal."
SRV-005605,EMP-08963,OFC-LON,2026-05-07,POST_RESOLUTION,4,Self-service articles were actually helpful for once.
SRV-005606,EMP-02054,OFC-SIN,2026-05-07,POST_RESOLUTION,5,Self-service articles were actually helpful for once.
SRV-005607,EMP-07593,OFC-SIN,2026-05-07,POST_RESOLUTION,5,The new AI system is incredibly fast. Saves me a lot of time.
SRV-005608,EMP-08543,OFC-SIN,2026-05-07,POST_RESOLUTION,4,Smooth transition. No complaints.
SRV-005609,EMP-08679,OFC-BOS,2026-05-07,POST_RESOLUTION,5,Great experience. The AI resolved my password issue in seconds.
SRV-005610,EMP-04119,OFC-BOS,2026-05-07,POST_RESOLUTION,4,Smooth transition. No complaints.
SRV-005611,EMP-08984,OFC-NYC,2026-05-07,POST_RESOLUTION,5,"Very intuitive workflow, much better than the legacy portal."
SRV-005612,EMP-04437,OFC-LON,2026-05-07,POST_RESOLUTION,4,The new AI system is incredibly fast. Saves me a lot of time.
SRV-005613,EMP-07185,OFC-GUR,2026-05-07,POST_RESOLUTION,4,Self-service articles were actually helpful for once.
SRV-005614,EMP-10555,OFC-GUR,2026-05-07,POST_RESOLUTION,4,Great experience. The AI resolved my password issue in seconds.
SRV-005615,EMP-10015,OFC-BOS,2026-05-07,POST_RESOLUTION,5,"Very intuitive workflow, much better than the legacy portal."
SRV-005616,EMP-04295,OFC-BOS,2026-05-07,POST_RESOLUTION,5,Great experience. The AI resolved my password issue in seconds.
SRV-005617,EMP-09728,OFC-NYC,2026-05-07,POST_RESOLUTION,5,Smooth transition. No complaints.
SRV-005618,EMP-09024,OFC-BOS,2026-05-07,POST_RESOLUTION,4,The new AI system is incredibly fast. Saves me a lot of time.
SRV-005619,EMP-02593,OFC-BOS,2026-05-07,POST_RESOLUTION,5,Smooth transition. No complaints.
SRV-005620,EMP-02866,OFC-BOS,2026-05-07,POST_RESOLUTION,5,Self-service articles were actually helpful for once.
SRV-005621,EMP-06642,OFC-NYC,2026-05-07,POST_RESOLUTION,5,The new AI system is incredibly fast. Saves me a lot of time.
SRV-005622,EMP-02193,OFC-LON,2026-05-07,POST_RESOLUTION,4,Smooth transition. No complaints.
SRV-005623,EMP-07641,OFC-GUR,2026-05-07,POST_RESOLUTION,5,Great experience. The AI resolved my password issue in seconds.
SRV-005624,EMP-03472,OFC-SIN,2026-05-07,POST_RESOLUTION,4,The new AI system is incredibly fast. Saves me a lot of time.
SRV-005625,EMP-05754,OFC-SIN,2026-05-07,POST_RESOLUTION,4,The new AI system is incredibly fast. Saves me a lot of time.
SRV-005626,EMP-06511,OFC-SIN,2026-05-07,POST_RESOLUTION,5,Self-service articles were actually helpful for once.
SRV-005627,EMP-10627,OFC-SIN,2026-05-07,POST_RESOLUTION,4,Self-service articles were actually helpful for once.
SRV-005628,EMP-08082,OFC-NYC,2026-05-07,POST_RESOLUTION,5,Great experience. The AI resolved my password issue in seconds.
SRV-005629,EMP-03777,OFC-BOS,2026-05-07,POST_RESOLUTION,5,Great experience. The AI resolved my password issue in seconds.
SRV-005630,EMP-08676,OFC-GUR,2026-05-07,POST_RESOLUTION,4,The new AI system is incredibly fast. Saves me a lot of time.
SRV-005631,EMP-04708,OFC-NYC,2026-05-07,POST_RESOLUTION,4,"Very intuitive workflow, much better than the legacy portal."
SRV-005632,EMP-02059,OFC-LON,2026-05-07,POST_RESOLUTION,4,Smooth transition. No complaints.
SRV-005633,EMP-04282,OFC-SIN,2026-05-07,POST_RESOLUTION,4,The new AI system is incredibly fast. Saves me a lot of time.
SRV-005634,EMP-10536,OFC-LON,2026-05-07,POST_RESOLUTION,4,Great experience. The AI resolved my password issue in seconds.
SRV-005635,EMP-05028,OFC-GUR,2026-05-07,POST_RESOLUTION,5,The new AI system is incredibly fast. Saves me a lot of time.
SRV-005636,EMP-10955,OFC-NYC,2026-05-07,POST_RESOLUTION,5,Self-service articles were actually helpful for once.
SRV-005637,EMP-05524,OFC-GUR,2026-05-07,POST_RESOLUTION,4,Smooth transition. No complaints.
SRV-005638,EMP-01252,OFC-SIN,2026-05-07,POST_RESOLUTION,5,The new AI system is incredibly fast. Saves me a lot of time.
SRV-005639,EMP-02849,OFC-LON,2026-05-07,POST_RESOLUTION,5,Self-service articles were actually helpful for once.
SRV-005640,EMP-10970,OFC-BOS,2026-05-07,POST_RESOLUTION,4,Smooth transition. No complaints.
SRV-005641,EMP-10737,OFC-BOS,2026-05-07,POST_RESOLUTION,5,Smooth transition. No complaints.
SRV-005642,EMP-01816,OFC-LON,2026-05-07,POST_RESOLUTION,4,"Very intuitive workflow, much better than the legacy portal."
SRV-005643,EMP-09368,OFC-LON,2026-05-07,POST_RESOLUTION,4,Self-service articles were actually helpful for once.
SRV-005644,EMP-02275,OFC-BOS,2026-05-07,POST_RESOLUTION,5,Smooth transition. No complaints.
SRV-005645,EMP-05273,OFC-LON,2026-05-07,POST_RESOLUTION,5,"Very intuitive workflow, much better than the legacy portal."
SRV-005646,EMP-04534,OFC-BOS,2026-05-07,POST_RESOLUTION,5,"Very intuitive workflow, much better than the legacy portal."
SRV-005647,EMP-07660,OFC-LON,2026-05-07,POST_RESOLUTION,4,The new AI system is incredibly fast. Saves me a lot of time.
SRV-005648,EMP-02628,OFC-BOS,2026-05-07,POST_RESOLUTION,5,Great experience. The AI resolved my password issue in seconds.
SRV-005649,EMP-08148,OFC-NYC,2026-05-07,POST_RESOLUTION,5,Great experience. The AI resolved my password issue in seconds.
SRV-005650,EMP-08558,OFC-LON,2026-05-07,POST_RESOLUTION,4,Smooth transition. No complaints.
SRV-005651,EMP-09561,OFC-SIN,2026-05-07,POST_RESOLUTION,4,Smooth transition. No complaints.
SRV-005652,EMP-02212,OFC-BOS,2026-05-07,POST_RESOLUTION,4,Smooth transition. No complaints.
SRV-005653,EMP-10081,OFC-LON,2026-05-07,POST_RESOLUTION,5,The new AI system is incredibly fast. Saves me a lot of time.
SRV-005654,EMP-08847,OFC-LON,2026-05-07,POST_RESOLUTION,5,"Very intuitive workflow, much better than the legacy portal."
SRV-005655,EMP-06093,OFC-BOS,2026-05-07,POST_RESOLUTION,4,Great experience. The AI resolved my password issue in seconds.
SRV-005656,EMP-02704,OFC-NYC,2026-05-07,POST_RESOLUTION,5,Self-service articles were actually helpful for once.
SRV-005657,EMP-08967,OFC-BOS,2026-05-07,POST_RESOLUTION,5,Great experience. The AI resolved my password issue in seconds.
SRV-005658,EMP-05096,OFC-BOS,2026-05-07,POST_RESOLUTION,5,"Very intuitive workflow, much better than the legacy portal."
SRV-005659,EMP-06206,OFC-GUR,2026-05-07,POST_RESOLUTION,5,"Very intuitive workflow, much better than the legacy portal."
SRV-005660,EMP-10097,OFC-BOS,2026-05-07,POST_RESOLUTION,5,Self-service articles were actually helpful for once.
SRV-005661,EMP-08283,OFC-LON,2026-05-07,POST_RESOLUTION,5,The new AI system is incredibly fast. Saves me a lot of time.
SRV-005662,EMP-07867,OFC-BOS,2026-05-07,POST_RESOLUTION,4,Great experience. The AI resolved my password issue in seconds.
SRV-005663,EMP-08031,OFC-NYC,2026-05-07,POST_RESOLUTION,4,Smooth transition. No complaints.
SRV-005664,EMP-01341,OFC-LON,2026-05-07,POST_RESOLUTION,4,The new AI system is incredibly fast. Saves me a lot of time.
SRV-005665,EMP-08033,OFC-LON,2026-05-07,POST_RESOLUTION,4,Smooth transition. No complaints.
SRV-005666,EMP-07324,OFC-BOS,2026-05-07,POST_RESOLUTION,4,Great experience. The AI resolved my password issue in seconds.
SRV-005667,EMP-10927,OFC-SIN,2026-05-07,POST_RESOLUTION,4,Self-service articles were actually helpful for once.
SRV-005668,EMP-09672,OFC-LON,2026-05-07,POST_RESOLUTION,4,The new AI system is incredibly fast. Saves me a lot of time.
SRV-005669,EMP-07756,OFC-GUR,2026-05-07,POST_RESOLUTION,4,Great experience. The AI resolved my password issue in seconds.
SRV-005670,EMP-04973,OFC-GUR,2026-05-07,POST_RESOLUTION,4,Smooth transition. No complaints.
SRV-005671,EMP-04202,OFC-BOS,2026-05-07,POST_RESOLUTION,4,Great experience. The AI resolved my password issue in seconds.
SRV-005672,EMP-07851,OFC-SIN,2026-05-07,POST_RESOLUTION,4,"Very intuitive workflow, much better than the legacy portal."
SRV-005673,EMP-01712,OFC-LON,2026-05-07,POST_RESOLUTION,4,"Very intuitive workflow, much better than the legacy portal."
SRV-005674,EMP-06607,OFC-SIN,2026-05-07,POST_RESOLUTION,5,Great experience. The AI resolved my password issue in seconds.
SRV-005675,EMP-01440,OFC-BOS,2026-05-07,POST_RESOLUTION,4,Smooth transition. No complaints.
SRV-005676,EMP-02207,OFC-NYC,2026-05-07,POST_RESOLUTION,5,"Very intuitive workflow, much better than the legacy portal."
SRV-005677,EMP-04365,OFC-LON,2026-05-07,POST_RESOLUTION,4,Great experience. The AI resolved my password issue in seconds.
SRV-005678,EMP-06905,OFC-LON,2026-05-07,POST_RESOLUTION,4,Great experience. The AI resolved my password issue in seconds.
SRV-005679,EMP-05175,OFC-SIN,2026-05-07,POST_RESOLUTION,4,Smooth transition. No complaints.
SRV-005680,EMP-04668,OFC-BOS,2026-05-07,POST_RESOLUTION,4,"Very intuitive workflow, much better than the legacy portal."
SRV-005681,EMP-03996,OFC-BOS,2026-05-07,POST_RESOLUTION,4,Smooth transition. No complaints.
SRV-005682,EMP-06376,OFC-LON,2026-05-07,POST_RESOLUTION,5,Smooth transition. No complaints.
SRV-005683,EMP-06312,OFC-SIN,2026-05-07,POST_RESOLUTION,5,Smooth transition. No complaints.
SRV-005684,EMP-05585,OFC-SIN,2026-05-07,POST_RESOLUTION,4,"Very intuitive workflow, much better than the legacy portal."
SRV-005685,EMP-04256,OFC-GUR,2026-05-07,POST_RESOLUTION,4,"Very intuitive workflow, much better than the legacy portal."
SRV-005686,EMP-09029,OFC-GUR,2026-05-07,POST_RESOLUTION,4,The new AI system is incredibly fast. Saves me a lot of time.
SRV-005687,EMP-04211,OFC-GUR,2026-05-07,POST_RESOLUTION,5,Self-service articles were actually helpful for once.
SRV-005688,EMP-02342,OFC-SIN,2026-05-07,POST_RESOLUTION,5,Great experience. The AI resolved my password issue in seconds.
SRV-005689,EMP-06031,OFC-LON,2026-05-07,POST_RESOLUTION,4,Self-service articles were actually helpful for once.
SRV-005690,EMP-06048,OFC-NYC,2026-05-07,POST_RESOLUTION,4,Smooth transition. No complaints.
SRV-005691,EMP-04765,OFC-NYC,2026-05-07,POST_RESOLUTION,4,The new AI system is incredibly fast. Saves me a lot of time.
SRV-005692,EMP-05989,OFC-GUR,2026-05-07,POST_RESOLUTION,4,The new AI system is incredibly fast. Saves me a lot of time.
SRV-005693,EMP-04168,OFC-GUR,2026-05-07,POST_RESOLUTION,5,Great experience. The AI resolved my password issue in seconds.
SRV-005694,EMP-08347,OFC-LON,2026-05-07,POST_RESOLUTION,4,Great experience. The AI resolved my password issue in seconds.
SRV-005695,EMP-01128,OFC-BOS,2026-05-07,POST_RESOLUTION,4,Self-service articles were actually helpful for once.
SRV-005696,EMP-10162,OFC-GUR,2026-05-07,POST_RESOLUTION,5,Self-service articles were actually helpful for once.
SRV-005697,EMP-09985,OFC-GUR,2026-05-07,POST_RESOLUTION,5,"Very intuitive workflow, much better than the legacy portal."
SRV-005698,EMP-08100,OFC-BOS,2026-05-07,POST_RESOLUTION,5,Self-service articles were actually helpful for once.
SRV-005699,EMP-07239,OFC-SIN,2026-05-07,POST_RESOLUTION,5,Self-service articles were actually helpful for once.
SRV-005700,EMP-10849,OFC-LON,2026-05-07,POST_RESOLUTION,5,Smooth transition. No complaints.
SRV-005701,EMP-09514,OFC-NYC,2026-05-14,POST_RESOLUTION,5,The new AI system is incredibly fast. Saves me a lot of time.
SRV-005702,EMP-06211,OFC-BOS,2026-05-14,POST_RESOLUTION,5,Self-service articles were actually helpful for once.
SRV-005703,EMP-02557,OFC-NYC,2026-05-14,POST_RESOLUTION,5,"Very intuitive workflow, much better than the legacy portal."
SRV-005704,EMP-07387,OFC-GUR,2026-05-14,POST_RESOLUTION,4,Self-service articles were actually helpful for once.
SRV-005705,EMP-07158,OFC-BOS,2026-05-14,POST_RESOLUTION,5,Smooth transition. No complaints.
SRV-005706,EMP-02824,OFC-LON,2026-05-14,POST_RESOLUTION,4,Great experience. The AI resolved my password issue in seconds.
SRV-005707,EMP-10958,OFC-GUR,2026-05-14,POST_RESOLUTION,5,Smooth transition. No complaints.
SRV-005708,EMP-01890,OFC-GUR,2026-05-14,POST_RESOLUTION,5,"Very intuitive workflow, much better than the legacy portal."
SRV-005709,EMP-03302,OFC-LON,2026-05-14,POST_RESOLUTION,4,Great experience. The AI resolved my password issue in seconds.
SRV-005710,EMP-02036,OFC-NYC,2026-05-14,POST_RESOLUTION,5,The new AI system is incredibly fast. Saves me a lot of time.
SRV-005711,EMP-06452,OFC-BOS,2026-05-14,POST_RESOLUTION,4,"Very intuitive workflow, much better than the legacy portal."
SRV-005712,EMP-10019,OFC-GUR,2026-05-14,POST_RESOLUTION,5,"Very intuitive workflow, much better than the legacy portal."
SRV-005713,EMP-10445,OFC-BOS,2026-05-14,POST_RESOLUTION,5,Self-service articles were actually helpful for once.
SRV-005714,EMP-06905,OFC-LON,2026-05-14,POST_RESOLUTION,5,"Very intuitive workflow, much better than the legacy portal."
SRV-005715,EMP-10370,OFC-GUR,2026-05-14,POST_RESOLUTION,4,The new AI system is incredibly fast. Saves me a lot of time.
SRV-005716,EMP-04881,OFC-GUR,2026-05-14,POST_RESOLUTION,5,The new AI system is incredibly fast. Saves me a lot of time.
SRV-005717,EMP-05841,OFC-SIN,2026-05-14,POST_RESOLUTION,4,The new AI system is incredibly fast. Saves me a lot of time.
SRV-005718,EMP-07176,OFC-LON,2026-05-14,POST_RESOLUTION,4,"Very intuitive workflow, much better than the legacy portal."
SRV-005719,EMP-04816,OFC-NYC,2026-05-14,POST_RESOLUTION,5,Smooth transition. No complaints.
SRV-005720,EMP-08906,OFC-BOS,2026-05-14,POST_RESOLUTION,5,"Very intuitive workflow, much better than the legacy portal."
SRV-005721,EMP-07586,OFC-LON,2026-05-14,POST_RESOLUTION,4,Self-service articles were actually helpful for once.
SRV-005722,EMP-07199,OFC-BOS,2026-05-14,POST_RESOLUTION,5,The new AI system is incredibly fast. Saves me a lot of time.
SRV-005723,EMP-08837,OFC-GUR,2026-05-14,POST_RESOLUTION,5,Self-service articles were actually helpful for once.
SRV-005724,EMP-08103,OFC-LON,2026-05-14,POST_RESOLUTION,4,The new AI system is incredibly fast. Saves me a lot of time.
SRV-005725,EMP-09998,OFC-BOS,2026-05-14,POST_RESOLUTION,4,Self-service articles were actually helpful for once.
SRV-005726,EMP-09734,OFC-NYC,2026-05-14,POST_RESOLUTION,5,Great experience. The AI resolved my password issue in seconds.
SRV-005727,EMP-08470,OFC-GUR,2026-05-14,POST_RESOLUTION,4,Great experience. The AI resolved my password issue in seconds.
SRV-005728,EMP-09045,OFC-BOS,2026-05-14,POST_RESOLUTION,4,The new AI system is incredibly fast. Saves me a lot of time.
SRV-005729,EMP-02700,OFC-SIN,2026-05-14,POST_RESOLUTION,5,Self-service articles were actually helpful for once.
SRV-005730,EMP-04670,OFC-BOS,2026-05-14,POST_RESOLUTION,4,"Very intuitive workflow, much better than the legacy portal."
SRV-005731,EMP-04011,OFC-NYC,2026-05-14,POST_RESOLUTION,4,Smooth transition. No complaints.
SRV-005732,EMP-02128,OFC-NYC,2026-05-14,POST_RESOLUTION,5,"Very intuitive workflow, much better than the legacy portal."
SRV-005733,EMP-07582,OFC-GUR,2026-05-14,POST_RESOLUTION,5,"Very intuitive workflow, much better than the legacy portal."
SRV-005734,EMP-04154,OFC-NYC,2026-05-14,POST_RESOLUTION,5,Smooth transition. No complaints.
SRV-005735,EMP-06642,OFC-NYC,2026-05-14,POST_RESOLUTION,5,Smooth transition. No complaints.
SRV-005736,EMP-07284,OFC-BOS,2026-05-14,POST_RESOLUTION,5,Self-service articles were actually helpful for once.
SRV-005737,EMP-01398,OFC-GUR,2026-05-14,POST_RESOLUTION,5,Smooth transition. No complaints.
SRV-005738,EMP-02389,OFC-LON,2026-05-14,POST_RESOLUTION,4,Great experience. The AI resolved my password issue in seconds.
SRV-005739,EMP-06152,OFC-SIN,2026-05-14,POST_RESOLUTION,4,Smooth transition. No complaints.
SRV-005740,EMP-04999,OFC-BOS,2026-05-14,POST_RESOLUTION,5,"Very intuitive workflow, much better than the legacy portal."
SRV-005741,EMP-03009,OFC-LON,2026-05-14,POST_RESOLUTION,5,The new AI system is incredibly fast. Saves me a lot of time.
SRV-005742,EMP-04056,OFC-LON,2026-05-14,POST_RESOLUTION,4,Great experience. The AI resolved my password issue in seconds.
SRV-005743,EMP-08748,OFC-NYC,2026-05-14,POST_RESOLUTION,4,Smooth transition. No complaints.
SRV-005744,EMP-08443,OFC-LON,2026-05-14,POST_RESOLUTION,5,Smooth transition. No complaints.
SRV-005745,EMP-08757,OFC-SIN,2026-05-14,POST_RESOLUTION,4,The new AI system is incredibly fast. Saves me a lot of time.
SRV-005746,EMP-01629,OFC-NYC,2026-05-14,POST_RESOLUTION,5,Self-service articles were actually helpful for once.
SRV-005747,EMP-04194,OFC-NYC,2026-05-14,POST_RESOLUTION,4,"Very intuitive workflow, much better than the legacy portal."
SRV-005748,EMP-10553,OFC-LON,2026-05-14,POST_RESOLUTION,4,The new AI system is incredibly fast. Saves me a lot of time.
SRV-005749,EMP-05489,OFC-LON,2026-05-14,POST_RESOLUTION,5,Self-service articles were actually helpful for once.
SRV-005750,EMP-06279,OFC-NYC,2026-05-14,POST_RESOLUTION,5,"Very intuitive workflow, much better than the legacy portal."
SRV-005751,EMP-02611,OFC-GUR,2026-05-14,POST_RESOLUTION,5,Smooth transition. No complaints.
SRV-005752,EMP-09107,OFC-LON,2026-05-14,POST_RESOLUTION,5,Self-service articles were actually helpful for once.
SRV-005753,EMP-09118,OFC-BOS,2026-05-14,POST_RESOLUTION,4,The new AI system is incredibly fast. Saves me a lot of time.
SRV-005754,EMP-05708,OFC-GUR,2026-05-14,POST_RESOLUTION,5,Great experience. The AI resolved my password issue in seconds.
SRV-005755,EMP-05431,OFC-LON,2026-05-14,POST_RESOLUTION,4,The new AI system is incredibly fast. Saves me a lot of time.
SRV-005756,EMP-06998,OFC-LON,2026-05-14,POST_RESOLUTION,4,The new AI system is incredibly fast. Saves me a lot of time.
SRV-005757,EMP-01469,OFC-SIN,2026-05-14,POST_RESOLUTION,4,Great experience. The AI resolved my password issue in seconds.
SRV-005758,EMP-01754,OFC-BOS,2026-05-14,POST_RESOLUTION,5,Self-service articles were actually helpful for once.
SRV-005759,EMP-07570,OFC-LON,2026-05-14,POST_RESOLUTION,5,Self-service articles were actually helpful for once.
SRV-005760,EMP-04867,OFC-GUR,2026-05-14,POST_RESOLUTION,4,The new AI system is incredibly fast. Saves me a lot of time.
SRV-005761,EMP-02363,OFC-LON,2026-05-14,POST_RESOLUTION,4,The new AI system is incredibly fast. Saves me a lot of time.
SRV-005762,EMP-01734,OFC-NYC,2026-05-14,POST_RESOLUTION,5,Self-service articles were actually helpful for once.
SRV-005763,EMP-03776,OFC-BOS,2026-05-14,POST_RESOLUTION,5,Great experience. The AI resolved my password issue in seconds.
SRV-005764,EMP-02613,OFC-NYC,2026-05-14,POST_RESOLUTION,4,"Very intuitive workflow, much better than the legacy portal."
SRV-005765,EMP-02690,OFC-BOS,2026-05-14,POST_RESOLUTION,5,Great experience. The AI resolved my password issue in seconds.
SRV-005766,EMP-09936,OFC-BOS,2026-05-14,POST_RESOLUTION,4,Smooth transition. No complaints.
SRV-005767,EMP-06202,OFC-LON,2026-05-14,POST_RESOLUTION,5,The new AI system is incredibly fast. Saves me a lot of time.
SRV-005768,EMP-08562,OFC-BOS,2026-05-14,POST_RESOLUTION,4,Self-service articles were actually helpful for once.
SRV-005769,EMP-04324,OFC-GUR,2026-05-14,POST_RESOLUTION,5,Great experience. The AI resolved my password issue in seconds.
SRV-005770,EMP-05791,OFC-SIN,2026-05-14,POST_RESOLUTION,4,Smooth transition. No complaints.
SRV-005771,EMP-07606,OFC-BOS,2026-05-14,POST_RESOLUTION,4,Smooth transition. No complaints.
SRV-005772,EMP-09216,OFC-LON,2026-05-14,POST_RESOLUTION,5,The new AI system is incredibly fast. Saves me a lot of time.
SRV-005773,EMP-01376,OFC-GUR,2026-05-14,POST_RESOLUTION,5,"Very intuitive workflow, much better than the legacy portal."
SRV-005774,EMP-05413,OFC-LON,2026-05-14,POST_RESOLUTION,5,"Very intuitive workflow, much better than the legacy portal."
SRV-005775,EMP-08413,OFC-GUR,2026-05-14,POST_RESOLUTION,4,Smooth transition. No complaints.
SRV-005776,EMP-03837,OFC-BOS,2026-05-14,POST_RESOLUTION,4,Great experience. The AI resolved my password issue in seconds.
SRV-005777,EMP-05560,OFC-GUR,2026-05-14,POST_RESOLUTION,4,Smooth transition. No complaints.
SRV-005778,EMP-04112,OFC-GUR,2026-05-14,POST_RESOLUTION,4,The new AI system is incredibly fast. Saves me a lot of time.
SRV-005779,EMP-10585,OFC-GUR,2026-05-14,POST_RESOLUTION,4,The new AI system is incredibly fast. Saves me a lot of time.
SRV-005780,EMP-04819,OFC-LON,2026-05-14,POST_RESOLUTION,4,"Very intuitive workflow, much better than the legacy portal."
SRV-005781,EMP-08302,OFC-NYC,2026-05-14,POST_RESOLUTION,4,Smooth transition. No complaints.
SRV-005782,EMP-09792,OFC-BOS,2026-05-14,POST_RESOLUTION,4,Self-service articles were actually helpful for once.
SRV-005783,EMP-02136,OFC-SIN,2026-05-14,POST_RESOLUTION,5,Self-service articles were actually helpful for once.
SRV-005784,EMP-08880,OFC-BOS,2026-05-14,POST_RESOLUTION,4,Great experience. The AI resolved my password issue in seconds.
SRV-005785,EMP-01758,OFC-SIN,2026-05-14,POST_RESOLUTION,5,Great experience. The AI resolved my password issue in seconds.
SRV-005786,EMP-04395,OFC-SIN,2026-05-14,POST_RESOLUTION,5,"Very intuitive workflow, much better than the legacy portal."
SRV-005787,EMP-01106,OFC-NYC,2026-05-14,POST_RESOLUTION,5,The new AI system is incredibly fast. Saves me a lot of time.
SRV-005788,EMP-04099,OFC-NYC,2026-05-14,POST_RESOLUTION,4,Self-service articles were actually helpful for once.
SRV-005789,EMP-04664,OFC-LON,2026-05-14,POST_RESOLUTION,5,Self-service articles were actually helpful for once.
SRV-005790,EMP-03605,OFC-LON,2026-05-14,POST_RESOLUTION,5,Self-service articles were actually helpful for once.
SRV-005791,EMP-05462,OFC-SIN,2026-05-14,POST_RESOLUTION,4,Self-service articles were actually helpful for once.
SRV-005792,EMP-02994,OFC-GUR,2026-05-14,POST_RESOLUTION,5,"Very intuitive workflow, much better than the legacy portal."
SRV-005793,EMP-02932,OFC-LON,2026-05-14,POST_RESOLUTION,5,Smooth transition. No complaints.
SRV-005794,EMP-01628,OFC-BOS,2026-05-14,POST_RESOLUTION,4,Self-service articles were actually helpful for once.
SRV-005795,EMP-01099,OFC-BOS,2026-05-14,POST_RESOLUTION,5,The new AI system is incredibly fast. Saves me a lot of time.
SRV-005796,EMP-02890,OFC-BOS,2026-05-14,POST_RESOLUTION,5,Self-service articles were actually helpful for once.
SRV-005797,EMP-06094,OFC-BOS,2026-05-14,POST_RESOLUTION,5,Great experience. The AI resolved my password issue in seconds.
SRV-005798,EMP-04480,OFC-BOS,2026-05-14,POST_RESOLUTION,4,The new AI system is incredibly fast. Saves me a lot of time.
SRV-005799,EMP-05536,OFC-NYC,2026-05-14,POST_RESOLUTION,4,Smooth transition. No complaints.
SRV-005800,EMP-05417,OFC-BOS,2026-05-14,POST_RESOLUTION,4,Self-service articles were actually helpful for once.
SRV-005801,EMP-10864,OFC-GUR,2026-05-14,POST_RESOLUTION,5,"Very intuitive workflow, much better than the legacy portal."
SRV-005802,EMP-05903,OFC-NYC,2026-05-14,POST_RESOLUTION,5,"Very intuitive workflow, much better than the legacy portal."
SRV-005803,EMP-08167,OFC-LON,2026-05-14,POST_RESOLUTION,4,Self-service articles were actually helpful for once.
SRV-005804,EMP-03844,OFC-LON,2026-05-14,POST_RESOLUTION,5,Great experience. The AI resolved my password issue in seconds.
SRV-005805,EMP-09950,OFC-NYC,2026-05-14,POST_RESOLUTION,4,"Very intuitive workflow, much better than the legacy portal."
SRV-005806,EMP-05171,OFC-SIN,2026-05-14,POST_RESOLUTION,4,The new AI system is incredibly fast. Saves me a lot of time.
SRV-005807,EMP-10040,OFC-BOS,2026-05-14,POST_RESOLUTION,5,Great experience. The AI resolved my password issue in seconds.
SRV-005808,EMP-07973,OFC-NYC,2026-05-14,POST_RESOLUTION,5,Smooth transition. No complaints.
SRV-005809,EMP-02871,OFC-BOS,2026-05-14,POST_RESOLUTION,5,Smooth transition. No complaints.
SRV-005810,EMP-02827,OFC-SIN,2026-05-14,POST_RESOLUTION,4,"Very intuitive workflow, much better than the legacy portal."
SRV-005811,EMP-07768,OFC-SIN,2026-05-14,POST_RESOLUTION,5,Great experience. The AI resolved my password issue in seconds.
SRV-005812,EMP-03149,OFC-GUR,2026-05-14,POST_RESOLUTION,4,"Very intuitive workflow, much better than the legacy portal."
SRV-005813,EMP-07490,OFC-LON,2026-05-14,POST_RESOLUTION,5,Smooth transition. No complaints.
SRV-005814,EMP-07786,OFC-SIN,2026-05-14,POST_RESOLUTION,5,"Very intuitive workflow, much better than the legacy portal."
SRV-005815,EMP-01390,OFC-SIN,2026-05-14,POST_RESOLUTION,5,Great experience. The AI resolved my password issue in seconds.
SRV-005816,EMP-01304,OFC-GUR,2026-05-14,POST_RESOLUTION,5,Self-service articles were actually helpful for once.
SRV-005817,EMP-05548,OFC-GUR,2026-05-14,POST_RESOLUTION,5,Smooth transition. No complaints.
SRV-005818,EMP-07106,OFC-LON,2026-05-14,POST_RESOLUTION,5,Self-service articles were actually helpful for once.
SRV-005819,EMP-09786,OFC-LON,2026-05-14,POST_RESOLUTION,5,Great experience. The AI resolved my password issue in seconds.
SRV-005820,EMP-10638,OFC-NYC,2026-05-14,POST_RESOLUTION,4,Smooth transition. No complaints.
SRV-005821,EMP-02610,OFC-SIN,2026-05-14,POST_RESOLUTION,5,"Very intuitive workflow, much better than the legacy portal."
SRV-005822,EMP-05675,OFC-SIN,2026-05-14,POST_RESOLUTION,5,"Very intuitive workflow, much better than the legacy portal."
SRV-005823,EMP-01008,OFC-LON,2026-05-14,POST_RESOLUTION,5,"Very intuitive workflow, much better than the legacy portal."
SRV-005824,EMP-07028,OFC-GUR,2026-05-14,POST_RESOLUTION,4,Smooth transition. No complaints.
SRV-005825,EMP-01005,OFC-BOS,2026-05-14,POST_RESOLUTION,4,Smooth transition. No complaints.
SRV-005826,EMP-08686,OFC-GUR,2026-05-14,POST_RESOLUTION,4,"Very intuitive workflow, much better than the legacy portal."
SRV-005827,EMP-03677,OFC-BOS,2026-05-14,POST_RESOLUTION,5,"Very intuitive workflow, much better than the legacy portal."
SRV-005828,EMP-06669,OFC-GUR,2026-05-14,POST_RESOLUTION,5,Self-service articles were actually helpful for once.
SRV-005829,EMP-03034,OFC-LON,2026-05-14,POST_RESOLUTION,4,Smooth transition. No complaints.
SRV-005830,EMP-07917,OFC-SIN,2026-05-14,POST_RESOLUTION,4,"Very intuitive workflow, much better than the legacy portal."
SRV-005831,EMP-02411,OFC-BOS,2026-05-14,POST_RESOLUTION,4,Great experience. The AI resolved my password issue in seconds.
SRV-005832,EMP-02167,OFC-LON,2026-05-14,POST_RESOLUTION,4,"Very intuitive workflow, much better than the legacy portal."
SRV-005833,EMP-04092,OFC-NYC,2026-05-14,POST_RESOLUTION,5,Smooth transition. No complaints.
SRV-005834,EMP-08166,OFC-SIN,2026-05-14,POST_RESOLUTION,4,"Very intuitive workflow, much better than the legacy portal."
SRV-005835,EMP-03215,OFC-NYC,2026-05-14,POST_RESOLUTION,4,Self-service articles were actually helpful for once.
SRV-005836,EMP-04908,OFC-LON,2026-05-14,POST_RESOLUTION,4,The new AI system is incredibly fast. Saves me a lot of time.
SRV-005837,EMP-07383,OFC-BOS,2026-05-14,POST_RESOLUTION,5,Smooth transition. No complaints.
SRV-005838,EMP-06680,OFC-BOS,2026-05-14,POST_RESOLUTION,4,Smooth transition. No complaints.
SRV-005839,EMP-09232,OFC-GUR,2026-05-14,POST_RESOLUTION,5,The new AI system is incredibly fast. Saves me a lot of time.
SRV-005840,EMP-10275,OFC-NYC,2026-05-14,POST_RESOLUTION,5,"Very intuitive workflow, much better than the legacy portal."
SRV-005841,EMP-04618,OFC-GUR,2026-05-14,POST_RESOLUTION,5,Self-service articles were actually helpful for once.
SRV-005842,EMP-03799,OFC-BOS,2026-05-14,POST_RESOLUTION,5,"Very intuitive workflow, much better than the legacy portal."
SRV-005843,EMP-01795,OFC-SIN,2026-05-14,POST_RESOLUTION,5,The new AI system is incredibly fast. Saves me a lot of time.
SRV-005844,EMP-06285,OFC-GUR,2026-05-14,POST_RESOLUTION,5,Self-service articles were actually helpful for once.
SRV-005845,EMP-03320,OFC-SIN,2026-05-14,POST_RESOLUTION,4,Great experience. The AI resolved my password issue in seconds.
SRV-005846,EMP-06101,OFC-LON,2026-05-14,POST_RESOLUTION,4,Great experience. The AI resolved my password issue in seconds.
SRV-005847,EMP-05482,OFC-LON,2026-05-14,POST_RESOLUTION,5,Self-service articles were actually helpful for once.
SRV-005848,EMP-07426,OFC-SIN,2026-05-14,POST_RESOLUTION,5,Great experience. The AI resolved my password issue in seconds.
SRV-005849,EMP-08736,OFC-SIN,2026-05-14,POST_RESOLUTION,5,Self-service articles were actually helpful for once.
SRV-005850,EMP-09332,OFC-GUR,2026-05-14,POST_RESOLUTION,5,"Very intuitive workflow, much better than the legacy portal."
SRV-005851,EMP-08423,OFC-NYC,2026-05-14,POST_RESOLUTION,4,"Very intuitive workflow, much better than the legacy portal."
SRV-005852,EMP-03415,OFC-SIN,2026-05-14,POST_RESOLUTION,4,The new AI system is incredibly fast. Saves me a lot of time.
SRV-005853,EMP-04337,OFC-GUR,2026-05-14,POST_RESOLUTION,4,"Very intuitive workflow, much better than the legacy portal."
SRV-005854,EMP-05458,OFC-NYC,2026-05-14,POST_RESOLUTION,5,"Very intuitive workflow, much better than the legacy portal."
SRV-005855,EMP-03731,OFC-LON,2026-05-14,POST_RESOLUTION,4,The new AI system is incredibly fast. Saves me a lot of time.
SRV-005856,EMP-02870,OFC-GUR,2026-05-14,POST_RESOLUTION,4,Smooth transition. No complaints.
SRV-005857,EMP-05662,OFC-LON,2026-05-14,POST_RESOLUTION,4,Smooth transition. No complaints.
SRV-005858,EMP-10967,OFC-BOS,2026-05-14,POST_RESOLUTION,4,Self-service articles were actually helpful for once.
SRV-005859,EMP-09240,OFC-GUR,2026-05-14,POST_RESOLUTION,5,Smooth transition. No complaints.
SRV-005860,EMP-01809,OFC-BOS,2026-05-14,POST_RESOLUTION,5,Smooth transition. No complaints.
SRV-005861,EMP-05205,OFC-LON,2026-05-14,POST_RESOLUTION,4,Smooth transition. No complaints.
SRV-005862,EMP-09986,OFC-NYC,2026-05-14,POST_RESOLUTION,5,"Very intuitive workflow, much better than the legacy portal."
SRV-005863,EMP-01433,OFC-BOS,2026-05-14,POST_RESOLUTION,4,Smooth transition. No complaints.
SRV-005864,EMP-10235,OFC-NYC,2026-05-14,POST_RESOLUTION,5,"Very intuitive workflow, much better than the legacy portal."
SRV-005865,EMP-03932,OFC-BOS,2026-05-14,POST_RESOLUTION,5,"Very intuitive workflow, much better than the legacy portal."
SRV-005866,EMP-09858,OFC-LON,2026-05-14,POST_RESOLUTION,5,The new AI system is incredibly fast. Saves me a lot of time.
SRV-005867,EMP-02206,OFC-GUR,2026-05-14,POST_RESOLUTION,4,Self-service articles were actually helpful for once.
SRV-005868,EMP-08981,OFC-BOS,2026-05-14,POST_RESOLUTION,5,The new AI system is incredibly fast. Saves me a lot of time.
SRV-005869,EMP-01018,OFC-NYC,2026-05-14,POST_RESOLUTION,5,Great experience. The AI resolved my password issue in seconds.
SRV-005870,EMP-08898,OFC-NYC,2026-05-14,POST_RESOLUTION,4,"Very intuitive workflow, much better than the legacy portal."
SRV-005871,EMP-08472,OFC-SIN,2026-05-14,POST_RESOLUTION,4,Smooth transition. No complaints.
SRV-005872,EMP-05397,OFC-BOS,2026-05-14,POST_RESOLUTION,5,Smooth transition. No complaints.
SRV-005873,EMP-07932,OFC-NYC,2026-05-14,POST_RESOLUTION,5,Great experience. The AI resolved my password issue in seconds.
SRV-005874,EMP-02350,OFC-SIN,2026-05-14,POST_RESOLUTION,5,Self-service articles were actually helpful for once.
SRV-005875,EMP-05360,OFC-BOS,2026-05-14,POST_RESOLUTION,5,"Very intuitive workflow, much better than the legacy portal."
SRV-005876,EMP-08496,OFC-BOS,2026-05-14,POST_RESOLUTION,4,Great experience. The AI resolved my password issue in seconds.
SRV-005877,EMP-10039,OFC-BOS,2026-05-14,POST_RESOLUTION,4,Great experience. The AI resolved my password issue in seconds.
SRV-005878,EMP-03760,OFC-BOS,2026-05-14,POST_RESOLUTION,5,Great experience. The AI resolved my password issue in seconds.
SRV-005879,EMP-03907,OFC-BOS,2026-05-14,POST_RESOLUTION,4,"Very intuitive workflow, much better than the legacy portal."
SRV-005880,EMP-08220,OFC-SIN,2026-05-14,POST_RESOLUTION,5,"Very intuitive workflow, much better than the legacy portal."
SRV-005881,EMP-04647,OFC-NYC,2026-05-14,POST_RESOLUTION,4,"Very intuitive workflow, much better than the legacy portal."
SRV-005882,EMP-03828,OFC-NYC,2026-05-14,POST_RESOLUTION,4,"Very intuitive workflow, much better than the legacy portal."
SRV-005883,EMP-10573,OFC-BOS,2026-05-14,POST_RESOLUTION,5,The new AI system is incredibly fast. Saves me a lot of time.
SRV-005884,EMP-03168,OFC-GUR,2026-05-14,POST_RESOLUTION,4,Great experience. The AI resolved my password issue in seconds.
SRV-005885,EMP-01660,OFC-NYC,2026-05-14,POST_RESOLUTION,4,The new AI system is incredibly fast. Saves me a lot of time.
SRV-005886,EMP-10308,OFC-BOS,2026-05-14,POST_RESOLUTION,4,Self-service articles were actually helpful for once.
SRV-005887,EMP-10827,OFC-LON,2026-05-14,POST_RESOLUTION,5,Great experience. The AI resolved my password issue in seconds.
SRV-005888,EMP-03916,OFC-GUR,2026-05-14,POST_RESOLUTION,4,"Very intuitive workflow, much better than the legacy portal."
SRV-005889,EMP-08825,OFC-SIN,2026-05-14,POST_RESOLUTION,4,"Very intuitive workflow, much better than the legacy portal."
SRV-005890,EMP-06582,OFC-GUR,2026-05-14,POST_RESOLUTION,5,"Very intuitive workflow, much better than the legacy portal."
SRV-005891,EMP-05147,OFC-NYC,2026-05-14,POST_RESOLUTION,4,The new AI system is incredibly fast. Saves me a lot of time.
SRV-005892,EMP-10450,OFC-NYC,2026-05-14,POST_RESOLUTION,4,"Very intuitive workflow, much better than the legacy portal."
SRV-005893,EMP-10027,OFC-BOS,2026-05-14,POST_RESOLUTION,5,Great experience. The AI resolved my password issue in seconds.
SRV-005894,EMP-06314,OFC-LON,2026-05-14,POST_RESOLUTION,4,Smooth transition. No complaints.
SRV-005895,EMP-09113,OFC-GUR,2026-05-14,POST_RESOLUTION,5,Great experience. The AI resolved my password issue in seconds.
SRV-005896,EMP-03865,OFC-LON,2026-05-14,POST_RESOLUTION,5,Self-service articles were actually helpful for once.
SRV-005897,EMP-09264,OFC-GUR,2026-05-14,POST_RESOLUTION,4,Great experience. The AI resolved my password issue in seconds.
SRV-005898,EMP-08282,OFC-BOS,2026-05-14,POST_RESOLUTION,5,"Very intuitive workflow, much better than the legacy portal."
SRV-005899,EMP-02547,OFC-LON,2026-05-14,POST_RESOLUTION,5,Great experience. The AI resolved my password issue in seconds.
SRV-005900,EMP-03006,OFC-NYC,2026-05-14,POST_RESOLUTION,5,Great experience. The AI resolved my password issue in seconds.
SRV-005901,EMP-06354,OFC-LON,2026-05-14,POST_RESOLUTION,4,The new AI system is incredibly fast. Saves me a lot of time.
SRV-005902,EMP-06516,OFC-GUR,2026-05-14,POST_RESOLUTION,4,Smooth transition. No complaints.
SRV-005903,EMP-02020,OFC-GUR,2026-05-14,POST_RESOLUTION,5,Great experience. The AI resolved my password issue in seconds.
SRV-005904,EMP-07987,OFC-LON,2026-05-14,POST_RESOLUTION,5,Self-service articles were actually helpful for once.
SRV-005905,EMP-03153,OFC-GUR,2026-05-14,POST_RESOLUTION,5,Great experience. The AI resolved my password issue in seconds.
SRV-005906,EMP-03707,OFC-NYC,2026-05-14,POST_RESOLUTION,5,Smooth transition. No complaints.
SRV-005907,EMP-07857,OFC-NYC,2026-05-14,POST_RESOLUTION,4,Smooth transition. No complaints.
SRV-005908,EMP-07509,OFC-GUR,2026-05-14,POST_RESOLUTION,4,Smooth transition. No complaints.
SRV-005909,EMP-02862,OFC-BOS,2026-05-14,POST_RESOLUTION,4,Smooth transition. No complaints.
SRV-005910,EMP-01970,OFC-GUR,2026-05-14,POST_RESOLUTION,4,Smooth transition. No complaints.
SRV-005911,EMP-08821,OFC-NYC,2026-05-14,POST_RESOLUTION,5,The new AI system is incredibly fast. Saves me a lot of time.
SRV-005912,EMP-07668,OFC-BOS,2026-05-14,POST_RESOLUTION,5,Smooth transition. No complaints.
SRV-005913,EMP-07986,OFC-NYC,2026-05-14,POST_RESOLUTION,4,The new AI system is incredibly fast. Saves me a lot of time.
SRV-005914,EMP-01250,OFC-NYC,2026-05-14,POST_RESOLUTION,5,Great experience. The AI resolved my password issue in seconds.
SRV-005915,EMP-06958,OFC-GUR,2026-05-14,POST_RESOLUTION,4,Great experience. The AI resolved my password issue in seconds.
SRV-005916,EMP-01326,OFC-LON,2026-05-14,POST_RESOLUTION,5,The new AI system is incredibly fast. Saves me a lot of time.
SRV-005917,EMP-10696,OFC-BOS,2026-05-14,POST_RESOLUTION,5,"Very intuitive workflow, much better than the legacy portal."
SRV-005918,EMP-02811,OFC-GUR,2026-05-14,POST_RESOLUTION,5,Smooth transition. No complaints.
SRV-005919,EMP-04125,OFC-LON,2026-05-14,POST_RESOLUTION,4,Smooth transition. No complaints.
SRV-005920,EMP-06055,OFC-GUR,2026-05-14,POST_RESOLUTION,5,Great experience. The AI resolved my password issue in seconds.
SRV-005921,EMP-09064,OFC-SIN,2026-05-14,POST_RESOLUTION,4,The new AI system is incredibly fast. Saves me a lot of time.
SRV-005922,EMP-10692,OFC-NYC,2026-05-14,POST_RESOLUTION,4,Smooth transition. No complaints.
SRV-005923,EMP-02939,OFC-BOS,2026-05-14,POST_RESOLUTION,5,Great experience. The AI resolved my password issue in seconds.
SRV-005924,EMP-01360,OFC-NYC,2026-05-14,POST_RESOLUTION,4,Smooth transition. No complaints.
SRV-005925,EMP-06427,OFC-BOS,2026-05-14,POST_RESOLUTION,5,The new AI system is incredibly fast. Saves me a lot of time.
SRV-005926,EMP-06383,OFC-BOS,2026-05-14,POST_RESOLUTION,4,"Very intuitive workflow, much better than the legacy portal."
SRV-005927,EMP-07008,OFC-LON,2026-05-14,POST_RESOLUTION,4,Self-service articles were actually helpful for once.
SRV-005928,EMP-07916,OFC-NYC,2026-05-14,POST_RESOLUTION,4,Great experience. The AI resolved my password issue in seconds.
SRV-005929,EMP-05411,OFC-BOS,2026-05-14,POST_RESOLUTION,4,Great experience. The AI resolved my password issue in seconds.
SRV-005930,EMP-06203,OFC-GUR,2026-05-14,POST_RESOLUTION,4,Self-service articles were actually helpful for once.
SRV-005931,EMP-02133,OFC-BOS,2026-05-14,POST_RESOLUTION,4,Self-service articles were actually helpful for once.
SRV-005932,EMP-02262,OFC-NYC,2026-05-14,POST_RESOLUTION,5,Great experience. The AI resolved my password issue in seconds.
SRV-005933,EMP-05515,OFC-NYC,2026-05-14,POST_RESOLUTION,5,"Very intuitive workflow, much better than the legacy portal."
SRV-005934,EMP-09886,OFC-GUR,2026-05-14,POST_RESOLUTION,4,Great experience. The AI resolved my password issue in seconds.
SRV-005935,EMP-09732,OFC-NYC,2026-05-14,POST_RESOLUTION,4,Self-service articles were actually helpful for once.
SRV-005936,EMP-08356,OFC-SIN,2026-05-14,POST_RESOLUTION,5,Smooth transition. No complaints.
SRV-005937,EMP-03514,OFC-LON,2026-05-14,POST_RESOLUTION,4,The new AI system is incredibly fast. Saves me a lot of time.
SRV-005938,EMP-03538,OFC-GUR,2026-05-14,POST_RESOLUTION,5,Smooth transition. No complaints.
SRV-005939,EMP-07632,OFC-GUR,2026-05-14,POST_RESOLUTION,4,"Very intuitive workflow, much better than the legacy portal."
SRV-005940,EMP-10816,OFC-LON,2026-05-14,POST_RESOLUTION,5,Great experience. The AI resolved my password issue in seconds.
SRV-005941,EMP-02500,OFC-LON,2026-05-14,POST_RESOLUTION,4,Great experience. The AI resolved my password issue in seconds.
SRV-005942,EMP-09430,OFC-BOS,2026-05-14,POST_RESOLUTION,5,The new AI system is incredibly fast. Saves me a lot of time.
SRV-005943,EMP-08777,OFC-GUR,2026-05-14,POST_RESOLUTION,5,Smooth transition. No complaints.
SRV-005944,EMP-02090,OFC-SIN,2026-05-14,POST_RESOLUTION,4,The new AI system is incredibly fast. Saves me a lot of time.
SRV-005945,EMP-02962,OFC-GUR,2026-05-14,POST_RESOLUTION,4,"Very intuitive workflow, much better than the legacy portal."
SRV-005946,EMP-05098,OFC-NYC,2026-05-14,POST_RESOLUTION,4,Smooth transition. No complaints.
SRV-005947,EMP-10087,OFC-SIN,2026-05-14,POST_RESOLUTION,5,Smooth transition. No complaints.
SRV-005948,EMP-01335,OFC-BOS,2026-05-14,POST_RESOLUTION,4,"Very intuitive workflow, much better than the legacy portal."
SRV-005949,EMP-04068,OFC-NYC,2026-05-14,POST_RESOLUTION,4,Great experience. The AI resolved my password issue in seconds.
SRV-005950,EMP-03649,OFC-LON,2026-05-14,POST_RESOLUTION,5,Great experience. The AI resolved my password issue in seconds.
SRV-005951,EMP-06895,OFC-BOS,2026-05-14,POST_RESOLUTION,4,Self-service articles were actually helpful for once.
SRV-005952,EMP-06938,OFC-BOS,2026-05-14,POST_RESOLUTION,4,Great experience. The AI resolved my password issue in seconds.
SRV-005953,EMP-03258,OFC-NYC,2026-05-14,POST_RESOLUTION,4,The new AI system is incredibly fast. Saves me a lot of time.
SRV-005954,EMP-09697,OFC-LON,2026-05-14,POST_RESOLUTION,5,"Very intuitive workflow, much better than the legacy portal."
SRV-005955,EMP-05807,OFC-SIN,2026-05-14,POST_RESOLUTION,5,Great experience. The AI resolved my password issue in seconds.
SRV-005956,EMP-05797,OFC-GUR,2026-05-14,POST_RESOLUTION,4,Smooth transition. No complaints.
SRV-005957,EMP-05273,OFC-LON,2026-05-14,POST_RESOLUTION,5,"Very intuitive workflow, much better than the legacy portal."
SRV-005958,EMP-09524,OFC-LON,2026-05-14,POST_RESOLUTION,5,Great experience. The AI resolved my password issue in seconds.
SRV-005959,EMP-10724,OFC-BOS,2026-05-14,POST_RESOLUTION,5,The new AI system is incredibly fast. Saves me a lot of time.
SRV-005960,EMP-09833,OFC-LON,2026-05-14,POST_RESOLUTION,4,Self-service articles were actually helpful for once.
SRV-005961,EMP-02708,OFC-LON,2026-05-14,POST_RESOLUTION,4,Self-service articles were actually helpful for once.
SRV-005962,EMP-07755,OFC-NYC,2026-05-14,POST_RESOLUTION,5,"Very intuitive workflow, much better than the legacy portal."
SRV-005963,EMP-05093,OFC-SIN,2026-05-14,POST_RESOLUTION,5,The new AI system is incredibly fast. Saves me a lot of time.
SRV-005964,EMP-06628,OFC-LON,2026-05-14,POST_RESOLUTION,4,The new AI system is incredibly fast. Saves me a lot of time.
SRV-005965,EMP-05208,OFC-BOS,2026-05-14,POST_RESOLUTION,5,The new AI system is incredibly fast. Saves me a lot of time.
SRV-005966,EMP-05226,OFC-NYC,2026-05-14,POST_RESOLUTION,5,Great experience. The AI resolved my password issue in seconds.
SRV-005967,EMP-10332,OFC-NYC,2026-05-14,POST_RESOLUTION,4,Self-service articles were actually helpful for once.
SRV-005968,EMP-08881,OFC-LON,2026-05-14,POST_RESOLUTION,5,The new AI system is incredibly fast. Saves me a lot of time.
SRV-005969,EMP-07334,OFC-BOS,2026-05-14,POST_RESOLUTION,5,Smooth transition. No complaints.
SRV-005970,EMP-05842,OFC-NYC,2026-05-14,POST_RESOLUTION,4,Great experience. The AI resolved my password issue in seconds.
SRV-005971,EMP-01061,OFC-NYC,2026-05-14,POST_RESOLUTION,4,Smooth transition. No complaints.
SRV-005972,EMP-05774,OFC-NYC,2026-05-14,POST_RESOLUTION,4,Smooth transition. No complaints.
SRV-005973,EMP-03293,OFC-LON,2026-05-14,POST_RESOLUTION,4,"Very intuitive workflow, much better than the legacy portal."
SRV-005974,EMP-04983,OFC-BOS,2026-05-14,POST_RESOLUTION,5,Great experience. The AI resolved my password issue in seconds.
SRV-005975,EMP-03674,OFC-SIN,2026-05-14,POST_RESOLUTION,4,Smooth transition. No complaints.
SRV-005976,EMP-03935,OFC-BOS,2026-05-14,POST_RESOLUTION,4,Great experience. The AI resolved my password issue in seconds.
SRV-005977,EMP-10094,OFC-LON,2026-05-14,POST_RESOLUTION,5,The new AI system is incredibly fast. Saves me a lot of time.
SRV-005978,EMP-05491,OFC-GUR,2026-05-14,POST_RESOLUTION,5,"Very intuitive workflow, much better than the legacy portal."
SRV-005979,EMP-10969,OFC-BOS,2026-05-14,POST_RESOLUTION,4,Self-service articles were actually helpful for once.
SRV-005980,EMP-09923,OFC-GUR,2026-05-14,POST_RESOLUTION,4,Smooth transition. No complaints.
SRV-005981,EMP-04360,OFC-GUR,2026-05-14,POST_RESOLUTION,4,"Very intuitive workflow, much better than the legacy portal."
SRV-005982,EMP-10009,OFC-LON,2026-05-14,POST_RESOLUTION,4,"Very intuitive workflow, much better than the legacy portal."
SRV-005983,EMP-06262,OFC-LON,2026-05-14,POST_RESOLUTION,5,"Very intuitive workflow, much better than the legacy portal."
SRV-005984,EMP-02944,OFC-GUR,2026-05-14,POST_RESOLUTION,5,"Very intuitive workflow, much better than the legacy portal."
SRV-005985,EMP-01746,OFC-NYC,2026-05-14,POST_RESOLUTION,5,The new AI system is incredibly fast. Saves me a lot of time.
SRV-005986,EMP-04652,OFC-GUR,2026-05-14,POST_RESOLUTION,5,Great experience. The AI resolved my password issue in seconds.
SRV-005987,EMP-05340,OFC-NYC,2026-05-14,POST_RESOLUTION,5,Self-service articles were actually helpful for once.
SRV-005988,EMP-06140,OFC-LON,2026-05-14,POST_RESOLUTION,4,Self-service articles were actually helpful for once.
SRV-005989,EMP-01909,OFC-NYC,2026-05-14,POST_RESOLUTION,4,Great experience. The AI resolved my password issue in seconds.
SRV-005990,EMP-09220,OFC-SIN,2026-05-14,POST_RESOLUTION,4,Self-service articles were actually helpful for once.
SRV-005991,EMP-10226,OFC-NYC,2026-05-14,POST_RESOLUTION,5,"Very intuitive workflow, much better than the legacy portal."
SRV-005992,EMP-07017,OFC-LON,2026-05-14,POST_RESOLUTION,4,The new AI system is incredibly fast. Saves me a lot of time.
SRV-005993,EMP-08770,OFC-LON,2026-05-14,POST_RESOLUTION,4,"Very intuitive workflow, much better than the legacy portal."
SRV-005994,EMP-08859,OFC-BOS,2026-05-14,POST_RESOLUTION,5,"Very intuitive workflow, much better than the legacy portal."
SRV-005995,EMP-07534,OFC-BOS,2026-05-14,POST_RESOLUTION,5,The new AI system is incredibly fast. Saves me a lot of time.
SRV-005996,EMP-10593,OFC-NYC,2026-05-14,POST_RESOLUTION,5,Smooth transition. No complaints.
SRV-005997,EMP-01412,OFC-SIN,2026-05-14,POST_RESOLUTION,5,Self-service articles were actually helpful for once.
SRV-005998,EMP-01167,OFC-BOS,2026-05-14,POST_RESOLUTION,4,The new AI system is incredibly fast. Saves me a lot of time.
SRV-005999,EMP-02461,OFC-GUR,2026-05-14,POST_RESOLUTION,5,Great experience. The AI resolved my password issue in seconds.
SRV-006000,EMP-07124,OFC-GUR,2026-05-14,POST_RESOLUTION,5,Great experience. The AI resolved my password issue in seconds.
SRV-006001,EMP-08808,OFC-NYC,2026-05-21,POST_RESOLUTION,5,Great experience. The AI resolved my password issue in seconds.
SRV-006002,EMP-08836,OFC-LON,2026-05-21,POST_RESOLUTION,4,Smooth transition. No complaints.
SRV-006003,EMP-03131,OFC-BOS,2026-05-21,POST_RESOLUTION,5,The new AI system is incredibly fast. Saves me a lot of time.
SRV-006004,EMP-06634,OFC-BOS,2026-05-21,POST_RESOLUTION,4,Smooth transition. No complaints.
SRV-006005,EMP-01635,OFC-NYC,2026-05-21,POST_RESOLUTION,4,Great experience. The AI resolved my password issue in seconds.
SRV-006006,EMP-08750,OFC-BOS,2026-05-21,POST_RESOLUTION,5,"Very intuitive workflow, much better than the legacy portal."
SRV-006007,EMP-10450,OFC-NYC,2026-05-21,POST_RESOLUTION,5,"Very intuitive workflow, much better than the legacy portal."
SRV-006008,EMP-02331,OFC-GUR,2026-05-21,POST_RESOLUTION,4,Smooth transition. No complaints.
SRV-006009,EMP-01451,OFC-LON,2026-05-21,POST_RESOLUTION,5,Great experience. The AI resolved my password issue in seconds.
SRV-006010,EMP-10259,OFC-BOS,2026-05-21,POST_RESOLUTION,4,Great experience. The AI resolved my password issue in seconds.
SRV-006011,EMP-08901,OFC-BOS,2026-05-21,POST_RESOLUTION,4,Great experience. The AI resolved my password issue in seconds.
SRV-006012,EMP-10791,OFC-LON,2026-05-21,POST_RESOLUTION,4,Great experience. The AI resolved my password issue in seconds.
SRV-006013,EMP-10666,OFC-BOS,2026-05-21,POST_RESOLUTION,4,The new AI system is incredibly fast. Saves me a lot of time.
SRV-006014,EMP-09922,OFC-LON,2026-05-21,POST_RESOLUTION,4,Smooth transition. No complaints.
SRV-006015,EMP-09767,OFC-BOS,2026-05-21,POST_RESOLUTION,5,Smooth transition. No complaints.
SRV-006016,EMP-02578,OFC-LON,2026-05-21,POST_RESOLUTION,4,The new AI system is incredibly fast. Saves me a lot of time.
SRV-006017,EMP-01887,OFC-BOS,2026-05-21,POST_RESOLUTION,5,"Very intuitive workflow, much better than the legacy portal."
SRV-006018,EMP-05007,OFC-NYC,2026-05-21,POST_RESOLUTION,5,Smooth transition. No complaints.
SRV-006019,EMP-03836,OFC-SIN,2026-05-21,POST_RESOLUTION,5,Self-service articles were actually helpful for once.
SRV-006020,EMP-08172,OFC-NYC,2026-05-21,POST_RESOLUTION,4,Smooth transition. No complaints.
SRV-006021,EMP-03858,OFC-BOS,2026-05-21,POST_RESOLUTION,4,Smooth transition. No complaints.
SRV-006022,EMP-02621,OFC-BOS,2026-05-21,POST_RESOLUTION,4,"Very intuitive workflow, much better than the legacy portal."
SRV-006023,EMP-02021,OFC-NYC,2026-05-21,POST_RESOLUTION,4,The new AI system is incredibly fast. Saves me a lot of time.
SRV-006024,EMP-03844,OFC-LON,2026-05-21,POST_RESOLUTION,5,"Very intuitive workflow, much better than the legacy portal."
SRV-006025,EMP-02834,OFC-GUR,2026-05-21,POST_RESOLUTION,4,"Very intuitive workflow, much better than the legacy portal."
SRV-006026,EMP-05521,OFC-LON,2026-05-21,POST_RESOLUTION,4,The new AI system is incredibly fast. Saves me a lot of time.
SRV-006027,EMP-01606,OFC-BOS,2026-05-21,POST_RESOLUTION,4,Self-service articles were actually helpful for once.
SRV-006028,EMP-02866,OFC-BOS,2026-05-21,POST_RESOLUTION,5,The new AI system is incredibly fast. Saves me a lot of time.
SRV-006029,EMP-02277,OFC-SIN,2026-05-21,POST_RESOLUTION,4,"Very intuitive workflow, much better than the legacy portal."
SRV-006030,EMP-08791,OFC-BOS,2026-05-21,POST_RESOLUTION,5,The new AI system is incredibly fast. Saves me a lot of time.
SRV-006031,EMP-07057,OFC-LON,2026-05-21,POST_RESOLUTION,4,Smooth transition. No complaints.
SRV-006032,EMP-02793,OFC-GUR,2026-05-21,POST_RESOLUTION,4,Smooth transition. No complaints.
SRV-006033,EMP-04568,OFC-GUR,2026-05-21,POST_RESOLUTION,5,Self-service articles were actually helpful for once.
SRV-006034,EMP-04862,OFC-NYC,2026-05-21,POST_RESOLUTION,5,Self-service articles were actually helpful for once.
SRV-006035,EMP-01652,OFC-LON,2026-05-21,POST_RESOLUTION,4,The new AI system is incredibly fast. Saves me a lot of time.
SRV-006036,EMP-05720,OFC-NYC,2026-05-21,POST_RESOLUTION,4,The new AI system is incredibly fast. Saves me a lot of time.
SRV-006037,EMP-05804,OFC-GUR,2026-05-21,POST_RESOLUTION,4,The new AI system is incredibly fast. Saves me a lot of time.
SRV-006038,EMP-03357,OFC-BOS,2026-05-21,POST_RESOLUTION,4,Great experience. The AI resolved my password issue in seconds.
SRV-006039,EMP-06892,OFC-LON,2026-05-21,POST_RESOLUTION,4,"Very intuitive workflow, much better than the legacy portal."
SRV-006040,EMP-04491,OFC-LON,2026-05-21,POST_RESOLUTION,5,"Very intuitive workflow, much better than the legacy portal."
SRV-006041,EMP-01438,OFC-GUR,2026-05-21,POST_RESOLUTION,5,Self-service articles were actually helpful for once.
SRV-006042,EMP-07522,OFC-GUR,2026-05-21,POST_RESOLUTION,4,Smooth transition. No complaints.
SRV-006043,EMP-05251,OFC-BOS,2026-05-21,POST_RESOLUTION,5,Smooth transition. No complaints.
SRV-006044,EMP-04310,OFC-GUR,2026-05-21,POST_RESOLUTION,5,Smooth transition. No complaints.
SRV-006045,EMP-07661,OFC-NYC,2026-05-21,POST_RESOLUTION,5,Smooth transition. No complaints.
SRV-006046,EMP-03360,OFC-BOS,2026-05-21,POST_RESOLUTION,5,"Very intuitive workflow, much better than the legacy portal."
SRV-006047,EMP-05947,OFC-GUR,2026-05-21,POST_RESOLUTION,4,Great experience. The AI resolved my password issue in seconds.
SRV-006048,EMP-06748,OFC-SIN,2026-05-21,POST_RESOLUTION,4,Smooth transition. No complaints.
SRV-006049,EMP-04327,OFC-LON,2026-05-21,POST_RESOLUTION,5,Self-service articles were actually helpful for once.
SRV-006050,EMP-03229,OFC-NYC,2026-05-21,POST_RESOLUTION,4,The new AI system is incredibly fast. Saves me a lot of time.
SRV-006051,EMP-05173,OFC-LON,2026-05-21,POST_RESOLUTION,5,The new AI system is incredibly fast. Saves me a lot of time.
SRV-006052,EMP-03013,OFC-BOS,2026-05-21,POST_RESOLUTION,5,Self-service articles were actually helpful for once.
SRV-006053,EMP-02992,OFC-LON,2026-05-21,POST_RESOLUTION,4,Self-service articles were actually helpful for once.
SRV-006054,EMP-08711,OFC-NYC,2026-05-21,POST_RESOLUTION,4,Self-service articles were actually helpful for once.
SRV-006055,EMP-05705,OFC-NYC,2026-05-21,POST_RESOLUTION,5,Great experience. The AI resolved my password issue in seconds.
SRV-006056,EMP-09858,OFC-LON,2026-05-21,POST_RESOLUTION,4,The new AI system is incredibly fast. Saves me a lot of time.
SRV-006057,EMP-09640,OFC-GUR,2026-05-21,POST_RESOLUTION,5,Great experience. The AI resolved my password issue in seconds.
SRV-006058,EMP-10155,OFC-BOS,2026-05-21,POST_RESOLUTION,5,Smooth transition. No complaints.
SRV-006059,EMP-09473,OFC-BOS,2026-05-21,POST_RESOLUTION,5,The new AI system is incredibly fast. Saves me a lot of time.
SRV-006060,EMP-05323,OFC-LON,2026-05-21,POST_RESOLUTION,5,Self-service articles were actually helpful for once.
SRV-006061,EMP-03708,OFC-BOS,2026-05-21,POST_RESOLUTION,5,Great experience. The AI resolved my password issue in seconds.
SRV-006062,EMP-07911,OFC-SIN,2026-05-21,POST_RESOLUTION,4,"Very intuitive workflow, much better than the legacy portal."
SRV-006063,EMP-02503,OFC-NYC,2026-05-21,POST_RESOLUTION,5,The new AI system is incredibly fast. Saves me a lot of time.
SRV-006064,EMP-09808,OFC-BOS,2026-05-21,POST_RESOLUTION,4,Self-service articles were actually helpful for once.
SRV-006065,EMP-10566,OFC-LON,2026-05-21,POST_RESOLUTION,5,Self-service articles were actually helpful for once.
SRV-006066,EMP-03917,OFC-GUR,2026-05-21,POST_RESOLUTION,4,Smooth transition. No complaints.
SRV-006067,EMP-10136,OFC-GUR,2026-05-21,POST_RESOLUTION,5,Great experience. The AI resolved my password issue in seconds.
SRV-006068,EMP-10671,OFC-GUR,2026-05-21,POST_RESOLUTION,4,Smooth transition. No complaints.
SRV-006069,EMP-05437,OFC-GUR,2026-05-21,POST_RESOLUTION,5,"Very intuitive workflow, much better than the legacy portal."
SRV-006070,EMP-08567,OFC-BOS,2026-05-21,POST_RESOLUTION,4,"Very intuitive workflow, much better than the legacy portal."
SRV-006071,EMP-06740,OFC-SIN,2026-05-21,POST_RESOLUTION,4,Smooth transition. No complaints.
SRV-006072,EMP-10590,OFC-LON,2026-05-21,POST_RESOLUTION,5,The new AI system is incredibly fast. Saves me a lot of time.
SRV-006073,EMP-08571,OFC-LON,2026-05-21,POST_RESOLUTION,4,The new AI system is incredibly fast. Saves me a lot of time.
SRV-006074,EMP-01891,OFC-SIN,2026-05-21,POST_RESOLUTION,4,Smooth transition. No complaints.
SRV-006075,EMP-02120,OFC-SIN,2026-05-21,POST_RESOLUTION,5,Smooth transition. No complaints.
SRV-006076,EMP-06355,OFC-NYC,2026-05-21,POST_RESOLUTION,4,The new AI system is incredibly fast. Saves me a lot of time.
SRV-006077,EMP-08541,OFC-BOS,2026-05-21,POST_RESOLUTION,4,Great experience. The AI resolved my password issue in seconds.
SRV-006078,EMP-01443,OFC-NYC,2026-05-21,POST_RESOLUTION,4,Smooth transition. No complaints.
SRV-006079,EMP-09120,OFC-NYC,2026-05-21,POST_RESOLUTION,4,Self-service articles were actually helpful for once.
SRV-006080,EMP-01402,OFC-LON,2026-05-21,POST_RESOLUTION,5,Great experience. The AI resolved my password issue in seconds.
SRV-006081,EMP-01793,OFC-LON,2026-05-21,POST_RESOLUTION,4,Smooth transition. No complaints.
SRV-006082,EMP-10644,OFC-NYC,2026-05-21,POST_RESOLUTION,5,Self-service articles were actually helpful for once.
SRV-006083,EMP-06651,OFC-GUR,2026-05-21,POST_RESOLUTION,5,Self-service articles were actually helpful for once.
SRV-006084,EMP-02309,OFC-GUR,2026-05-21,POST_RESOLUTION,5,Smooth transition. No complaints.
SRV-006085,EMP-05352,OFC-NYC,2026-05-21,POST_RESOLUTION,5,Smooth transition. No complaints.
SRV-006086,EMP-01102,OFC-NYC,2026-05-21,POST_RESOLUTION,5,Smooth transition. No complaints.
SRV-006087,EMP-01099,OFC-BOS,2026-05-21,POST_RESOLUTION,5,Self-service articles were actually helpful for once.
SRV-006088,EMP-02240,OFC-SIN,2026-05-21,POST_RESOLUTION,5,"Very intuitive workflow, much better than the legacy portal."
SRV-006089,EMP-01552,OFC-LON,2026-05-21,POST_RESOLUTION,4,Smooth transition. No complaints.
SRV-006090,EMP-07654,OFC-BOS,2026-05-21,POST_RESOLUTION,5,Smooth transition. No complaints.
SRV-006091,EMP-10053,OFC-NYC,2026-05-21,POST_RESOLUTION,4,Great experience. The AI resolved my password issue in seconds.
SRV-006092,EMP-06659,OFC-LON,2026-05-21,POST_RESOLUTION,5,Smooth transition. No complaints.
SRV-006093,EMP-05237,OFC-GUR,2026-05-21,POST_RESOLUTION,4,Great experience. The AI resolved my password issue in seconds.
SRV-006094,EMP-01768,OFC-NYC,2026-05-21,POST_RESOLUTION,5,Great experience. The AI resolved my password issue in seconds.
SRV-006095,EMP-08225,OFC-SIN,2026-05-21,POST_RESOLUTION,4,"Very intuitive workflow, much better than the legacy portal."
SRV-006096,EMP-04547,OFC-LON,2026-05-21,POST_RESOLUTION,4,Smooth transition. No complaints.
SRV-006097,EMP-01427,OFC-SIN,2026-05-21,POST_RESOLUTION,4,"Very intuitive workflow, much better than the legacy portal."
SRV-006098,EMP-05903,OFC-NYC,2026-05-21,POST_RESOLUTION,4,Self-service articles were actually helpful for once.
SRV-006099,EMP-07324,OFC-BOS,2026-05-21,POST_RESOLUTION,4,"Very intuitive workflow, much better than the legacy portal."
SRV-006100,EMP-02290,OFC-NYC,2026-05-21,POST_RESOLUTION,4,The new AI system is incredibly fast. Saves me a lot of time.
SRV-006101,EMP-06613,OFC-BOS,2026-05-21,POST_RESOLUTION,4,The new AI system is incredibly fast. Saves me a lot of time.
SRV-006102,EMP-08415,OFC-LON,2026-05-21,POST_RESOLUTION,4,The new AI system is incredibly fast. Saves me a lot of time.
SRV-006103,EMP-10554,OFC-LON,2026-05-21,POST_RESOLUTION,4,Great experience. The AI resolved my password issue in seconds.
SRV-006104,EMP-07139,OFC-GUR,2026-05-21,POST_RESOLUTION,5,The new AI system is incredibly fast. Saves me a lot of time.
SRV-006105,EMP-10476,OFC-SIN,2026-05-21,POST_RESOLUTION,4,"Very intuitive workflow, much better than the legacy portal."
SRV-006106,EMP-08519,OFC-BOS,2026-05-21,POST_RESOLUTION,4,Smooth transition. No complaints.
SRV-006107,EMP-10460,OFC-GUR,2026-05-21,POST_RESOLUTION,5,Great experience. The AI resolved my password issue in seconds.
SRV-006108,EMP-08231,OFC-NYC,2026-05-21,POST_RESOLUTION,5,Great experience. The AI resolved my password issue in seconds.
SRV-006109,EMP-06513,OFC-GUR,2026-05-21,POST_RESOLUTION,5,The new AI system is incredibly fast. Saves me a lot of time.
SRV-006110,EMP-01692,OFC-LON,2026-05-21,POST_RESOLUTION,4,Self-service articles were actually helpful for once.
SRV-006111,EMP-06507,OFC-NYC,2026-05-21,POST_RESOLUTION,5,Self-service articles were actually helpful for once.
SRV-006112,EMP-10937,OFC-GUR,2026-05-21,POST_RESOLUTION,4,Smooth transition. No complaints.
SRV-006113,EMP-05060,OFC-NYC,2026-05-21,POST_RESOLUTION,4,"Very intuitive workflow, much better than the legacy portal."
SRV-006114,EMP-09487,OFC-LON,2026-05-21,POST_RESOLUTION,5,The new AI system is incredibly fast. Saves me a lot of time.
SRV-006115,EMP-03616,OFC-NYC,2026-05-21,POST_RESOLUTION,4,"Very intuitive workflow, much better than the legacy portal."
SRV-006116,EMP-05256,OFC-SIN,2026-05-21,POST_RESOLUTION,4,Self-service articles were actually helpful for once.
SRV-006117,EMP-09371,OFC-NYC,2026-05-21,POST_RESOLUTION,5,Self-service articles were actually helpful for once.
SRV-006118,EMP-03718,OFC-GUR,2026-05-21,POST_RESOLUTION,4,The new AI system is incredibly fast. Saves me a lot of time.
SRV-006119,EMP-10863,OFC-GUR,2026-05-21,POST_RESOLUTION,5,Self-service articles were actually helpful for once.
SRV-006120,EMP-07608,OFC-SIN,2026-05-21,POST_RESOLUTION,4,Self-service articles were actually helpful for once.
SRV-006121,EMP-06254,OFC-SIN,2026-05-21,POST_RESOLUTION,4,Smooth transition. No complaints.
SRV-006122,EMP-06999,OFC-BOS,2026-05-21,POST_RESOLUTION,5,Smooth transition. No complaints.
SRV-006123,EMP-02279,OFC-LON,2026-05-21,POST_RESOLUTION,5,Self-service articles were actually helpful for once.
SRV-006124,EMP-04817,OFC-GUR,2026-05-21,POST_RESOLUTION,4,The new AI system is incredibly fast. Saves me a lot of time.
SRV-006125,EMP-08628,OFC-SIN,2026-05-21,POST_RESOLUTION,5,The new AI system is incredibly fast. Saves me a lot of time.
SRV-006126,EMP-08664,OFC-NYC,2026-05-21,POST_RESOLUTION,5,Self-service articles were actually helpful for once.
SRV-006127,EMP-04227,OFC-NYC,2026-05-21,POST_RESOLUTION,5,Self-service articles were actually helpful for once.
SRV-006128,EMP-04448,OFC-LON,2026-05-21,POST_RESOLUTION,5,Great experience. The AI resolved my password issue in seconds.
SRV-006129,EMP-04177,OFC-SIN,2026-05-21,POST_RESOLUTION,4,Smooth transition. No complaints.
SRV-006130,EMP-10901,OFC-NYC,2026-05-21,POST_RESOLUTION,4,Smooth transition. No complaints.
SRV-006131,EMP-06987,OFC-SIN,2026-05-21,POST_RESOLUTION,5,The new AI system is incredibly fast. Saves me a lot of time.
SRV-006132,EMP-08242,OFC-BOS,2026-05-21,POST_RESOLUTION,4,"Very intuitive workflow, much better than the legacy portal."
SRV-006133,EMP-09392,OFC-SIN,2026-05-21,POST_RESOLUTION,4,"Very intuitive workflow, much better than the legacy portal."
SRV-006134,EMP-07196,OFC-BOS,2026-05-21,POST_RESOLUTION,4,Self-service articles were actually helpful for once.
SRV-006135,EMP-10874,OFC-LON,2026-05-21,POST_RESOLUTION,5,Self-service articles were actually helpful for once.
SRV-006136,EMP-04054,OFC-GUR,2026-05-21,POST_RESOLUTION,5,Great experience. The AI resolved my password issue in seconds.
SRV-006137,EMP-08842,OFC-BOS,2026-05-21,POST_RESOLUTION,5,Great experience. The AI resolved my password issue in seconds.
SRV-006138,EMP-01592,OFC-BOS,2026-05-21,POST_RESOLUTION,5,The new AI system is incredibly fast. Saves me a lot of time.
SRV-006139,EMP-10420,OFC-SIN,2026-05-21,POST_RESOLUTION,4,"Very intuitive workflow, much better than the legacy portal."
SRV-006140,EMP-09841,OFC-SIN,2026-05-21,POST_RESOLUTION,4,Great experience. The AI resolved my password issue in seconds.
SRV-006141,EMP-02652,OFC-NYC,2026-05-21,POST_RESOLUTION,4,"Very intuitive workflow, much better than the legacy portal."
SRV-006142,EMP-03867,OFC-GUR,2026-05-21,POST_RESOLUTION,5,Great experience. The AI resolved my password issue in seconds.
SRV-006143,EMP-09506,OFC-BOS,2026-05-21,POST_RESOLUTION,5,Smooth transition. No complaints.
SRV-006144,EMP-03043,OFC-BOS,2026-05-21,POST_RESOLUTION,4,Self-service articles were actually helpful for once.
SRV-006145,EMP-08255,OFC-LON,2026-05-21,POST_RESOLUTION,5,Great experience. The AI resolved my password issue in seconds.
SRV-006146,EMP-02594,OFC-GUR,2026-05-21,POST_RESOLUTION,4,Great experience. The AI resolved my password issue in seconds.
SRV-006147,EMP-02552,OFC-GUR,2026-05-21,POST_RESOLUTION,5,The new AI system is incredibly fast. Saves me a lot of time.
SRV-006148,EMP-10222,OFC-LON,2026-05-21,POST_RESOLUTION,5,Smooth transition. No complaints.
SRV-006149,EMP-08447,OFC-NYC,2026-05-21,POST_RESOLUTION,5,Self-service articles were actually helpful for once.
SRV-006150,EMP-01408,OFC-SIN,2026-05-21,POST_RESOLUTION,5,Smooth transition. No complaints.
SRV-006151,EMP-10049,OFC-LON,2026-05-21,POST_RESOLUTION,5,Self-service articles were actually helpful for once.
SRV-006152,EMP-10305,OFC-BOS,2026-05-21,POST_RESOLUTION,5,Smooth transition. No complaints.
SRV-006153,EMP-10091,OFC-BOS,2026-05-21,POST_RESOLUTION,5,Smooth transition. No complaints.
SRV-006154,EMP-03119,OFC-SIN,2026-05-21,POST_RESOLUTION,4,The new AI system is incredibly fast. Saves me a lot of time.
SRV-006155,EMP-04868,OFC-GUR,2026-05-21,POST_RESOLUTION,4,"Very intuitive workflow, much better than the legacy portal."
SRV-006156,EMP-08173,OFC-GUR,2026-05-21,POST_RESOLUTION,4,Smooth transition. No complaints.
SRV-006157,EMP-03808,OFC-LON,2026-05-21,POST_RESOLUTION,5,Self-service articles were actually helpful for once.
SRV-006158,EMP-05706,OFC-GUR,2026-05-21,POST_RESOLUTION,4,Self-service articles were actually helpful for once.
SRV-006159,EMP-03591,OFC-GUR,2026-05-21,POST_RESOLUTION,4,The new AI system is incredibly fast. Saves me a lot of time.
SRV-006160,EMP-09288,OFC-BOS,2026-05-21,POST_RESOLUTION,4,"Very intuitive workflow, much better than the legacy portal."
SRV-006161,EMP-03156,OFC-BOS,2026-05-21,POST_RESOLUTION,4,Self-service articles were actually helpful for once.
SRV-006162,EMP-10387,OFC-NYC,2026-05-21,POST_RESOLUTION,4,The new AI system is incredibly fast. Saves me a lot of time.
SRV-006163,EMP-01141,OFC-NYC,2026-05-21,POST_RESOLUTION,5,Self-service articles were actually helpful for once.
SRV-006164,EMP-04069,OFC-GUR,2026-05-21,POST_RESOLUTION,4,Great experience. The AI resolved my password issue in seconds.
SRV-006165,EMP-08600,OFC-GUR,2026-05-21,POST_RESOLUTION,4,Smooth transition. No complaints.
SRV-006166,EMP-04007,OFC-BOS,2026-05-21,POST_RESOLUTION,4,"Very intuitive workflow, much better than the legacy portal."
SRV-006167,EMP-10945,OFC-NYC,2026-05-21,POST_RESOLUTION,4,Smooth transition. No complaints.
SRV-006168,EMP-06512,OFC-SIN,2026-05-21,POST_RESOLUTION,5,Smooth transition. No complaints.
SRV-006169,EMP-06384,OFC-LON,2026-05-21,POST_RESOLUTION,4,Great experience. The AI resolved my password issue in seconds.
SRV-006170,EMP-09259,OFC-GUR,2026-05-21,POST_RESOLUTION,4,"Very intuitive workflow, much better than the legacy portal."
SRV-006171,EMP-09079,OFC-LON,2026-05-21,POST_RESOLUTION,5,Smooth transition. No complaints.
SRV-006172,EMP-04167,OFC-BOS,2026-05-21,POST_RESOLUTION,5,The new AI system is incredibly fast. Saves me a lot of time.
SRV-006173,EMP-01117,OFC-BOS,2026-05-21,POST_RESOLUTION,5,Self-service articles were actually helpful for once.
SRV-006174,EMP-02744,OFC-NYC,2026-05-21,POST_RESOLUTION,4,Self-service articles were actually helpful for once.
SRV-006175,EMP-03898,OFC-NYC,2026-05-21,POST_RESOLUTION,5,The new AI system is incredibly fast. Saves me a lot of time.
SRV-006176,EMP-01059,OFC-NYC,2026-05-21,POST_RESOLUTION,4,Self-service articles were actually helpful for once.
SRV-006177,EMP-04079,OFC-SIN,2026-05-21,POST_RESOLUTION,4,Great experience. The AI resolved my password issue in seconds.
SRV-006178,EMP-05679,OFC-LON,2026-05-21,POST_RESOLUTION,4,The new AI system is incredibly fast. Saves me a lot of time.
SRV-006179,EMP-02353,OFC-GUR,2026-05-21,POST_RESOLUTION,4,Great experience. The AI resolved my password issue in seconds.
SRV-006180,EMP-08296,OFC-BOS,2026-05-21,POST_RESOLUTION,4,"Very intuitive workflow, much better than the legacy portal."
SRV-006181,EMP-04023,OFC-NYC,2026-05-21,POST_RESOLUTION,4,Self-service articles were actually helpful for once.
SRV-006182,EMP-01704,OFC-BOS,2026-05-21,POST_RESOLUTION,5,Great experience. The AI resolved my password issue in seconds.
SRV-006183,EMP-06241,OFC-NYC,2026-05-21,POST_RESOLUTION,4,Self-service articles were actually helpful for once.
SRV-006184,EMP-06841,OFC-BOS,2026-05-21,POST_RESOLUTION,4,"Very intuitive workflow, much better than the legacy portal."
SRV-006185,EMP-05839,OFC-NYC,2026-05-21,POST_RESOLUTION,5,Smooth transition. No complaints.
SRV-006186,EMP-09859,OFC-LON,2026-05-21,POST_RESOLUTION,4,Self-service articles were actually helpful for once.
SRV-006187,EMP-04778,OFC-GUR,2026-05-21,POST_RESOLUTION,5,"Very intuitive workflow, much better than the legacy portal."
SRV-006188,EMP-07263,OFC-SIN,2026-05-21,POST_RESOLUTION,4,The new AI system is incredibly fast. Saves me a lot of time.
SRV-006189,EMP-07780,OFC-NYC,2026-05-21,POST_RESOLUTION,4,Self-service articles were actually helpful for once.
SRV-006190,EMP-03802,OFC-SIN,2026-05-21,POST_RESOLUTION,4,The new AI system is incredibly fast. Saves me a lot of time.
SRV-006191,EMP-04070,OFC-GUR,2026-05-21,POST_RESOLUTION,4,"Very intuitive workflow, much better than the legacy portal."
SRV-006192,EMP-01095,OFC-LON,2026-05-21,POST_RESOLUTION,4,The new AI system is incredibly fast. Saves me a lot of time.
SRV-006193,EMP-06216,OFC-NYC,2026-05-21,POST_RESOLUTION,4,Great experience. The AI resolved my password issue in seconds.
SRV-006194,EMP-04271,OFC-BOS,2026-05-21,POST_RESOLUTION,5,Smooth transition. No complaints.
SRV-006195,EMP-08080,OFC-NYC,2026-05-21,POST_RESOLUTION,5,The new AI system is incredibly fast. Saves me a lot of time.
SRV-006196,EMP-02027,OFC-GUR,2026-05-21,POST_RESOLUTION,5,Great experience. The AI resolved my password issue in seconds.
SRV-006197,EMP-05263,OFC-NYC,2026-05-21,POST_RESOLUTION,5,Smooth transition. No complaints.
SRV-006198,EMP-05541,OFC-LON,2026-05-21,POST_RESOLUTION,4,"Very intuitive workflow, much better than the legacy portal."
SRV-006199,EMP-08545,OFC-BOS,2026-05-21,POST_RESOLUTION,5,"Very intuitive workflow, much better than the legacy portal."
SRV-006200,EMP-03462,OFC-LON,2026-05-21,POST_RESOLUTION,4,Self-service articles were actually helpful for once.
SRV-006201,EMP-02255,OFC-NYC,2026-05-21,POST_RESOLUTION,4,Great experience. The AI resolved my password issue in seconds.
SRV-006202,EMP-08589,OFC-BOS,2026-05-21,POST_RESOLUTION,4,Smooth transition. No complaints.
SRV-006203,EMP-05137,OFC-NYC,2026-05-21,POST_RESOLUTION,4,Self-service articles were actually helpful for once.
SRV-006204,EMP-02576,OFC-BOS,2026-05-21,POST_RESOLUTION,4,Self-service articles were actually helpful for once.
SRV-006205,EMP-01463,OFC-LON,2026-05-21,POST_RESOLUTION,5,"Very intuitive workflow, much better than the legacy portal."
SRV-006206,EMP-01305,OFC-SIN,2026-05-21,POST_RESOLUTION,5,The new AI system is incredibly fast. Saves me a lot of time.
SRV-006207,EMP-02306,OFC-GUR,2026-05-21,POST_RESOLUTION,5,Smooth transition. No complaints.
SRV-006208,EMP-07315,OFC-SIN,2026-05-21,POST_RESOLUTION,5,"Very intuitive workflow, much better than the legacy portal."
SRV-006209,EMP-09589,OFC-GUR,2026-05-21,POST_RESOLUTION,4,"Very intuitive workflow, much better than the legacy portal."
SRV-006210,EMP-06590,OFC-NYC,2026-05-21,POST_RESOLUTION,4,The new AI system is incredibly fast. Saves me a lot of time.
SRV-006211,EMP-02827,OFC-SIN,2026-05-21,POST_RESOLUTION,4,Great experience. The AI resolved my password issue in seconds.
SRV-006212,EMP-07142,OFC-BOS,2026-05-21,POST_RESOLUTION,4,Great experience. The AI resolved my password issue in seconds.
SRV-006213,EMP-07746,OFC-GUR,2026-05-21,POST_RESOLUTION,4,Smooth transition. No complaints.
SRV-006214,EMP-10256,OFC-BOS,2026-05-21,POST_RESOLUTION,5,The new AI system is incredibly fast. Saves me a lot of time.
SRV-006215,EMP-09092,OFC-LON,2026-05-21,POST_RESOLUTION,5,The new AI system is incredibly fast. Saves me a lot of time.
SRV-006216,EMP-05975,OFC-NYC,2026-05-21,POST_RESOLUTION,5,Self-service articles were actually helpful for once.
SRV-006217,EMP-04905,OFC-LON,2026-05-21,POST_RESOLUTION,4,The new AI system is incredibly fast. Saves me a lot of time.
SRV-006218,EMP-02961,OFC-NYC,2026-05-21,POST_RESOLUTION,4,Smooth transition. No complaints.
SRV-006219,EMP-03010,OFC-BOS,2026-05-21,POST_RESOLUTION,5,The new AI system is incredibly fast. Saves me a lot of time.
SRV-006220,EMP-09890,OFC-NYC,2026-05-21,POST_RESOLUTION,4,Self-service articles were actually helpful for once.
SRV-006221,EMP-07823,OFC-SIN,2026-05-21,POST_RESOLUTION,5,Great experience. The AI resolved my password issue in seconds.
SRV-006222,EMP-09053,OFC-GUR,2026-05-21,POST_RESOLUTION,4,The new AI system is incredibly fast. Saves me a lot of time.
SRV-006223,EMP-02138,OFC-LON,2026-05-21,POST_RESOLUTION,5,The new AI system is incredibly fast. Saves me a lot of time.
SRV-006224,EMP-05622,OFC-BOS,2026-05-21,POST_RESOLUTION,5,Smooth transition. No complaints.
SRV-006225,EMP-06565,OFC-BOS,2026-05-21,POST_RESOLUTION,5,Self-service articles were actually helpful for once.
SRV-006226,EMP-09658,OFC-BOS,2026-05-21,POST_RESOLUTION,5,The new AI system is incredibly fast. Saves me a lot of time.
SRV-006227,EMP-03542,OFC-GUR,2026-05-21,POST_RESOLUTION,4,Smooth transition. No complaints.
SRV-006228,EMP-01926,OFC-NYC,2026-05-21,POST_RESOLUTION,5,Self-service articles were actually helpful for once.
SRV-006229,EMP-06437,OFC-GUR,2026-05-21,POST_RESOLUTION,4,"Very intuitive workflow, much better than the legacy portal."
SRV-006230,EMP-01492,OFC-NYC,2026-05-21,POST_RESOLUTION,5,Self-service articles were actually helpful for once.
SRV-006231,EMP-05303,OFC-LON,2026-05-21,POST_RESOLUTION,5,"Very intuitive workflow, much better than the legacy portal."
SRV-006232,EMP-01711,OFC-LON,2026-05-21,POST_RESOLUTION,4,"Very intuitive workflow, much better than the legacy portal."
SRV-006233,EMP-04059,OFC-SIN,2026-05-21,POST_RESOLUTION,4,Self-service articles were actually helpful for once.
SRV-006234,EMP-08059,OFC-SIN,2026-05-21,POST_RESOLUTION,5,Self-service articles were actually helpful for once.
SRV-006235,EMP-05024,OFC-GUR,2026-05-21,POST_RESOLUTION,4,Smooth transition. No complaints.
SRV-006236,EMP-02081,OFC-BOS,2026-05-21,POST_RESOLUTION,4,Self-service articles were actually helpful for once.
SRV-006237,EMP-03584,OFC-LON,2026-05-21,POST_RESOLUTION,4,Great experience. The AI resolved my password issue in seconds.
SRV-006238,EMP-04238,OFC-LON,2026-05-21,POST_RESOLUTION,4,The new AI system is incredibly fast. Saves me a lot of time.
SRV-006239,EMP-04436,OFC-BOS,2026-05-21,POST_RESOLUTION,4,Self-service articles were actually helpful for once.
SRV-006240,EMP-07038,OFC-BOS,2026-05-21,POST_RESOLUTION,4,"Very intuitive workflow, much better than the legacy portal."
SRV-006241,EMP-03687,OFC-NYC,2026-05-21,POST_RESOLUTION,5,"Very intuitive workflow, much better than the legacy portal."
SRV-006242,EMP-04106,OFC-GUR,2026-05-21,POST_RESOLUTION,5,Self-service articles were actually helpful for once.
SRV-006243,EMP-05274,OFC-LON,2026-05-21,POST_RESOLUTION,5,The new AI system is incredibly fast. Saves me a lot of time.
SRV-006244,EMP-04781,OFC-NYC,2026-05-21,POST_RESOLUTION,5,The new AI system is incredibly fast. Saves me a lot of time.
SRV-006245,EMP-10906,OFC-GUR,2026-05-21,POST_RESOLUTION,5,Smooth transition. No complaints.
SRV-006246,EMP-09179,OFC-BOS,2026-05-21,POST_RESOLUTION,4,Smooth transition. No complaints.
SRV-006247,EMP-07110,OFC-SIN,2026-05-21,POST_RESOLUTION,5,Smooth transition. No complaints.
SRV-006248,EMP-01276,OFC-GUR,2026-05-21,POST_RESOLUTION,5,The new AI system is incredibly fast. Saves me a lot of time.
SRV-006249,EMP-02458,OFC-BOS,2026-05-21,POST_RESOLUTION,4,"Very intuitive workflow, much better than the legacy portal."
SRV-006250,EMP-10522,OFC-SIN,2026-05-21,POST_RESOLUTION,4,Smooth transition. No complaints.
SRV-006251,EMP-10545,OFC-BOS,2026-05-21,POST_RESOLUTION,4,Self-service articles were actually helpful for once.
SRV-006252,EMP-05421,OFC-SIN,2026-05-21,POST_RESOLUTION,5,Smooth transition. No complaints.
SRV-006253,EMP-10047,OFC-LON,2026-05-21,POST_RESOLUTION,5,Self-service articles were actually helpful for once.
SRV-006254,EMP-04323,OFC-LON,2026-05-21,POST_RESOLUTION,5,Self-service articles were actually helpful for once.
SRV-006255,EMP-09128,OFC-SIN,2026-05-21,POST_RESOLUTION,4,"Very intuitive workflow, much better than the legacy portal."
SRV-006256,EMP-10352,OFC-SIN,2026-05-21,POST_RESOLUTION,5,Self-service articles were actually helpful for once.
SRV-006257,EMP-04346,OFC-NYC,2026-05-21,POST_RESOLUTION,5,Smooth transition. No complaints.
SRV-006258,EMP-07811,OFC-BOS,2026-05-21,POST_RESOLUTION,4,"Very intuitive workflow, much better than the legacy portal."
SRV-006259,EMP-01871,OFC-NYC,2026-05-21,POST_RESOLUTION,4,"Very intuitive workflow, much better than the legacy portal."
SRV-006260,EMP-08040,OFC-GUR,2026-05-21,POST_RESOLUTION,5,The new AI system is incredibly fast. Saves me a lot of time.
SRV-006261,EMP-07389,OFC-LON,2026-05-21,POST_RESOLUTION,4,Self-service articles were actually helpful for once.
SRV-006262,EMP-09709,OFC-GUR,2026-05-21,POST_RESOLUTION,5,Smooth transition. No complaints.
SRV-006263,EMP-10668,OFC-GUR,2026-05-21,POST_RESOLUTION,4,Self-service articles were actually helpful for once.
SRV-006264,EMP-01487,OFC-NYC,2026-05-21,POST_RESOLUTION,5,Smooth transition. No complaints.
SRV-006265,EMP-05794,OFC-NYC,2026-05-21,POST_RESOLUTION,4,Great experience. The AI resolved my password issue in seconds.
SRV-006266,EMP-02350,OFC-SIN,2026-05-21,POST_RESOLUTION,4,The new AI system is incredibly fast. Saves me a lot of time.
SRV-006267,EMP-01939,OFC-LON,2026-05-21,POST_RESOLUTION,4,"Very intuitive workflow, much better than the legacy portal."
SRV-006268,EMP-09980,OFC-GUR,2026-05-21,POST_RESOLUTION,5,The new AI system is incredibly fast. Saves me a lot of time.
SRV-006269,EMP-07042,OFC-NYC,2026-05-21,POST_RESOLUTION,4,Great experience. The AI resolved my password issue in seconds.
SRV-006270,EMP-01845,OFC-NYC,2026-05-21,POST_RESOLUTION,4,The new AI system is incredibly fast. Saves me a lot of time.
SRV-006271,EMP-07255,OFC-LON,2026-05-21,POST_RESOLUTION,5,The new AI system is incredibly fast. Saves me a lot of time.
SRV-006272,EMP-02464,OFC-SIN,2026-05-21,POST_RESOLUTION,5,Great experience. The AI resolved my password issue in seconds.
SRV-006273,EMP-09252,OFC-BOS,2026-05-21,POST_RESOLUTION,4,The new AI system is incredibly fast. Saves me a lot of time.
SRV-006274,EMP-06599,OFC-GUR,2026-05-21,POST_RESOLUTION,5,The new AI system is incredibly fast. Saves me a lot of time.
SRV-006275,EMP-04826,OFC-LON,2026-05-21,POST_RESOLUTION,4,Great experience. The AI resolved my password issue in seconds.
SRV-006276,EMP-03560,OFC-GUR,2026-05-21,POST_RESOLUTION,4,Great experience. The AI resolved my password issue in seconds.
SRV-006277,EMP-02726,OFC-LON,2026-05-21,POST_RESOLUTION,4,"Very intuitive workflow, much better than the legacy portal."
SRV-006278,EMP-05774,OFC-NYC,2026-05-21,POST_RESOLUTION,5,Smooth transition. No complaints.
SRV-006279,EMP-05035,OFC-SIN,2026-05-21,POST_RESOLUTION,4,Smooth transition. No complaints.
SRV-006280,EMP-01231,OFC-LON,2026-05-21,POST_RESOLUTION,4,Great experience. The AI resolved my password issue in seconds.
SRV-006281,EMP-05014,OFC-LON,2026-05-21,POST_RESOLUTION,4,Smooth transition. No complaints.
SRV-006282,EMP-05580,OFC-SIN,2026-05-21,POST_RESOLUTION,5,Self-service articles were actually helpful for once.
SRV-006283,EMP-02930,OFC-LON,2026-05-21,POST_RESOLUTION,5,Self-service articles were actually helpful for once.
SRV-006284,EMP-09254,OFC-NYC,2026-05-21,POST_RESOLUTION,5,Self-service articles were actually helpful for once.
SRV-006285,EMP-05687,OFC-BOS,2026-05-21,POST_RESOLUTION,4,"Very intuitive workflow, much better than the legacy portal."
SRV-006286,EMP-08350,OFC-NYC,2026-05-21,POST_RESOLUTION,5,Smooth transition. No complaints.
SRV-006287,EMP-06769,OFC-SIN,2026-05-21,POST_RESOLUTION,5,The new AI system is incredibly fast. Saves me a lot of time.
SRV-006288,EMP-01163,OFC-LON,2026-05-21,POST_RESOLUTION,5,Great experience. The AI resolved my password issue in seconds.
SRV-006289,EMP-10562,OFC-GUR,2026-05-21,POST_RESOLUTION,4,Smooth transition. No complaints.
SRV-006290,EMP-09267,OFC-NYC,2026-05-21,POST_RESOLUTION,4,"Very intuitive workflow, much better than the legacy portal."
SRV-006291,EMP-06974,OFC-NYC,2026-05-21,POST_RESOLUTION,4,The new AI system is incredibly fast. Saves me a lot of time.
SRV-006292,EMP-05527,OFC-SIN,2026-05-21,POST_RESOLUTION,5,Great experience. The AI resolved my password issue in seconds.
SRV-006293,EMP-06788,OFC-SIN,2026-05-21,POST_RESOLUTION,4,The new AI system is incredibly fast. Saves me a lot of time.
SRV-006294,EMP-04153,OFC-NYC,2026-05-21,POST_RESOLUTION,5,Great experience. The AI resolved my password issue in seconds.
SRV-006295,EMP-03735,OFC-GUR,2026-05-21,POST_RESOLUTION,5,Self-service articles were actually helpful for once.
SRV-006296,EMP-06489,OFC-SIN,2026-05-21,POST_RESOLUTION,4,Great experience. The AI resolved my password issue in seconds.
SRV-006297,EMP-05209,OFC-BOS,2026-05-21,POST_RESOLUTION,4,Great experience. The AI resolved my password issue in seconds.
SRV-006298,EMP-05673,OFC-BOS,2026-05-21,POST_RESOLUTION,4,"Very intuitive workflow, much better than the legacy portal."
SRV-006299,EMP-07306,OFC-NYC,2026-05-21,POST_RESOLUTION,4,"Very intuitive workflow, much better than the legacy portal."
SRV-006300,EMP-01569,OFC-NYC,2026-05-21,POST_RESOLUTION,4,"Very intuitive workflow, much better than the legacy portal."
SRV-006301,EMP-06759,OFC-NYC,2026-05-28,POST_RESOLUTION,5,Smooth transition. No complaints.
SRV-006302,EMP-03977,OFC-BOS,2026-05-28,POST_RESOLUTION,5,Self-service articles were actually helpful for once.
SRV-006303,EMP-03947,OFC-LON,2026-05-28,POST_RESOLUTION,4,Self-service articles were actually helpful for once.
SRV-006304,EMP-01819,OFC-NYC,2026-05-28,POST_RESOLUTION,4,Great experience. The AI resolved my password issue in seconds.
SRV-006305,EMP-08387,OFC-SIN,2026-05-28,POST_RESOLUTION,5,"Very intuitive workflow, much better than the legacy portal."
SRV-006306,EMP-06612,OFC-GUR,2026-05-28,POST_RESOLUTION,4,Self-service articles were actually helpful for once.
SRV-006307,EMP-04010,OFC-LON,2026-05-28,POST_RESOLUTION,5,Self-service articles were actually helpful for once.
SRV-006308,EMP-07640,OFC-GUR,2026-05-28,POST_RESOLUTION,4,Great experience. The AI resolved my password issue in seconds.
SRV-006309,EMP-01461,OFC-LON,2026-05-28,POST_RESOLUTION,4,Great experience. The AI resolved my password issue in seconds.
SRV-006310,EMP-05028,OFC-GUR,2026-05-28,POST_RESOLUTION,4,The new AI system is incredibly fast. Saves me a lot of time.
SRV-006311,EMP-10111,OFC-LON,2026-05-28,POST_RESOLUTION,5,The new AI system is incredibly fast. Saves me a lot of time.
SRV-006312,EMP-03981,OFC-BOS,2026-05-28,POST_RESOLUTION,5,Great experience. The AI resolved my password issue in seconds.
SRV-006313,EMP-01276,OFC-GUR,2026-05-28,POST_RESOLUTION,5,The new AI system is incredibly fast. Saves me a lot of time.
SRV-006314,EMP-06881,OFC-LON,2026-05-28,POST_RESOLUTION,5,Self-service articles were actually helpful for once.
SRV-006315,EMP-05655,OFC-BOS,2026-05-28,POST_RESOLUTION,5,Great experience. The AI resolved my password issue in seconds.
SRV-006316,EMP-09056,OFC-NYC,2026-05-28,POST_RESOLUTION,5,Great experience. The AI resolved my password issue in seconds.
SRV-006317,EMP-08329,OFC-LON,2026-05-28,POST_RESOLUTION,5,"Very intuitive workflow, much better than the legacy portal."
SRV-006318,EMP-05329,OFC-GUR,2026-05-28,POST_RESOLUTION,5,Self-service articles were actually helpful for once.
SRV-006319,EMP-08603,OFC-SIN,2026-05-28,POST_RESOLUTION,5,Self-service articles were actually helpful for once.
SRV-006320,EMP-04590,OFC-SIN,2026-05-28,POST_RESOLUTION,5,Smooth transition. No complaints.
SRV-006321,EMP-09430,OFC-BOS,2026-05-28,POST_RESOLUTION,5,Smooth transition. No complaints.
SRV-006322,EMP-08592,OFC-GUR,2026-05-28,POST_RESOLUTION,4,"Very intuitive workflow, much better than the legacy portal."
SRV-006323,EMP-09172,OFC-LON,2026-05-28,POST_RESOLUTION,4,Smooth transition. No complaints.
SRV-006324,EMP-04988,OFC-NYC,2026-05-28,POST_RESOLUTION,4,The new AI system is incredibly fast. Saves me a lot of time.
SRV-006325,EMP-08130,OFC-NYC,2026-05-28,POST_RESOLUTION,5,Great experience. The AI resolved my password issue in seconds.
SRV-006326,EMP-07644,OFC-NYC,2026-05-28,POST_RESOLUTION,4,The new AI system is incredibly fast. Saves me a lot of time.
SRV-006327,EMP-08106,OFC-BOS,2026-05-28,POST_RESOLUTION,5,Self-service articles were actually helpful for once.
SRV-006328,EMP-03054,OFC-GUR,2026-05-28,POST_RESOLUTION,5,Smooth transition. No complaints.
SRV-006329,EMP-08259,OFC-NYC,2026-05-28,POST_RESOLUTION,5,The new AI system is incredibly fast. Saves me a lot of time.
SRV-006330,EMP-02626,OFC-BOS,2026-05-28,POST_RESOLUTION,5,Self-service articles were actually helpful for once.
SRV-006331,EMP-06496,OFC-LON,2026-05-28,POST_RESOLUTION,4,Smooth transition. No complaints.
SRV-006332,EMP-08472,OFC-SIN,2026-05-28,POST_RESOLUTION,4,Great experience. The AI resolved my password issue in seconds.
SRV-006333,EMP-06772,OFC-NYC,2026-05-28,POST_RESOLUTION,5,Great experience. The AI resolved my password issue in seconds.
SRV-006334,EMP-08338,OFC-GUR,2026-05-28,POST_RESOLUTION,4,Smooth transition. No complaints.
SRV-006335,EMP-10330,OFC-GUR,2026-05-28,POST_RESOLUTION,4,Great experience. The AI resolved my password issue in seconds.
SRV-006336,EMP-01835,OFC-NYC,2026-05-28,POST_RESOLUTION,5,"Very intuitive workflow, much better than the legacy portal."
SRV-006337,EMP-02703,OFC-LON,2026-05-28,POST_RESOLUTION,4,Smooth transition. No complaints.
SRV-006338,EMP-03125,OFC-GUR,2026-05-28,POST_RESOLUTION,5,"Very intuitive workflow, much better than the legacy portal."
SRV-006339,EMP-01821,OFC-BOS,2026-05-28,POST_RESOLUTION,4,Smooth transition. No complaints.
SRV-006340,EMP-08657,OFC-GUR,2026-05-28,POST_RESOLUTION,5,"Very intuitive workflow, much better than the legacy portal."
SRV-006341,EMP-09375,OFC-NYC,2026-05-28,POST_RESOLUTION,5,Great experience. The AI resolved my password issue in seconds.
SRV-006342,EMP-10836,OFC-SIN,2026-05-28,POST_RESOLUTION,5,Great experience. The AI resolved my password issue in seconds.
SRV-006343,EMP-09764,OFC-BOS,2026-05-28,POST_RESOLUTION,4,The new AI system is incredibly fast. Saves me a lot of time.
SRV-006344,EMP-10853,OFC-LON,2026-05-28,POST_RESOLUTION,5,Self-service articles were actually helpful for once.
SRV-006345,EMP-03832,OFC-BOS,2026-05-28,POST_RESOLUTION,5,"Very intuitive workflow, much better than the legacy portal."
SRV-006346,EMP-03017,OFC-SIN,2026-05-28,POST_RESOLUTION,5,Smooth transition. No complaints.
SRV-006347,EMP-05082,OFC-LON,2026-05-28,POST_RESOLUTION,5,Great experience. The AI resolved my password issue in seconds.
SRV-006348,EMP-05978,OFC-BOS,2026-05-28,POST_RESOLUTION,4,Great experience. The AI resolved my password issue in seconds.
SRV-006349,EMP-06013,OFC-LON,2026-05-28,POST_RESOLUTION,5,Smooth transition. No complaints.
SRV-006350,EMP-07978,OFC-GUR,2026-05-28,POST_RESOLUTION,5,Self-service articles were actually helpful for once.
SRV-006351,EMP-10485,OFC-LON,2026-05-28,POST_RESOLUTION,5,Smooth transition. No complaints.
SRV-006352,EMP-03571,OFC-SIN,2026-05-28,POST_RESOLUTION,4,"Very intuitive workflow, much better than the legacy portal."
SRV-006353,EMP-08148,OFC-NYC,2026-05-28,POST_RESOLUTION,4,"Very intuitive workflow, much better than the legacy portal."
SRV-006354,EMP-01257,OFC-GUR,2026-05-28,POST_RESOLUTION,5,The new AI system is incredibly fast. Saves me a lot of time.
SRV-006355,EMP-07313,OFC-NYC,2026-05-28,POST_RESOLUTION,4,Smooth transition. No complaints.
SRV-006356,EMP-02128,OFC-NYC,2026-05-28,POST_RESOLUTION,5,Great experience. The AI resolved my password issue in seconds.
SRV-006357,EMP-02770,OFC-LON,2026-05-28,POST_RESOLUTION,4,The new AI system is incredibly fast. Saves me a lot of time.
SRV-006358,EMP-08768,OFC-BOS,2026-05-28,POST_RESOLUTION,5,Smooth transition. No complaints.
SRV-006359,EMP-04338,OFC-LON,2026-05-28,POST_RESOLUTION,4,Smooth transition. No complaints.
SRV-006360,EMP-07819,OFC-GUR,2026-05-28,POST_RESOLUTION,4,Great experience. The AI resolved my password issue in seconds.
SRV-006361,EMP-04659,OFC-SIN,2026-05-28,POST_RESOLUTION,5,Self-service articles were actually helpful for once.
SRV-006362,EMP-10120,OFC-SIN,2026-05-28,POST_RESOLUTION,4,Smooth transition. No complaints.
SRV-006363,EMP-05768,OFC-GUR,2026-05-28,POST_RESOLUTION,5,The new AI system is incredibly fast. Saves me a lot of time.
SRV-006364,EMP-07045,OFC-GUR,2026-05-28,POST_RESOLUTION,4,Great experience. The AI resolved my password issue in seconds.
SRV-006365,EMP-05570,OFC-LON,2026-05-28,POST_RESOLUTION,5,"Very intuitive workflow, much better than the legacy portal."
SRV-006366,EMP-07402,OFC-BOS,2026-05-28,POST_RESOLUTION,5,Self-service articles were actually helpful for once.
SRV-006367,EMP-10369,OFC-LON,2026-05-28,POST_RESOLUTION,4,Great experience. The AI resolved my password issue in seconds.
SRV-006368,EMP-08147,OFC-BOS,2026-05-28,POST_RESOLUTION,4,The new AI system is incredibly fast. Saves me a lot of time.
SRV-006369,EMP-04816,OFC-NYC,2026-05-28,POST_RESOLUTION,5,Smooth transition. No complaints.
SRV-006370,EMP-04481,OFC-LON,2026-05-28,POST_RESOLUTION,5,The new AI system is incredibly fast. Saves me a lot of time.
SRV-006371,EMP-10450,OFC-NYC,2026-05-28,POST_RESOLUTION,5,Smooth transition. No complaints.
SRV-006372,EMP-09857,OFC-BOS,2026-05-28,POST_RESOLUTION,4,Great experience. The AI resolved my password issue in seconds.
SRV-006373,EMP-06408,OFC-NYC,2026-05-28,POST_RESOLUTION,5,Self-service articles were actually helpful for once.
SRV-006374,EMP-01457,OFC-LON,2026-05-28,POST_RESOLUTION,4,Great experience. The AI resolved my password issue in seconds.
SRV-006375,EMP-03404,OFC-GUR,2026-05-28,POST_RESOLUTION,4,The new AI system is incredibly fast. Saves me a lot of time.
SRV-006376,EMP-05904,OFC-SIN,2026-05-28,POST_RESOLUTION,5,The new AI system is incredibly fast. Saves me a lot of time.
SRV-006377,EMP-09739,OFC-LON,2026-05-28,POST_RESOLUTION,4,"Very intuitive workflow, much better than the legacy portal."
SRV-006378,EMP-10379,OFC-NYC,2026-05-28,POST_RESOLUTION,4,"Very intuitive workflow, much better than the legacy portal."
SRV-006379,EMP-07139,OFC-GUR,2026-05-28,POST_RESOLUTION,4,Smooth transition. No complaints.
SRV-006380,EMP-10791,OFC-LON,2026-05-28,POST_RESOLUTION,4,The new AI system is incredibly fast. Saves me a lot of time.
SRV-006381,EMP-10328,OFC-NYC,2026-05-28,POST_RESOLUTION,4,"Very intuitive workflow, much better than the legacy portal."
SRV-006382,EMP-01357,OFC-LON,2026-05-28,POST_RESOLUTION,4,"Very intuitive workflow, much better than the legacy portal."
SRV-006383,EMP-09935,OFC-LON,2026-05-28,POST_RESOLUTION,5,Great experience. The AI resolved my password issue in seconds.
SRV-006384,EMP-04091,OFC-SIN,2026-05-28,POST_RESOLUTION,4,Smooth transition. No complaints.
SRV-006385,EMP-05195,OFC-BOS,2026-05-28,POST_RESOLUTION,5,Self-service articles were actually helpful for once.
SRV-006386,EMP-07538,OFC-LON,2026-05-28,POST_RESOLUTION,4,Great experience. The AI resolved my password issue in seconds.
SRV-006387,EMP-02513,OFC-BOS,2026-05-28,POST_RESOLUTION,5,Smooth transition. No complaints.
SRV-006388,EMP-03674,OFC-SIN,2026-05-28,POST_RESOLUTION,4,Smooth transition. No complaints.
SRV-006389,EMP-05692,OFC-NYC,2026-05-28,POST_RESOLUTION,5,Great experience. The AI resolved my password issue in seconds.
SRV-006390,EMP-08847,OFC-LON,2026-05-28,POST_RESOLUTION,5,"Very intuitive workflow, much better than the legacy portal."
SRV-006391,EMP-09939,OFC-NYC,2026-05-28,POST_RESOLUTION,4,"Very intuitive workflow, much better than the legacy portal."
SRV-006392,EMP-10839,OFC-GUR,2026-05-28,POST_RESOLUTION,5,Self-service articles were actually helpful for once.
SRV-006393,EMP-09580,OFC-NYC,2026-05-28,POST_RESOLUTION,4,Self-service articles were actually helpful for once.
SRV-006394,EMP-07681,OFC-BOS,2026-05-28,POST_RESOLUTION,5,Smooth transition. No complaints.
SRV-006395,EMP-04594,OFC-LON,2026-05-28,POST_RESOLUTION,4,Self-service articles were actually helpful for once.
SRV-006396,EMP-09072,OFC-GUR,2026-05-28,POST_RESOLUTION,4,Great experience. The AI resolved my password issue in seconds.
SRV-006397,EMP-02781,OFC-SIN,2026-05-28,POST_RESOLUTION,5,Self-service articles were actually helpful for once.
SRV-006398,EMP-02913,OFC-NYC,2026-05-28,POST_RESOLUTION,4,The new AI system is incredibly fast. Saves me a lot of time.
SRV-006399,EMP-07703,OFC-NYC,2026-05-28,POST_RESOLUTION,5,Smooth transition. No complaints.
SRV-006400,EMP-04701,OFC-GUR,2026-05-28,POST_RESOLUTION,4,The new AI system is incredibly fast. Saves me a lot of time.
SRV-006401,EMP-01089,OFC-LON,2026-05-28,POST_RESOLUTION,5,Smooth transition. No complaints.
SRV-006402,EMP-07200,OFC-GUR,2026-05-28,POST_RESOLUTION,4,Smooth transition. No complaints.
SRV-006403,EMP-10332,OFC-NYC,2026-05-28,POST_RESOLUTION,5,Great experience. The AI resolved my password issue in seconds.
SRV-006404,EMP-01689,OFC-BOS,2026-05-28,POST_RESOLUTION,4,"Very intuitive workflow, much better than the legacy portal."
SRV-006405,EMP-08722,OFC-BOS,2026-05-28,POST_RESOLUTION,5,Self-service articles were actually helpful for once.
SRV-006406,EMP-04688,OFC-BOS,2026-05-28,POST_RESOLUTION,5,The new AI system is incredibly fast. Saves me a lot of time.
SRV-006407,EMP-04364,OFC-SIN,2026-05-28,POST_RESOLUTION,5,Self-service articles were actually helpful for once.
SRV-006408,EMP-08334,OFC-NYC,2026-05-28,POST_RESOLUTION,5,Smooth transition. No complaints.
SRV-006409,EMP-01173,OFC-BOS,2026-05-28,POST_RESOLUTION,4,The new AI system is incredibly fast. Saves me a lot of time.
SRV-006410,EMP-02575,OFC-BOS,2026-05-28,POST_RESOLUTION,5,The new AI system is incredibly fast. Saves me a lot of time.
SRV-006411,EMP-08846,OFC-GUR,2026-05-28,POST_RESOLUTION,4,Smooth transition. No complaints.
SRV-006412,EMP-10771,OFC-NYC,2026-05-28,POST_RESOLUTION,5,Self-service articles were actually helpful for once.
SRV-006413,EMP-10523,OFC-GUR,2026-05-28,POST_RESOLUTION,5,The new AI system is incredibly fast. Saves me a lot of time.
SRV-006414,EMP-08581,OFC-NYC,2026-05-28,POST_RESOLUTION,5,Self-service articles were actually helpful for once.
SRV-006415,EMP-06465,OFC-LON,2026-05-28,POST_RESOLUTION,4,The new AI system is incredibly fast. Saves me a lot of time.
SRV-006416,EMP-01191,OFC-SIN,2026-05-28,POST_RESOLUTION,4,"Very intuitive workflow, much better than the legacy portal."
SRV-006417,EMP-01664,OFC-BOS,2026-05-28,POST_RESOLUTION,5,Great experience. The AI resolved my password issue in seconds.
SRV-006418,EMP-04435,OFC-NYC,2026-05-28,POST_RESOLUTION,4,Smooth transition. No complaints.
SRV-006419,EMP-10672,OFC-NYC,2026-05-28,POST_RESOLUTION,5,Great experience. The AI resolved my password issue in seconds.
SRV-006420,EMP-09890,OFC-NYC,2026-05-28,POST_RESOLUTION,5,Self-service articles were actually helpful for once.
SRV-006421,EMP-09631,OFC-BOS,2026-05-28,POST_RESOLUTION,5,Great experience. The AI resolved my password issue in seconds.
SRV-006422,EMP-01420,OFC-GUR,2026-05-28,POST_RESOLUTION,5,Great experience. The AI resolved my password issue in seconds.
SRV-006423,EMP-06397,OFC-LON,2026-05-28,POST_RESOLUTION,5,Great experience. The AI resolved my password issue in seconds.
SRV-006424,EMP-08934,OFC-NYC,2026-05-28,POST_RESOLUTION,5,Great experience. The AI resolved my password issue in seconds.
SRV-006425,EMP-03533,OFC-BOS,2026-05-28,POST_RESOLUTION,5,Smooth transition. No complaints.
SRV-006426,EMP-01563,OFC-BOS,2026-05-28,POST_RESOLUTION,5,"Very intuitive workflow, much better than the legacy portal."
SRV-006427,EMP-06742,OFC-GUR,2026-05-28,POST_RESOLUTION,4,"Very intuitive workflow, much better than the legacy portal."
SRV-006428,EMP-08375,OFC-BOS,2026-05-28,POST_RESOLUTION,4,Great experience. The AI resolved my password issue in seconds.
SRV-006429,EMP-03497,OFC-SIN,2026-05-28,POST_RESOLUTION,5,"Very intuitive workflow, much better than the legacy portal."
SRV-006430,EMP-07755,OFC-NYC,2026-05-28,POST_RESOLUTION,4,"Very intuitive workflow, much better than the legacy portal."
SRV-006431,EMP-09540,OFC-LON,2026-05-28,POST_RESOLUTION,4,Smooth transition. No complaints.
SRV-006432,EMP-09583,OFC-BOS,2026-05-28,POST_RESOLUTION,4,Great experience. The AI resolved my password issue in seconds.
SRV-006433,EMP-05385,OFC-LON,2026-05-28,POST_RESOLUTION,4,Self-service articles were actually helpful for once.
SRV-006434,EMP-03801,OFC-SIN,2026-05-28,POST_RESOLUTION,5,Great experience. The AI resolved my password issue in seconds.
SRV-006435,EMP-10106,OFC-BOS,2026-05-28,POST_RESOLUTION,4,"Very intuitive workflow, much better than the legacy portal."
SRV-006436,EMP-03694,OFC-SIN,2026-05-28,POST_RESOLUTION,4,Self-service articles were actually helpful for once.
SRV-006437,EMP-01177,OFC-NYC,2026-05-28,POST_RESOLUTION,4,"Very intuitive workflow, much better than the legacy portal."
SRV-006438,EMP-07095,OFC-GUR,2026-05-28,POST_RESOLUTION,5,"Very intuitive workflow, much better than the legacy portal."
SRV-006439,EMP-09850,OFC-SIN,2026-05-28,POST_RESOLUTION,4,The new AI system is incredibly fast. Saves me a lot of time.
SRV-006440,EMP-05012,OFC-GUR,2026-05-28,POST_RESOLUTION,4,The new AI system is incredibly fast. Saves me a lot of time.
SRV-006441,EMP-01240,OFC-SIN,2026-05-28,POST_RESOLUTION,5,The new AI system is incredibly fast. Saves me a lot of time.
SRV-006442,EMP-02547,OFC-LON,2026-05-28,POST_RESOLUTION,4,"Very intuitive workflow, much better than the legacy portal."
SRV-006443,EMP-10555,OFC-GUR,2026-05-28,POST_RESOLUTION,4,Great experience. The AI resolved my password issue in seconds.
SRV-006444,EMP-10802,OFC-BOS,2026-05-28,POST_RESOLUTION,5,Great experience. The AI resolved my password issue in seconds.
SRV-006445,EMP-07687,OFC-NYC,2026-05-28,POST_RESOLUTION,4,"Very intuitive workflow, much better than the legacy portal."
SRV-006446,EMP-07060,OFC-NYC,2026-05-28,POST_RESOLUTION,5,The new AI system is incredibly fast. Saves me a lot of time.
SRV-006447,EMP-09421,OFC-NYC,2026-05-28,POST_RESOLUTION,4,"Very intuitive workflow, much better than the legacy portal."
SRV-006448,EMP-02804,OFC-NYC,2026-05-28,POST_RESOLUTION,5,Great experience. The AI resolved my password issue in seconds.
SRV-006449,EMP-04103,OFC-NYC,2026-05-28,POST_RESOLUTION,5,Great experience. The AI resolved my password issue in seconds.
SRV-006450,EMP-10490,OFC-LON,2026-05-28,POST_RESOLUTION,4,Smooth transition. No complaints.
SRV-006451,EMP-05033,OFC-SIN,2026-05-28,POST_RESOLUTION,4,Great experience. The AI resolved my password issue in seconds.
SRV-006452,EMP-06046,OFC-LON,2026-05-28,POST_RESOLUTION,4,Smooth transition. No complaints.
SRV-006453,EMP-02181,OFC-NYC,2026-05-28,POST_RESOLUTION,4,"Very intuitive workflow, much better than the legacy portal."
SRV-006454,EMP-08144,OFC-SIN,2026-05-28,POST_RESOLUTION,4,Great experience. The AI resolved my password issue in seconds.
SRV-006455,EMP-02414,OFC-LON,2026-05-28,POST_RESOLUTION,5,Smooth transition. No complaints.
SRV-006456,EMP-01245,OFC-SIN,2026-05-28,POST_RESOLUTION,4,Great experience. The AI resolved my password issue in seconds.
SRV-006457,EMP-04698,OFC-SIN,2026-05-28,POST_RESOLUTION,4,Smooth transition. No complaints.
SRV-006458,EMP-06445,OFC-BOS,2026-05-28,POST_RESOLUTION,4,Great experience. The AI resolved my password issue in seconds.
SRV-006459,EMP-04417,OFC-GUR,2026-05-28,POST_RESOLUTION,5,Great experience. The AI resolved my password issue in seconds.
SRV-006460,EMP-05858,OFC-SIN,2026-05-28,POST_RESOLUTION,4,Self-service articles were actually helpful for once.
SRV-006461,EMP-09702,OFC-NYC,2026-05-28,POST_RESOLUTION,5,"Very intuitive workflow, much better than the legacy portal."
SRV-006462,EMP-07948,OFC-SIN,2026-05-28,POST_RESOLUTION,4,"Very intuitive workflow, much better than the legacy portal."
SRV-006463,EMP-10957,OFC-GUR,2026-05-28,POST_RESOLUTION,4,Great experience. The AI resolved my password issue in seconds.
SRV-006464,EMP-05888,OFC-BOS,2026-05-28,POST_RESOLUTION,4,Smooth transition. No complaints.
SRV-006465,EMP-02085,OFC-LON,2026-05-28,POST_RESOLUTION,4,The new AI system is incredibly fast. Saves me a lot of time.
SRV-006466,EMP-05104,OFC-NYC,2026-05-28,POST_RESOLUTION,5,Smooth transition. No complaints.
SRV-006467,EMP-05474,OFC-GUR,2026-05-28,POST_RESOLUTION,5,Great experience. The AI resolved my password issue in seconds.
SRV-006468,EMP-09289,OFC-LON,2026-05-28,POST_RESOLUTION,4,"Very intuitive workflow, much better than the legacy portal."
SRV-006469,EMP-01539,OFC-BOS,2026-05-28,POST_RESOLUTION,4,Smooth transition. No complaints.
SRV-006470,EMP-07777,OFC-LON,2026-05-28,POST_RESOLUTION,5,Self-service articles were actually helpful for once.
SRV-006471,EMP-04660,OFC-LON,2026-05-28,POST_RESOLUTION,4,Great experience. The AI resolved my password issue in seconds.
SRV-006472,EMP-08753,OFC-NYC,2026-05-28,POST_RESOLUTION,5,Smooth transition. No complaints.
SRV-006473,EMP-02425,OFC-SIN,2026-05-28,POST_RESOLUTION,5,Smooth transition. No complaints.
SRV-006474,EMP-06131,OFC-LON,2026-05-28,POST_RESOLUTION,5,Self-service articles were actually helpful for once.
SRV-006475,EMP-10251,OFC-LON,2026-05-28,POST_RESOLUTION,4,The new AI system is incredibly fast. Saves me a lot of time.
SRV-006476,EMP-02272,OFC-GUR,2026-05-28,POST_RESOLUTION,4,The new AI system is incredibly fast. Saves me a lot of time.
SRV-006477,EMP-07474,OFC-GUR,2026-05-28,POST_RESOLUTION,5,Smooth transition. No complaints.
SRV-006478,EMP-05553,OFC-SIN,2026-05-28,POST_RESOLUTION,4,Great experience. The AI resolved my password issue in seconds.
SRV-006479,EMP-04860,OFC-GUR,2026-05-28,POST_RESOLUTION,5,Self-service articles were actually helpful for once.
SRV-006480,EMP-09862,OFC-SIN,2026-05-28,POST_RESOLUTION,4,The new AI system is incredibly fast. Saves me a lot of time.
SRV-006481,EMP-01679,OFC-SIN,2026-05-28,POST_RESOLUTION,5,Smooth transition. No complaints.
SRV-006482,EMP-02854,OFC-SIN,2026-05-28,POST_RESOLUTION,4,Great experience. The AI resolved my password issue in seconds.
SRV-006483,EMP-02049,OFC-BOS,2026-05-28,POST_RESOLUTION,4,The new AI system is incredibly fast. Saves me a lot of time.
SRV-006484,EMP-02864,OFC-SIN,2026-05-28,POST_RESOLUTION,5,"Very intuitive workflow, much better than the legacy portal."
SRV-006485,EMP-07745,OFC-SIN,2026-05-28,POST_RESOLUTION,5,Smooth transition. No complaints.
SRV-006486,EMP-08082,OFC-NYC,2026-05-28,POST_RESOLUTION,5,Self-service articles were actually helpful for once.
SRV-006487,EMP-07984,OFC-GUR,2026-05-28,POST_RESOLUTION,4,Great experience. The AI resolved my password issue in seconds.
SRV-006488,EMP-05056,OFC-GUR,2026-05-28,POST_RESOLUTION,5,Smooth transition. No complaints.
SRV-006489,EMP-02260,OFC-NYC,2026-05-28,POST_RESOLUTION,4,The new AI system is incredibly fast. Saves me a lot of time.
SRV-006490,EMP-03245,OFC-LON,2026-05-28,POST_RESOLUTION,4,Smooth transition. No complaints.
SRV-006491,EMP-07507,OFC-SIN,2026-05-28,POST_RESOLUTION,4,Smooth transition. No complaints.
SRV-006492,EMP-06722,OFC-GUR,2026-05-28,POST_RESOLUTION,4,The new AI system is incredibly fast. Saves me a lot of time.
SRV-006493,EMP-05232,OFC-NYC,2026-05-28,POST_RESOLUTION,5,"Very intuitive workflow, much better than the legacy portal."
SRV-006494,EMP-02502,OFC-BOS,2026-05-28,POST_RESOLUTION,5,Great experience. The AI resolved my password issue in seconds.
SRV-006495,EMP-01496,OFC-LON,2026-05-28,POST_RESOLUTION,4,The new AI system is incredibly fast. Saves me a lot of time.
SRV-006496,EMP-01287,OFC-LON,2026-05-28,POST_RESOLUTION,4,Smooth transition. No complaints.
SRV-006497,EMP-05528,OFC-LON,2026-05-28,POST_RESOLUTION,5,Smooth transition. No complaints.
SRV-006498,EMP-04691,OFC-LON,2026-05-28,POST_RESOLUTION,5,Self-service articles were actually helpful for once.
SRV-006499,EMP-01347,OFC-BOS,2026-05-28,POST_RESOLUTION,5,Smooth transition. No complaints.
SRV-006500,EMP-02463,OFC-GUR,2026-05-28,POST_RESOLUTION,4,The new AI system is incredibly fast. Saves me a lot of time.
SRV-006501,EMP-05393,OFC-BOS,2026-05-28,POST_RESOLUTION,5,Self-service articles were actually helpful for once.
SRV-006502,EMP-02365,OFC-BOS,2026-05-28,POST_RESOLUTION,5,Smooth transition. No complaints.
SRV-006503,EMP-02264,OFC-BOS,2026-05-28,POST_RESOLUTION,5,The new AI system is incredibly fast. Saves me a lot of time.
SRV-006504,EMP-04939,OFC-NYC,2026-05-28,POST_RESOLUTION,5,Great experience. The AI resolved my password issue in seconds.
SRV-006505,EMP-05146,OFC-BOS,2026-05-28,POST_RESOLUTION,4,Great experience. The AI resolved my password issue in seconds.
SRV-006506,EMP-01002,OFC-GUR,2026-05-28,POST_RESOLUTION,4,Smooth transition. No complaints.
SRV-006507,EMP-05294,OFC-NYC,2026-05-28,POST_RESOLUTION,4,Great experience. The AI resolved my password issue in seconds.
SRV-006508,EMP-02276,OFC-BOS,2026-05-28,POST_RESOLUTION,4,Smooth transition. No complaints.
SRV-006509,EMP-08882,OFC-LON,2026-05-28,POST_RESOLUTION,4,Self-service articles were actually helpful for once.
SRV-006510,EMP-08487,OFC-SIN,2026-05-28,POST_RESOLUTION,5,Great experience. The AI resolved my password issue in seconds.
SRV-006511,EMP-07841,OFC-BOS,2026-05-28,POST_RESOLUTION,5,Self-service articles were actually helpful for once.
SRV-006512,EMP-10602,OFC-BOS,2026-05-28,POST_RESOLUTION,5,Self-service articles were actually helpful for once.
SRV-006513,EMP-10655,OFC-LON,2026-05-28,POST_RESOLUTION,4,Self-service articles were actually helpful for once.
SRV-006514,EMP-02914,OFC-NYC,2026-05-28,POST_RESOLUTION,5,"Very intuitive workflow, much better than the legacy portal."
SRV-006515,EMP-08001,OFC-BOS,2026-05-28,POST_RESOLUTION,5,The new AI system is incredibly fast. Saves me a lot of time.
SRV-006516,EMP-07015,OFC-GUR,2026-05-28,POST_RESOLUTION,5,Smooth transition. No complaints.
SRV-006517,EMP-10583,OFC-BOS,2026-05-28,POST_RESOLUTION,5,Self-service articles were actually helpful for once.
SRV-006518,EMP-02460,OFC-NYC,2026-05-28,POST_RESOLUTION,5,Smooth transition. No complaints.
SRV-006519,EMP-01751,OFC-SIN,2026-05-28,POST_RESOLUTION,5,Self-service articles were actually helpful for once.
SRV-006520,EMP-04025,OFC-NYC,2026-05-28,POST_RESOLUTION,5,The new AI system is incredibly fast. Saves me a lot of time.
SRV-006521,EMP-06880,OFC-BOS,2026-05-28,POST_RESOLUTION,4,Great experience. The AI resolved my password issue in seconds.
SRV-006522,EMP-09307,OFC-NYC,2026-05-28,POST_RESOLUTION,4,Smooth transition. No complaints.
SRV-006523,EMP-02954,OFC-SIN,2026-05-28,POST_RESOLUTION,4,"Very intuitive workflow, much better than the legacy portal."
SRV-006524,EMP-08591,OFC-GUR,2026-05-28,POST_RESOLUTION,4,Smooth transition. No complaints.
SRV-006525,EMP-06518,OFC-BOS,2026-05-28,POST_RESOLUTION,4,The new AI system is incredibly fast. Saves me a lot of time.
SRV-006526,EMP-09948,OFC-BOS,2026-05-28,POST_RESOLUTION,4,Self-service articles were actually helpful for once.
SRV-006527,EMP-06041,OFC-LON,2026-05-28,POST_RESOLUTION,5,Smooth transition. No complaints.
SRV-006528,EMP-09039,OFC-SIN,2026-05-28,POST_RESOLUTION,5,The new AI system is incredibly fast. Saves me a lot of time.
SRV-006529,EMP-07456,OFC-LON,2026-05-28,POST_RESOLUTION,4,Self-service articles were actually helpful for once.
SRV-006530,EMP-09214,OFC-NYC,2026-05-28,POST_RESOLUTION,5,Great experience. The AI resolved my password issue in seconds.
SRV-006531,EMP-05969,OFC-NYC,2026-05-28,POST_RESOLUTION,4,The new AI system is incredibly fast. Saves me a lot of time.
SRV-006532,EMP-01114,OFC-LON,2026-05-28,POST_RESOLUTION,5,"Very intuitive workflow, much better than the legacy portal."
SRV-006533,EMP-10301,OFC-LON,2026-05-28,POST_RESOLUTION,5,Smooth transition. No complaints.
SRV-006534,EMP-10188,OFC-SIN,2026-05-28,POST_RESOLUTION,5,The new AI system is incredibly fast. Saves me a lot of time.
SRV-006535,EMP-05572,OFC-BOS,2026-05-28,POST_RESOLUTION,4,Self-service articles were actually helpful for once.
SRV-006536,EMP-09012,OFC-LON,2026-05-28,POST_RESOLUTION,5,Self-service articles were actually helpful for once.
SRV-006537,EMP-10258,OFC-GUR,2026-05-28,POST_RESOLUTION,4,"Very intuitive workflow, much better than the legacy portal."
SRV-006538,EMP-02402,OFC-BOS,2026-05-28,POST_RESOLUTION,4,Smooth transition. No complaints.
SRV-006539,EMP-10917,OFC-BOS,2026-05-28,POST_RESOLUTION,5,Self-service articles were actually helpful for once.
SRV-006540,EMP-01262,OFC-BOS,2026-05-28,POST_RESOLUTION,4,Self-service articles were actually helpful for once.
SRV-006541,EMP-01619,OFC-GUR,2026-05-28,POST_RESOLUTION,4,Self-service articles were actually helpful for once.
SRV-006542,EMP-06070,OFC-LON,2026-05-28,POST_RESOLUTION,4,The new AI system is incredibly fast. Saves me a lot of time.
SRV-006543,EMP-03378,OFC-NYC,2026-05-28,POST_RESOLUTION,5,The new AI system is incredibly fast. Saves me a lot of time.
SRV-006544,EMP-03367,OFC-LON,2026-05-28,POST_RESOLUTION,4,Smooth transition. No complaints.
SRV-006545,EMP-08518,OFC-GUR,2026-05-28,POST_RESOLUTION,4,"Very intuitive workflow, much better than the legacy portal."
SRV-006546,EMP-06130,OFC-LON,2026-05-28,POST_RESOLUTION,4,Smooth transition. No complaints.
SRV-006547,EMP-10113,OFC-LON,2026-05-28,POST_RESOLUTION,4,"Very intuitive workflow, much better than the legacy portal."
SRV-006548,EMP-05126,OFC-GUR,2026-05-28,POST_RESOLUTION,5,Great experience. The AI resolved my password issue in seconds.
SRV-006549,EMP-09360,OFC-GUR,2026-05-28,POST_RESOLUTION,5,Self-service articles were actually helpful for once.
SRV-006550,EMP-04167,OFC-BOS,2026-05-28,POST_RESOLUTION,5,"Very intuitive workflow, much better than the legacy portal."
SRV-006551,EMP-08344,OFC-LON,2026-05-28,POST_RESOLUTION,5,Self-service articles were actually helpful for once.
SRV-006552,EMP-06362,OFC-LON,2026-05-28,POST_RESOLUTION,5,"Very intuitive workflow, much better than the legacy portal."
SRV-006553,EMP-01154,OFC-SIN,2026-05-28,POST_RESOLUTION,5,Great experience. The AI resolved my password issue in seconds.
SRV-006554,EMP-05136,OFC-GUR,2026-05-28,POST_RESOLUTION,4,"Very intuitive workflow, much better than the legacy portal."
SRV-006555,EMP-10004,OFC-LON,2026-05-28,POST_RESOLUTION,4,Smooth transition. No complaints.
SRV-006556,EMP-03804,OFC-LON,2026-05-28,POST_RESOLUTION,4,The new AI system is incredibly fast. Saves me a lot of time.
SRV-006557,EMP-04852,OFC-LON,2026-05-28,POST_RESOLUTION,4,Self-service articles were actually helpful for once.
SRV-006558,EMP-10495,OFC-LON,2026-05-28,POST_RESOLUTION,5,The new AI system is incredibly fast. Saves me a lot of time.
SRV-006559,EMP-06477,OFC-GUR,2026-05-28,POST_RESOLUTION,5,"Very intuitive workflow, much better than the legacy portal."
SRV-006560,EMP-01269,OFC-NYC,2026-05-28,POST_RESOLUTION,4,Smooth transition. No complaints.
SRV-006561,EMP-03797,OFC-LON,2026-05-28,POST_RESOLUTION,4,"Very intuitive workflow, much better than the legacy portal."
SRV-006562,EMP-02774,OFC-GUR,2026-05-28,POST_RESOLUTION,4,Great experience. The AI resolved my password issue in seconds.
SRV-006563,EMP-08831,OFC-NYC,2026-05-28,POST_RESOLUTION,5,Great experience. The AI resolved my password issue in seconds.
SRV-006564,EMP-01360,OFC-NYC,2026-05-28,POST_RESOLUTION,4,Great experience. The AI resolved my password issue in seconds.
SRV-006565,EMP-09006,OFC-GUR,2026-05-28,POST_RESOLUTION,4,"Very intuitive workflow, much better than the legacy portal."
SRV-006566,EMP-06781,OFC-NYC,2026-05-28,POST_RESOLUTION,4,Great experience. The AI resolved my password issue in seconds.
SRV-006567,EMP-03728,OFC-BOS,2026-05-28,POST_RESOLUTION,4,"Very intuitive workflow, much better than the legacy portal."
SRV-006568,EMP-05139,OFC-LON,2026-05-28,POST_RESOLUTION,5,"Very intuitive workflow, much better than the legacy portal."
SRV-006569,EMP-03291,OFC-NYC,2026-05-28,POST_RESOLUTION,4,Smooth transition. No complaints.
SRV-006570,EMP-07889,OFC-LON,2026-05-28,POST_RESOLUTION,5,Self-service articles were actually helpful for once.
SRV-006571,EMP-07414,OFC-BOS,2026-05-28,POST_RESOLUTION,4,The new AI system is incredibly fast. Saves me a lot of time.
SRV-006572,EMP-05767,OFC-BOS,2026-05-28,POST_RESOLUTION,5,Self-service articles were actually helpful for once.
SRV-006573,EMP-06964,OFC-LON,2026-05-28,POST_RESOLUTION,5,The new AI system is incredibly fast. Saves me a lot of time.
SRV-006574,EMP-06066,OFC-LON,2026-05-28,POST_RESOLUTION,5,The new AI system is incredibly fast. Saves me a lot of time.
SRV-006575,EMP-06233,OFC-NYC,2026-05-28,POST_RESOLUTION,5,"Very intuitive workflow, much better than the legacy portal."
SRV-006576,EMP-02592,OFC-BOS,2026-05-28,POST_RESOLUTION,4,Great experience. The AI resolved my password issue in seconds.
SRV-006577,EMP-07170,OFC-BOS,2026-05-28,POST_RESOLUTION,4,Great experience. The AI resolved my password issue in seconds.
SRV-006578,EMP-05355,OFC-LON,2026-05-28,POST_RESOLUTION,5,Great experience. The AI resolved my password issue in seconds.
SRV-006579,EMP-03444,OFC-NYC,2026-05-28,POST_RESOLUTION,4,Self-service articles were actually helpful for once.
SRV-006580,EMP-07031,OFC-NYC,2026-05-28,POST_RESOLUTION,4,Great experience. The AI resolved my password issue in seconds.
SRV-006581,EMP-08862,OFC-BOS,2026-05-28,POST_RESOLUTION,5,Smooth transition. No complaints.
SRV-006582,EMP-03030,OFC-BOS,2026-05-28,POST_RESOLUTION,4,"Very intuitive workflow, much better than the legacy portal."
SRV-006583,EMP-08321,OFC-LON,2026-05-28,POST_RESOLUTION,4,Great experience. The AI resolved my password issue in seconds.
SRV-006584,EMP-08971,OFC-LON,2026-05-28,POST_RESOLUTION,4,Great experience. The AI resolved my password issue in seconds.
SRV-006585,EMP-01702,OFC-NYC,2026-05-28,POST_RESOLUTION,4,Great experience. The AI resolved my password issue in seconds.
SRV-006586,EMP-09658,OFC-BOS,2026-05-28,POST_RESOLUTION,5,Self-service articles were actually helpful for once.
SRV-006587,EMP-10987,OFC-NYC,2026-05-28,POST_RESOLUTION,5,"Very intuitive workflow, much better than the legacy portal."
SRV-006588,EMP-02814,OFC-BOS,2026-05-28,POST_RESOLUTION,5,Smooth transition. No complaints.
SRV-006589,EMP-08964,OFC-LON,2026-05-28,POST_RESOLUTION,5,Great experience. The AI resolved my password issue in seconds.
SRV-006590,EMP-04048,OFC-NYC,2026-05-28,POST_RESOLUTION,5,The new AI system is incredibly fast. Saves me a lot of time.
SRV-006591,EMP-02220,OFC-SIN,2026-05-28,POST_RESOLUTION,5,Self-service articles were actually helpful for once.
SRV-006592,EMP-03666,OFC-BOS,2026-05-28,POST_RESOLUTION,5,Great experience. The AI resolved my password issue in seconds.
SRV-006593,EMP-09914,OFC-BOS,2026-05-28,POST_RESOLUTION,4,Great experience. The AI resolved my password issue in seconds.
SRV-006594,EMP-07947,OFC-BOS,2026-05-28,POST_RESOLUTION,4,Self-service articles were actually helpful for once.
SRV-006595,EMP-01458,OFC-BOS,2026-05-28,POST_RESOLUTION,5,Smooth transition. No complaints.
SRV-006596,EMP-05362,OFC-GUR,2026-05-28,POST_RESOLUTION,5,The new AI system is incredibly fast. Saves me a lot of time.
SRV-006597,EMP-09503,OFC-SIN,2026-05-28,POST_RESOLUTION,5,The new AI system is incredibly fast. Saves me a lot of time.
SRV-006598,EMP-07763,OFC-NYC,2026-05-28,POST_RESOLUTION,5,Smooth transition. No complaints.
SRV-006599,EMP-10185,OFC-GUR,2026-05-28,POST_RESOLUTION,5,Self-service articles were actually helpful for once.
SRV-006600,EMP-04505,OFC-LON,2026-05-28,POST_RESOLUTION,4,Great experience. The AI resolved my password issue in seconds.
SRV-006601,EMP-07556,OFC-NYC,2026-06-04,POST_RESOLUTION,5,Smooth transition. No complaints.
SRV-006602,EMP-02350,OFC-SIN,2026-06-04,POST_RESOLUTION,5,Self-service articles were actually helpful for once.
SRV-006603,EMP-10944,OFC-NYC,2026-06-04,POST_RESOLUTION,4,Self-service articles were actually helpful for once.
SRV-006604,EMP-07486,OFC-SIN,2026-06-04,POST_RESOLUTION,4,Self-service articles were actually helpful for once.
SRV-006605,EMP-04276,OFC-GUR,2026-06-04,POST_RESOLUTION,4,Self-service articles were actually helpful for once.
SRV-006606,EMP-01083,OFC-BOS,2026-06-04,POST_RESOLUTION,5,The new AI system is incredibly fast. Saves me a lot of time.
SRV-006607,EMP-02357,OFC-NYC,2026-06-04,POST_RESOLUTION,5,Self-service articles were actually helpful for once.
SRV-006608,EMP-05139,OFC-LON,2026-06-04,POST_RESOLUTION,5,Smooth transition. No complaints.
SRV-006609,EMP-01353,OFC-BOS,2026-06-04,POST_RESOLUTION,4,Great experience. The AI resolved my password issue in seconds.
SRV-006610,EMP-04417,OFC-GUR,2026-06-04,POST_RESOLUTION,5,Great experience. The AI resolved my password issue in seconds.
SRV-006611,EMP-08070,OFC-NYC,2026-06-04,POST_RESOLUTION,5,"Very intuitive workflow, much better than the legacy portal."
SRV-006612,EMP-01903,OFC-LON,2026-06-04,POST_RESOLUTION,5,Smooth transition. No complaints.
SRV-006613,EMP-08192,OFC-LON,2026-06-04,POST_RESOLUTION,4,"Very intuitive workflow, much better than the legacy portal."
SRV-006614,EMP-03515,OFC-SIN,2026-06-04,POST_RESOLUTION,5,Smooth transition. No complaints.
SRV-006615,EMP-06223,OFC-NYC,2026-06-04,POST_RESOLUTION,4,Self-service articles were actually helpful for once.
SRV-006616,EMP-01007,OFC-SIN,2026-06-04,POST_RESOLUTION,4,"Very intuitive workflow, much better than the legacy portal."
SRV-006617,EMP-05765,OFC-SIN,2026-06-04,POST_RESOLUTION,4,Self-service articles were actually helpful for once.
SRV-006618,EMP-07855,OFC-NYC,2026-06-04,POST_RESOLUTION,4,Smooth transition. No complaints.
SRV-006619,EMP-10376,OFC-GUR,2026-06-04,POST_RESOLUTION,4,The new AI system is incredibly fast. Saves me a lot of time.
SRV-006620,EMP-03791,OFC-SIN,2026-06-04,POST_RESOLUTION,5,The new AI system is incredibly fast. Saves me a lot of time.
SRV-006621,EMP-01205,OFC-BOS,2026-06-04,POST_RESOLUTION,4,The new AI system is incredibly fast. Saves me a lot of time.
SRV-006622,EMP-01869,OFC-SIN,2026-06-04,POST_RESOLUTION,5,The new AI system is incredibly fast. Saves me a lot of time.
SRV-006623,EMP-06022,OFC-SIN,2026-06-04,POST_RESOLUTION,4,Great experience. The AI resolved my password issue in seconds.
SRV-006624,EMP-10630,OFC-BOS,2026-06-04,POST_RESOLUTION,4,The new AI system is incredibly fast. Saves me a lot of time.
SRV-006625,EMP-09045,OFC-BOS,2026-06-04,POST_RESOLUTION,4,Smooth transition. No complaints.
SRV-006626,EMP-04643,OFC-LON,2026-06-04,POST_RESOLUTION,4,The new AI system is incredibly fast. Saves me a lot of time.
SRV-006627,EMP-08846,OFC-GUR,2026-06-04,POST_RESOLUTION,5,Great experience. The AI resolved my password issue in seconds.
SRV-006628,EMP-08156,OFC-LON,2026-06-04,POST_RESOLUTION,5,Self-service articles were actually helpful for once.
SRV-006629,EMP-03521,OFC-BOS,2026-06-04,POST_RESOLUTION,5,"Very intuitive workflow, much better than the legacy portal."
SRV-006630,EMP-03485,OFC-SIN,2026-06-04,POST_RESOLUTION,4,Self-service articles were actually helpful for once.
SRV-006631,EMP-08866,OFC-BOS,2026-06-04,POST_RESOLUTION,5,Self-service articles were actually helpful for once.
SRV-006632,EMP-03079,OFC-GUR,2026-06-04,POST_RESOLUTION,4,"Very intuitive workflow, much better than the legacy portal."
SRV-006633,EMP-05768,OFC-GUR,2026-06-04,POST_RESOLUTION,4,The new AI system is incredibly fast. Saves me a lot of time.
SRV-006634,EMP-08971,OFC-LON,2026-06-04,POST_RESOLUTION,5,The new AI system is incredibly fast. Saves me a lot of time.
SRV-006635,EMP-06291,OFC-BOS,2026-06-04,POST_RESOLUTION,5,Smooth transition. No complaints.
SRV-006636,EMP-09032,OFC-BOS,2026-06-04,POST_RESOLUTION,4,The new AI system is incredibly fast. Saves me a lot of time.
SRV-006637,EMP-03472,OFC-SIN,2026-06-04,POST_RESOLUTION,4,The new AI system is incredibly fast. Saves me a lot of time.
SRV-006638,EMP-03479,OFC-GUR,2026-06-04,POST_RESOLUTION,5,Smooth transition. No complaints.
SRV-006639,EMP-05986,OFC-GUR,2026-06-04,POST_RESOLUTION,4,"Very intuitive workflow, much better than the legacy portal."
SRV-006640,EMP-06646,OFC-BOS,2026-06-04,POST_RESOLUTION,5,Smooth transition. No complaints.
SRV-006641,EMP-04592,OFC-LON,2026-06-04,POST_RESOLUTION,4,The new AI system is incredibly fast. Saves me a lot of time.
SRV-006642,EMP-02879,OFC-LON,2026-06-04,POST_RESOLUTION,5,The new AI system is incredibly fast. Saves me a lot of time.
SRV-006643,EMP-08778,OFC-SIN,2026-06-04,POST_RESOLUTION,5,The new AI system is incredibly fast. Saves me a lot of time.
SRV-006644,EMP-04975,OFC-SIN,2026-06-04,POST_RESOLUTION,4,Smooth transition. No complaints.
SRV-006645,EMP-09779,OFC-NYC,2026-06-04,POST_RESOLUTION,5,"Very intuitive workflow, much better than the legacy portal."
SRV-006646,EMP-02184,OFC-BOS,2026-06-04,POST_RESOLUTION,5,Great experience. The AI resolved my password issue in seconds.
SRV-006647,EMP-09735,OFC-SIN,2026-06-04,POST_RESOLUTION,5,Smooth transition. No complaints.
SRV-006648,EMP-07106,OFC-LON,2026-06-04,POST_RESOLUTION,4,"Very intuitive workflow, much better than the legacy portal."
SRV-006649,EMP-07277,OFC-NYC,2026-06-04,POST_RESOLUTION,4,The new AI system is incredibly fast. Saves me a lot of time.
SRV-006650,EMP-01849,OFC-LON,2026-06-04,POST_RESOLUTION,4,"Very intuitive workflow, much better than the legacy portal."
SRV-006651,EMP-10466,OFC-SIN,2026-06-04,POST_RESOLUTION,5,Self-service articles were actually helpful for once.
SRV-006652,EMP-01770,OFC-BOS,2026-06-04,POST_RESOLUTION,4,Self-service articles were actually helpful for once.
SRV-006653,EMP-06587,OFC-LON,2026-06-04,POST_RESOLUTION,5,Great experience. The AI resolved my password issue in seconds.
SRV-006654,EMP-08445,OFC-GUR,2026-06-04,POST_RESOLUTION,4,The new AI system is incredibly fast. Saves me a lot of time.
SRV-006655,EMP-03363,OFC-LON,2026-06-04,POST_RESOLUTION,4,Great experience. The AI resolved my password issue in seconds.
SRV-006656,EMP-09362,OFC-BOS,2026-06-04,POST_RESOLUTION,4,Self-service articles were actually helpful for once.
SRV-006657,EMP-01086,OFC-GUR,2026-06-04,POST_RESOLUTION,4,Great experience. The AI resolved my password issue in seconds.
SRV-006658,EMP-10008,OFC-LON,2026-06-04,POST_RESOLUTION,5,Self-service articles were actually helpful for once.
SRV-006659,EMP-05143,OFC-GUR,2026-06-04,POST_RESOLUTION,5,Self-service articles were actually helpful for once.
SRV-006660,EMP-10449,OFC-NYC,2026-06-04,POST_RESOLUTION,5,"Very intuitive workflow, much better than the legacy portal."
SRV-006661,EMP-07589,OFC-GUR,2026-06-04,POST_RESOLUTION,5,The new AI system is incredibly fast. Saves me a lot of time.
SRV-006662,EMP-07288,OFC-SIN,2026-06-04,POST_RESOLUTION,4,Self-service articles were actually helpful for once.
SRV-006663,EMP-05571,OFC-GUR,2026-06-04,POST_RESOLUTION,5,The new AI system is incredibly fast. Saves me a lot of time.
SRV-006664,EMP-04897,OFC-GUR,2026-06-04,POST_RESOLUTION,4,Great experience. The AI resolved my password issue in seconds.
SRV-006665,EMP-10157,OFC-LON,2026-06-04,POST_RESOLUTION,5,Great experience. The AI resolved my password issue in seconds.
SRV-006666,EMP-05945,OFC-SIN,2026-06-04,POST_RESOLUTION,5,Self-service articles were actually helpful for once.
SRV-006667,EMP-10372,OFC-BOS,2026-06-04,POST_RESOLUTION,5,The new AI system is incredibly fast. Saves me a lot of time.
SRV-006668,EMP-03069,OFC-NYC,2026-06-04,POST_RESOLUTION,4,Self-service articles were actually helpful for once.
SRV-006669,EMP-05661,OFC-LON,2026-06-04,POST_RESOLUTION,4,Self-service articles were actually helpful for once.
SRV-006670,EMP-07771,OFC-SIN,2026-06-04,POST_RESOLUTION,5,"Very intuitive workflow, much better than the legacy portal."
SRV-006671,EMP-01277,OFC-LON,2026-06-04,POST_RESOLUTION,4,Great experience. The AI resolved my password issue in seconds.
SRV-006672,EMP-05872,OFC-BOS,2026-06-04,POST_RESOLUTION,4,The new AI system is incredibly fast. Saves me a lot of time.
SRV-006673,EMP-06854,OFC-NYC,2026-06-04,POST_RESOLUTION,5,Great experience. The AI resolved my password issue in seconds.
SRV-006674,EMP-09804,OFC-GUR,2026-06-04,POST_RESOLUTION,5,"Very intuitive workflow, much better than the legacy portal."
SRV-006675,EMP-08697,OFC-GUR,2026-06-04,POST_RESOLUTION,5,Smooth transition. No complaints.
SRV-006676,EMP-07151,OFC-LON,2026-06-04,POST_RESOLUTION,5,Great experience. The AI resolved my password issue in seconds.
SRV-006677,EMP-01295,OFC-LON,2026-06-04,POST_RESOLUTION,4,"Very intuitive workflow, much better than the legacy portal."
SRV-006678,EMP-07896,OFC-GUR,2026-06-04,POST_RESOLUTION,5,Great experience. The AI resolved my password issue in seconds.
SRV-006679,EMP-01798,OFC-GUR,2026-06-04,POST_RESOLUTION,4,The new AI system is incredibly fast. Saves me a lot of time.
SRV-006680,EMP-06438,OFC-BOS,2026-06-04,POST_RESOLUTION,4,"Very intuitive workflow, much better than the legacy portal."
SRV-006681,EMP-03978,OFC-GUR,2026-06-04,POST_RESOLUTION,4,Smooth transition. No complaints.
SRV-006682,EMP-07295,OFC-SIN,2026-06-04,POST_RESOLUTION,5,Great experience. The AI resolved my password issue in seconds.
SRV-006683,EMP-07760,OFC-NYC,2026-06-04,POST_RESOLUTION,5,"Very intuitive workflow, much better than the legacy portal."
SRV-006684,EMP-10371,OFC-BOS,2026-06-04,POST_RESOLUTION,4,Smooth transition. No complaints.
SRV-006685,EMP-08926,OFC-SIN,2026-06-04,POST_RESOLUTION,4,The new AI system is incredibly fast. Saves me a lot of time.
SRV-006686,EMP-08350,OFC-NYC,2026-06-04,POST_RESOLUTION,5,Great experience. The AI resolved my password issue in seconds.
SRV-006687,EMP-09422,OFC-BOS,2026-06-04,POST_RESOLUTION,5,Self-service articles were actually helpful for once.
SRV-006688,EMP-09890,OFC-NYC,2026-06-04,POST_RESOLUTION,5,The new AI system is incredibly fast. Saves me a lot of time.
SRV-006689,EMP-07369,OFC-GUR,2026-06-04,POST_RESOLUTION,4,The new AI system is incredibly fast. Saves me a lot of time.
SRV-006690,EMP-10736,OFC-GUR,2026-06-04,POST_RESOLUTION,5,The new AI system is incredibly fast. Saves me a lot of time.
SRV-006691,EMP-08556,OFC-BOS,2026-06-04,POST_RESOLUTION,4,The new AI system is incredibly fast. Saves me a lot of time.
SRV-006692,EMP-06104,OFC-NYC,2026-06-04,POST_RESOLUTION,5,Smooth transition. No complaints.
SRV-006693,EMP-05196,OFC-BOS,2026-06-04,POST_RESOLUTION,5,Self-service articles were actually helpful for once.
SRV-006694,EMP-01173,OFC-BOS,2026-06-04,POST_RESOLUTION,4,Great experience. The AI resolved my password issue in seconds.
SRV-006695,EMP-03886,OFC-LON,2026-06-04,POST_RESOLUTION,4,The new AI system is incredibly fast. Saves me a lot of time.
SRV-006696,EMP-03305,OFC-NYC,2026-06-04,POST_RESOLUTION,4,Great experience. The AI resolved my password issue in seconds.
SRV-006697,EMP-08777,OFC-GUR,2026-06-04,POST_RESOLUTION,4,"Very intuitive workflow, much better than the legacy portal."
SRV-006698,EMP-06825,OFC-NYC,2026-06-04,POST_RESOLUTION,5,The new AI system is incredibly fast. Saves me a lot of time.
SRV-006699,EMP-02625,OFC-GUR,2026-06-04,POST_RESOLUTION,5,The new AI system is incredibly fast. Saves me a lot of time.
SRV-006700,EMP-06977,OFC-BOS,2026-06-04,POST_RESOLUTION,5,Great experience. The AI resolved my password issue in seconds.
SRV-006701,EMP-04605,OFC-BOS,2026-06-04,POST_RESOLUTION,4,Self-service articles were actually helpful for once.
SRV-006702,EMP-07435,OFC-LON,2026-06-04,POST_RESOLUTION,4,"Very intuitive workflow, much better than the legacy portal."
SRV-006703,EMP-09403,OFC-LON,2026-06-04,POST_RESOLUTION,5,Self-service articles were actually helpful for once.
SRV-006704,EMP-10013,OFC-BOS,2026-06-04,POST_RESOLUTION,5,Great experience. The AI resolved my password issue in seconds.
SRV-006705,EMP-10724,OFC-BOS,2026-06-04,POST_RESOLUTION,5,Smooth transition. No complaints.
SRV-006706,EMP-08591,OFC-GUR,2026-06-04,POST_RESOLUTION,5,The new AI system is incredibly fast. Saves me a lot of time.
SRV-006707,EMP-05457,OFC-BOS,2026-06-04,POST_RESOLUTION,5,Smooth transition. No complaints.
SRV-006708,EMP-05848,OFC-GUR,2026-06-04,POST_RESOLUTION,4,Great experience. The AI resolved my password issue in seconds.
SRV-006709,EMP-04204,OFC-GUR,2026-06-04,POST_RESOLUTION,4,Great experience. The AI resolved my password issue in seconds.
SRV-006710,EMP-10119,OFC-SIN,2026-06-04,POST_RESOLUTION,4,Great experience. The AI resolved my password issue in seconds.
SRV-006711,EMP-04571,OFC-LON,2026-06-04,POST_RESOLUTION,5,Great experience. The AI resolved my password issue in seconds.
SRV-006712,EMP-06806,OFC-NYC,2026-06-04,POST_RESOLUTION,4,The new AI system is incredibly fast. Saves me a lot of time.
SRV-006713,EMP-08769,OFC-GUR,2026-06-04,POST_RESOLUTION,4,Smooth transition. No complaints.
SRV-006714,EMP-01997,OFC-BOS,2026-06-04,POST_RESOLUTION,4,"Very intuitive workflow, much better than the legacy portal."
SRV-006715,EMP-05506,OFC-GUR,2026-06-04,POST_RESOLUTION,5,The new AI system is incredibly fast. Saves me a lot of time.
SRV-006716,EMP-04139,OFC-BOS,2026-06-04,POST_RESOLUTION,5,Great experience. The AI resolved my password issue in seconds.
SRV-006717,EMP-08035,OFC-GUR,2026-06-04,POST_RESOLUTION,5,Great experience. The AI resolved my password issue in seconds.
SRV-006718,EMP-01118,OFC-SIN,2026-06-04,POST_RESOLUTION,4,The new AI system is incredibly fast. Saves me a lot of time.
SRV-006719,EMP-07612,OFC-BOS,2026-06-04,POST_RESOLUTION,4,Smooth transition. No complaints.
SRV-006720,EMP-09726,OFC-NYC,2026-06-04,POST_RESOLUTION,4,Smooth transition. No complaints.
SRV-006721,EMP-09553,OFC-NYC,2026-06-04,POST_RESOLUTION,4,Self-service articles were actually helpful for once.
SRV-006722,EMP-07479,OFC-BOS,2026-06-04,POST_RESOLUTION,4,Self-service articles were actually helpful for once.
SRV-006723,EMP-01866,OFC-BOS,2026-06-04,POST_RESOLUTION,5,Self-service articles were actually helpful for once.
SRV-006724,EMP-01119,OFC-LON,2026-06-04,POST_RESOLUTION,5,Great experience. The AI resolved my password issue in seconds.
SRV-006725,EMP-09325,OFC-GUR,2026-06-04,POST_RESOLUTION,4,The new AI system is incredibly fast. Saves me a lot of time.
SRV-006726,EMP-03435,OFC-NYC,2026-06-04,POST_RESOLUTION,5,The new AI system is incredibly fast. Saves me a lot of time.
SRV-006727,EMP-05976,OFC-BOS,2026-06-04,POST_RESOLUTION,5,Self-service articles were actually helpful for once.
SRV-006728,EMP-08837,OFC-GUR,2026-06-04,POST_RESOLUTION,4,Smooth transition. No complaints.
SRV-006729,EMP-03393,OFC-BOS,2026-06-04,POST_RESOLUTION,4,Self-service articles were actually helpful for once.
SRV-006730,EMP-06338,OFC-SIN,2026-06-04,POST_RESOLUTION,4,The new AI system is incredibly fast. Saves me a lot of time.
SRV-006731,EMP-05065,OFC-BOS,2026-06-04,POST_RESOLUTION,4,Great experience. The AI resolved my password issue in seconds.
SRV-006732,EMP-04430,OFC-LON,2026-06-04,POST_RESOLUTION,4,Self-service articles were actually helpful for once.
SRV-006733,EMP-09588,OFC-LON,2026-06-04,POST_RESOLUTION,5,"Very intuitive workflow, much better than the legacy portal."
SRV-006734,EMP-05406,OFC-SIN,2026-06-04,POST_RESOLUTION,5,"Very intuitive workflow, much better than the legacy portal."
SRV-006735,EMP-02048,OFC-SIN,2026-06-04,POST_RESOLUTION,4,Smooth transition. No complaints.
SRV-006736,EMP-01378,OFC-GUR,2026-06-04,POST_RESOLUTION,5,The new AI system is incredibly fast. Saves me a lot of time.
SRV-006737,EMP-04192,OFC-SIN,2026-06-04,POST_RESOLUTION,4,Great experience. The AI resolved my password issue in seconds.
SRV-006738,EMP-07224,OFC-BOS,2026-06-04,POST_RESOLUTION,4,"Very intuitive workflow, much better than the legacy portal."
SRV-006739,EMP-03482,OFC-SIN,2026-06-04,POST_RESOLUTION,5,Self-service articles were actually helpful for once.
SRV-006740,EMP-03743,OFC-BOS,2026-06-04,POST_RESOLUTION,5,Great experience. The AI resolved my password issue in seconds.
SRV-006741,EMP-07143,OFC-SIN,2026-06-04,POST_RESOLUTION,5,The new AI system is incredibly fast. Saves me a lot of time.
SRV-006742,EMP-08212,OFC-NYC,2026-06-04,POST_RESOLUTION,4,Self-service articles were actually helpful for once.
SRV-006743,EMP-07274,OFC-LON,2026-06-04,POST_RESOLUTION,5,Great experience. The AI resolved my password issue in seconds.
SRV-006744,EMP-01425,OFC-LON,2026-06-04,POST_RESOLUTION,4,The new AI system is incredibly fast. Saves me a lot of time.
SRV-006745,EMP-01157,OFC-GUR,2026-06-04,POST_RESOLUTION,4,Great experience. The AI resolved my password issue in seconds.
SRV-006746,EMP-01296,OFC-GUR,2026-06-04,POST_RESOLUTION,5,"Very intuitive workflow, much better than the legacy portal."
SRV-006747,EMP-09216,OFC-LON,2026-06-04,POST_RESOLUTION,4,"Very intuitive workflow, much better than the legacy portal."
SRV-006748,EMP-08502,OFC-BOS,2026-06-04,POST_RESOLUTION,5,The new AI system is incredibly fast. Saves me a lot of time.
SRV-006749,EMP-01498,OFC-SIN,2026-06-04,POST_RESOLUTION,5,"Very intuitive workflow, much better than the legacy portal."
SRV-006750,EMP-08142,OFC-GUR,2026-06-04,POST_RESOLUTION,5,The new AI system is incredibly fast. Saves me a lot of time.
SRV-006751,EMP-10147,OFC-NYC,2026-06-04,POST_RESOLUTION,5,Smooth transition. No complaints.
SRV-006752,EMP-03421,OFC-BOS,2026-06-04,POST_RESOLUTION,5,"Very intuitive workflow, much better than the legacy portal."
SRV-006753,EMP-05907,OFC-BOS,2026-06-04,POST_RESOLUTION,4,Great experience. The AI resolved my password issue in seconds.
SRV-006754,EMP-01031,OFC-BOS,2026-06-04,POST_RESOLUTION,5,Great experience. The AI resolved my password issue in seconds.
SRV-006755,EMP-02113,OFC-LON,2026-06-04,POST_RESOLUTION,5,The new AI system is incredibly fast. Saves me a lot of time.
SRV-006756,EMP-02860,OFC-GUR,2026-06-04,POST_RESOLUTION,4,Smooth transition. No complaints.
SRV-006757,EMP-06471,OFC-NYC,2026-06-04,POST_RESOLUTION,4,Self-service articles were actually helpful for once.
SRV-006758,EMP-06330,OFC-NYC,2026-06-04,POST_RESOLUTION,5,Great experience. The AI resolved my password issue in seconds.
SRV-006759,EMP-10869,OFC-BOS,2026-06-04,POST_RESOLUTION,5,Smooth transition. No complaints.
SRV-006760,EMP-02499,OFC-SIN,2026-06-04,POST_RESOLUTION,4,Great experience. The AI resolved my password issue in seconds.
SRV-006761,EMP-04763,OFC-NYC,2026-06-04,POST_RESOLUTION,5,The new AI system is incredibly fast. Saves me a lot of time.
SRV-006762,EMP-03516,OFC-BOS,2026-06-04,POST_RESOLUTION,4,The new AI system is incredibly fast. Saves me a lot of time.
SRV-006763,EMP-08799,OFC-NYC,2026-06-04,POST_RESOLUTION,4,Self-service articles were actually helpful for once.
SRV-006764,EMP-05382,OFC-LON,2026-06-04,POST_RESOLUTION,5,The new AI system is incredibly fast. Saves me a lot of time.
SRV-006765,EMP-05041,OFC-NYC,2026-06-04,POST_RESOLUTION,5,Self-service articles were actually helpful for once.
SRV-006766,EMP-01582,OFC-LON,2026-06-04,POST_RESOLUTION,5,The new AI system is incredibly fast. Saves me a lot of time.
SRV-006767,EMP-02586,OFC-GUR,2026-06-04,POST_RESOLUTION,4,Great experience. The AI resolved my password issue in seconds.
SRV-006768,EMP-08722,OFC-BOS,2026-06-04,POST_RESOLUTION,4,The new AI system is incredibly fast. Saves me a lot of time.
SRV-006769,EMP-02854,OFC-SIN,2026-06-04,POST_RESOLUTION,5,"Very intuitive workflow, much better than the legacy portal."
SRV-006770,EMP-07794,OFC-LON,2026-06-04,POST_RESOLUTION,4,Smooth transition. No complaints.
SRV-006771,EMP-05177,OFC-GUR,2026-06-04,POST_RESOLUTION,5,Great experience. The AI resolved my password issue in seconds.
SRV-006772,EMP-04328,OFC-BOS,2026-06-04,POST_RESOLUTION,5,Smooth transition. No complaints.
SRV-006773,EMP-06678,OFC-GUR,2026-06-04,POST_RESOLUTION,5,"Very intuitive workflow, much better than the legacy portal."
SRV-006774,EMP-07817,OFC-SIN,2026-06-04,POST_RESOLUTION,4,Smooth transition. No complaints.
SRV-006775,EMP-05987,OFC-LON,2026-06-04,POST_RESOLUTION,5,"Very intuitive workflow, much better than the legacy portal."
SRV-006776,EMP-04016,OFC-GUR,2026-06-04,POST_RESOLUTION,5,The new AI system is incredibly fast. Saves me a lot of time.
SRV-006777,EMP-08334,OFC-NYC,2026-06-04,POST_RESOLUTION,5,The new AI system is incredibly fast. Saves me a lot of time.
SRV-006778,EMP-01872,OFC-LON,2026-06-04,POST_RESOLUTION,5,"Very intuitive workflow, much better than the legacy portal."
SRV-006779,EMP-10549,OFC-SIN,2026-06-04,POST_RESOLUTION,4,Great experience. The AI resolved my password issue in seconds.
SRV-006780,EMP-09881,OFC-NYC,2026-06-04,POST_RESOLUTION,5,The new AI system is incredibly fast. Saves me a lot of time.
SRV-006781,EMP-07329,OFC-BOS,2026-06-04,POST_RESOLUTION,4,Great experience. The AI resolved my password issue in seconds.
SRV-006782,EMP-04673,OFC-BOS,2026-06-04,POST_RESOLUTION,5,Smooth transition. No complaints.
SRV-006783,EMP-04425,OFC-LON,2026-06-04,POST_RESOLUTION,4,The new AI system is incredibly fast. Saves me a lot of time.
SRV-006784,EMP-07609,OFC-NYC,2026-06-04,POST_RESOLUTION,4,"Very intuitive workflow, much better than the legacy portal."
SRV-006785,EMP-06220,OFC-NYC,2026-06-04,POST_RESOLUTION,4,"Very intuitive workflow, much better than the legacy portal."
SRV-006786,EMP-01696,OFC-NYC,2026-06-04,POST_RESOLUTION,4,The new AI system is incredibly fast. Saves me a lot of time.
SRV-006787,EMP-07731,OFC-BOS,2026-06-04,POST_RESOLUTION,5,"Very intuitive workflow, much better than the legacy portal."
SRV-006788,EMP-01259,OFC-BOS,2026-06-04,POST_RESOLUTION,4,The new AI system is incredibly fast. Saves me a lot of time.
SRV-006789,EMP-01252,OFC-SIN,2026-06-04,POST_RESOLUTION,4,Self-service articles were actually helpful for once.
SRV-006790,EMP-05636,OFC-NYC,2026-06-04,POST_RESOLUTION,5,The new AI system is incredibly fast. Saves me a lot of time.
SRV-006791,EMP-10080,OFC-NYC,2026-06-04,POST_RESOLUTION,5,Great experience. The AI resolved my password issue in seconds.
SRV-006792,EMP-07813,OFC-GUR,2026-06-04,POST_RESOLUTION,5,Smooth transition. No complaints.
SRV-006793,EMP-08357,OFC-SIN,2026-06-04,POST_RESOLUTION,4,"Very intuitive workflow, much better than the legacy portal."
SRV-006794,EMP-04225,OFC-SIN,2026-06-04,POST_RESOLUTION,5,Smooth transition. No complaints.
SRV-006795,EMP-04036,OFC-NYC,2026-06-04,POST_RESOLUTION,4,The new AI system is incredibly fast. Saves me a lot of time.
SRV-006796,EMP-06661,OFC-BOS,2026-06-04,POST_RESOLUTION,4,The new AI system is incredibly fast. Saves me a lot of time.
SRV-006797,EMP-05826,OFC-GUR,2026-06-04,POST_RESOLUTION,5,The new AI system is incredibly fast. Saves me a lot of time.
SRV-006798,EMP-09587,OFC-GUR,2026-06-04,POST_RESOLUTION,4,Great experience. The AI resolved my password issue in seconds.
SRV-006799,EMP-03284,OFC-BOS,2026-06-04,POST_RESOLUTION,4,Smooth transition. No complaints.
SRV-006800,EMP-10201,OFC-NYC,2026-06-04,POST_RESOLUTION,5,Smooth transition. No complaints.
SRV-006801,EMP-07027,OFC-BOS,2026-06-04,POST_RESOLUTION,4,"Very intuitive workflow, much better than the legacy portal."
SRV-006802,EMP-07496,OFC-NYC,2026-06-04,POST_RESOLUTION,4,The new AI system is incredibly fast. Saves me a lot of time.
SRV-006803,EMP-02116,OFC-BOS,2026-06-04,POST_RESOLUTION,4,"Very intuitive workflow, much better than the legacy portal."
SRV-006804,EMP-10926,OFC-NYC,2026-06-04,POST_RESOLUTION,4,Great experience. The AI resolved my password issue in seconds.
SRV-006805,EMP-07600,OFC-LON,2026-06-04,POST_RESOLUTION,4,Self-service articles were actually helpful for once.
SRV-006806,EMP-04707,OFC-NYC,2026-06-04,POST_RESOLUTION,4,Great experience. The AI resolved my password issue in seconds.
SRV-006807,EMP-06297,OFC-LON,2026-06-04,POST_RESOLUTION,5,Self-service articles were actually helpful for once.
SRV-006808,EMP-02074,OFC-SIN,2026-06-04,POST_RESOLUTION,5,The new AI system is incredibly fast. Saves me a lot of time.
SRV-006809,EMP-08520,OFC-NYC,2026-06-04,POST_RESOLUTION,5,Smooth transition. No complaints.
SRV-006810,EMP-01414,OFC-LON,2026-06-04,POST_RESOLUTION,4,Smooth transition. No complaints.
SRV-006811,EMP-09826,OFC-GUR,2026-06-04,POST_RESOLUTION,4,"Very intuitive workflow, much better than the legacy portal."
SRV-006812,EMP-08836,OFC-LON,2026-06-04,POST_RESOLUTION,5,Self-service articles were actually helpful for once.
SRV-006813,EMP-04182,OFC-NYC,2026-06-04,POST_RESOLUTION,4,"Very intuitive workflow, much better than the legacy portal."
SRV-006814,EMP-09366,OFC-NYC,2026-06-04,POST_RESOLUTION,5,The new AI system is incredibly fast. Saves me a lot of time.
SRV-006815,EMP-07849,OFC-BOS,2026-06-04,POST_RESOLUTION,5,Smooth transition. No complaints.
SRV-006816,EMP-06040,OFC-GUR,2026-06-04,POST_RESOLUTION,5,"Very intuitive workflow, much better than the legacy portal."
SRV-006817,EMP-10873,OFC-BOS,2026-06-04,POST_RESOLUTION,4,Self-service articles were actually helpful for once.
SRV-006818,EMP-10661,OFC-NYC,2026-06-04,POST_RESOLUTION,4,The new AI system is incredibly fast. Saves me a lot of time.
SRV-006819,EMP-07698,OFC-GUR,2026-06-04,POST_RESOLUTION,4,The new AI system is incredibly fast. Saves me a lot of time.
SRV-006820,EMP-10116,OFC-LON,2026-06-04,POST_RESOLUTION,5,Self-service articles were actually helpful for once.
SRV-006821,EMP-07900,OFC-BOS,2026-06-04,POST_RESOLUTION,4,"Very intuitive workflow, much better than the legacy portal."
SRV-006822,EMP-09934,OFC-LON,2026-06-04,POST_RESOLUTION,4,Great experience. The AI resolved my password issue in seconds.
SRV-006823,EMP-08058,OFC-SIN,2026-06-04,POST_RESOLUTION,4,"Very intuitive workflow, much better than the legacy portal."
SRV-006824,EMP-01820,OFC-GUR,2026-06-04,POST_RESOLUTION,4,Self-service articles were actually helpful for once.
SRV-006825,EMP-05728,OFC-GUR,2026-06-04,POST_RESOLUTION,5,Smooth transition. No complaints.
SRV-006826,EMP-09979,OFC-NYC,2026-06-04,POST_RESOLUTION,4,"Very intuitive workflow, much better than the legacy portal."
SRV-006827,EMP-04234,OFC-NYC,2026-06-04,POST_RESOLUTION,5,Great experience. The AI resolved my password issue in seconds.
SRV-006828,EMP-03657,OFC-SIN,2026-06-04,POST_RESOLUTION,4,"Very intuitive workflow, much better than the legacy portal."
SRV-006829,EMP-08331,OFC-SIN,2026-06-04,POST_RESOLUTION,4,Smooth transition. No complaints.
SRV-006830,EMP-08040,OFC-GUR,2026-06-04,POST_RESOLUTION,4,The new AI system is incredibly fast. Saves me a lot of time.
SRV-006831,EMP-07061,OFC-NYC,2026-06-04,POST_RESOLUTION,4,"Very intuitive workflow, much better than the legacy portal."
SRV-006832,EMP-04255,OFC-BOS,2026-06-04,POST_RESOLUTION,4,The new AI system is incredibly fast. Saves me a lot of time.
SRV-006833,EMP-09288,OFC-BOS,2026-06-04,POST_RESOLUTION,5,Smooth transition. No complaints.
SRV-006834,EMP-06485,OFC-SIN,2026-06-04,POST_RESOLUTION,4,Great experience. The AI resolved my password issue in seconds.
SRV-006835,EMP-06391,OFC-LON,2026-06-04,POST_RESOLUTION,5,"Very intuitive workflow, much better than the legacy portal."
SRV-006836,EMP-07627,OFC-GUR,2026-06-04,POST_RESOLUTION,5,The new AI system is incredibly fast. Saves me a lot of time.
SRV-006837,EMP-08888,OFC-NYC,2026-06-04,POST_RESOLUTION,5,Great experience. The AI resolved my password issue in seconds.
SRV-006838,EMP-08759,OFC-BOS,2026-06-04,POST_RESOLUTION,5,The new AI system is incredibly fast. Saves me a lot of time.
SRV-006839,EMP-01171,OFC-BOS,2026-06-04,POST_RESOLUTION,4,The new AI system is incredibly fast. Saves me a lot of time.
SRV-006840,EMP-02813,OFC-BOS,2026-06-04,POST_RESOLUTION,5,The new AI system is incredibly fast. Saves me a lot of time.
SRV-006841,EMP-01504,OFC-GUR,2026-06-04,POST_RESOLUTION,5,"Very intuitive workflow, much better than the legacy portal."
SRV-006842,EMP-09292,OFC-BOS,2026-06-04,POST_RESOLUTION,5,The new AI system is incredibly fast. Saves me a lot of time.
SRV-006843,EMP-08178,OFC-BOS,2026-06-04,POST_RESOLUTION,5,Smooth transition. No complaints.
SRV-006844,EMP-04133,OFC-LON,2026-06-04,POST_RESOLUTION,4,Self-service articles were actually helpful for once.
SRV-006845,EMP-03939,OFC-BOS,2026-06-04,POST_RESOLUTION,4,Great experience. The AI resolved my password issue in seconds.
SRV-006846,EMP-08704,OFC-BOS,2026-06-04,POST_RESOLUTION,4,Great experience. The AI resolved my password issue in seconds.
SRV-006847,EMP-10244,OFC-LON,2026-06-04,POST_RESOLUTION,4,"Very intuitive workflow, much better than the legacy portal."
SRV-006848,EMP-09623,OFC-GUR,2026-06-04,POST_RESOLUTION,5,"Very intuitive workflow, much better than the legacy portal."
SRV-006849,EMP-07564,OFC-BOS,2026-06-04,POST_RESOLUTION,4,"Very intuitive workflow, much better than the legacy portal."
SRV-006850,EMP-02078,OFC-BOS,2026-06-04,POST_RESOLUTION,5,Self-service articles were actually helpful for once.
SRV-006851,EMP-06012,OFC-LON,2026-06-04,POST_RESOLUTION,5,Smooth transition. No complaints.
SRV-006852,EMP-03867,OFC-GUR,2026-06-04,POST_RESOLUTION,4,Great experience. The AI resolved my password issue in seconds.
SRV-006853,EMP-10180,OFC-NYC,2026-06-04,POST_RESOLUTION,5,Great experience. The AI resolved my password issue in seconds.
SRV-006854,EMP-08686,OFC-GUR,2026-06-04,POST_RESOLUTION,4,"Very intuitive workflow, much better than the legacy portal."
SRV-006855,EMP-10030,OFC-NYC,2026-06-04,POST_RESOLUTION,5,"Very intuitive workflow, much better than the legacy portal."
SRV-006856,EMP-06638,OFC-BOS,2026-06-04,POST_RESOLUTION,4,Smooth transition. No complaints.
SRV-006857,EMP-08626,OFC-SIN,2026-06-04,POST_RESOLUTION,4,The new AI system is incredibly fast. Saves me a lot of time.
SRV-006858,EMP-04268,OFC-LON,2026-06-04,POST_RESOLUTION,5,Smooth transition. No complaints.
SRV-006859,EMP-02954,OFC-SIN,2026-06-04,POST_RESOLUTION,4,"Very intuitive workflow, much better than the legacy portal."
SRV-006860,EMP-07796,OFC-SIN,2026-06-04,POST_RESOLUTION,4,Great experience. The AI resolved my password issue in seconds.
SRV-006861,EMP-05145,OFC-LON,2026-06-04,POST_RESOLUTION,5,Smooth transition. No complaints.
SRV-006862,EMP-01801,OFC-BOS,2026-06-04,POST_RESOLUTION,5,The new AI system is incredibly fast. Saves me a lot of time.
SRV-006863,EMP-03077,OFC-LON,2026-06-04,POST_RESOLUTION,5,Self-service articles were actually helpful for once.
SRV-006864,EMP-01715,OFC-SIN,2026-06-04,POST_RESOLUTION,5,Self-service articles were actually helpful for once.
SRV-006865,EMP-05726,OFC-SIN,2026-06-04,POST_RESOLUTION,4,Great experience. The AI resolved my password issue in seconds.
SRV-006866,EMP-03392,OFC-NYC,2026-06-04,POST_RESOLUTION,4,The new AI system is incredibly fast. Saves me a lot of time.
SRV-006867,EMP-02501,OFC-LON,2026-06-04,POST_RESOLUTION,5,Smooth transition. No complaints.
SRV-006868,EMP-09447,OFC-SIN,2026-06-04,POST_RESOLUTION,5,"Very intuitive workflow, much better than the legacy portal."
SRV-006869,EMP-10152,OFC-BOS,2026-06-04,POST_RESOLUTION,4,"Very intuitive workflow, much better than the legacy portal."
SRV-006870,EMP-04295,OFC-BOS,2026-06-04,POST_RESOLUTION,4,The new AI system is incredibly fast. Saves me a lot of time.
SRV-006871,EMP-05198,OFC-NYC,2026-06-04,POST_RESOLUTION,5,Smooth transition. No complaints.
SRV-006872,EMP-01095,OFC-LON,2026-06-04,POST_RESOLUTION,5,The new AI system is incredibly fast. Saves me a lot of time.
SRV-006873,EMP-04125,OFC-LON,2026-06-04,POST_RESOLUTION,5,Smooth transition. No complaints.
SRV-006874,EMP-05775,OFC-GUR,2026-06-04,POST_RESOLUTION,5,Self-service articles were actually helpful for once.
SRV-006875,EMP-08469,OFC-NYC,2026-06-04,POST_RESOLUTION,5,Smooth transition. No complaints.
SRV-006876,EMP-06830,OFC-SIN,2026-06-04,POST_RESOLUTION,5,Smooth transition. No complaints.
SRV-006877,EMP-06117,OFC-LON,2026-06-04,POST_RESOLUTION,4,"Very intuitive workflow, much better than the legacy portal."
SRV-006878,EMP-08184,OFC-BOS,2026-06-04,POST_RESOLUTION,5,Great experience. The AI resolved my password issue in seconds.
SRV-006879,EMP-07783,OFC-NYC,2026-06-04,POST_RESOLUTION,5,"Very intuitive workflow, much better than the legacy portal."
SRV-006880,EMP-04958,OFC-BOS,2026-06-04,POST_RESOLUTION,4,Self-service articles were actually helpful for once.
SRV-006881,EMP-09877,OFC-NYC,2026-06-04,POST_RESOLUTION,5,The new AI system is incredibly fast. Saves me a lot of time.
SRV-006882,EMP-10302,OFC-GUR,2026-06-04,POST_RESOLUTION,5,"Very intuitive workflow, much better than the legacy portal."
SRV-006883,EMP-02651,OFC-NYC,2026-06-04,POST_RESOLUTION,4,The new AI system is incredibly fast. Saves me a lot of time.
SRV-006884,EMP-02888,OFC-GUR,2026-06-04,POST_RESOLUTION,5,"Very intuitive workflow, much better than the legacy portal."
SRV-006885,EMP-01256,OFC-SIN,2026-06-04,POST_RESOLUTION,5,Great experience. The AI resolved my password issue in seconds.
SRV-006886,EMP-09193,OFC-BOS,2026-06-04,POST_RESOLUTION,4,Great experience. The AI resolved my password issue in seconds.
SRV-006887,EMP-03815,OFC-GUR,2026-06-04,POST_RESOLUTION,5,"Very intuitive workflow, much better than the legacy portal."
SRV-006888,EMP-06334,OFC-SIN,2026-06-04,POST_RESOLUTION,4,"Very intuitive workflow, much better than the legacy portal."
SRV-006889,EMP-08568,OFC-GUR,2026-06-04,POST_RESOLUTION,5,The new AI system is incredibly fast. Saves me a lot of time.
SRV-006890,EMP-09958,OFC-LON,2026-06-04,POST_RESOLUTION,4,The new AI system is incredibly fast. Saves me a lot of time.
SRV-006891,EMP-01501,OFC-LON,2026-06-04,POST_RESOLUTION,4,Self-service articles were actually helpful for once.
SRV-006892,EMP-07786,OFC-SIN,2026-06-04,POST_RESOLUTION,5,Self-service articles were actually helpful for once.
SRV-006893,EMP-06140,OFC-LON,2026-06-04,POST_RESOLUTION,4,"Very intuitive workflow, much better than the legacy portal."
SRV-006894,EMP-02835,OFC-GUR,2026-06-04,POST_RESOLUTION,4,Great experience. The AI resolved my password issue in seconds.
SRV-006895,EMP-06867,OFC-BOS,2026-06-04,POST_RESOLUTION,4,Self-service articles were actually helpful for once.
SRV-006896,EMP-08272,OFC-LON,2026-06-04,POST_RESOLUTION,5,Self-service articles were actually helpful for once.
SRV-006897,EMP-07763,OFC-NYC,2026-06-04,POST_RESOLUTION,4,Smooth transition. No complaints.
SRV-006898,EMP-10387,OFC-NYC,2026-06-04,POST_RESOLUTION,4,Great experience. The AI resolved my password issue in seconds.
SRV-006899,EMP-06486,OFC-BOS,2026-06-04,POST_RESOLUTION,4,The new AI system is incredibly fast. Saves me a lot of time.
SRV-006900,EMP-06832,OFC-GUR,2026-06-04,POST_RESOLUTION,5,The new AI system is incredibly fast. Saves me a lot of time.
SRV-006901,EMP-04216,OFC-BOS,2026-06-11,POST_RESOLUTION,5,The new AI system is incredibly fast. Saves me a lot of time.
SRV-006902,EMP-01716,OFC-GUR,2026-06-11,POST_RESOLUTION,5,Smooth transition. No complaints.
SRV-006903,EMP-02483,OFC-BOS,2026-06-11,POST_RESOLUTION,4,"Very intuitive workflow, much better than the legacy portal."
SRV-006904,EMP-05399,OFC-BOS,2026-06-11,POST_RESOLUTION,4,"Very intuitive workflow, much better than the legacy portal."
SRV-006905,EMP-03751,OFC-GUR,2026-06-11,POST_RESOLUTION,5,The new AI system is incredibly fast. Saves me a lot of time.
SRV-006906,EMP-04739,OFC-LON,2026-06-11,POST_RESOLUTION,5,Great experience. The AI resolved my password issue in seconds.
SRV-006907,EMP-04330,OFC-LON,2026-06-11,POST_RESOLUTION,5,Smooth transition. No complaints.
SRV-006908,EMP-05315,OFC-BOS,2026-06-11,POST_RESOLUTION,5,The new AI system is incredibly fast. Saves me a lot of time.
SRV-006909,EMP-07073,OFC-LON,2026-06-11,POST_RESOLUTION,4,The new AI system is incredibly fast. Saves me a lot of time.
SRV-006910,EMP-09237,OFC-GUR,2026-06-11,POST_RESOLUTION,5,"Very intuitive workflow, much better than the legacy portal."
SRV-006911,EMP-03720,OFC-SIN,2026-06-11,POST_RESOLUTION,5,Great experience. The AI resolved my password issue in seconds.
SRV-006912,EMP-05526,OFC-GUR,2026-06-11,POST_RESOLUTION,4,Smooth transition. No complaints.
SRV-006913,EMP-05766,OFC-SIN,2026-06-11,POST_RESOLUTION,4,Smooth transition. No complaints.
SRV-006914,EMP-02372,OFC-SIN,2026-06-11,POST_RESOLUTION,4,Self-service articles were actually helpful for once.
SRV-006915,EMP-02876,OFC-LON,2026-06-11,POST_RESOLUTION,5,Great experience. The AI resolved my password issue in seconds.
SRV-006916,EMP-10109,OFC-GUR,2026-06-11,POST_RESOLUTION,5,"Very intuitive workflow, much better than the legacy portal."
SRV-006917,EMP-07643,OFC-SIN,2026-06-11,POST_RESOLUTION,5,Self-service articles were actually helpful for once.
SRV-006918,EMP-07609,OFC-NYC,2026-06-11,POST_RESOLUTION,5,"Very intuitive workflow, much better than the legacy portal."
SRV-006919,EMP-07618,OFC-LON,2026-06-11,POST_RESOLUTION,5,The new AI system is incredibly fast. Saves me a lot of time.
SRV-006920,EMP-07663,OFC-GUR,2026-06-11,POST_RESOLUTION,5,Self-service articles were actually helpful for once.
SRV-006921,EMP-03538,OFC-GUR,2026-06-11,POST_RESOLUTION,5,"Very intuitive workflow, much better than the legacy portal."
SRV-006922,EMP-08560,OFC-GUR,2026-06-11,POST_RESOLUTION,4,The new AI system is incredibly fast. Saves me a lot of time.
SRV-006923,EMP-09233,OFC-LON,2026-06-11,POST_RESOLUTION,5,"Very intuitive workflow, much better than the legacy portal."
SRV-006924,EMP-10424,OFC-SIN,2026-06-11,POST_RESOLUTION,4,Great experience. The AI resolved my password issue in seconds.
SRV-006925,EMP-02744,OFC-NYC,2026-06-11,POST_RESOLUTION,5,"Very intuitive workflow, much better than the legacy portal."
SRV-006926,EMP-07695,OFC-GUR,2026-06-11,POST_RESOLUTION,4,Great experience. The AI resolved my password issue in seconds.
SRV-006927,EMP-06207,OFC-NYC,2026-06-11,POST_RESOLUTION,5,"Very intuitive workflow, much better than the legacy portal."
SRV-006928,EMP-06716,OFC-BOS,2026-06-11,POST_RESOLUTION,4,The new AI system is incredibly fast. Saves me a lot of time.
SRV-006929,EMP-09198,OFC-LON,2026-06-11,POST_RESOLUTION,4,Great experience. The AI resolved my password issue in seconds.
SRV-006930,EMP-08920,OFC-LON,2026-06-11,POST_RESOLUTION,5,Smooth transition. No complaints.
SRV-006931,EMP-02216,OFC-BOS,2026-06-11,POST_RESOLUTION,4,Great experience. The AI resolved my password issue in seconds.
SRV-006932,EMP-07154,OFC-BOS,2026-06-11,POST_RESOLUTION,4,The new AI system is incredibly fast. Saves me a lot of time.
SRV-006933,EMP-05596,OFC-GUR,2026-06-11,POST_RESOLUTION,5,Great experience. The AI resolved my password issue in seconds.
SRV-006934,EMP-01416,OFC-NYC,2026-06-11,POST_RESOLUTION,4,"Very intuitive workflow, much better than the legacy portal."
SRV-006935,EMP-02601,OFC-NYC,2026-06-11,POST_RESOLUTION,4,"Very intuitive workflow, much better than the legacy portal."
SRV-006936,EMP-02321,OFC-BOS,2026-06-11,POST_RESOLUTION,4,Smooth transition. No complaints.
SRV-006937,EMP-07694,OFC-LON,2026-06-11,POST_RESOLUTION,4,Great experience. The AI resolved my password issue in seconds.
SRV-006938,EMP-06267,OFC-LON,2026-06-11,POST_RESOLUTION,5,"Very intuitive workflow, much better than the legacy portal."
SRV-006939,EMP-10660,OFC-LON,2026-06-11,POST_RESOLUTION,5,Great experience. The AI resolved my password issue in seconds.
SRV-006940,EMP-09584,OFC-LON,2026-06-11,POST_RESOLUTION,5,Self-service articles were actually helpful for once.
SRV-006941,EMP-01939,OFC-LON,2026-06-11,POST_RESOLUTION,4,"Very intuitive workflow, much better than the legacy portal."
SRV-006942,EMP-01630,OFC-GUR,2026-06-11,POST_RESOLUTION,4,Great experience. The AI resolved my password issue in seconds.
SRV-006943,EMP-06149,OFC-BOS,2026-06-11,POST_RESOLUTION,4,"Very intuitive workflow, much better than the legacy portal."
SRV-006944,EMP-03701,OFC-SIN,2026-06-11,POST_RESOLUTION,5,Self-service articles were actually helpful for once.
SRV-006945,EMP-04988,OFC-NYC,2026-06-11,POST_RESOLUTION,5,Self-service articles were actually helpful for once.
SRV-006946,EMP-09043,OFC-GUR,2026-06-11,POST_RESOLUTION,4,"Very intuitive workflow, much better than the legacy portal."
SRV-006947,EMP-06820,OFC-GUR,2026-06-11,POST_RESOLUTION,4,Self-service articles were actually helpful for once.
SRV-006948,EMP-01748,OFC-SIN,2026-06-11,POST_RESOLUTION,5,"Very intuitive workflow, much better than the legacy portal."
SRV-006949,EMP-05497,OFC-BOS,2026-06-11,POST_RESOLUTION,4,The new AI system is incredibly fast. Saves me a lot of time.
SRV-006950,EMP-02712,OFC-GUR,2026-06-11,POST_RESOLUTION,4,Smooth transition. No complaints.
SRV-006951,EMP-07640,OFC-GUR,2026-06-11,POST_RESOLUTION,4,The new AI system is incredibly fast. Saves me a lot of time.
SRV-006952,EMP-10310,OFC-NYC,2026-06-11,POST_RESOLUTION,4,Self-service articles were actually helpful for once.
SRV-006953,EMP-02187,OFC-BOS,2026-06-11,POST_RESOLUTION,5,"Very intuitive workflow, much better than the legacy portal."
SRV-006954,EMP-07992,OFC-BOS,2026-06-11,POST_RESOLUTION,5,The new AI system is incredibly fast. Saves me a lot of time.
SRV-006955,EMP-09928,OFC-BOS,2026-06-11,POST_RESOLUTION,5,Great experience. The AI resolved my password issue in seconds.
SRV-006956,EMP-04069,OFC-GUR,2026-06-11,POST_RESOLUTION,5,Great experience. The AI resolved my password issue in seconds.
SRV-006957,EMP-09609,OFC-SIN,2026-06-11,POST_RESOLUTION,5,Great experience. The AI resolved my password issue in seconds.
SRV-006958,EMP-04910,OFC-BOS,2026-06-11,POST_RESOLUTION,4,"Very intuitive workflow, much better than the legacy portal."
SRV-006959,EMP-09376,OFC-BOS,2026-06-11,POST_RESOLUTION,5,Self-service articles were actually helpful for once.
SRV-006960,EMP-08395,OFC-BOS,2026-06-11,POST_RESOLUTION,5,"Very intuitive workflow, much better than the legacy portal."
SRV-006961,EMP-06334,OFC-SIN,2026-06-11,POST_RESOLUTION,5,Self-service articles were actually helpful for once.
SRV-006962,EMP-07435,OFC-LON,2026-06-11,POST_RESOLUTION,5,Smooth transition. No complaints.
SRV-006963,EMP-09229,OFC-LON,2026-06-11,POST_RESOLUTION,4,"Very intuitive workflow, much better than the legacy portal."
SRV-006964,EMP-10639,OFC-BOS,2026-06-11,POST_RESOLUTION,5,Smooth transition. No complaints.
SRV-006965,EMP-03610,OFC-GUR,2026-06-11,POST_RESOLUTION,5,"Very intuitive workflow, much better than the legacy portal."
SRV-006966,EMP-02622,OFC-LON,2026-06-11,POST_RESOLUTION,5,Smooth transition. No complaints.
SRV-006967,EMP-10967,OFC-BOS,2026-06-11,POST_RESOLUTION,5,Smooth transition. No complaints.
SRV-006968,EMP-09361,OFC-BOS,2026-06-11,POST_RESOLUTION,4,"Very intuitive workflow, much better than the legacy portal."
SRV-006969,EMP-02256,OFC-BOS,2026-06-11,POST_RESOLUTION,4,The new AI system is incredibly fast. Saves me a lot of time.
SRV-006970,EMP-05063,OFC-NYC,2026-06-11,POST_RESOLUTION,5,Great experience. The AI resolved my password issue in seconds.
SRV-006971,EMP-05299,OFC-LON,2026-06-11,POST_RESOLUTION,5,Smooth transition. No complaints.
SRV-006972,EMP-04389,OFC-GUR,2026-06-11,POST_RESOLUTION,4,Great experience. The AI resolved my password issue in seconds.
SRV-006973,EMP-10183,OFC-GUR,2026-06-11,POST_RESOLUTION,4,"Very intuitive workflow, much better than the legacy portal."
SRV-006974,EMP-01657,OFC-NYC,2026-06-11,POST_RESOLUTION,4,Smooth transition. No complaints.
SRV-006975,EMP-08216,OFC-LON,2026-06-11,POST_RESOLUTION,4,Great experience. The AI resolved my password issue in seconds.
SRV-006976,EMP-03224,OFC-BOS,2026-06-11,POST_RESOLUTION,5,Great experience. The AI resolved my password issue in seconds.
SRV-006977,EMP-03670,OFC-LON,2026-06-11,POST_RESOLUTION,5,Self-service articles were actually helpful for once.
SRV-006978,EMP-08989,OFC-GUR,2026-06-11,POST_RESOLUTION,5,The new AI system is incredibly fast. Saves me a lot of time.
SRV-006979,EMP-10216,OFC-LON,2026-06-11,POST_RESOLUTION,5,Great experience. The AI resolved my password issue in seconds.
SRV-006980,EMP-03904,OFC-LON,2026-06-11,POST_RESOLUTION,4,"Very intuitive workflow, much better than the legacy portal."
SRV-006981,EMP-08584,OFC-LON,2026-06-11,POST_RESOLUTION,5,"Very intuitive workflow, much better than the legacy portal."
SRV-006982,EMP-02648,OFC-GUR,2026-06-11,POST_RESOLUTION,4,Self-service articles were actually helpful for once.
SRV-006983,EMP-02613,OFC-NYC,2026-06-11,POST_RESOLUTION,4,Great experience. The AI resolved my password issue in seconds.
SRV-006984,EMP-03029,OFC-GUR,2026-06-11,POST_RESOLUTION,5,Smooth transition. No complaints.
SRV-006985,EMP-03628,OFC-LON,2026-06-11,POST_RESOLUTION,5,"Very intuitive workflow, much better than the legacy portal."
SRV-006986,EMP-04907,OFC-NYC,2026-06-11,POST_RESOLUTION,4,Smooth transition. No complaints.
SRV-006987,EMP-01722,OFC-BOS,2026-06-11,POST_RESOLUTION,4,"Very intuitive workflow, much better than the legacy portal."
SRV-006988,EMP-06297,OFC-LON,2026-06-11,POST_RESOLUTION,4,Smooth transition. No complaints.
SRV-006989,EMP-05121,OFC-LON,2026-06-11,POST_RESOLUTION,4,The new AI system is incredibly fast. Saves me a lot of time.
SRV-006990,EMP-01769,OFC-GUR,2026-06-11,POST_RESOLUTION,4,Great experience. The AI resolved my password issue in seconds.
SRV-006991,EMP-09743,OFC-BOS,2026-06-11,POST_RESOLUTION,5,The new AI system is incredibly fast. Saves me a lot of time.
SRV-006992,EMP-05338,OFC-NYC,2026-06-11,POST_RESOLUTION,4,The new AI system is incredibly fast. Saves me a lot of time.
SRV-006993,EMP-06522,OFC-LON,2026-06-11,POST_RESOLUTION,4,Great experience. The AI resolved my password issue in seconds.
SRV-006994,EMP-03983,OFC-GUR,2026-06-11,POST_RESOLUTION,5,Smooth transition. No complaints.
SRV-006995,EMP-02877,OFC-LON,2026-06-11,POST_RESOLUTION,4,The new AI system is incredibly fast. Saves me a lot of time.
SRV-006996,EMP-01932,OFC-SIN,2026-06-11,POST_RESOLUTION,4,Great experience. The AI resolved my password issue in seconds.
SRV-006997,EMP-07366,OFC-NYC,2026-06-11,POST_RESOLUTION,5,Smooth transition. No complaints.
SRV-006998,EMP-05293,OFC-SIN,2026-06-11,POST_RESOLUTION,4,Great experience. The AI resolved my password issue in seconds.
SRV-006999,EMP-03475,OFC-SIN,2026-06-11,POST_RESOLUTION,5,Great experience. The AI resolved my password issue in seconds.
SRV-007000,EMP-10260,OFC-LON,2026-06-11,POST_RESOLUTION,5,The new AI system is incredibly fast. Saves me a lot of time.
SRV-007001,EMP-09932,OFC-BOS,2026-06-11,POST_RESOLUTION,4,Great experience. The AI resolved my password issue in seconds.
SRV-007002,EMP-04378,OFC-BOS,2026-06-11,POST_RESOLUTION,4,Great experience. The AI resolved my password issue in seconds.
SRV-007003,EMP-01545,OFC-NYC,2026-06-11,POST_RESOLUTION,5,"Very intuitive workflow, much better than the legacy portal."
SRV-007004,EMP-04418,OFC-BOS,2026-06-11,POST_RESOLUTION,5,The new AI system is incredibly fast. Saves me a lot of time.
SRV-007005,EMP-01413,OFC-LON,2026-06-11,POST_RESOLUTION,5,Smooth transition. No complaints.
SRV-007006,EMP-06566,OFC-GUR,2026-06-11,POST_RESOLUTION,4,The new AI system is incredibly fast. Saves me a lot of time.
SRV-007007,EMP-02665,OFC-SIN,2026-06-11,POST_RESOLUTION,4,Great experience. The AI resolved my password issue in seconds.
SRV-007008,EMP-01049,OFC-BOS,2026-06-11,POST_RESOLUTION,4,"Very intuitive workflow, much better than the legacy portal."
SRV-007009,EMP-07511,OFC-GUR,2026-06-11,POST_RESOLUTION,4,"Very intuitive workflow, much better than the legacy portal."
SRV-007010,EMP-01319,OFC-NYC,2026-06-11,POST_RESOLUTION,5,Self-service articles were actually helpful for once.
SRV-007011,EMP-06917,OFC-GUR,2026-06-11,POST_RESOLUTION,5,Self-service articles were actually helpful for once.
SRV-007012,EMP-06376,OFC-LON,2026-06-11,POST_RESOLUTION,5,"Very intuitive workflow, much better than the legacy portal."
SRV-007013,EMP-07612,OFC-BOS,2026-06-11,POST_RESOLUTION,5,The new AI system is incredibly fast. Saves me a lot of time.
SRV-007014,EMP-09533,OFC-GUR,2026-06-11,POST_RESOLUTION,4,The new AI system is incredibly fast. Saves me a lot of time.
SRV-007015,EMP-09570,OFC-NYC,2026-06-11,POST_RESOLUTION,4,Great experience. The AI resolved my password issue in seconds.
SRV-007016,EMP-08112,OFC-NYC,2026-06-11,POST_RESOLUTION,5,Self-service articles were actually helpful for once.
SRV-007017,EMP-08822,OFC-NYC,2026-06-11,POST_RESOLUTION,5,"Very intuitive workflow, much better than the legacy portal."
SRV-007018,EMP-03640,OFC-NYC,2026-06-11,POST_RESOLUTION,4,Great experience. The AI resolved my password issue in seconds.
SRV-007019,EMP-08008,OFC-BOS,2026-06-11,POST_RESOLUTION,4,Smooth transition. No complaints.
SRV-007020,EMP-04229,OFC-BOS,2026-06-11,POST_RESOLUTION,4,Smooth transition. No complaints.
SRV-007021,EMP-01453,OFC-SIN,2026-06-11,POST_RESOLUTION,5,The new AI system is incredibly fast. Saves me a lot of time.
SRV-007022,EMP-05408,OFC-NYC,2026-06-11,POST_RESOLUTION,4,Great experience. The AI resolved my password issue in seconds.
SRV-007023,EMP-10921,OFC-SIN,2026-06-11,POST_RESOLUTION,5,Great experience. The AI resolved my password issue in seconds.
SRV-007024,EMP-01390,OFC-SIN,2026-06-11,POST_RESOLUTION,4,"Very intuitive workflow, much better than the legacy portal."
SRV-007025,EMP-05298,OFC-NYC,2026-06-11,POST_RESOLUTION,4,Great experience. The AI resolved my password issue in seconds.
SRV-007026,EMP-01609,OFC-GUR,2026-06-11,POST_RESOLUTION,5,"Very intuitive workflow, much better than the legacy portal."
SRV-007027,EMP-10111,OFC-LON,2026-06-11,POST_RESOLUTION,4,Self-service articles were actually helpful for once.
SRV-007028,EMP-08225,OFC-SIN,2026-06-11,POST_RESOLUTION,5,Great experience. The AI resolved my password issue in seconds.
SRV-007029,EMP-08038,OFC-LON,2026-06-11,POST_RESOLUTION,4,The new AI system is incredibly fast. Saves me a lot of time.
SRV-007030,EMP-06818,OFC-SIN,2026-06-11,POST_RESOLUTION,4,The new AI system is incredibly fast. Saves me a lot of time.
SRV-007031,EMP-07637,OFC-LON,2026-06-11,POST_RESOLUTION,4,Great experience. The AI resolved my password issue in seconds.
SRV-007032,EMP-10547,OFC-BOS,2026-06-11,POST_RESOLUTION,5,Self-service articles were actually helpful for once.
SRV-007033,EMP-09474,OFC-SIN,2026-06-11,POST_RESOLUTION,5,Smooth transition. No complaints.
SRV-007034,EMP-04742,OFC-GUR,2026-06-11,POST_RESOLUTION,4,The new AI system is incredibly fast. Saves me a lot of time.
SRV-007035,EMP-05033,OFC-SIN,2026-06-11,POST_RESOLUTION,5,Self-service articles were actually helpful for once.
SRV-007036,EMP-03207,OFC-SIN,2026-06-11,POST_RESOLUTION,4,Great experience. The AI resolved my password issue in seconds.
SRV-007037,EMP-06955,OFC-LON,2026-06-11,POST_RESOLUTION,4,Self-service articles were actually helpful for once.
SRV-007038,EMP-04615,OFC-BOS,2026-06-11,POST_RESOLUTION,5,Smooth transition. No complaints.
SRV-007039,EMP-03127,OFC-BOS,2026-06-11,POST_RESOLUTION,4,Smooth transition. No complaints.
SRV-007040,EMP-07317,OFC-LON,2026-06-11,POST_RESOLUTION,4,Smooth transition. No complaints.
SRV-007041,EMP-09129,OFC-BOS,2026-06-11,POST_RESOLUTION,5,"Very intuitive workflow, much better than the legacy portal."
SRV-007042,EMP-07158,OFC-BOS,2026-06-11,POST_RESOLUTION,4,The new AI system is incredibly fast. Saves me a lot of time.
SRV-007043,EMP-05638,OFC-GUR,2026-06-11,POST_RESOLUTION,5,Smooth transition. No complaints.
SRV-007044,EMP-08006,OFC-LON,2026-06-11,POST_RESOLUTION,5,Self-service articles were actually helpful for once.
SRV-007045,EMP-01540,OFC-SIN,2026-06-11,POST_RESOLUTION,5,The new AI system is incredibly fast. Saves me a lot of time.
SRV-007046,EMP-07237,OFC-GUR,2026-06-11,POST_RESOLUTION,4,Smooth transition. No complaints.
SRV-007047,EMP-02093,OFC-LON,2026-06-11,POST_RESOLUTION,4,Self-service articles were actually helpful for once.
SRV-007048,EMP-01983,OFC-BOS,2026-06-11,POST_RESOLUTION,4,The new AI system is incredibly fast. Saves me a lot of time.
SRV-007049,EMP-02729,OFC-LON,2026-06-11,POST_RESOLUTION,4,The new AI system is incredibly fast. Saves me a lot of time.
SRV-007050,EMP-01591,OFC-LON,2026-06-11,POST_RESOLUTION,5,Great experience. The AI resolved my password issue in seconds.
SRV-007051,EMP-03669,OFC-NYC,2026-06-11,POST_RESOLUTION,5,Self-service articles were actually helpful for once.
SRV-007052,EMP-05523,OFC-LON,2026-06-11,POST_RESOLUTION,4,Great experience. The AI resolved my password issue in seconds.
SRV-007053,EMP-07454,OFC-SIN,2026-06-11,POST_RESOLUTION,5,Smooth transition. No complaints.
SRV-007054,EMP-07669,OFC-BOS,2026-06-11,POST_RESOLUTION,4,The new AI system is incredibly fast. Saves me a lot of time.
SRV-007055,EMP-08531,OFC-BOS,2026-06-11,POST_RESOLUTION,5,Self-service articles were actually helpful for once.
SRV-007056,EMP-09985,OFC-GUR,2026-06-11,POST_RESOLUTION,5,Self-service articles were actually helpful for once.
SRV-007057,EMP-05245,OFC-SIN,2026-06-11,POST_RESOLUTION,4,"Very intuitive workflow, much better than the legacy portal."
SRV-007058,EMP-05129,OFC-BOS,2026-06-11,POST_RESOLUTION,5,Smooth transition. No complaints.
SRV-007059,EMP-08668,OFC-SIN,2026-06-11,POST_RESOLUTION,4,The new AI system is incredibly fast. Saves me a lot of time.
SRV-007060,EMP-01082,OFC-NYC,2026-06-11,POST_RESOLUTION,4,Smooth transition. No complaints.
SRV-007061,EMP-06846,OFC-BOS,2026-06-11,POST_RESOLUTION,4,"Very intuitive workflow, much better than the legacy portal."
SRV-007062,EMP-10756,OFC-BOS,2026-06-11,POST_RESOLUTION,4,"Very intuitive workflow, much better than the legacy portal."
SRV-007063,EMP-06332,OFC-BOS,2026-06-11,POST_RESOLUTION,5,Self-service articles were actually helpful for once.
SRV-007064,EMP-09776,OFC-SIN,2026-06-11,POST_RESOLUTION,4,"Very intuitive workflow, much better than the legacy portal."
SRV-007065,EMP-09871,OFC-BOS,2026-06-11,POST_RESOLUTION,5,Smooth transition. No complaints.
SRV-007066,EMP-04245,OFC-BOS,2026-06-11,POST_RESOLUTION,5,The new AI system is incredibly fast. Saves me a lot of time.
SRV-007067,EMP-10322,OFC-LON,2026-06-11,POST_RESOLUTION,4,Great experience. The AI resolved my password issue in seconds.
SRV-007068,EMP-06876,OFC-SIN,2026-06-11,POST_RESOLUTION,5,Smooth transition. No complaints.
SRV-007069,EMP-07407,OFC-NYC,2026-06-11,POST_RESOLUTION,4,"Very intuitive workflow, much better than the legacy portal."
SRV-007070,EMP-06837,OFC-NYC,2026-06-11,POST_RESOLUTION,5,"Very intuitive workflow, much better than the legacy portal."
SRV-007071,EMP-09025,OFC-NYC,2026-06-11,POST_RESOLUTION,5,Self-service articles were actually helpful for once.
SRV-007072,EMP-05783,OFC-NYC,2026-06-11,POST_RESOLUTION,4,Self-service articles were actually helpful for once.
SRV-007073,EMP-04459,OFC-LON,2026-06-11,POST_RESOLUTION,4,Self-service articles were actually helpful for once.
SRV-007074,EMP-07632,OFC-GUR,2026-06-11,POST_RESOLUTION,5,Smooth transition. No complaints.
SRV-007075,EMP-09817,OFC-NYC,2026-06-11,POST_RESOLUTION,5,Great experience. The AI resolved my password issue in seconds.
SRV-007076,EMP-03777,OFC-BOS,2026-06-11,POST_RESOLUTION,5,Self-service articles were actually helpful for once.
SRV-007077,EMP-02888,OFC-GUR,2026-06-11,POST_RESOLUTION,5,The new AI system is incredibly fast. Saves me a lot of time.
SRV-007078,EMP-03936,OFC-GUR,2026-06-11,POST_RESOLUTION,4,The new AI system is incredibly fast. Saves me a lot of time.
SRV-007079,EMP-08099,OFC-SIN,2026-06-11,POST_RESOLUTION,5,Self-service articles were actually helpful for once.
SRV-007080,EMP-07629,OFC-GUR,2026-06-11,POST_RESOLUTION,5,Self-service articles were actually helpful for once.
SRV-007081,EMP-05269,OFC-SIN,2026-06-11,POST_RESOLUTION,4,Great experience. The AI resolved my password issue in seconds.
SRV-007082,EMP-09823,OFC-BOS,2026-06-11,POST_RESOLUTION,4,Great experience. The AI resolved my password issue in seconds.
SRV-007083,EMP-08146,OFC-GUR,2026-06-11,POST_RESOLUTION,4,Smooth transition. No complaints.
SRV-007084,EMP-02616,OFC-SIN,2026-06-11,POST_RESOLUTION,4,Smooth transition. No complaints.
SRV-007085,EMP-01919,OFC-BOS,2026-06-11,POST_RESOLUTION,4,The new AI system is incredibly fast. Saves me a lot of time.
SRV-007086,EMP-10697,OFC-GUR,2026-06-11,POST_RESOLUTION,4,Great experience. The AI resolved my password issue in seconds.
SRV-007087,EMP-08486,OFC-NYC,2026-06-11,POST_RESOLUTION,5,Smooth transition. No complaints.
SRV-007088,EMP-06216,OFC-NYC,2026-06-11,POST_RESOLUTION,4,Smooth transition. No complaints.
SRV-007089,EMP-07712,OFC-GUR,2026-06-11,POST_RESOLUTION,5,Self-service articles were actually helpful for once.
SRV-007090,EMP-10378,OFC-SIN,2026-06-11,POST_RESOLUTION,4,Great experience. The AI resolved my password issue in seconds.
SRV-007091,EMP-04622,OFC-BOS,2026-06-11,POST_RESOLUTION,5,Smooth transition. No complaints.
SRV-007092,EMP-10329,OFC-GUR,2026-06-11,POST_RESOLUTION,5,Self-service articles were actually helpful for once.
SRV-007093,EMP-07271,OFC-SIN,2026-06-11,POST_RESOLUTION,5,The new AI system is incredibly fast. Saves me a lot of time.
SRV-007094,EMP-02496,OFC-LON,2026-06-11,POST_RESOLUTION,4,"Very intuitive workflow, much better than the legacy portal."
SRV-007095,EMP-05183,OFC-NYC,2026-06-11,POST_RESOLUTION,5,Great experience. The AI resolved my password issue in seconds.
SRV-007096,EMP-02592,OFC-BOS,2026-06-11,POST_RESOLUTION,5,The new AI system is incredibly fast. Saves me a lot of time.
SRV-007097,EMP-03310,OFC-LON,2026-06-11,POST_RESOLUTION,5,The new AI system is incredibly fast. Saves me a lot of time.
SRV-007098,EMP-09196,OFC-GUR,2026-06-11,POST_RESOLUTION,5,Great experience. The AI resolved my password issue in seconds.
SRV-007099,EMP-05843,OFC-BOS,2026-06-11,POST_RESOLUTION,5,"Very intuitive workflow, much better than the legacy portal."
SRV-007100,EMP-07285,OFC-LON,2026-06-11,POST_RESOLUTION,5,Self-service articles were actually helpful for once.
SRV-007101,EMP-07846,OFC-NYC,2026-06-11,POST_RESOLUTION,5,The new AI system is incredibly fast. Saves me a lot of time.
SRV-007102,EMP-09503,OFC-SIN,2026-06-11,POST_RESOLUTION,5,The new AI system is incredibly fast. Saves me a lot of time.
SRV-007103,EMP-04503,OFC-BOS,2026-06-11,POST_RESOLUTION,5,"Very intuitive workflow, much better than the legacy portal."
SRV-007104,EMP-01757,OFC-LON,2026-06-11,POST_RESOLUTION,4,Self-service articles were actually helpful for once.
SRV-007105,EMP-07768,OFC-SIN,2026-06-11,POST_RESOLUTION,4,The new AI system is incredibly fast. Saves me a lot of time.
SRV-007106,EMP-04967,OFC-BOS,2026-06-11,POST_RESOLUTION,4,"Very intuitive workflow, much better than the legacy portal."
SRV-007107,EMP-06639,OFC-BOS,2026-06-11,POST_RESOLUTION,4,Great experience. The AI resolved my password issue in seconds.
SRV-007108,EMP-04305,OFC-NYC,2026-06-11,POST_RESOLUTION,5,"Very intuitive workflow, much better than the legacy portal."
SRV-007109,EMP-03311,OFC-SIN,2026-06-11,POST_RESOLUTION,4,"Very intuitive workflow, much better than the legacy portal."
SRV-007110,EMP-01872,OFC-LON,2026-06-11,POST_RESOLUTION,5,Smooth transition. No complaints.
SRV-007111,EMP-07284,OFC-BOS,2026-06-11,POST_RESOLUTION,4,The new AI system is incredibly fast. Saves me a lot of time.
SRV-007112,EMP-02054,OFC-SIN,2026-06-11,POST_RESOLUTION,5,Self-service articles were actually helpful for once.
SRV-007113,EMP-01682,OFC-BOS,2026-06-11,POST_RESOLUTION,5,Great experience. The AI resolved my password issue in seconds.
SRV-007114,EMP-08617,OFC-GUR,2026-06-11,POST_RESOLUTION,4,Smooth transition. No complaints.
SRV-007115,EMP-07812,OFC-BOS,2026-06-11,POST_RESOLUTION,4,"Very intuitive workflow, much better than the legacy portal."
SRV-007116,EMP-03106,OFC-SIN,2026-06-11,POST_RESOLUTION,4,Great experience. The AI resolved my password issue in seconds.
SRV-007117,EMP-06022,OFC-SIN,2026-06-11,POST_RESOLUTION,5,Self-service articles were actually helpful for once.
SRV-007118,EMP-08381,OFC-BOS,2026-06-11,POST_RESOLUTION,4,Great experience. The AI resolved my password issue in seconds.
SRV-007119,EMP-06676,OFC-LON,2026-06-11,POST_RESOLUTION,4,Great experience. The AI resolved my password issue in seconds.
SRV-007120,EMP-03394,OFC-SIN,2026-06-11,POST_RESOLUTION,4,The new AI system is incredibly fast. Saves me a lot of time.
SRV-007121,EMP-04540,OFC-BOS,2026-06-11,POST_RESOLUTION,4,Self-service articles were actually helpful for once.
SRV-007122,EMP-07904,OFC-NYC,2026-06-11,POST_RESOLUTION,5,"Very intuitive workflow, much better than the legacy portal."
SRV-007123,EMP-09407,OFC-BOS,2026-06-11,POST_RESOLUTION,5,The new AI system is incredibly fast. Saves me a lot of time.
SRV-007124,EMP-01380,OFC-BOS,2026-06-11,POST_RESOLUTION,4,The new AI system is incredibly fast. Saves me a lot of time.
SRV-007125,EMP-09861,OFC-GUR,2026-06-11,POST_RESOLUTION,5,"Very intuitive workflow, much better than the legacy portal."
SRV-007126,EMP-08173,OFC-GUR,2026-06-11,POST_RESOLUTION,5,Smooth transition. No complaints.
SRV-007127,EMP-10465,OFC-SIN,2026-06-11,POST_RESOLUTION,4,Self-service articles were actually helpful for once.
SRV-007128,EMP-08712,OFC-BOS,2026-06-11,POST_RESOLUTION,5,Great experience. The AI resolved my password issue in seconds.
SRV-007129,EMP-02343,OFC-GUR,2026-06-11,POST_RESOLUTION,4,Smooth transition. No complaints.
SRV-007130,EMP-04058,OFC-BOS,2026-06-11,POST_RESOLUTION,4,Self-service articles were actually helpful for once.
SRV-007131,EMP-07383,OFC-BOS,2026-06-11,POST_RESOLUTION,5,Self-service articles were actually helpful for once.
SRV-007132,EMP-01078,OFC-NYC,2026-06-11,POST_RESOLUTION,4,Great experience. The AI resolved my password issue in seconds.
SRV-007133,EMP-01826,OFC-NYC,2026-06-11,POST_RESOLUTION,4,Smooth transition. No complaints.
SRV-007134,EMP-03064,OFC-BOS,2026-06-11,POST_RESOLUTION,5,Smooth transition. No complaints.
SRV-007135,EMP-06727,OFC-BOS,2026-06-11,POST_RESOLUTION,4,Smooth transition. No complaints.
SRV-007136,EMP-01343,OFC-NYC,2026-06-11,POST_RESOLUTION,5,Great experience. The AI resolved my password issue in seconds.
SRV-007137,EMP-09878,OFC-NYC,2026-06-11,POST_RESOLUTION,4,Great experience. The AI resolved my password issue in seconds.
SRV-007138,EMP-01205,OFC-BOS,2026-06-11,POST_RESOLUTION,4,Self-service articles were actually helpful for once.
SRV-007139,EMP-05278,OFC-BOS,2026-06-11,POST_RESOLUTION,5,Smooth transition. No complaints.
SRV-007140,EMP-06755,OFC-NYC,2026-06-11,POST_RESOLUTION,4,"Very intuitive workflow, much better than the legacy portal."
SRV-007141,EMP-10812,OFC-NYC,2026-06-11,POST_RESOLUTION,5,Self-service articles were actually helpful for once.
SRV-007142,EMP-10706,OFC-BOS,2026-06-11,POST_RESOLUTION,4,"Very intuitive workflow, much better than the legacy portal."
SRV-007143,EMP-09032,OFC-BOS,2026-06-11,POST_RESOLUTION,4,Self-service articles were actually helpful for once.
SRV-007144,EMP-09486,OFC-BOS,2026-06-11,POST_RESOLUTION,5,"Very intuitive workflow, much better than the legacy portal."
SRV-007145,EMP-03236,OFC-SIN,2026-06-11,POST_RESOLUTION,4,Great experience. The AI resolved my password issue in seconds.
SRV-007146,EMP-01530,OFC-GUR,2026-06-11,POST_RESOLUTION,5,Self-service articles were actually helpful for once.
SRV-007147,EMP-05748,OFC-NYC,2026-06-11,POST_RESOLUTION,5,Self-service articles were actually helpful for once.
SRV-007148,EMP-02516,OFC-LON,2026-06-11,POST_RESOLUTION,5,The new AI system is incredibly fast. Saves me a lot of time.
SRV-007149,EMP-06942,OFC-BOS,2026-06-11,POST_RESOLUTION,4,"Very intuitive workflow, much better than the legacy portal."
SRV-007150,EMP-06015,OFC-BOS,2026-06-11,POST_RESOLUTION,5,Self-service articles were actually helpful for once.
SRV-007151,EMP-06982,OFC-SIN,2026-06-11,POST_RESOLUTION,5,Self-service articles were actually helpful for once.
SRV-007152,EMP-03849,OFC-NYC,2026-06-11,POST_RESOLUTION,5,Great experience. The AI resolved my password issue in seconds.
SRV-007153,EMP-07290,OFC-BOS,2026-06-11,POST_RESOLUTION,5,"Very intuitive workflow, much better than the legacy portal."
SRV-007154,EMP-04352,OFC-SIN,2026-06-11,POST_RESOLUTION,5,Smooth transition. No complaints.
SRV-007155,EMP-04827,OFC-LON,2026-06-11,POST_RESOLUTION,4,"Very intuitive workflow, much better than the legacy portal."
SRV-007156,EMP-02160,OFC-GUR,2026-06-11,POST_RESOLUTION,4,Smooth transition. No complaints.
SRV-007157,EMP-09123,OFC-GUR,2026-06-11,POST_RESOLUTION,4,Self-service articles were actually helpful for once.
SRV-007158,EMP-04626,OFC-BOS,2026-06-11,POST_RESOLUTION,5,"Very intuitive workflow, much better than the legacy portal."
SRV-007159,EMP-07556,OFC-NYC,2026-06-11,POST_RESOLUTION,5,"Very intuitive workflow, much better than the legacy portal."
SRV-007160,EMP-06595,OFC-LON,2026-06-11,POST_RESOLUTION,4,"Very intuitive workflow, much better than the legacy portal."
SRV-007161,EMP-08917,OFC-BOS,2026-06-11,POST_RESOLUTION,5,"Very intuitive workflow, much better than the legacy portal."
SRV-007162,EMP-03659,OFC-GUR,2026-06-11,POST_RESOLUTION,5,"Very intuitive workflow, much better than the legacy portal."
SRV-007163,EMP-09620,OFC-SIN,2026-06-11,POST_RESOLUTION,5,The new AI system is incredibly fast. Saves me a lot of time.
SRV-007164,EMP-08715,OFC-SIN,2026-06-11,POST_RESOLUTION,5,The new AI system is incredibly fast. Saves me a lot of time.
SRV-007165,EMP-03012,OFC-SIN,2026-06-11,POST_RESOLUTION,5,Self-service articles were actually helpful for once.
SRV-007166,EMP-06333,OFC-NYC,2026-06-11,POST_RESOLUTION,4,Smooth transition. No complaints.
SRV-007167,EMP-08151,OFC-BOS,2026-06-11,POST_RESOLUTION,5,"Very intuitive workflow, much better than the legacy portal."
SRV-007168,EMP-09632,OFC-BOS,2026-06-11,POST_RESOLUTION,4,Great experience. The AI resolved my password issue in seconds.
SRV-007169,EMP-10105,OFC-NYC,2026-06-11,POST_RESOLUTION,4,Self-service articles were actually helpful for once.
SRV-007170,EMP-01106,OFC-NYC,2026-06-11,POST_RESOLUTION,4,Self-service articles were actually helpful for once.
SRV-007171,EMP-03563,OFC-BOS,2026-06-11,POST_RESOLUTION,4,"Very intuitive workflow, much better than the legacy portal."
SRV-007172,EMP-02378,OFC-NYC,2026-06-11,POST_RESOLUTION,4,"Very intuitive workflow, much better than the legacy portal."
SRV-007173,EMP-10835,OFC-BOS,2026-06-11,POST_RESOLUTION,5,Smooth transition. No complaints.
SRV-007174,EMP-10864,OFC-GUR,2026-06-11,POST_RESOLUTION,5,The new AI system is incredibly fast. Saves me a lot of time.
SRV-007175,EMP-02324,OFC-SIN,2026-06-11,POST_RESOLUTION,5,Self-service articles were actually helpful for once.
SRV-007176,EMP-06890,OFC-GUR,2026-06-11,POST_RESOLUTION,5,Self-service articles were actually helpful for once.
SRV-007177,EMP-03906,OFC-SIN,2026-06-11,POST_RESOLUTION,4,"Very intuitive workflow, much better than the legacy portal."
SRV-007178,EMP-01978,OFC-LON,2026-06-11,POST_RESOLUTION,5,Self-service articles were actually helpful for once.
SRV-007179,EMP-05787,OFC-SIN,2026-06-11,POST_RESOLUTION,4,Great experience. The AI resolved my password issue in seconds.
SRV-007180,EMP-10074,OFC-NYC,2026-06-11,POST_RESOLUTION,5,Smooth transition. No complaints.
SRV-007181,EMP-09094,OFC-LON,2026-06-11,POST_RESOLUTION,5,"Very intuitive workflow, much better than the legacy portal."
SRV-007182,EMP-04528,OFC-SIN,2026-06-11,POST_RESOLUTION,5,Smooth transition. No complaints.
SRV-007183,EMP-05728,OFC-GUR,2026-06-11,POST_RESOLUTION,4,Self-service articles were actually helpful for once.
SRV-007184,EMP-07225,OFC-LON,2026-06-11,POST_RESOLUTION,5,The new AI system is incredibly fast. Saves me a lot of time.
SRV-007185,EMP-06912,OFC-GUR,2026-06-11,POST_RESOLUTION,4,The new AI system is incredibly fast. Saves me a lot of time.
SRV-007186,EMP-08236,OFC-LON,2026-06-11,POST_RESOLUTION,5,Great experience. The AI resolved my password issue in seconds.
SRV-007187,EMP-01595,OFC-LON,2026-06-11,POST_RESOLUTION,5,Great experience. The AI resolved my password issue in seconds.
SRV-007188,EMP-02808,OFC-BOS,2026-06-11,POST_RESOLUTION,5,"Very intuitive workflow, much better than the legacy portal."
SRV-007189,EMP-08349,OFC-SIN,2026-06-11,POST_RESOLUTION,5,Great experience. The AI resolved my password issue in seconds.
SRV-007190,EMP-04405,OFC-GUR,2026-06-11,POST_RESOLUTION,5,Self-service articles were actually helpful for once.
SRV-007191,EMP-08177,OFC-GUR,2026-06-11,POST_RESOLUTION,4,"Very intuitive workflow, much better than the legacy portal."
SRV-007192,EMP-04251,OFC-BOS,2026-06-11,POST_RESOLUTION,4,The new AI system is incredibly fast. Saves me a lot of time.
SRV-007193,EMP-07309,OFC-GUR,2026-06-11,POST_RESOLUTION,5,Smooth transition. No complaints.
SRV-007194,EMP-01147,OFC-LON,2026-06-11,POST_RESOLUTION,4,Smooth transition. No complaints.
SRV-007195,EMP-03560,OFC-GUR,2026-06-11,POST_RESOLUTION,5,Self-service articles were actually helpful for once.
SRV-007196,EMP-06781,OFC-NYC,2026-06-11,POST_RESOLUTION,4,Self-service articles were actually helpful for once.
SRV-007197,EMP-07714,OFC-SIN,2026-06-11,POST_RESOLUTION,5,Great experience. The AI resolved my password issue in seconds.
SRV-007198,EMP-03419,OFC-NYC,2026-06-11,POST_RESOLUTION,4,Self-service articles were actually helpful for once.
SRV-007199,EMP-09447,OFC-SIN,2026-06-11,POST_RESOLUTION,4,Smooth transition. No complaints.
SRV-007200,EMP-10825,OFC-GUR,2026-06-11,POST_RESOLUTION,5,"Very intuitive workflow, much better than the legacy portal."
SRV-007201,EMP-01790,OFC-BOS,2026-06-18,POST_RESOLUTION,5,Smooth transition. No complaints.
SRV-007202,EMP-02146,OFC-GUR,2026-06-18,POST_RESOLUTION,4,Great experience. The AI resolved my password issue in seconds.
SRV-007203,EMP-05753,OFC-LON,2026-06-18,POST_RESOLUTION,5,Self-service articles were actually helpful for once.
SRV-007204,EMP-03854,OFC-BOS,2026-06-18,POST_RESOLUTION,4,The new AI system is incredibly fast. Saves me a lot of time.
SRV-007205,EMP-09081,OFC-BOS,2026-06-18,POST_RESOLUTION,4,Great experience. The AI resolved my password issue in seconds.
SRV-007206,EMP-02649,OFC-GUR,2026-06-18,POST_RESOLUTION,5,The new AI system is incredibly fast. Saves me a lot of time.
SRV-007207,EMP-06942,OFC-BOS,2026-06-18,POST_RESOLUTION,4,"Very intuitive workflow, much better than the legacy portal."
SRV-007208,EMP-06703,OFC-NYC,2026-06-18,POST_RESOLUTION,4,Smooth transition. No complaints.
SRV-007209,EMP-09747,OFC-BOS,2026-06-18,POST_RESOLUTION,4,The new AI system is incredibly fast. Saves me a lot of time.
SRV-007210,EMP-01457,OFC-LON,2026-06-18,POST_RESOLUTION,4,Self-service articles were actually helpful for once.
SRV-007211,EMP-10899,OFC-BOS,2026-06-18,POST_RESOLUTION,5,The new AI system is incredibly fast. Saves me a lot of time.
SRV-007212,EMP-01325,OFC-GUR,2026-06-18,POST_RESOLUTION,5,Great experience. The AI resolved my password issue in seconds.
SRV-007213,EMP-10404,OFC-BOS,2026-06-18,POST_RESOLUTION,4,Smooth transition. No complaints.
SRV-007214,EMP-01487,OFC-NYC,2026-06-18,POST_RESOLUTION,4,"Very intuitive workflow, much better than the legacy portal."
SRV-007215,EMP-08169,OFC-BOS,2026-06-18,POST_RESOLUTION,4,Great experience. The AI resolved my password issue in seconds.
SRV-007216,EMP-04381,OFC-NYC,2026-06-18,POST_RESOLUTION,5,Self-service articles were actually helpful for once.
SRV-007217,EMP-07525,OFC-SIN,2026-06-18,POST_RESOLUTION,4,The new AI system is incredibly fast. Saves me a lot of time.
SRV-007218,EMP-02169,OFC-NYC,2026-06-18,POST_RESOLUTION,5,Self-service articles were actually helpful for once.
SRV-007219,EMP-02366,OFC-GUR,2026-06-18,POST_RESOLUTION,4,The new AI system is incredibly fast. Saves me a lot of time.
SRV-007220,EMP-07486,OFC-SIN,2026-06-18,POST_RESOLUTION,4,Smooth transition. No complaints.
SRV-007221,EMP-09840,OFC-LON,2026-06-18,POST_RESOLUTION,4,"Very intuitive workflow, much better than the legacy portal."
SRV-007222,EMP-08529,OFC-NYC,2026-06-18,POST_RESOLUTION,4,Smooth transition. No complaints.
SRV-007223,EMP-02436,OFC-NYC,2026-06-18,POST_RESOLUTION,5,Smooth transition. No complaints.
SRV-007224,EMP-04943,OFC-NYC,2026-06-18,POST_RESOLUTION,5,"Very intuitive workflow, much better than the legacy portal."
SRV-007225,EMP-09842,OFC-BOS,2026-06-18,POST_RESOLUTION,4,Self-service articles were actually helpful for once.
SRV-007226,EMP-06478,OFC-GUR,2026-06-18,POST_RESOLUTION,5,"Very intuitive workflow, much better than the legacy portal."
SRV-007227,EMP-01403,OFC-GUR,2026-06-18,POST_RESOLUTION,5,The new AI system is incredibly fast. Saves me a lot of time.
SRV-007228,EMP-02514,OFC-BOS,2026-06-18,POST_RESOLUTION,5,The new AI system is incredibly fast. Saves me a lot of time.
SRV-007229,EMP-06433,OFC-BOS,2026-06-18,POST_RESOLUTION,4,Smooth transition. No complaints.
SRV-007230,EMP-08763,OFC-GUR,2026-06-18,POST_RESOLUTION,4,Great experience. The AI resolved my password issue in seconds.
SRV-007231,EMP-01075,OFC-GUR,2026-06-18,POST_RESOLUTION,5,The new AI system is incredibly fast. Saves me a lot of time.
SRV-007232,EMP-03415,OFC-SIN,2026-06-18,POST_RESOLUTION,4,Smooth transition. No complaints.
SRV-007233,EMP-06128,OFC-NYC,2026-06-18,POST_RESOLUTION,5,Great experience. The AI resolved my password issue in seconds.
SRV-007234,EMP-05072,OFC-LON,2026-06-18,POST_RESOLUTION,5,"Very intuitive workflow, much better than the legacy portal."
SRV-007235,EMP-05611,OFC-BOS,2026-06-18,POST_RESOLUTION,5,Great experience. The AI resolved my password issue in seconds.
SRV-007236,EMP-10745,OFC-GUR,2026-06-18,POST_RESOLUTION,5,Self-service articles were actually helpful for once.
SRV-007237,EMP-02744,OFC-NYC,2026-06-18,POST_RESOLUTION,5,Smooth transition. No complaints.
SRV-007238,EMP-07687,OFC-NYC,2026-06-18,POST_RESOLUTION,4,Smooth transition. No complaints.
SRV-007239,EMP-10241,OFC-GUR,2026-06-18,POST_RESOLUTION,4,Smooth transition. No complaints.
SRV-007240,EMP-09602,OFC-SIN,2026-06-18,POST_RESOLUTION,5,The new AI system is incredibly fast. Saves me a lot of time.
SRV-007241,EMP-05330,OFC-NYC,2026-06-18,POST_RESOLUTION,4,Self-service articles were actually helpful for once.
SRV-007242,EMP-09443,OFC-NYC,2026-06-18,POST_RESOLUTION,5,Great experience. The AI resolved my password issue in seconds.
SRV-007243,EMP-02938,OFC-LON,2026-06-18,POST_RESOLUTION,4,"Very intuitive workflow, much better than the legacy portal."
SRV-007244,EMP-07883,OFC-LON,2026-06-18,POST_RESOLUTION,5,Great experience. The AI resolved my password issue in seconds.
SRV-007245,EMP-01937,OFC-SIN,2026-06-18,POST_RESOLUTION,5,Self-service articles were actually helpful for once.
SRV-007246,EMP-05069,OFC-GUR,2026-06-18,POST_RESOLUTION,4,Great experience. The AI resolved my password issue in seconds.
SRV-007247,EMP-08779,OFC-LON,2026-06-18,POST_RESOLUTION,5,Self-service articles were actually helpful for once.
SRV-007248,EMP-06291,OFC-BOS,2026-06-18,POST_RESOLUTION,5,The new AI system is incredibly fast. Saves me a lot of time.
SRV-007249,EMP-08655,OFC-GUR,2026-06-18,POST_RESOLUTION,5,Self-service articles were actually helpful for once.
SRV-007250,EMP-06863,OFC-NYC,2026-06-18,POST_RESOLUTION,4,Self-service articles were actually helpful for once.
SRV-007251,EMP-08136,OFC-SIN,2026-06-18,POST_RESOLUTION,4,Self-service articles were actually helpful for once.
SRV-007252,EMP-03219,OFC-BOS,2026-06-18,POST_RESOLUTION,4,Self-service articles were actually helpful for once.
SRV-007253,EMP-06959,OFC-GUR,2026-06-18,POST_RESOLUTION,5,Great experience. The AI resolved my password issue in seconds.
SRV-007254,EMP-06855,OFC-GUR,2026-06-18,POST_RESOLUTION,4,Smooth transition. No complaints.
SRV-007255,EMP-09140,OFC-BOS,2026-06-18,POST_RESOLUTION,4,The new AI system is incredibly fast. Saves me a lot of time.
SRV-007256,EMP-06592,OFC-BOS,2026-06-18,POST_RESOLUTION,5,"Very intuitive workflow, much better than the legacy portal."
SRV-007257,EMP-02620,OFC-LON,2026-06-18,POST_RESOLUTION,5,Great experience. The AI resolved my password issue in seconds.
SRV-007258,EMP-10636,OFC-SIN,2026-06-18,POST_RESOLUTION,5,Great experience. The AI resolved my password issue in seconds.
SRV-007259,EMP-03042,OFC-LON,2026-06-18,POST_RESOLUTION,5,Great experience. The AI resolved my password issue in seconds.
SRV-007260,EMP-08982,OFC-GUR,2026-06-18,POST_RESOLUTION,5,Self-service articles were actually helpful for once.
SRV-007261,EMP-03207,OFC-SIN,2026-06-18,POST_RESOLUTION,4,"Very intuitive workflow, much better than the legacy portal."
SRV-007262,EMP-06044,OFC-LON,2026-06-18,POST_RESOLUTION,5,Great experience. The AI resolved my password issue in seconds.
SRV-007263,EMP-07859,OFC-LON,2026-06-18,POST_RESOLUTION,4,Great experience. The AI resolved my password issue in seconds.
SRV-007264,EMP-04167,OFC-BOS,2026-06-18,POST_RESOLUTION,5,"Very intuitive workflow, much better than the legacy portal."
SRV-007265,EMP-09288,OFC-BOS,2026-06-18,POST_RESOLUTION,4,Smooth transition. No complaints.
SRV-007266,EMP-06213,OFC-GUR,2026-06-18,POST_RESOLUTION,4,Smooth transition. No complaints.
SRV-007267,EMP-08942,OFC-SIN,2026-06-18,POST_RESOLUTION,5,The new AI system is incredibly fast. Saves me a lot of time.
SRV-007268,EMP-10842,OFC-NYC,2026-06-18,POST_RESOLUTION,5,"Very intuitive workflow, much better than the legacy portal."
SRV-007269,EMP-03732,OFC-BOS,2026-06-18,POST_RESOLUTION,5,"Very intuitive workflow, much better than the legacy portal."
SRV-007270,EMP-09699,OFC-LON,2026-06-18,POST_RESOLUTION,4,Self-service articles were actually helpful for once.
SRV-007271,EMP-07093,OFC-LON,2026-06-18,POST_RESOLUTION,5,Great experience. The AI resolved my password issue in seconds.
SRV-007272,EMP-02928,OFC-LON,2026-06-18,POST_RESOLUTION,4,Smooth transition. No complaints.
SRV-007273,EMP-02610,OFC-SIN,2026-06-18,POST_RESOLUTION,5,Self-service articles were actually helpful for once.
SRV-007274,EMP-10124,OFC-NYC,2026-06-18,POST_RESOLUTION,4,The new AI system is incredibly fast. Saves me a lot of time.
SRV-007275,EMP-09265,OFC-BOS,2026-06-18,POST_RESOLUTION,4,Smooth transition. No complaints.
SRV-007276,EMP-09968,OFC-LON,2026-06-18,POST_RESOLUTION,4,Great experience. The AI resolved my password issue in seconds.
SRV-007277,EMP-02782,OFC-LON,2026-06-18,POST_RESOLUTION,4,The new AI system is incredibly fast. Saves me a lot of time.
SRV-007278,EMP-10376,OFC-GUR,2026-06-18,POST_RESOLUTION,4,The new AI system is incredibly fast. Saves me a lot of time.
SRV-007279,EMP-09837,OFC-LON,2026-06-18,POST_RESOLUTION,4,Great experience. The AI resolved my password issue in seconds.
SRV-007280,EMP-07446,OFC-SIN,2026-06-18,POST_RESOLUTION,5,Self-service articles were actually helpful for once.
SRV-007281,EMP-05551,OFC-BOS,2026-06-18,POST_RESOLUTION,4,Great experience. The AI resolved my password issue in seconds.
SRV-007282,EMP-06395,OFC-NYC,2026-06-18,POST_RESOLUTION,5,"Very intuitive workflow, much better than the legacy portal."
SRV-007283,EMP-02623,OFC-SIN,2026-06-18,POST_RESOLUTION,5,Smooth transition. No complaints.
SRV-007284,EMP-06719,OFC-BOS,2026-06-18,POST_RESOLUTION,5,Great experience. The AI resolved my password issue in seconds.
SRV-007285,EMP-08455,OFC-SIN,2026-06-18,POST_RESOLUTION,5,Smooth transition. No complaints.
SRV-007286,EMP-07487,OFC-NYC,2026-06-18,POST_RESOLUTION,5,"Very intuitive workflow, much better than the legacy portal."
SRV-007287,EMP-06511,OFC-SIN,2026-06-18,POST_RESOLUTION,4,"Very intuitive workflow, much better than the legacy portal."
SRV-007288,EMP-10643,OFC-BOS,2026-06-18,POST_RESOLUTION,4,"Very intuitive workflow, much better than the legacy portal."
SRV-007289,EMP-01737,OFC-GUR,2026-06-18,POST_RESOLUTION,4,Great experience. The AI resolved my password issue in seconds.
SRV-007290,EMP-05386,OFC-SIN,2026-06-18,POST_RESOLUTION,4,Self-service articles were actually helpful for once.
SRV-007291,EMP-04229,OFC-BOS,2026-06-18,POST_RESOLUTION,5,Smooth transition. No complaints.
SRV-007292,EMP-06598,OFC-GUR,2026-06-18,POST_RESOLUTION,5,Great experience. The AI resolved my password issue in seconds.
SRV-007293,EMP-05334,OFC-NYC,2026-06-18,POST_RESOLUTION,5,The new AI system is incredibly fast. Saves me a lot of time.
SRV-007294,EMP-08728,OFC-SIN,2026-06-18,POST_RESOLUTION,4,Self-service articles were actually helpful for once.
SRV-007295,EMP-08689,OFC-GUR,2026-06-18,POST_RESOLUTION,4,Smooth transition. No complaints.
SRV-007296,EMP-01730,OFC-BOS,2026-06-18,POST_RESOLUTION,5,Self-service articles were actually helpful for once.
SRV-007297,EMP-08451,OFC-NYC,2026-06-18,POST_RESOLUTION,5,Great experience. The AI resolved my password issue in seconds.
SRV-007298,EMP-10668,OFC-GUR,2026-06-18,POST_RESOLUTION,5,Smooth transition. No complaints.
SRV-007299,EMP-10983,OFC-SIN,2026-06-18,POST_RESOLUTION,5,Great experience. The AI resolved my password issue in seconds.
SRV-007300,EMP-05607,OFC-BOS,2026-06-18,POST_RESOLUTION,5,"Very intuitive workflow, much better than the legacy portal."
SRV-007301,EMP-10266,OFC-NYC,2026-06-18,POST_RESOLUTION,5,The new AI system is incredibly fast. Saves me a lot of time.
SRV-007302,EMP-01511,OFC-NYC,2026-06-18,POST_RESOLUTION,5,The new AI system is incredibly fast. Saves me a lot of time.
SRV-007303,EMP-01336,OFC-SIN,2026-06-18,POST_RESOLUTION,5,"Very intuitive workflow, much better than the legacy portal."
SRV-007304,EMP-09326,OFC-BOS,2026-06-18,POST_RESOLUTION,4,Self-service articles were actually helpful for once.
SRV-007305,EMP-07805,OFC-GUR,2026-06-18,POST_RESOLUTION,4,Self-service articles were actually helpful for once.
SRV-007306,EMP-08365,OFC-NYC,2026-06-18,POST_RESOLUTION,5,Great experience. The AI resolved my password issue in seconds.
SRV-007307,EMP-07346,OFC-NYC,2026-06-18,POST_RESOLUTION,5,The new AI system is incredibly fast. Saves me a lot of time.
SRV-007308,EMP-10613,OFC-BOS,2026-06-18,POST_RESOLUTION,4,Self-service articles were actually helpful for once.
SRV-007309,EMP-09961,OFC-LON,2026-06-18,POST_RESOLUTION,5,Great experience. The AI resolved my password issue in seconds.
SRV-007310,EMP-05110,OFC-LON,2026-06-18,POST_RESOLUTION,4,"Very intuitive workflow, much better than the legacy portal."
SRV-007311,EMP-03444,OFC-NYC,2026-06-18,POST_RESOLUTION,5,Great experience. The AI resolved my password issue in seconds.
SRV-007312,EMP-01575,OFC-SIN,2026-06-18,POST_RESOLUTION,5,"Very intuitive workflow, much better than the legacy portal."
SRV-007313,EMP-10820,OFC-LON,2026-06-18,POST_RESOLUTION,4,The new AI system is incredibly fast. Saves me a lot of time.
SRV-007314,EMP-02953,OFC-GUR,2026-06-18,POST_RESOLUTION,5,The new AI system is incredibly fast. Saves me a lot of time.
SRV-007315,EMP-01349,OFC-LON,2026-06-18,POST_RESOLUTION,4,Self-service articles were actually helpful for once.
SRV-007316,EMP-02421,OFC-LON,2026-06-18,POST_RESOLUTION,4,Great experience. The AI resolved my password issue in seconds.
SRV-007317,EMP-02347,OFC-NYC,2026-06-18,POST_RESOLUTION,5,The new AI system is incredibly fast. Saves me a lot of time.
SRV-007318,EMP-10837,OFC-BOS,2026-06-18,POST_RESOLUTION,5,Smooth transition. No complaints.
SRV-007319,EMP-02992,OFC-LON,2026-06-18,POST_RESOLUTION,5,Self-service articles were actually helpful for once.
SRV-007320,EMP-02177,OFC-BOS,2026-06-18,POST_RESOLUTION,4,Smooth transition. No complaints.
SRV-007321,EMP-06961,OFC-SIN,2026-06-18,POST_RESOLUTION,4,Great experience. The AI resolved my password issue in seconds.
SRV-007322,EMP-05853,OFC-NYC,2026-06-18,POST_RESOLUTION,5,Smooth transition. No complaints.
SRV-007323,EMP-10160,OFC-SIN,2026-06-18,POST_RESOLUTION,5,Great experience. The AI resolved my password issue in seconds.
SRV-007324,EMP-06521,OFC-LON,2026-06-18,POST_RESOLUTION,4,Self-service articles were actually helpful for once.
SRV-007325,EMP-02685,OFC-SIN,2026-06-18,POST_RESOLUTION,5,Great experience. The AI resolved my password issue in seconds.
SRV-007326,EMP-02541,OFC-BOS,2026-06-18,POST_RESOLUTION,4,The new AI system is incredibly fast. Saves me a lot of time.
SRV-007327,EMP-07171,OFC-LON,2026-06-18,POST_RESOLUTION,5,Self-service articles were actually helpful for once.
SRV-007328,EMP-06408,OFC-NYC,2026-06-18,POST_RESOLUTION,4,Smooth transition. No complaints.
SRV-007329,EMP-10724,OFC-BOS,2026-06-18,POST_RESOLUTION,4,Smooth transition. No complaints.
SRV-007330,EMP-04884,OFC-SIN,2026-06-18,POST_RESOLUTION,4,The new AI system is incredibly fast. Saves me a lot of time.
SRV-007331,EMP-05672,OFC-GUR,2026-06-18,POST_RESOLUTION,4,Self-service articles were actually helpful for once.
SRV-007332,EMP-01675,OFC-SIN,2026-06-18,POST_RESOLUTION,4,"Very intuitive workflow, much better than the legacy portal."
SRV-007333,EMP-02911,OFC-SIN,2026-06-18,POST_RESOLUTION,5,Smooth transition. No complaints.
SRV-007334,EMP-10260,OFC-LON,2026-06-18,POST_RESOLUTION,4,The new AI system is incredibly fast. Saves me a lot of time.
SRV-007335,EMP-09713,OFC-NYC,2026-06-18,POST_RESOLUTION,4,"Very intuitive workflow, much better than the legacy portal."
SRV-007336,EMP-06028,OFC-GUR,2026-06-18,POST_RESOLUTION,4,Self-service articles were actually helpful for once.
SRV-007337,EMP-04150,OFC-LON,2026-06-18,POST_RESOLUTION,4,Great experience. The AI resolved my password issue in seconds.
SRV-007338,EMP-06067,OFC-NYC,2026-06-18,POST_RESOLUTION,4,"Very intuitive workflow, much better than the legacy portal."
SRV-007339,EMP-03755,OFC-NYC,2026-06-18,POST_RESOLUTION,4,Self-service articles were actually helpful for once.
SRV-007340,EMP-04631,OFC-BOS,2026-06-18,POST_RESOLUTION,4,"Very intuitive workflow, much better than the legacy portal."
SRV-007341,EMP-04222,OFC-BOS,2026-06-18,POST_RESOLUTION,4,The new AI system is incredibly fast. Saves me a lot of time.
SRV-007342,EMP-01554,OFC-SIN,2026-06-18,POST_RESOLUTION,4,Self-service articles were actually helpful for once.
SRV-007343,EMP-03631,OFC-GUR,2026-06-18,POST_RESOLUTION,5,Self-service articles were actually helpful for once.
SRV-007344,EMP-04503,OFC-BOS,2026-06-18,POST_RESOLUTION,5,Great experience. The AI resolved my password issue in seconds.
SRV-007345,EMP-03900,OFC-BOS,2026-06-18,POST_RESOLUTION,5,Self-service articles were actually helpful for once.
SRV-007346,EMP-02611,OFC-GUR,2026-06-18,POST_RESOLUTION,5,The new AI system is incredibly fast. Saves me a lot of time.
SRV-007347,EMP-05157,OFC-SIN,2026-06-18,POST_RESOLUTION,4,Self-service articles were actually helpful for once.
SRV-007348,EMP-05382,OFC-LON,2026-06-18,POST_RESOLUTION,5,Self-service articles were actually helpful for once.
SRV-007349,EMP-08904,OFC-BOS,2026-06-18,POST_RESOLUTION,5,Smooth transition. No complaints.
SRV-007350,EMP-05924,OFC-BOS,2026-06-18,POST_RESOLUTION,5,The new AI system is incredibly fast. Saves me a lot of time.
SRV-007351,EMP-03304,OFC-SIN,2026-06-18,POST_RESOLUTION,5,Smooth transition. No complaints.
SRV-007352,EMP-09691,OFC-GUR,2026-06-18,POST_RESOLUTION,4,"Very intuitive workflow, much better than the legacy portal."
SRV-007353,EMP-03429,OFC-SIN,2026-06-18,POST_RESOLUTION,5,"Very intuitive workflow, much better than the legacy portal."
SRV-007354,EMP-07079,OFC-NYC,2026-06-18,POST_RESOLUTION,5,The new AI system is incredibly fast. Saves me a lot of time.
SRV-007355,EMP-05596,OFC-GUR,2026-06-18,POST_RESOLUTION,4,Smooth transition. No complaints.
SRV-007356,EMP-04626,OFC-BOS,2026-06-18,POST_RESOLUTION,5,"Very intuitive workflow, much better than the legacy portal."
SRV-007357,EMP-07534,OFC-BOS,2026-06-18,POST_RESOLUTION,5,Smooth transition. No complaints.
SRV-007358,EMP-04481,OFC-LON,2026-06-18,POST_RESOLUTION,5,Self-service articles were actually helpful for once.
SRV-007359,EMP-08933,OFC-NYC,2026-06-18,POST_RESOLUTION,5,Self-service articles were actually helpful for once.
SRV-007360,EMP-10052,OFC-BOS,2026-06-18,POST_RESOLUTION,4,Self-service articles were actually helpful for once.
SRV-007361,EMP-07263,OFC-SIN,2026-06-18,POST_RESOLUTION,4,Self-service articles were actually helpful for once.
SRV-007362,EMP-10583,OFC-BOS,2026-06-18,POST_RESOLUTION,4,Self-service articles were actually helpful for once.
SRV-007363,EMP-06012,OFC-LON,2026-06-18,POST_RESOLUTION,4,The new AI system is incredibly fast. Saves me a lot of time.
SRV-007364,EMP-10324,OFC-BOS,2026-06-18,POST_RESOLUTION,5,Smooth transition. No complaints.
SRV-007365,EMP-08363,OFC-GUR,2026-06-18,POST_RESOLUTION,4,Smooth transition. No complaints.
SRV-007366,EMP-08508,OFC-LON,2026-06-18,POST_RESOLUTION,5,Self-service articles were actually helpful for once.
SRV-007367,EMP-06276,OFC-BOS,2026-06-18,POST_RESOLUTION,5,"Very intuitive workflow, much better than the legacy portal."
SRV-007368,EMP-04705,OFC-SIN,2026-06-18,POST_RESOLUTION,5,The new AI system is incredibly fast. Saves me a lot of time.
SRV-007369,EMP-10320,OFC-BOS,2026-06-18,POST_RESOLUTION,4,"Very intuitive workflow, much better than the legacy portal."
SRV-007370,EMP-08031,OFC-NYC,2026-06-18,POST_RESOLUTION,5,Smooth transition. No complaints.
SRV-007371,EMP-04605,OFC-BOS,2026-06-18,POST_RESOLUTION,4,Self-service articles were actually helpful for once.
SRV-007372,EMP-04394,OFC-SIN,2026-06-18,POST_RESOLUTION,4,Self-service articles were actually helpful for once.
SRV-007373,EMP-04584,OFC-NYC,2026-06-18,POST_RESOLUTION,5,Great experience. The AI resolved my password issue in seconds.
SRV-007374,EMP-04952,OFC-SIN,2026-06-18,POST_RESOLUTION,5,Great experience. The AI resolved my password issue in seconds.
SRV-007375,EMP-09152,OFC-BOS,2026-06-18,POST_RESOLUTION,5,Self-service articles were actually helpful for once.
SRV-007376,EMP-03621,OFC-SIN,2026-06-18,POST_RESOLUTION,5,"Very intuitive workflow, much better than the legacy portal."
SRV-007377,EMP-01664,OFC-BOS,2026-06-18,POST_RESOLUTION,5,The new AI system is incredibly fast. Saves me a lot of time.
SRV-007378,EMP-02077,OFC-GUR,2026-06-18,POST_RESOLUTION,4,"Very intuitive workflow, much better than the legacy portal."
SRV-007379,EMP-05129,OFC-BOS,2026-06-18,POST_RESOLUTION,4,"Very intuitive workflow, much better than the legacy portal."
SRV-007380,EMP-10897,OFC-GUR,2026-06-18,POST_RESOLUTION,4,Smooth transition. No complaints.
SRV-007381,EMP-07761,OFC-BOS,2026-06-18,POST_RESOLUTION,5,"Very intuitive workflow, much better than the legacy portal."
SRV-007382,EMP-06808,OFC-LON,2026-06-18,POST_RESOLUTION,4,"Very intuitive workflow, much better than the legacy portal."
SRV-007383,EMP-10700,OFC-GUR,2026-06-18,POST_RESOLUTION,5,Smooth transition. No complaints.
SRV-007384,EMP-10096,OFC-NYC,2026-06-18,POST_RESOLUTION,4,Smooth transition. No complaints.
SRV-007385,EMP-10620,OFC-NYC,2026-06-18,POST_RESOLUTION,4,Smooth transition. No complaints.
SRV-007386,EMP-08569,OFC-BOS,2026-06-18,POST_RESOLUTION,4,Smooth transition. No complaints.
SRV-007387,EMP-03560,OFC-GUR,2026-06-18,POST_RESOLUTION,4,Smooth transition. No complaints.
SRV-007388,EMP-05831,OFC-GUR,2026-06-18,POST_RESOLUTION,5,The new AI system is incredibly fast. Saves me a lot of time.
SRV-007389,EMP-03864,OFC-NYC,2026-06-18,POST_RESOLUTION,4,Great experience. The AI resolved my password issue in seconds.
SRV-007390,EMP-09526,OFC-NYC,2026-06-18,POST_RESOLUTION,4,Great experience. The AI resolved my password issue in seconds.
SRV-007391,EMP-09538,OFC-LON,2026-06-18,POST_RESOLUTION,4,The new AI system is incredibly fast. Saves me a lot of time.
SRV-007392,EMP-07130,OFC-NYC,2026-06-18,POST_RESOLUTION,5,The new AI system is incredibly fast. Saves me a lot of time.
SRV-007393,EMP-07529,OFC-GUR,2026-06-18,POST_RESOLUTION,5,"Very intuitive workflow, much better than the legacy portal."
SRV-007394,EMP-01616,OFC-BOS,2026-06-18,POST_RESOLUTION,5,The new AI system is incredibly fast. Saves me a lot of time.
SRV-007395,EMP-08171,OFC-SIN,2026-06-18,POST_RESOLUTION,5,Great experience. The AI resolved my password issue in seconds.
SRV-007396,EMP-05209,OFC-BOS,2026-06-18,POST_RESOLUTION,5,Self-service articles were actually helpful for once.
SRV-007397,EMP-02118,OFC-NYC,2026-06-18,POST_RESOLUTION,4,Self-service articles were actually helpful for once.
SRV-007398,EMP-03624,OFC-NYC,2026-06-18,POST_RESOLUTION,5,Self-service articles were actually helpful for once.
SRV-007399,EMP-08955,OFC-LON,2026-06-18,POST_RESOLUTION,4,"Very intuitive workflow, much better than the legacy portal."
SRV-007400,EMP-04970,OFC-SIN,2026-06-18,POST_RESOLUTION,4,Great experience. The AI resolved my password issue in seconds.
SRV-007401,EMP-10421,OFC-LON,2026-06-18,POST_RESOLUTION,4,Smooth transition. No complaints.
SRV-007402,EMP-04856,OFC-NYC,2026-06-18,POST_RESOLUTION,4,Smooth transition. No complaints.
SRV-007403,EMP-09092,OFC-LON,2026-06-18,POST_RESOLUTION,5,Self-service articles were actually helpful for once.
SRV-007404,EMP-09252,OFC-BOS,2026-06-18,POST_RESOLUTION,4,"Very intuitive workflow, much better than the legacy portal."
SRV-007405,EMP-10104,OFC-BOS,2026-06-18,POST_RESOLUTION,5,Self-service articles were actually helpful for once.
SRV-007406,EMP-05823,OFC-NYC,2026-06-18,POST_RESOLUTION,4,The new AI system is incredibly fast. Saves me a lot of time.
SRV-007407,EMP-05803,OFC-BOS,2026-06-18,POST_RESOLUTION,4,The new AI system is incredibly fast. Saves me a lot of time.
SRV-007408,EMP-07146,OFC-LON,2026-06-18,POST_RESOLUTION,4,"Very intuitive workflow, much better than the legacy portal."
SRV-007409,EMP-04735,OFC-LON,2026-06-18,POST_RESOLUTION,5,"Very intuitive workflow, much better than the legacy portal."
SRV-007410,EMP-10792,OFC-BOS,2026-06-18,POST_RESOLUTION,5,"Very intuitive workflow, much better than the legacy portal."
SRV-007411,EMP-02027,OFC-GUR,2026-06-18,POST_RESOLUTION,5,"Very intuitive workflow, much better than the legacy portal."
SRV-007412,EMP-04290,OFC-BOS,2026-06-18,POST_RESOLUTION,5,Self-service articles were actually helpful for once.
SRV-007413,EMP-02508,OFC-LON,2026-06-18,POST_RESOLUTION,5,"Very intuitive workflow, much better than the legacy portal."
SRV-007414,EMP-06428,OFC-GUR,2026-06-18,POST_RESOLUTION,4,"Very intuitive workflow, much better than the legacy portal."
SRV-007415,EMP-04230,OFC-LON,2026-06-18,POST_RESOLUTION,5,"Very intuitive workflow, much better than the legacy portal."
SRV-007416,EMP-07374,OFC-BOS,2026-06-18,POST_RESOLUTION,5,The new AI system is incredibly fast. Saves me a lot of time.
SRV-007417,EMP-09255,OFC-SIN,2026-06-18,POST_RESOLUTION,4,Great experience. The AI resolved my password issue in seconds.
SRV-007418,EMP-01938,OFC-BOS,2026-06-18,POST_RESOLUTION,5,The new AI system is incredibly fast. Saves me a lot of time.
SRV-007419,EMP-02982,OFC-LON,2026-06-18,POST_RESOLUTION,5,The new AI system is incredibly fast. Saves me a lot of time.
SRV-007420,EMP-06781,OFC-NYC,2026-06-18,POST_RESOLUTION,4,The new AI system is incredibly fast. Saves me a lot of time.
SRV-007421,EMP-07102,OFC-NYC,2026-06-18,POST_RESOLUTION,5,Great experience. The AI resolved my password issue in seconds.
SRV-007422,EMP-02277,OFC-SIN,2026-06-18,POST_RESOLUTION,4,Great experience. The AI resolved my password issue in seconds.
SRV-007423,EMP-02360,OFC-SIN,2026-06-18,POST_RESOLUTION,4,The new AI system is incredibly fast. Saves me a lot of time.
SRV-007424,EMP-05065,OFC-BOS,2026-06-18,POST_RESOLUTION,5,"Very intuitive workflow, much better than the legacy portal."
SRV-007425,EMP-06771,OFC-GUR,2026-06-18,POST_RESOLUTION,5,The new AI system is incredibly fast. Saves me a lot of time.
SRV-007426,EMP-06265,OFC-LON,2026-06-18,POST_RESOLUTION,5,The new AI system is incredibly fast. Saves me a lot of time.
SRV-007427,EMP-06185,OFC-SIN,2026-06-18,POST_RESOLUTION,4,Smooth transition. No complaints.
SRV-007428,EMP-07749,OFC-NYC,2026-06-18,POST_RESOLUTION,4,Smooth transition. No complaints.
SRV-007429,EMP-02742,OFC-GUR,2026-06-18,POST_RESOLUTION,4,The new AI system is incredibly fast. Saves me a lot of time.
SRV-007430,EMP-06260,OFC-BOS,2026-06-18,POST_RESOLUTION,4,Great experience. The AI resolved my password issue in seconds.
SRV-007431,EMP-10058,OFC-BOS,2026-06-18,POST_RESOLUTION,4,The new AI system is incredibly fast. Saves me a lot of time.
SRV-007432,EMP-01893,OFC-NYC,2026-06-18,POST_RESOLUTION,4,Self-service articles were actually helpful for once.
SRV-007433,EMP-06744,OFC-BOS,2026-06-18,POST_RESOLUTION,5,The new AI system is incredibly fast. Saves me a lot of time.
SRV-007434,EMP-04237,OFC-SIN,2026-06-18,POST_RESOLUTION,5,The new AI system is incredibly fast. Saves me a lot of time.
SRV-007435,EMP-09766,OFC-GUR,2026-06-18,POST_RESOLUTION,4,Self-service articles were actually helpful for once.
SRV-007436,EMP-07913,OFC-BOS,2026-06-18,POST_RESOLUTION,4,The new AI system is incredibly fast. Saves me a lot of time.
SRV-007437,EMP-10201,OFC-NYC,2026-06-18,POST_RESOLUTION,4,The new AI system is incredibly fast. Saves me a lot of time.
SRV-007438,EMP-10275,OFC-NYC,2026-06-18,POST_RESOLUTION,4,The new AI system is incredibly fast. Saves me a lot of time.
SRV-007439,EMP-09637,OFC-LON,2026-06-18,POST_RESOLUTION,4,Smooth transition. No complaints.
SRV-007440,EMP-06331,OFC-NYC,2026-06-18,POST_RESOLUTION,5,"Very intuitive workflow, much better than the legacy portal."
SRV-007441,EMP-08949,OFC-NYC,2026-06-18,POST_RESOLUTION,4,Smooth transition. No complaints.
SRV-007442,EMP-08869,OFC-BOS,2026-06-18,POST_RESOLUTION,4,"Very intuitive workflow, much better than the legacy portal."
SRV-007443,EMP-04234,OFC-NYC,2026-06-18,POST_RESOLUTION,4,"Very intuitive workflow, much better than the legacy portal."
SRV-007444,EMP-01814,OFC-SIN,2026-06-18,POST_RESOLUTION,5,Self-service articles were actually helpful for once.
SRV-007445,EMP-05808,OFC-BOS,2026-06-18,POST_RESOLUTION,5,The new AI system is incredibly fast. Saves me a lot of time.
SRV-007446,EMP-04332,OFC-BOS,2026-06-18,POST_RESOLUTION,5,The new AI system is incredibly fast. Saves me a lot of time.
SRV-007447,EMP-03646,OFC-SIN,2026-06-18,POST_RESOLUTION,5,"Very intuitive workflow, much better than the legacy portal."
SRV-007448,EMP-02283,OFC-BOS,2026-06-18,POST_RESOLUTION,4,Self-service articles were actually helpful for once.
SRV-007449,EMP-08417,OFC-BOS,2026-06-18,POST_RESOLUTION,4,Smooth transition. No complaints.
SRV-007450,EMP-07438,OFC-BOS,2026-06-18,POST_RESOLUTION,4,Self-service articles were actually helpful for once.
SRV-007451,EMP-03576,OFC-SIN,2026-06-18,POST_RESOLUTION,4,Self-service articles were actually helpful for once.
SRV-007452,EMP-05493,OFC-GUR,2026-06-18,POST_RESOLUTION,4,"Very intuitive workflow, much better than the legacy portal."
SRV-007453,EMP-01025,OFC-GUR,2026-06-18,POST_RESOLUTION,4,Smooth transition. No complaints.
SRV-007454,EMP-09357,OFC-LON,2026-06-18,POST_RESOLUTION,4,Smooth transition. No complaints.
SRV-007455,EMP-07651,OFC-SIN,2026-06-18,POST_RESOLUTION,4,"Very intuitive workflow, much better than the legacy portal."
SRV-007456,EMP-04832,OFC-GUR,2026-06-18,POST_RESOLUTION,5,Smooth transition. No complaints.
SRV-007457,EMP-05279,OFC-NYC,2026-06-18,POST_RESOLUTION,5,Smooth transition. No complaints.
SRV-007458,EMP-04882,OFC-SIN,2026-06-18,POST_RESOLUTION,5,The new AI system is incredibly fast. Saves me a lot of time.
SRV-007459,EMP-05765,OFC-SIN,2026-06-18,POST_RESOLUTION,5,The new AI system is incredibly fast. Saves me a lot of time.
SRV-007460,EMP-02397,OFC-BOS,2026-06-18,POST_RESOLUTION,5,Smooth transition. No complaints.
SRV-007461,EMP-10229,OFC-GUR,2026-06-18,POST_RESOLUTION,5,The new AI system is incredibly fast. Saves me a lot of time.
SRV-007462,EMP-06562,OFC-NYC,2026-06-18,POST_RESOLUTION,5,Smooth transition. No complaints.
SRV-007463,EMP-03981,OFC-BOS,2026-06-18,POST_RESOLUTION,5,"Very intuitive workflow, much better than the legacy portal."
SRV-007464,EMP-03179,OFC-LON,2026-06-18,POST_RESOLUTION,5,"Very intuitive workflow, much better than the legacy portal."
SRV-007465,EMP-03361,OFC-NYC,2026-06-18,POST_RESOLUTION,5,Self-service articles were actually helpful for once.
SRV-007466,EMP-08909,OFC-LON,2026-06-18,POST_RESOLUTION,5,"Very intuitive workflow, much better than the legacy portal."
SRV-007467,EMP-03676,OFC-NYC,2026-06-18,POST_RESOLUTION,4,Smooth transition. No complaints.
SRV-007468,EMP-05638,OFC-GUR,2026-06-18,POST_RESOLUTION,4,The new AI system is incredibly fast. Saves me a lot of time.
SRV-007469,EMP-10908,OFC-BOS,2026-06-18,POST_RESOLUTION,4,The new AI system is incredibly fast. Saves me a lot of time.
SRV-007470,EMP-07183,OFC-SIN,2026-06-18,POST_RESOLUTION,4,"Very intuitive workflow, much better than the legacy portal."
SRV-007471,EMP-07221,OFC-GUR,2026-06-18,POST_RESOLUTION,4,Smooth transition. No complaints.
SRV-007472,EMP-06548,OFC-NYC,2026-06-18,POST_RESOLUTION,4,Great experience. The AI resolved my password issue in seconds.
SRV-007473,EMP-06441,OFC-BOS,2026-06-18,POST_RESOLUTION,5,Self-service articles were actually helpful for once.
SRV-007474,EMP-07359,OFC-GUR,2026-06-18,POST_RESOLUTION,4,Smooth transition. No complaints.
SRV-007475,EMP-06745,OFC-GUR,2026-06-18,POST_RESOLUTION,5,"Very intuitive workflow, much better than the legacy portal."
SRV-007476,EMP-07026,OFC-SIN,2026-06-18,POST_RESOLUTION,5,Great experience. The AI resolved my password issue in seconds.
SRV-007477,EMP-07082,OFC-NYC,2026-06-18,POST_RESOLUTION,4,The new AI system is incredibly fast. Saves me a lot of time.
SRV-007478,EMP-05254,OFC-BOS,2026-06-18,POST_RESOLUTION,5,"Very intuitive workflow, much better than the legacy portal."
SRV-007479,EMP-03024,OFC-NYC,2026-06-18,POST_RESOLUTION,4,Self-service articles were actually helpful for once.
SRV-007480,EMP-05495,OFC-LON,2026-06-18,POST_RESOLUTION,5,Great experience. The AI resolved my password issue in seconds.
SRV-007481,EMP-04140,OFC-NYC,2026-06-18,POST_RESOLUTION,4,Great experience. The AI resolved my password issue in seconds.
SRV-007482,EMP-02081,OFC-BOS,2026-06-18,POST_RESOLUTION,5,"Very intuitive workflow, much better than the legacy portal."
SRV-007483,EMP-02779,OFC-GUR,2026-06-18,POST_RESOLUTION,5,Smooth transition. No complaints.
SRV-007484,EMP-06169,OFC-GUR,2026-06-18,POST_RESOLUTION,5,"Very intuitive workflow, much better than the legacy portal."
SRV-007485,EMP-02070,OFC-NYC,2026-06-18,POST_RESOLUTION,4,Great experience. The AI resolved my password issue in seconds.
SRV-007486,EMP-01022,OFC-NYC,2026-06-18,POST_RESOLUTION,4,The new AI system is incredibly fast. Saves me a lot of time.
SRV-007487,EMP-02498,OFC-NYC,2026-06-18,POST_RESOLUTION,5,Self-service articles were actually helpful for once.
SRV-007488,EMP-04723,OFC-BOS,2026-06-18,POST_RESOLUTION,5,The new AI system is incredibly fast. Saves me a lot of time.
SRV-007489,EMP-07988,OFC-BOS,2026-06-18,POST_RESOLUTION,5,Great experience. The AI resolved my password issue in seconds.
SRV-007490,EMP-04239,OFC-LON,2026-06-18,POST_RESOLUTION,5,The new AI system is incredibly fast. Saves me a lot of time.
SRV-007491,EMP-01064,OFC-NYC,2026-06-18,POST_RESOLUTION,4,Smooth transition. No complaints.
SRV-007492,EMP-02299,OFC-GUR,2026-06-18,POST_RESOLUTION,4,"Very intuitive workflow, much better than the legacy portal."
SRV-007493,EMP-01647,OFC-GUR,2026-06-18,POST_RESOLUTION,5,Great experience. The AI resolved my password issue in seconds.
SRV-007494,EMP-06551,OFC-NYC,2026-06-18,POST_RESOLUTION,5,Self-service articles were actually helpful for once.
SRV-007495,EMP-10798,OFC-NYC,2026-06-18,POST_RESOLUTION,4,Self-service articles were actually helpful for once.
SRV-007496,EMP-04999,OFC-BOS,2026-06-18,POST_RESOLUTION,5,Smooth transition. No complaints.
SRV-007497,EMP-04368,OFC-BOS,2026-06-18,POST_RESOLUTION,4,The new AI system is incredibly fast. Saves me a lot of time.
SRV-007498,EMP-04816,OFC-NYC,2026-06-18,POST_RESOLUTION,4,The new AI system is incredibly fast. Saves me a lot of time.
SRV-007499,EMP-08261,OFC-BOS,2026-06-18,POST_RESOLUTION,5,Self-service articles were actually helpful for once.
SRV-007500,EMP-10882,OFC-NYC,2026-06-18,POST_RESOLUTION,4,Great experience. The AI resolved my password issue in seconds.
